Date,Open,High,Low,Close,Close2,Volume
2014-10-14,67.6825,67.96,67.35,67.35,67.35,1521
2014-10-15,67.13,67.5799,66.2,67.427,67.427,6940
2014-10-16,66.86,67.56,66.53,67.22,67.22,8041
2014-10-17,68.39,68.64,67.8315,68.4217,68.4217,10207
2014-10-20,67.7,68.837,67.7,68.8,68.8,6006
2014-10-21,69.49,70.0399,69.34,70.0399,70.0399,8870
2014-10-22,69.98,69.98,69.54,69.54,69.54,2336
2014-10-23,69.71,70.3799,69.7,70.31,70.31,5674
2014-10-24,70.3139,70.53,69.71,70.11,70.11,47992
2014-10-27,70.24,70.46,69.9101,70.16,70.16,4567
2014-10-28,70.32,71.23,70.32,71.23,71.23,5663
2014-10-29,71.608,71.608,71.02,71.02,71.02,8122
2014-10-30,70.7732,71.2799,70.73,71.04,71.04,10519
2014-10-31,72.0,72.3,71.81,71.99,71.99,9424
2014-11-03,72.14,72.14,72.14,72.14,72.14,429
2014-11-04,72.0,72.0,71.66,71.83,71.83,906
2014-11-05,72.38,72.46,71.958,72.17,72.17,11550
2014-11-06,72.3,72.3,71.95,72.19,72.19,14988
2014-11-07,72.27,72.27,71.69,72.18,72.18,3539
2014-11-10,72.06,72.4999,71.88,72.3643,72.3643,4177
2014-11-11,72.59,72.7099,72.13,72.69,72.69,8933
2014-11-12,71.871,72.6035,71.871,72.516,72.516,2403
2014-11-13,72.7299,72.7299,72.25,72.2776,72.2776,2706
2014-11-14,72.16,72.6,72.16,72.6,72.6,23622
2014-11-17,71.85,72.79,71.85,72.7799,72.7799,17228
2014-11-18,73.04,73.24,72.73,72.974,72.974,5667
2014-11-19,72.97,72.98,72.5001,72.5001,72.5001,4901
2014-11-20,72.89,72.9114,72.3983,72.6896,72.6896,10094
2014-11-21,73.25,73.89,72.98,73.37,73.37,5590
2014-11-24,73.9099,73.9099,73.34,73.37,73.37,6483
2014-11-25,73.7,73.82,73.34,73.41,73.41,13729
2014-11-26,73.44,73.63,73.19,73.49,73.49,160801
2014-11-28,73.39,73.5,73.07,73.28,73.28,17360
2014-12-01,73.59,73.59,72.8301,73.13,73.13,6857
2014-12-02,73.51,73.51,73.01,73.01,73.01,6123
2014-12-03,73.09,73.4263,73.09,73.4263,73.4263,1441
2014-12-04,73.46,73.46,73.11,73.11,73.11,8028
2014-12-05,73.4999,73.64,73.16,73.39,73.39,15027
2014-12-08,73.204,73.31,72.51,72.93,72.93,20703
2014-12-09,72.4,72.75,71.9343,72.75,72.75,15701
2014-12-10,72.0,72.86,71.4101,71.75,71.75,11274
2014-12-11,72.12,72.45,71.57,71.8,71.8,19861
2014-12-12,71.69,71.69,70.51,70.69,70.69,14973
2014-12-15,71.48,71.49,69.7001,70.16,70.16,107804
2014-12-16,70.31,71.0,69.5,69.55,69.55,6860
2014-12-17,70.0,70.04,69.435,69.81,69.81,7842
2014-12-18,71.34,71.82,70.85,71.81,71.81,5777
2014-12-19,72.08,72.09,71.24,72.04,72.04,2245
2014-12-22,71.82,72.439,71.55,72.3438,72.3438,54182
2014-12-23,72.3,72.59,71.96,72.54,72.54,11959
2014-12-24,72.54,73.29,72.37,72.87,72.87,12348
2014-12-26,72.495,73.01,72.0335,72.96,72.96,6323
2014-12-29,72.711,72.87,72.5501,72.75,72.75,43187
2014-12-30,72.81,72.81,72.1,72.32,72.32,244125
2014-12-31,70.86,72.56,70.86,71.66,71.66,13663
2015-01-02,72.16,72.16,71.13,71.65,71.65,31126
2015-01-05,70.21,71.075,69.865,69.97,69.97,61134
2015-01-06,70.06,70.07,69.02,69.04,69.04,16310
2015-01-07,69.57,69.98,69.38,69.74,69.74,19237
2015-01-08,71.18,71.298,70.8401,71.288,71.288,9964
2015-01-09,71.54,71.54,70.16,70.608,70.608,2673
2015-01-12,70.095,70.58,69.6001,70.48,70.48,1580
2015-01-13,71.24,71.24,69.9,69.9753,69.9753,1649
2015-01-14,70.39,70.39,69.21,69.94,69.94,33212
2015-01-15,69.9744,69.9822,69.46,69.46,69.46,9620
2015-01-16,69.83,70.44,69.83,70.39,70.39,8696
2015-01-20,71.63,71.63,70.2723,70.75,70.75,8438
2015-01-21,71.07,71.295,70.57,70.62,70.62,101107
2015-01-22,71.55,71.67,71.04,71.4999,71.4999,4772
2015-01-23,71.52,71.52,71.04,71.04,71.04,8360
2015-01-26,71.67,71.93,71.291,71.93,71.93,29930
2015-01-27,71.73,71.9,71.04,71.72,71.72,8967
2015-01-28,71.58,71.62,70.72,70.72,70.72,22069
2015-01-29,69.521,70.9599,69.52,70.55,70.55,22131
2015-01-30,71.23,71.23,69.87,69.87,69.87,19469
2015-02-02,70.81,71.1,70.05,71.1,71.1,46079
2015-02-03,71.97,71.97,70.7,71.69,71.69,76576
2015-02-04,72.12,72.12,71.2,71.22,71.22,17500
2015-02-05,72.379,72.39,71.79,72.01,72.01,14883
2015-02-06,71.99,72.32,71.46,71.82,71.82,25957
2015-02-09,71.81,71.9299,71.21,71.3,71.3,21891
2015-02-10,72.35,72.35,71.639,71.99,71.99,8347
2015-02-11,72.24,72.36,71.7201,71.9876,71.9876,14060
2015-02-12,72.85,72.94,72.69,72.69,72.69,1394
2015-02-13,73.84,73.84,72.961,73.0,73.0,2968
2015-02-17,73.82,73.9497,72.94,73.65,73.65,27238
2015-02-18,73.89,74.0,73.13,73.955,73.955,17251
2015-02-19,73.53,74.0,73.24,73.75,73.75,21404
2015-02-20,73.83,74.67,73.3409,74.21,74.21,58465
2015-02-23,74.6,74.6,74.22,74.38,74.38,22952
2015-02-24,74.06,74.875,74.06,74.865,74.865,255646
2015-02-25,74.98,75.035,74.6,74.785,74.785,249426
2015-02-26,75.13,75.13,74.49,74.54,74.54,11858
2015-02-27,75.09,75.09,74.47,74.54,74.54,12759
2015-03-02,74.97,74.97,74.51,74.71,74.71,11925
2015-03-03,74.34,74.74,74.1,74.303,74.303,8765
2015-03-04,73.6101,74.08,73.6101,74.08,74.08,5599
2015-03-05,74.46,74.46,73.87,73.99,73.99,16235
2015-03-06,74.12,74.12,73.02,73.02,73.02,17759
2015-03-09,73.6,73.6,73.19,73.4,73.4,9320
2015-03-10,73.07,73.07,71.92,71.92,71.92,10708
2015-03-11,72.8,72.8,71.91,72.0,72.0,49379
2015-03-12,72.71,72.85,72.59,72.78,72.78,4797
2015-03-13,72.64,72.64,72.055,72.39,72.39,7671
2015-03-16,73.05,73.31,73.05,73.25,73.25,3665
2015-03-17,73.02,73.19,72.92,73.05,73.05,6833
2015-03-18,73.12,74.33,73.12,74.33,74.33,3663
2015-03-19,74.56,74.56,73.69,73.69,73.69,6225
2015-03-20,74.93,75.0899,74.34,74.8129,74.8129,4646
2015-03-23,74.77,75.165,74.77,75.0899,75.0899,6362
2015-03-24,75.45,75.45,74.59,74.81,74.81,24710
2015-03-25,74.72,74.74,74.03,74.21,74.21,47480
2015-03-26,73.4,73.62,73.17,73.34,73.34,8601
2015-03-27,73.33,73.655,73.28,73.39,73.39,7342
2015-03-30,73.87,74.0,73.43,73.6,73.6,737430
2015-03-31,73.1,73.63,73.0,73.47,73.47,421573
2015-04-01,73.54,73.54,72.53,73.17,73.17,57745
2015-04-02,73.52,74.02,73.38,73.66,73.66,5937
2015-04-06,74.23,74.592,73.55,74.592,74.592,913
2015-04-07,73.54,74.6657,73.54,74.12,74.12,120948
2015-04-08,74.31,74.7299,74.3,74.33,74.33,5580
2015-04-09,74.46,74.46,73.64,74.2601,74.2601,2069
2015-04-10,74.02,74.92,74.02,74.92,74.92,6096
2015-04-13,75.12,75.12,74.5,74.5,74.5,14380
2015-04-14,74.5,74.79,74.5,74.79,74.79,16199
2015-04-15,74.87,75.3199,74.41,74.8448,74.8448,2883
2015-04-16,75.12,75.65,74.8901,74.99,74.99,4724
2015-04-17,74.6699,74.6699,73.91,74.19,74.19,8417
2015-04-20,74.74,75.065,74.66,74.9999,74.9999,5273
2015-04-21,75.44,75.44,74.63,74.72,74.72,12567
2015-04-22,75.29,75.43,74.35,74.97,74.97,13988
2015-04-23,74.83,75.71,74.54,75.3,75.3,9240
2015-04-24,75.39,75.879,75.3,75.62,75.62,6433
2015-04-27,75.48,76.2699,75.48,75.54,75.54,10982
2015-04-28,75.8885,76.09,75.32,75.67,75.67,9434
2015-04-29,75.43,75.74,75.05,75.13,75.13,182931
2015-04-30,75.2,75.24,74.78,74.78,74.78,5431
2015-05-01,75.95,75.95,74.932,75.05,75.05,1490
2015-05-04,75.66,75.95,75.41,75.83,75.83,7689
2015-05-05,75.29,75.77,74.4,74.86,74.86,4739
2015-05-06,74.97,75.12,74.46,74.51,74.51,6110
2015-05-07,74.32,74.918,74.32,74.79,74.79,14957
2015-05-08,75.53,76.0,75.53,75.81,75.81,4359
2015-05-11,75.89,75.9299,75.6224,75.68,75.68,1707
2015-05-12,75.58,75.69,75.1801,75.2605,75.2605,3229
2015-05-13,75.8,76.0,75.2101,75.73,75.73,5572
2015-05-14,76.0,76.54,75.98,76.29,76.29,8122
2015-05-15,76.48,76.63,75.61,76.48,76.48,6470
2015-05-18,76.92,77.345,75.35,75.84,75.84,8804
2015-05-19,77.22,77.22,77.22,77.22,77.22,325
2015-05-20,76.73,76.73,76.075,76.5999,76.5999,377246
2015-05-21,76.52,76.88,76.295,76.8075,76.8075,10699
2015-05-22,76.84,76.84,76.532,76.6712,76.6712,3312
2015-05-26,75.82,75.9,75.0,75.56,75.56,173071
2015-05-27,76.41,76.41,76.0,76.11,76.11,4903
2015-05-28,76.02,76.07,75.36,75.68,75.68,22183
2015-05-29,75.6,75.6,75.07,75.1,75.1,1449
2015-06-01,74.97,75.46,74.965,75.44,75.44,5733
2015-06-02,75.03,75.86,75.0,75.7,75.7,25862
2015-06-03,75.53,76.1599,75.428,75.56,75.56,32235
2015-06-04,75.5999,75.5999,74.78,74.81,74.81,360531
2015-06-05,74.3,74.7302,74.26,74.73,74.73,2902
2015-06-08,74.43,74.43,74.2293,74.2293,74.2293,802
2015-06-09,74.21,74.34,73.98,74.31,74.31,5783
2015-06-10,75.3012,75.5,75.22,75.44,75.44,13091
2015-06-11,75.05,75.735,75.05,75.52,75.52,3975
2015-06-12,74.91,75.1,74.7,75.0,75.0,6621
2015-06-15,74.14,74.6,73.43,74.588,74.588,3676
2015-06-16,74.17,75.19,74.17,74.77,74.77,22775
2015-06-17,74.84,75.145,74.47,75.01,75.01,5226
2015-06-18,75.11,75.87,74.85,74.89,74.89,73803
2015-06-19,75.58,75.58,74.7501,75.3758,75.3758,1218
2015-06-22,75.82,76.22,75.47,75.47,75.47,20555
2015-06-23,75.65,76.0,75.18,75.59,75.59,4079
2015-06-24,75.17,75.85,74.95,74.96,74.96,111382
2015-06-25,74.8,74.8,73.87,73.96,73.96,512068
2015-06-26,74.39,74.39,73.89,74.23,74.23,15016
2015-06-29,72.86,73.71,72.23,72.23,72.23,3230
2015-06-30,72.46,72.9648,72.01,72.2,72.2,25200
2015-07-01,73.4,73.4,72.746,72.79,72.79,3695
2015-07-02,73.21,73.21,72.4701,72.94,72.94,6559
2015-07-06,72.191,72.57,71.41,72.0,72.0,5561
2015-07-07,71.25,72.25,70.94,72.25,72.25,30428
2015-07-08,71.56,71.56,70.29,70.29,70.29,332697
2015-07-09,71.9904,72.0299,71.67,71.67,71.67,1365
2015-07-10,72.8243,73.02,72.4,73.01,73.01,19608
2015-07-13,74.65,74.65,72.91,73.08,73.08,2935
2015-07-14,73.12,73.77,73.12,73.71,73.71,9641
2015-07-15,73.84,73.98,73.31,73.72,73.72,10037
2015-07-16,74.59,74.59,74.0601,74.3,74.3,84812
2015-07-17,74.16,74.78,74.03,74.28,74.28,3830
2015-07-20,74.47,74.47,73.79,74.09,74.09,448227
2015-07-21,73.25,74.22,73.25,73.93,73.93,731422
2015-07-22,73.38,73.74,73.36,73.54,73.54,112743
2015-07-23,73.69,73.85,73.18,73.7999,73.7999,322414
2015-07-24,73.5,73.86,72.32,72.89,72.89,105411
2015-07-27,72.07,72.74,72.01,72.18,72.18,127431
2015-07-28,72.88,73.56,72.17,73.47,73.47,467800
2015-07-29,74.92,74.92,73.2,73.85,73.85,228776
2015-07-30,73.83,74.0,72.9001,73.95,73.95,31641
2015-07-31,74.44,74.44,73.6301,74.1,74.1,7649
2015-08-03,74.29,74.29,73.2153,73.86,73.86,37491
2015-08-04,73.63,73.9699,73.1701,73.8,73.8,161043
2015-08-05,74.01,74.4099,73.53,74.08,74.08,46029
2015-08-06,74.0,74.0,73.2327,73.29,73.29,9036
2015-08-07,73.46,73.46,72.89,73.41,73.41,11804
2015-08-10,72.96,74.39,72.96,73.98,73.98,75603
2015-08-11,73.65,73.65,72.7201,73.56,73.56,4712
2015-08-12,72.55,73.44,72.0101,72.95,72.95,23157
2015-08-13,73.15,73.39,72.84,72.89,72.89,17409
2015-08-14,72.53,73.33,72.53,72.96,72.96,5497
2015-08-17,72.62,73.19,72.62,73.14,73.14,9511
2015-08-18,73.22,73.53,72.8901,73.234,73.234,3499
2015-08-19,72.72,73.13,72.07,72.41,72.41,37224
2015-08-20,71.79,71.79,70.68,70.69,70.69,8383
2015-08-21,70.03,70.31,68.5,68.56,68.56,40644
2015-08-24,64.16,67.9,60.01,65.95,65.95,80424
2015-08-25,66.91,69.95,66.18,66.38,66.38,328153
2015-08-26,68.13,68.4,66.38,68.09,68.09,40902
2015-08-27,70.34,70.34,68.46,69.86,69.86,55771
2015-08-28,69.56,69.88,69.06,69.88,69.88,11198
2015-08-31,69.51,69.64,68.9001,69.23,69.23,12353
2015-09-01,68.538,68.538,66.99,67.17,67.17,69708
2015-09-02,68.48,68.51,67.05,68.23,68.23,12641
2015-09-03,68.38,69.0299,67.87,68.12,68.12,37435
2015-09-04,67.0,67.25,65.77,66.89,66.89,55195
2015-09-08,68.59,68.92,67.57,68.92,68.92,15590
2015-09-09,69.53,69.53,68.0,68.0,68.0,14961
2015-09-10,67.71,68.755,67.71,68.14,68.14,31268
2015-09-11,68.19,68.3622,67.8101,68.0933,68.0933,2787
2015-09-14,67.91,68.17,67.8,67.96,67.96,7709
2015-09-15,68.3,68.97,68.25,68.62,68.62,3636
2015-09-16,69.06,69.34,69.06,69.32,69.32,2504
2015-09-17,69.25,70.687,69.12,69.33,69.33,3739
2015-09-18,68.23,68.8603,68.15,68.16,68.16,8324
2015-09-21,68.66,68.835,67.86,68.1,68.1,6047
2015-09-22,67.02,67.15,66.5501,66.98,66.98,7595
2015-09-23,67.38,67.38,66.7,67.0,67.0,6569
2015-09-24,66.51,67.1,65.95,67.01,67.01,16417
2015-09-25,67.63,67.6599,67.08,67.56,67.56,22193
2015-09-28,66.65,66.65,65.2333,65.24,65.24,10750
2015-09-29,65.49,65.62,64.76,65.02,65.02,119422
2015-09-30,65.64,66.77,65.64,66.77,66.77,47070
2015-10-01,66.7799,66.83,65.808,66.83,66.83,8722
2015-10-02,65.83,67.37,65.83,67.37,67.37,7066
2015-10-05,68.4,69.27,68.4,69.27,69.27,4315
2015-10-06,68.95,69.325,68.61,69.12,69.12,115116
2015-10-07,69.38,69.72,68.8,69.72,69.72,4277
2015-10-08,69.22,70.0128,68.8901,69.83,69.83,78220
2015-10-09,69.9554,70.29,69.9554,70.02,70.02,5685
2015-10-12,70.09,70.1885,69.8,69.99,69.99,15794
2015-10-13,69.5,70.15,69.32,69.32,69.32,14166
2015-10-14,69.48,69.67,69.1,69.55,69.55,9729
2015-10-15,69.985,70.69,69.87,70.69,70.69,9243
2015-10-19,70.37,70.65,69.91,70.56,70.56,12787
2015-10-20,70.63,70.82,70.15,70.65,70.65,10757
2015-10-21,70.87,70.87,70.01,70.01,70.01,7052
2015-10-22,70.99,71.3959,70.4801,71.06,71.06,30641
2015-10-23,71.4,71.9499,71.4,71.55,71.55,112934
2015-10-26,71.67,71.77,71.2,71.49,71.49,50372
2015-10-27,71.02,71.44,70.8447,71.38,71.38,114096
2015-10-28,71.45,72.32,71.09,71.56,71.56,5827
2015-10-29,71.73,72.1,71.29,72.08,72.08,2676
2015-10-30,71.66,71.85,71.38,71.42,71.42,3562
2015-11-02,71.58,72.52,71.23,72.01,72.01,12287
2015-11-03,72.0,72.59,71.42,72.23,72.23,15870
2015-11-04,72.71,72.71,71.851,71.95,71.95,3899
2015-11-05,72.28,72.33,71.6801,72.22,72.22,4725
2015-11-06,71.59,72.24,71.29,71.78,71.78,6767
2015-11-09,71.7,71.7,70.9,71.03,71.03,14176
2015-11-10,70.75,71.165,70.75,71.165,71.165,13308
2015-11-11,71.53,71.69,71.09,71.09,71.09,12534
2015-11-12,71.11,71.11,70.2,70.21,70.21,20686
2015-11-13,70.0,70.24,69.545,69.725,69.725,9579
2015-11-16,69.63,70.78,69.48,70.78,70.78,70995
2015-11-17,70.93,71.02,70.24,70.86,70.86,14253
2015-11-18,70.99,71.68,70.4701,71.52,71.52,5784
2015-11-19,71.47,71.72,71.2,71.55,71.55,43386
2015-11-20,72.04,72.04,71.48,71.83,71.83,10274
2015-11-23,71.41,71.7799,71.25,71.39,71.39,15083
2015-11-24,70.94,71.71,70.9,71.71,71.71,23653
2015-11-25,71.4,71.71,71.2101,71.69,71.69,20316
2015-11-27,71.49,71.945,71.28,71.47,71.47,31986
2015-11-30,71.54,71.72,71.28,71.62,71.62,10352
2015-12-01,71.59,72.14,71.58,72.06,72.06,5064
2015-12-02,72.05,72.355,71.51,71.69,71.69,19509
2015-12-03,71.5043,71.5043,70.75,71.01,71.01,93442
2015-12-04,70.98,72.1199,70.95,72.07,72.07,15955
2015-12-07,71.47,71.52,71.08,71.52,71.52,13642
2015-12-08,70.71,70.97,70.48,70.84,70.84,12835
2015-12-09,70.61,71.21,70.06,70.43,70.43,41983
2015-12-10,70.7399,70.85,70.13,70.47,70.47,44537
2015-12-11,69.7,69.74,69.11,69.1316,69.1316,141016
2015-12-14,69.64,69.64,68.39,69.33,69.33,22847
2015-12-15,69.95,70.17,69.6,69.94,69.94,15603
2015-12-16,70.47,71.24,70.0947,70.78,70.78,56434
2015-12-17,71.08,71.08,70.01,70.01,70.01,194346
2015-12-18,69.52,70.05,69.0,69.09,69.09,231414
2015-12-21,69.15,69.15,67.87,68.64,68.64,72278
2015-12-22,68.78,69.45,68.56,69.31,69.31,64940
2015-12-23,69.86,70.4,69.74,70.4,70.4,31646
2015-12-24,71.22,71.22,70.0,70.0,70.0,11851
2015-12-28,69.6,70.17,69.31,70.08,70.08,45296
2015-12-29,70.43,70.84,69.98,70.8,70.8,47761
2015-12-30,70.22,70.4899,70.0122,70.0122,70.0122,9353
2015-12-31,70.0,70.0,69.37,69.6,69.6,7822
2016-01-04,68.02,68.6,67.391,68.6,68.6,41372
2016-01-05,68.22,68.3736,67.73,68.12,68.12,145220
2016-01-06,66.9,67.5022,66.82,67.33,67.33,29184
2016-01-07,65.8,66.73,65.15,65.15,65.15,1078284
2016-01-08,66.15,66.15,64.57,64.81,64.81,469549
2016-01-11,65.39,65.39,64.18,64.91,64.91,37287
2016-01-12,65.26,65.33,64.4239,65.28,65.28,5843
2016-01-13,65.6599,65.6599,63.79,63.91,63.91,10161
2016-01-14,64.15,65.16,64.15,65.02,65.02,4411
2016-01-15,62.5,63.72,62.4301,62.94,62.94,27555
2016-01-19,63.77,63.89,62.605,63.32,63.32,69080
2016-01-20,61.99,62.74,60.8137,62.49,62.49,31462
2016-01-21,62.21,63.0045,61.75,62.7,62.7,9298
2016-01-22,64.03,64.29,63.535,64.19,64.19,50242
2016-01-25,63.93,63.94,63.1,63.21,63.21,32003
2016-01-26,63.48,64.36,63.25,64.34,64.34,34642
2016-01-27,63.9,64.47,63.45,63.8,63.8,21032
2016-01-28,64.45,64.45,63.53,64.07,64.07,7069
2016-01-29,64.28,65.35,64.28,65.35,65.35,58485
2016-02-01,64.7,65.615,64.65,65.39,65.39,49415
2016-02-02,64.35,64.69,63.83,64.04,64.04,41842
2016-02-03,64.42,64.604,63.155,64.49,64.49,18411
2016-02-04,64.15,64.8,63.915,64.56,64.56,173041
2016-02-05,64.17,64.3,63.17,63.34,63.34,46320
2016-02-08,62.35,62.45,61.47,62.41,62.41,28625
2016-02-09,61.53,62.37,61.5,61.81,61.81,21253
2016-02-10,62.6599,62.6799,61.84,61.88,61.88,32682
2016-02-11,60.86,61.5,60.52,61.22,61.22,91497
2016-02-12,61.79,62.31,61.15,62.13,62.13,295360
2016-02-16,63.03,63.55,62.8,63.53,63.53,136046
2016-02-17,64.13,64.77,64.0015,64.52,64.52,113289
2016-02-18,65.08,65.11,64.28,64.51,64.51,110528
2016-02-19,63.98,64.38,63.85,64.31,64.31,14782
2016-02-22,65.1,65.31,64.95,65.01,65.01,27913
2016-02-23,64.8399,64.8399,64.15,64.15,64.15,3105
2016-02-24,63.84,64.6199,63.34,64.33,64.33,111559
2016-02-25,64.76,65.21,64.445,65.13,65.13,10571
2016-02-26,65.79,65.81,65.08,65.08,65.08,20608
2016-02-29,65.3299,65.5455,64.97,64.97,64.97,43017
2016-03-01,65.28,66.49,65.28,66.49,66.49,45332
2016-03-02,66.51,66.79,66.105,66.79,66.79,19868
2016-03-03,67.0,67.36,66.68,67.17,67.17,66523
2016-03-04,67.63,68.0,67.42,67.8,67.8,17112
2016-03-07,67.29,67.96,67.0,67.56,67.56,60763
2016-03-08,67.51,67.51,66.72,66.79,66.79,20038
2016-03-09,67.18,67.3499,66.95,67.3,67.3,81460
2016-03-10,67.58,67.95,66.6204,67.04,67.04,10493
2016-03-11,67.94,68.68,67.94,68.62,68.62,34882
2016-03-14,68.45,68.61,68.11,68.36,68.36,45380
2016-03-15,67.7,68.19,67.63,68.19,68.19,49886
2016-03-16,67.62,68.7,67.62,68.68,68.68,6815
2016-03-17,68.68,69.45,68.245,69.09,69.09,20929
2016-03-18,69.31,69.4299,69.01,69.12,69.12,43633
2016-03-21,69.33,69.36,68.93,69.15,69.15,29409
2016-03-22,68.85,69.32,68.61,69.21,69.21,25326
2016-03-23,69.11,69.2,68.34,68.37,68.37,27901
2016-03-24,67.94,68.52,67.8737,68.47,68.47,126497
2016-03-28,68.9,69.2,68.239,68.67,68.67,149593
2016-03-29,68.25,69.36,68.25,69.34,69.34,74403
2016-03-30,69.96,69.99,69.5101,69.76,69.76,35877
2016-03-31,69.45,69.78,69.15,69.3701,69.3701,24140
2016-04-01,69.15,69.45,68.37,69.2,69.2,54841
2016-04-04,69.2,69.52,69.02,69.02,69.02,46704
2016-04-05,68.35,68.4499,68.04,68.07,68.07,91041
2016-04-06,68.4399,69.1199,68.2,69.089,69.089,10708
2016-04-07,68.49,68.4963,68.03,68.13,68.13,32418
2016-04-08,69.09,69.26,68.7201,68.95,68.95,209327
2016-04-11,69.37,69.37,68.65,68.65,68.65,80530
2016-04-12,68.86,69.7,68.85,69.42,69.42,17401
2016-04-13,70.08,70.5699,70.08,70.47,70.47,22591
2016-04-14,70.59,70.64,70.49,70.51,70.51,6267
2016-04-15,70.55,70.6,70.28,70.29,70.29,47620
2016-04-18,69.95,70.89,69.94,70.74,70.74,17479
2016-04-19,71.54,71.7,71.26,71.48,71.48,16555
2016-04-20,71.6875,71.87,71.46,71.67,71.67,10217
2016-04-21,71.41,71.84,71.08,71.1,71.1,39454
2016-04-22,71.1,71.42,70.878,71.39,71.39,60987
2016-04-25,71.1,71.15,70.78,70.9474,70.9474,9276
2016-04-26,71.7,71.7,71.02,71.09,71.09,22093
2016-04-27,71.01,71.63,70.8972,71.27,71.27,47988
2016-04-28,71.01,71.36,70.52,70.56,70.56,14422
2016-04-29,70.5,70.5,69.87,70.11,70.11,22665
2016-05-02,70.85,71.05,70.3492,71.04,71.04,40135
2016-05-03,70.3,70.34,69.8985,70.08,70.08,18942
2016-05-04,69.7399,69.7399,69.17,69.26,69.26,7854
2016-05-05,69.63,69.63,69.0101,69.33,69.33,12144
2016-05-06,69.08,69.5199,69.03,69.26,69.26,16770
2016-05-09,69.35,69.6,69.33,69.6,69.6,7218
2016-05-10,70.13,70.36,70.065,70.36,70.36,9133
2016-05-11,70.55,70.55,69.71,69.71,69.71,84116
2016-05-12,70.03,70.03,69.49,69.87,69.87,21579
2016-05-13,69.62,69.8399,69.0,69.04,69.04,19077
2016-05-16,69.46,70.13,69.46,70.13,70.13,45770
2016-05-17,69.84,69.87,69.04,69.21,69.21,9292
2016-05-18,69.06,70.01,69.06,69.35,69.35,65073
2016-05-19,68.79,69.15,68.54,69.07,69.07,16852
2016-05-20,69.58,69.6399,69.4,69.46,69.46,7216
2016-05-23,69.24,69.5199,69.16,69.42,69.42,87305
2016-05-24,69.7101,70.26,69.7101,70.2,70.2,5464
2016-05-25,70.6,70.98,70.6,70.88,70.88,38746
2016-05-26,70.88,70.9,70.72,70.72,70.72,13869
2016-05-27,70.74,70.985,70.74,70.83,70.83,6620
2016-05-31,71.56,71.56,70.65,70.68,70.68,51509
2016-06-01,70.68,70.96,70.6,70.79,70.79,12239
2016-06-02,70.72,70.88,70.555,70.86,70.86,9392
2016-06-03,70.8,71.16,70.6201,71.16,71.16,29567
2016-06-06,71.2,71.66,71.2,71.36,71.36,3318
2016-06-07,71.54,72.0248,71.54,71.6801,71.6801,14195
2016-06-08,72.1,72.1,71.85,72.03,72.03,20051
2016-06-09,71.24,71.585,71.19,71.42,71.42,29302
2016-06-10,70.51,70.73,70.0,70.19,70.19,9248
2016-06-13,69.75,70.14,69.57,69.74,69.74,3177
2016-06-14,69.26,69.26,68.69,69.19,69.19,18758
2016-06-15,69.6866,69.6866,69.2,69.37,69.37,9437
2016-06-16,68.71,69.47,68.23,69.47,69.47,18809
2016-06-17,69.6,69.9,69.2,69.64,69.64,32170
2016-06-20,70.86,71.06,70.44,70.65,70.65,62572
2016-06-21,70.73,70.94,70.5801,70.88,70.88,15130
2016-06-22,69.97,70.17,69.81,69.95,69.95,6652
2016-06-23,70.94,71.46,70.67,71.46,71.46,17478
2016-06-24,66.69,68.7499,66.625,67.47,67.47,64233
2016-06-27,66.75,67.15,65.57,65.96,65.96,57669
2016-06-28,67.13,67.6799,66.72,67.25,67.25,42877
2016-06-29,68.25,68.73,68.121,68.73,68.73,27132
2016-06-30,68.83,69.5,68.73,69.33,69.33,60314
2016-07-01,69.61,70.0,69.4,69.52,69.52,42665
2016-07-05,69.24,69.33,68.58,68.7,68.7,39358
2016-07-06,68.47,68.9799,68.1424,68.86,68.86,135686
2016-07-07,69.2,69.32,68.61,68.7,68.7,25387
2016-07-08,69.3999,69.8099,69.3999,69.76,69.76,8246
2016-07-11,70.27,70.6099,70.1893,70.25,70.25,9491
2016-07-12,71.06,71.27,70.84,71.07,71.07,9164
2016-07-13,71.42,71.42,70.8401,71.16,71.16,8391
2016-07-14,71.5999,71.7013,71.4,71.46,71.46,6103
2016-07-15,71.44,71.5578,71.1,71.25,71.25,7860
2016-07-18,71.21,71.52,71.16,71.41,71.41,7359
2016-07-19,71.22,71.32,70.931,71.31,71.31,47232
2016-07-20,71.63,71.72,71.27,71.52,71.52,19169
2016-07-21,71.63,71.76,71.32,71.46,71.46,7652
2016-07-22,71.55,71.63,71.465,71.63,71.63,3093
2016-07-25,71.625,71.625,71.13,71.56,71.56,6830
2016-07-26,71.66,71.7799,71.45,71.69,71.69,18140
2016-07-27,71.97,71.97,70.96,71.47,71.47,38882
2016-07-28,71.5,71.827,71.32,71.8,71.8,7582
2016-07-29,71.8541,72.26,71.71,72.21,72.21,9793
2016-08-01,72.06,72.11,71.631,71.889,71.889,7058
2016-08-02,72.03,72.03,71.1,71.58,71.58,31597
2016-08-03,71.2538,71.45,71.19,71.4,71.4,26027
2016-08-04,71.53,71.72,71.53,71.581,71.581,8339
2016-08-05,71.82,72.25,71.82,72.09,72.09,24458
2016-08-08,72.39,72.39,72.051,72.25,72.25,5146
2016-08-09,72.367,72.68,72.36,72.57,72.57,27413
2016-08-10,72.89,72.89,72.39,72.39,72.39,54392
2016-08-11,72.75,73.062,72.727,72.97,72.97,27588
2016-08-12,72.79,73.0299,72.6901,72.93,72.93,54265
2016-08-15,73.21,73.26,72.99,73.13,73.13,12988
2016-08-16,73.074,73.074,72.78,72.92,72.92,12162
2016-08-17,72.715,73.13,72.46,72.99,72.99,15631
2016-08-18,72.99,73.19,72.77,73.19,73.19,44902
2016-08-19,72.78,72.93,72.77,72.93,72.93,4638
2016-08-22,72.61,72.9,72.61,72.8,72.8,12386
2016-08-23,73.19,73.4,73.1371,73.17,73.17,12393
2016-08-24,73.1083,73.13,72.73,72.85,72.85,19525
2016-08-25,72.63,72.8699,72.47,72.51,72.51,22597
2016-08-26,72.63,72.63,72.03,72.36,72.36,11545
2016-08-29,72.43,72.74,72.4101,72.74,72.74,3804
2016-08-30,72.73,72.74,72.4521,72.58,72.58,10395
2016-08-31,72.49,72.5599,72.1092,72.45,72.45,13423
2016-09-01,72.43,72.66,72.2,72.64,72.64,10859
2016-09-02,73.04,73.19,73.04,73.07,73.07,3520
2016-09-06,73.17,73.58,73.17,73.58,73.58,12563
2016-09-07,73.49,73.6599,73.4,73.52,73.52,606622
2016-09-08,74.6,74.6,73.26,73.38,73.38,33780
2016-09-09,72.58,72.73,71.57,71.6,71.6,15009
2016-09-12,71.705,72.624,71.705,72.45,72.45,6019
2016-09-13,71.8,71.93,70.83,71.1,71.1,814723
2016-09-14,71.375,71.51,71.08,71.08,71.08,1314
2016-09-15,71.15,71.78,71.15,71.52,71.52,13444
2016-09-16,70.98,71.38,70.98,71.3,71.3,46659
2016-09-19,71.76,71.77,71.236,71.4,71.4,11754
2016-09-20,71.64,71.76,71.2,71.2,71.2,159506
2016-09-21,72.06,72.5,71.7047,72.5,72.5,5735
2016-09-22,73.18,73.2387,72.94,72.95,72.95,9723
2016-09-23,72.6,72.79,72.46,72.48,72.48,43172
2016-09-26,71.94,72.07,71.795,71.81,71.81,14422
2016-09-27,71.86,72.269,71.81,72.22,72.22,6816
2016-09-28,72.41,72.69,72.13,72.69,72.69,9897
2016-09-29,72.68,72.706,71.95,72.05,72.05,13172
2016-09-30,72.08,72.73,72.08,72.66,72.66,18999
2016-10-03,72.36,72.4,72.19,72.32,72.32,9258
2016-10-04,72.58,72.58,72.0,72.26,72.26,27579
2016-10-05,72.55,72.65,72.37,72.56,72.56,13423
2016-10-06,72.22,72.35,72.19,72.23,72.23,6264
2016-10-07,72.26,72.26,71.7096,71.99,71.99,28853
2016-10-10,72.33,72.55,72.3,72.42,72.42,15032
2016-10-11,71.9,71.9,71.18,71.45,71.45,22216
2016-10-12,71.24,71.48,71.15,71.4,71.4,20718
2016-10-13,70.5,71.24,70.472,71.2,71.2,13179
2016-10-14,71.52,71.5989,71.13,71.13,71.13,5605
2016-10-17,71.17,71.264,70.95,71.01,71.01,13251
2016-10-18,71.75,71.75,71.39,71.63,71.63,42100
2016-10-19,71.8097,71.8899,71.7301,71.81,71.81,21776
2016-10-20,71.77,71.87,71.49,71.78,71.78,26620
2016-10-21,71.29,71.65,71.29,71.65,71.65,77686
2016-10-24,71.91,71.945,71.72,71.83,71.83,7330
2016-10-25,71.78,71.78,71.55,71.77,71.77,96775
2016-10-26,71.45,71.75,71.2601,71.49,71.49,48773
2016-10-27,71.81,71.81,71.26,71.35,71.35,9472
2016-10-28,71.35,71.52,71.08,71.33,71.33,38066
2016-10-31,71.34,71.37,71.04,71.12,71.12,32073
2016-11-01,71.2,71.2,70.33,70.82,70.82,23985
2016-11-02,70.51,70.8,70.1,70.32,70.32,27006
2016-11-03,70.23,70.46,69.94,69.98,69.98,19811
2016-11-04,69.75,70.1,69.672,69.75,69.75,21828
2016-11-07,70.89,71.23,70.66,71.23,71.23,55408
2016-11-08,71.2,71.5,70.78,71.3319,71.3319,28761
2016-11-09,70.77,71.9099,70.77,71.69,71.69,96257
2016-11-10,71.98,72.0,71.09,71.7,71.7,46872
2016-11-11,71.55,71.55,71.0536,71.43,71.43,7878
2016-11-14,71.31,71.34,71.0733,71.34,71.34,10295
2016-11-15,71.2672,71.7889,71.2672,71.6579,71.6579,10119
2016-11-16,71.42,71.55,71.19,71.38,71.38,18446
2016-11-17,71.62,71.88,71.59,71.88,71.88,34080
2016-11-18,71.61,71.67,71.3501,71.54,71.54,17961
2016-11-21,71.95,72.1,71.73,72.1,72.1,10993
2016-11-22,72.69,72.69,71.93,72.11,72.11,15868
2016-11-23,71.86,72.19,71.845,72.08,72.08,21802
2016-11-25,72.44,72.44,72.2289,72.3169,72.3169,10049
2016-11-28,72.34,72.38,72.1,72.15,72.15,27850
2016-11-29,72.25,72.54,72.115,72.49,72.49,16945
2016-11-30,72.55,72.58,72.3,72.31,72.31,21595
2016-12-01,72.17,72.37,71.93,72.08,72.08,33318
2016-12-02,72.32,72.32,71.97,72.2,72.2,55325
2016-12-05,72.54,72.6899,72.4,72.4701,72.4701,99890
2016-12-06,72.56,72.8799,72.44,72.84,72.84,9638
2016-12-07,73.12,73.88,73.12,73.88,73.88,52011
2016-12-08,73.98,74.23,73.72,74.03,74.03,14699
2016-12-09,74.12,74.28,73.8,74.2,74.2,6678
2016-12-12,74.32,74.4069,74.04,74.16,74.16,64072
2016-12-13,74.76,74.89,74.63,74.79,74.79,14446
2016-12-14,74.61,75.42,73.87,74.03,74.03,33343
2016-12-15,73.98,74.28,73.9,74.21,74.21,25315
2016-12-16,74.24,74.29,73.88,73.93,73.93,69325
2016-12-19,74.3199,74.3199,74.0688,74.15,74.15,10174
2016-12-20,74.41,74.45,74.2314,74.45,74.45,16703
2016-12-21,73.55,73.68,73.5,73.54,73.54,18829
2016-12-22,73.29,73.43,73.245,73.31,73.31,20143
2016-12-23,73.4,73.63,73.315,73.59,73.59,28548
2016-12-27,73.58,73.71,73.5,73.54,73.54,104779
2016-12-28,73.51,73.51,73.06,73.16,73.16,825644
2016-12-29,73.33,73.34,73.0642,73.32,73.32,15108
2016-12-30,73.63,73.63,72.9201,73.08,73.08,23398
2017-01-03,73.77,73.77,73.38,73.76,73.76,63150
2017-01-04,74.08,74.4,74.02,74.39,74.39,22725
2017-01-05,74.43,74.64,74.3556,74.64,74.64,15457
2017-01-06,74.56,74.8599,74.37,74.79,74.79,123170
2017-01-09,74.4096,74.59,74.37,74.4184,74.4184,7713
2017-01-10,74.79,74.79,74.47,74.53,74.53,19652
2017-01-11,74.5,74.58,74.35,74.58,74.58,17142
2017-01-12,74.6,74.77,74.24,74.73,74.73,60928
2017-01-13,74.7,74.9699,74.7,74.94,74.94,26514
2017-01-17,75.0,75.0,74.47,74.73,74.73,23596
2017-01-18,74.54,74.74,74.41,74.54,74.54,16203
2017-01-19,74.45,74.5,74.15,74.47,74.47,29880
2017-01-20,74.67,74.78,74.48,74.64,74.64,12906
2017-01-23,74.59,74.69,74.353,74.66,74.66,24573
2017-01-24,74.61,75.17,74.61,75.1,75.1,49130
2017-01-25,75.54,75.77,75.36,75.67,75.67,35944
2017-01-26,75.82,75.82,75.51,75.62,75.62,9552
2017-01-27,75.78,75.78,75.4107,75.56,75.56,17447
2017-01-30,75.26,75.26,74.67,75.07,75.07,27711
2017-01-31,74.94,75.11,74.7772,75.11,75.11,11041
2017-02-01,75.45,75.46,74.9501,75.24,75.24,14283
2017-02-02,75.01,75.2843,75.01,75.26,75.26,14599
2017-02-03,75.49,75.76,75.49,75.59,75.59,7658
2017-02-06,75.51,75.51,75.2113,75.42,75.42,15043
2017-02-07,75.48,75.48,75.32,75.39,75.39,3290
2017-02-08,75.3457,75.52,75.3457,75.52,75.52,10031
2017-02-09,75.7,75.91,75.65,75.8,75.8,38888
2017-02-10,75.92,76.12,75.9188,75.99,75.99,24462
2017-02-13,76.2,76.52,76.2,76.36,76.36,45055
2017-02-14,76.5,76.63,76.06,76.63,76.63,30405
2017-02-15,76.34,76.91,76.34,76.78,76.78,50042
2017-02-16,76.79,76.97,76.6601,76.97,76.97,9738
2017-02-17,76.76,76.99,76.66,76.89,76.89,59808
2017-02-21,76.92,77.3354,76.92,77.2,77.2,7224
2017-02-22,77.41,77.41,77.08,77.27,77.27,31362
2017-02-23,77.52,77.52,77.1501,77.2,77.2,5900
2017-02-24,76.88,77.21,76.8399,77.2,77.2,13335
2017-02-27,77.0,77.28,77.0,77.25,77.25,8688
2017-02-28,77.2,77.24,76.88,77.08,77.08,16114
2017-03-01,77.49,78.0786,77.49,77.9,77.9,118553
2017-03-02,77.87,77.87,77.4,77.4,77.4,11356
2017-03-03,77.51,77.66,77.37,77.66,77.66,5284
2017-03-06,77.43,77.43,77.1,77.41,77.41,8996
2017-03-07,77.26,77.3426,77.01,77.16,77.16,9979
2017-03-08,77.23,77.2799,76.82,76.92,76.92,8171
2017-03-09,77.06,77.39,76.92,77.01,77.01,5299
2017-03-10,77.5799,77.5799,77.09,77.45,77.45,6659
2017-03-13,77.6,77.77,77.43,77.77,77.77,62696
2017-03-14,77.35,77.35,77.1,77.15,77.15,13385
2017-03-15,77.36,78.0,77.36,78.0,78.0,19004
2017-03-16,78.35,78.4,78.12,78.3,78.3,289828
2017-03-17,78.42,78.43,78.12,78.12,78.12,10414
2017-03-20,78.09,78.23,77.785,78.03,78.03,169019
2017-03-21,78.24,78.47,77.19,77.19,77.19,140193
2017-03-22,77.24,77.62,77.15,77.62,77.62,14057
2017-03-23,77.32,77.73,77.32,77.39,77.39,9926
2017-03-24,77.68,77.72,77.41,77.4992,77.4992,8364
2017-03-27,76.97,77.63,76.9501,77.438,77.438,14407
2017-03-28,77.37,78.1,77.37,78.06,78.06,21080
2017-03-29,77.87,79.43,77.84,77.99,77.99,16684
2017-03-30,78.06,78.307,77.92,78.1502,78.1502,10187
2017-03-31,78.01,78.119,77.87,77.87,77.87,41177
2017-04-03,77.95,78.03,77.3851,77.84,77.84,19465
2017-04-04,77.62,77.905,77.53,77.72,77.72,212329
2017-04-05,78.05,78.23,77.59,77.59,77.59,33066
2017-04-06,77.65,77.73,77.52,77.63,77.63,15508
2017-04-07,77.62,77.8488,77.6,77.66,77.66,12875
2017-04-10,77.69,77.899,77.605,77.68,77.68,5417
2017-04-11,77.6298,77.82,77.33,77.82,77.82,18077
2017-04-12,77.7,77.765,77.45,77.59,77.59,17537
2017-04-13,77.36,77.5,76.95,76.98,76.98,38454
2017-04-17,77.15,77.6,77.15,77.55,77.55,9229
2017-04-18,77.32,77.4,77.08,77.26,77.26,9640
2017-04-19,77.53,77.57,77.11,77.19,77.19,17563
2017-04-20,77.54,77.855,77.5,77.66,77.66,101158
2017-04-21,77.64,77.7097,77.56,77.583,77.583,4286
2017-04-24,78.67,78.945,78.67,78.88,78.88,45045
2017-04-25,79.18,79.48,79.18,79.37,79.37,61201
2017-04-26,79.29,79.55,79.24,79.25,79.25,16795
2017-04-27,79.33,79.33,79.11,79.19,79.19,35030
2017-04-28,79.32,79.37,79.08,79.18,79.18,14263
2017-05-01,79.42,79.54,79.23,79.42,79.42,32261
2017-05-02,79.36,79.47,79.29,79.46,79.46,13315
2017-05-03,79.35,79.39,79.1446,79.39,79.39,7886
2017-05-04,79.53,79.65,79.32,79.65,79.65,19919
2017-05-05,79.79,80.11,79.67,80.08,80.08,26712
2017-05-08,80.02,80.02,79.88,79.94,79.94,212417
2017-05-09,80.02,80.0285,79.75,79.9,79.9,6245
2017-05-10,79.8,80.01,79.78,79.94,79.94,13434
2017-05-11,79.69,79.86,79.4,79.77,79.77,88160
2017-05-12,79.79,79.91,79.7248,79.83,79.83,9138
2017-05-15,80.2812,80.35,80.23,80.35,80.35,17334
2017-05-16,80.61,80.8,80.35,80.55,80.55,11289
2017-05-17,79.98,80.02,79.26,79.27,79.27,84376
2017-05-18,79.18,79.69,79.02,79.41,79.41,32258
2017-05-19,79.99,80.2921,79.9764,80.09,80.09,23425
2017-05-22,80.29,80.64,80.29,80.64,80.64,126901
2017-05-23,80.65,80.78,80.44,80.49,80.49,87377
2017-05-24,80.61,80.85,80.4738,80.85,80.85,24864
2017-05-25,80.88,81.02,80.825,80.88,80.88,10220
2017-05-26,80.74,80.88,80.73,80.88,80.88,28412
2017-05-30,80.78,81.0,80.69,81.0,81.0,44334
2017-05-31,81.06,81.06,80.66,80.83,80.83,23151
2017-06-01,80.85,81.46,80.85,81.46,81.46,37672
2017-06-02,81.53,81.89,81.48,81.86,81.86,26749
2017-06-05,81.75,81.75,81.53,81.6,81.6,20101
2017-06-06,81.35,81.54,81.35,81.43,81.43,9620
2017-06-07,81.64,81.65,81.16,81.47,81.47,30625
2017-06-08,81.46,81.53,81.27,81.51,81.51,18416
2017-06-09,81.46,81.6298,81.0,81.37,81.37,24246
2017-06-12,81.23,81.23,80.91,81.22,81.22,39106
2017-06-13,81.49,81.72,81.43,81.67,81.67,23330
2017-06-14,81.93,81.93,81.43,81.46,81.46,19729
2017-06-15,80.81,81.2,80.72,81.02,81.02,12043
2017-06-16,81.26,81.48,81.06,81.48,81.48,50685
2017-06-19,81.63,82.0,81.63,81.99,81.99,12688
2017-06-20,81.0,81.0,80.33,80.45,80.45,728765
2017-06-21,80.37,80.52,80.26,80.31,80.31,19177
2017-06-22,80.37,80.5479,80.29,80.31,80.31,12712
2017-06-23,80.37,80.61,80.33,80.57,80.57,127261
2017-06-26,80.84,81.04,80.5938,80.65,80.65,28748
2017-06-27,80.61,80.735,80.3039,80.31,80.31,12334
2017-06-28,80.7,80.98,80.7,80.9,80.9,7898
2017-06-29,80.92,81.2,79.87,80.2978,80.2978,43151
2017-06-30,80.6,80.6,80.26,80.33,80.33,26986
2017-07-03,80.44,80.68,80.37,80.37,80.37,18777
2017-07-05,80.39,80.54,80.17,80.43,80.43,5273
2017-07-06,80.2,80.2,79.81,79.91,79.91,7834
2017-07-07,79.94,80.26,79.9112,80.26,80.26,3090
2017-07-10,80.23,80.4412,80.21,80.4,80.4,4358
2017-07-11,80.3,80.45,80.1,80.44,80.44,10353
2017-07-12,80.86,81.13,80.86,80.96,80.96,6644
2017-07-13,81.14,81.27,81.0,81.25,81.25,7991
2017-07-14,81.43,81.67,81.291,81.67,81.67,13534
2017-07-17,81.63,81.67,81.49,81.5,81.5,5639
2017-07-18,81.54,81.67,81.4388,81.67,81.67,4355
2017-07-19,81.85,82.06,81.85,82.06,82.06,8695
2017-07-20,82.26,82.27,82.03,82.27,82.27,8219
2017-07-21,81.94,81.95,81.73,81.93,81.93,13703
2017-07-24,81.8,82.04,81.754,81.89,81.89,5796
2017-07-25,82.3,82.309,82.17,82.2,82.2,14042
2017-07-26,82.38,82.43,82.18,82.4,82.4,50244
2017-07-27,82.53,82.53,81.91,82.13,82.13,3908
2017-07-28,82.12,82.23,81.91,82.23,82.23,6509
2017-07-31,82.36,82.48,82.1012,82.28,82.28,12353
2017-08-01,82.68,82.76,82.45,82.76,82.76,67596
2017-08-02,82.58,82.69,82.19,82.56,82.56,18570
2017-08-03,82.52,82.69,82.41,82.52,82.52,25354
2017-08-04,82.66,82.66,82.46,82.62,82.62,33355
2017-08-07,82.54,82.72,82.54,82.72,82.72,7262
2017-08-08,82.59,82.84,82.3,82.41,82.41,61036
2017-08-09,82.02,82.36,82.01,82.36,82.36,10494
2017-08-10,81.91,82.01,81.1156,81.19,81.19,22473
2017-08-11,81.18,81.31,81.0401,81.07,81.07,22680
2017-08-14,81.8436,81.97,81.75,81.88,81.88,3480
2017-08-15,81.94,81.94,81.69,81.75,81.75,6872
2017-08-16,82.1,82.1332,81.95,82.03,82.03,3781
2017-08-17,81.81,81.81,80.95,80.95,80.95,12530
2017-08-18,80.98,81.16,80.9,80.98,80.98,19256
2017-08-21,80.97,80.9751,80.75,80.95,80.95,7176
2017-08-22,81.25,81.7,81.25,81.7,81.7,11909
2017-08-23,81.4,81.59,81.32,81.55,81.55,8344
2017-08-24,81.6,81.6399,81.33,81.37,81.37,6983
2017-08-25,81.69,81.93,81.58,81.59,81.59,13204
2017-08-28,81.89,81.89,81.535,81.6,81.6,9311
2017-08-29,81.09,81.7,81.09,81.63,81.63,12631
2017-08-30,81.55,81.839,81.38,81.7,81.7,30663
2017-08-31,81.97,82.35,81.97,82.35,82.35,3228
2017-09-01,82.49,82.61,82.42,82.42,82.42,6378
2017-09-05,82.31,82.41,81.63,81.93,81.93,11845
2017-09-06,82.16,82.3754,82.15,82.22,82.22,7716
2017-09-07,82.53,82.567,82.3799,82.56,82.56,3294
2017-09-08,82.5,82.65,82.45,82.48,82.48,4740
2017-09-11,82.97,83.32,82.97,83.28,83.28,9962
2017-09-12,83.25,83.45,83.25,83.43,83.43,3580
2017-09-13,83.28,83.4192,83.21,83.37,83.37,6306
2017-09-14,83.2074,83.47,83.17,83.47,83.47,74145
2017-09-15,83.3101,83.57,83.3101,83.54,83.54,4605
2017-09-18,83.6099,83.6099,83.6099,83.6099,83.6099,951
2017-09-19,83.78,83.818,83.64,83.75,83.75,31166
2017-09-20,83.94,83.99,83.765,83.9,83.9,65386
2017-09-21,83.69,83.81,83.59,83.59,83.59,53951
2017-09-22,83.58,83.84,83.5,83.84,83.84,10057
2017-09-25,83.62,83.755,83.24,83.53,83.53,23998
2017-09-26,83.43,83.6,83.28,83.46,83.46,11846
2017-09-27,83.3979,83.86,83.3979,83.86,83.86,4855
2017-09-28,83.63,83.845,83.63,83.76,83.76,14153
2017-09-29,83.82,84.2,83.82,84.09,84.09,7493
2017-10-02,84.13,84.4188,84.13,84.4188,84.4188,46783
2017-10-03,84.41,84.57,84.41,84.52,84.52,4107
2017-10-04,84.54,84.71,84.45,84.64,84.64,32037
2017-10-05,84.64,84.94,84.64,84.94,84.94,7181
2017-10-06,84.6,84.82,84.59,84.73,84.73,39214
2017-10-09,84.7,84.91,84.53,84.61,84.61,40970
2017-10-10,84.9,85.09,84.79,85.02,85.02,50749
2017-10-11,85.13,85.3,85.13,85.3,85.3,11163
2017-10-12,85.23,85.31,85.07,85.25,85.25,17602
2017-10-13,85.51,85.53,85.39,85.46,85.46,11945
2017-10-16,85.55,85.58,85.36,85.5,85.5,10389
2017-10-17,85.33,85.51,85.26,85.51,85.51,142274
2017-10-18,85.67,85.67,85.519,85.57,85.57,52782
2017-10-19,85.32,85.59,85.16,85.59,85.59,18175
2017-10-20,85.76,85.79,85.58,85.76,85.76,27213
2017-10-23,85.92,85.92,85.42,85.69,85.69,58168
2017-10-24,85.62,85.73,85.55,85.67,85.67,57689
2017-10-25,85.56,85.56,84.9,85.22,85.22,30057
2017-10-26,85.5,85.5,85.355,85.36,85.36,23791
2017-10-27,85.55,85.77,85.32,85.67,85.67,22396
2017-10-30,85.69,85.79,85.55,85.62,85.62,5534
2017-10-31,85.85,85.96,85.72,85.88,85.88,10334
2017-11-01,86.24,86.25,85.89,85.89,85.89,5723
2017-11-02,85.85,86.11,85.81,86.08,86.08,3821
2017-11-03,85.86,86.19,85.73,86.05,86.05,41982
2017-11-06,86.18,86.41,86.08,86.38,86.38,8259
2017-11-07,86.38,86.4253,85.97,86.2,86.2,14845
2017-11-08,86.29,86.48,86.28,86.48,86.48,12071
2017-11-09,85.79,86.09,85.5,85.98,85.98,9295
2017-11-10,85.92,86.0,85.7852,85.96,85.96,9421
2017-11-13,85.5,85.825,85.5,85.79,85.79,5433
2017-11-14,85.53,85.73,85.49,85.6,85.6,10630
2017-11-15,85.21,85.4,85.0,85.26,85.26,24257
2017-11-16,85.68,86.0394,85.68,85.98,85.98,3145
2017-11-17,85.87,85.8999,85.7,85.78,85.78,22427
2017-11-20,85.86,85.96,85.53,85.91,85.91,18563
2017-11-21,86.13,86.46,86.13,86.45,86.45,46542
2017-11-22,86.5,86.65,86.29,86.49,86.49,77454
2017-11-24,86.83,86.89,86.83,86.88,86.88,2690
2017-11-27,86.73,86.89,86.5796,86.64,86.64,13801
2017-11-28,86.68,87.3,86.68,87.3,87.3,34986
2017-11-29,87.37,87.38,86.841,87.09,87.09,15191
2017-11-30,87.375,87.76,87.375,87.56,87.56,16007
2017-12-01,87.31,87.59,86.7401,87.41,87.41,37070
2017-12-04,87.82,87.97,87.19,87.19,87.19,36039
2017-12-05,87.26,87.38,86.95,86.99,86.99,30311
2017-12-06,86.88,87.0,86.7909,86.9732,86.9732,24281
2017-12-07,86.87,87.23,86.83,87.18,87.18,37204
2017-12-08,87.38,87.63,87.37,87.58,87.58,31584
2017-12-11,87.72,87.8,87.54,87.72,87.72,72413
2017-12-12,87.89,88.11,87.72,88.01,88.01,27529
2017-12-13,88.12,88.3058,88.0,88.0,88.0,28128
2017-12-14,88.07,88.0799,87.61,87.79,87.79,23222
2017-12-15,87.96,88.19,87.78,87.95,87.95,25780
2017-12-18,88.65,88.8606,88.58,88.79,88.79,111064
2017-12-19,87.95,87.99,87.62,87.8,87.8,101228
2017-12-20,88.1,88.1,87.56,87.68,87.68,39953
2017-12-21,87.86,88.07,87.7,87.91,87.91,34908
2017-12-22,87.9,88.1,87.77,88.1,88.1,185378
2017-12-26,87.95,88.02,87.82,88.0,88.0,26677
2017-12-27,88.09,88.23,88.01,88.12,88.12,50699
2017-12-28,88.38,88.38,88.13,88.28,88.28,12264
2017-12-29,88.53,88.53,88.03,88.11,88.11,15730
2018-01-02,88.42,88.78,88.21,88.78,88.78,124504
2018-01-03,88.88,89.31,88.88,89.31,89.31,28123
2018-01-04,89.71,89.9,89.55,89.71,89.71,78145
2018-01-05,90.1,90.42,90.0,90.42,90.42,21175
2018-01-08,90.29,90.49,90.2,90.2,90.2,81742
2018-01-09,90.59,90.689,90.3231,90.41,90.41,72327
2018-01-10,90.28,90.585,90.13,90.2,90.2,26461
2018-01-11,90.6,90.8499,90.5648,90.83,90.83,34293
2018-01-12,91.19,91.6828,91.1,91.65,91.65,12583
2018-01-16,92.07,92.285,91.35,91.49,91.49,47467
2018-01-17,91.87,92.313,91.58,92.04,92.04,19418
2018-01-18,91.88,92.12,91.84,91.87,91.87,42045
2018-01-19,92.35,92.36,92.1252,92.29,92.29,13086
2018-01-22,92.44,93.0,92.3,92.93,92.93,13269
2018-01-23,93.12,93.2999,93.1068,93.23,93.23,13805
2018-01-24,93.74,93.79,93.01,93.41,93.41,40181
2018-01-25,93.82,93.82,93.06,93.28,93.28,30086
2018-01-26,93.67,94.23,93.669,94.07,94.07,20493
2018-01-29,93.77,93.91,93.4,93.47,93.47,43690
2018-01-30,92.97,93.1199,92.45,92.52,92.52,19988
2018-01-31,93.05,93.05,92.231,92.68,92.68,34964
2018-02-01,92.23,92.84,92.025,92.67,92.67,94103
2018-02-02,91.98,92.05,90.72,90.72,90.72,56716
2018-02-05,89.78,90.34,86.84,86.9,86.9,38197
2018-02-06,86.19,88.81,85.73,88.52,88.52,120765
2018-02-07,88.35,89.1737,87.9,87.9,87.9,38110
2018-02-08,88.12,88.12,85.03,85.03,85.03,27403
2018-02-09,86.05,86.45,83.575,86.15,86.15,173185
2018-02-12,86.59,87.5892,86.4101,87.13,87.13,22075
2018-02-13,86.8,87.36,86.72,87.28,87.28,9555
2018-02-14,86.79,88.7,86.79,88.68,88.68,17742
2018-02-15,89.2,89.49,88.6897,89.49,89.49,409046
2018-02-16,89.48,89.9,89.48,89.69,89.69,7104
2018-02-20,89.19,89.63,88.8,89.0,89.0,13965
2018-02-21,89.12,89.807,88.45,88.45,88.45,19124
2018-02-22,89.05,89.45,88.54,88.69,88.69,158796
2018-02-23,89.12,89.94,89.04,89.94,89.94,9776
2018-02-26,90.23,90.79,90.07,90.79,90.79,12213
2018-02-27,90.62,90.665,89.47,89.47,89.47,30308
2018-02-28,89.94,89.94,88.64,88.64,88.64,18568
2018-03-01,88.4,88.88,86.89,87.47,87.47,92269
2018-03-02,86.91,87.8599,86.65,87.75,87.75,6034
2018-03-05,87.33,88.9499,87.3,88.66,88.66,28957
2018-03-06,89.49,89.49,88.5754,88.9022,88.9022,4481
2018-03-07,88.29,89.03,88.1801,88.93,88.93,17749
2018-03-08,89.23,89.25,88.79,89.25,89.25,20071
2018-03-09,89.67,90.36,89.46,90.28,90.28,14324
2018-03-12,90.54,90.6,90.235,90.37,90.37,11397
2018-03-13,90.56,90.8,89.6366,89.74,89.74,25704
2018-03-14,90.28,90.28,89.405,89.6,89.6,9022
2018-03-15,89.72,89.92,89.35,89.51,89.51,52127
2018-03-16,89.56,89.75,89.47,89.52,89.52,27439
2018-03-19,89.24,89.3299,88.1,88.53,88.53,11602
2018-03-20,88.52,88.8999,88.43,88.59,88.59,41304
2018-03-21,88.55,89.07,88.47,88.59,88.59,25887
2018-03-22,87.8499,87.8499,86.56,86.62,86.62,23216
2018-03-23,86.74,86.7976,85.16,85.24,85.24,21783
2018-03-26,86.46,87.2,85.68,87.16,87.16,45802
2018-03-27,87.5,87.6,85.63,85.84,85.84,129313
2018-03-28,86.11,86.68,85.61,85.96,85.96,11734
2018-03-29,86.47,87.436,86.47,87.13,87.13,76878
2018-04-02,86.86,86.86,84.75,85.29,85.29,55261
2018-04-03,85.81,86.28,85.19,86.12,86.12,116505
2018-04-04,84.92,86.93,84.92,86.77,86.77,79513
2018-04-05,87.27,87.7592,87.27,87.47,87.47,3892
2018-04-06,86.8975,86.8975,85.76,86.16,86.16,9779
2018-04-09,86.72,87.67,86.56,86.65,86.65,40184
2018-04-10,87.56,88.13,87.46,87.9,87.9,23044
2018-04-11,87.49,87.98,87.43,87.47,87.47,17187
2018-04-12,88.03,88.14,87.8322,88.03,88.03,8134
2018-04-13,88.48,88.48,87.5881,87.8,87.8,17235
2018-04-16,88.38,88.55,88.12,88.37,88.37,56973
2018-04-17,88.85,89.22,88.7,89.19,89.19,17083
2018-04-18,89.3,89.46,89.19,89.39,89.39,15394
2018-04-19,89.19,89.22,88.5601,88.8801,88.8801,31268
2018-04-20,88.79,88.79,88.09,88.27,88.27,11468
2018-04-23,88.44,88.44,87.88,88.21,88.21,6432
2018-04-24,88.5,88.77,86.97,87.41,87.41,11139
2018-04-25,87.16,87.5094,86.74,87.35,87.35,14439
2018-04-26,87.81,88.2913,87.81,88.21,88.21,7630
2018-04-27,88.31,88.31,88.1,88.2,88.2,6577
2018-04-30,88.36,88.4703,87.7754,87.7754,87.7754,4427
2018-05-01,87.5,87.8,87.28,87.8,87.8,24355
2018-05-02,87.74,88.08,87.33,87.33,87.33,34213
2018-05-03,87.26,87.47,86.54,87.45,87.45,23758
2018-05-04,86.8,88.3099,86.8,88.08,88.08,8250
2018-05-07,88.4,88.6,88.23,88.38,88.38,13517
2018-05-08,88.21,88.37,87.95,88.3,88.3,4872
2018-05-09,88.43,89.08,88.4,88.93,88.93,29584
2018-05-10,89.31,89.6828,89.2643,89.66,89.66,3213
2018-05-11,89.89,90.05,89.78,89.86,89.86,9084
2018-05-14,90.32,90.38,89.9314,90.08,90.08,11926
2018-05-15,89.51,89.56,89.1699,89.39,89.39,15270
2018-05-16,89.36,89.85,89.36,89.67,89.67,9962
2018-05-17,89.58,90.04,89.46,89.76,89.76,188604
2018-05-18,89.64,89.64,89.41,89.47,89.47,10540
2018-05-21,90.04,90.1899,89.87,90.0,90.0,12802
2018-05-22,90.21,90.31,89.84,89.9,89.9,15262
2018-05-23,89.24,89.57,89.06,89.56,89.56,7963
2018-05-24,89.48,89.58,88.88,89.39,89.39,9219
2018-05-25,89.1,89.14,88.95,89.13,89.13,209193
2018-05-29,88.19,88.47,87.4828,87.87,87.87,94168
2018-05-30,88.4,89.07,88.34,88.99,88.99,10701
2018-05-31,88.87,88.87,88.222,88.36,88.36,12049
2018-06-01,89.08,89.38,88.89,89.32,89.32,55203
2018-06-04,89.72,89.85,89.56,89.64,89.64,12542
2018-06-05,89.71,89.76,89.49,89.63,89.63,14919
2018-06-06,89.89,90.45,89.82,90.45,90.45,11590
2018-06-07,90.58,90.6,90.08,90.16,90.16,217396
2018-06-08,90.18,90.49,89.98,90.49,90.49,13839
2018-06-11,90.63,90.94,90.57,90.73,90.73,10072
2018-06-12,90.83,90.83,90.54,90.69,90.69,14731
2018-06-13,90.83,90.91,90.45,90.45,90.45,97460
2018-06-14,90.6,90.749,90.49,90.53,90.53,31037
2018-06-15,90.29,90.47,89.87,90.37,90.37,22546
2018-06-18,89.64,90.01,89.64,89.96,89.96,40663
2018-06-19,87.96,88.48,87.751,88.48,88.48,46854
2018-06-20,88.77,88.77,88.38,88.6,88.6,10258
2018-06-21,88.57,88.57,87.95,88.08,88.08,16150
2018-06-22,88.71,88.79,88.35,88.5,88.5,8126
2018-06-25,88.04,88.04,86.7501,87.3375,87.3375,16947
2018-06-26,87.49,87.5799,87.2303,87.46,87.46,34478
2018-06-27,87.58,88.0299,86.7,86.7,86.7,29201
2018-06-28,86.81,87.3,86.45,87.17,87.17,41514
2018-06-29,87.57,88.0,87.46,87.46,87.46,13875
2018-07-02,86.6,87.29,86.6,87.29,87.29,13090
2018-07-03,87.69,87.78,86.95,86.95,86.95,86822
2018-07-05,87.76,87.86,87.351,87.86,87.86,9299
2018-07-06,87.91,88.565,87.91,88.55,88.55,9391
2018-07-09,89.02,89.2155,89.0,89.16,89.16,10895
2018-07-10,89.4,89.56,89.2915,89.5,89.5,14405
2018-07-11,88.8,88.91,88.39,88.39,88.39,15288
2018-07-12,89.01,89.233,88.88,89.2,89.2,16686
2018-07-13,89.24,89.48,89.12,89.39,89.39,152794
2018-07-16,89.23,89.38,89.11,89.19,89.19,20010
2018-07-17,88.92,89.6442,88.92,89.47,89.47,31687
2018-07-18,89.57,89.77,89.38,89.72,89.72,16446
2018-07-19,89.35,89.5225,89.1801,89.3,89.3,29932
2018-07-20,89.43,89.631,89.43,89.56,89.56,14663
2018-07-23,89.44,89.6,89.44,89.57,89.57,3849
2018-07-24,90.05,90.3299,89.7684,89.97,89.97,33704
2018-07-25,90.01,90.67,89.8232,90.67,90.67,7344
2018-07-26,90.55,90.69,90.43,90.52,90.52,17999
2018-07-27,90.75,90.75,89.96,90.07,90.07,10461
2018-07-30,90.26,90.48,89.74,89.8,89.8,38840
2018-07-31,90.22,90.27,89.87,90.09,90.09,26550
2018-08-01,90.11,90.17,89.78,89.83,89.83,8643
2018-08-02,89.26,90.05,89.26,90.03,90.03,11741
2018-08-03,89.83,90.3,89.83,90.28,90.28,7339
2018-08-06,90.12,90.49,89.99,90.37,90.37,13389
2018-08-07,90.87,91.0,90.711,90.74,90.74,21338
2018-08-08,90.69,90.91,90.608,90.79,90.79,8722
2018-08-09,90.66,90.88,90.46,90.46,90.46,7627
2018-08-10,89.62,89.745,89.3,89.44,89.44,20344
2018-08-13,89.23,89.46,89.15,89.15,89.15,10875
2018-08-14,89.45,89.58,89.2,89.47,89.47,13648
2018-08-15,88.83,88.83,88.25,88.66,88.66,11841
2018-08-16,89.22,89.5,89.1301,89.28,89.28,10385
2018-08-17,89.24,89.8611,89.2,89.6,89.6,10325
2018-08-20,90.0,90.045,89.861,89.98,89.98,5721
2018-08-21,90.37,90.6197,90.3659,90.4,90.4,15950
2018-08-22,90.43,90.63,90.37,90.52,90.52,25518
2018-08-23,90.27,90.4244,90.1044,90.269,90.269,6562
2018-08-24,90.36,90.75,90.36,90.71,90.71,27451
2018-08-27,91.24,91.66,91.21,91.57,91.57,20548
2018-08-28,91.88,91.88,91.5,91.5,91.5,7207
2018-08-29,91.61,92.14,91.59,92.0,92.0,18918
2018-08-30,91.76,91.84,91.38,91.56,91.56,34297
2018-08-31,91.26,91.4456,90.94,91.12,91.12,13055
2018-09-04,90.87,90.93,90.51,90.76,90.76,56587
2018-09-05,90.51,90.58,90.19,90.31,90.31,15974
2018-09-06,90.2,90.53,89.78,90.13,90.13,12600
2018-09-07,89.64,90.04,89.5,89.6834,89.6834,10246
2018-09-10,90.19,90.28,89.92,89.92,89.92,17371
2018-09-11,89.78,90.2747,89.78,90.25,90.25,4554
2018-09-12,90.34,90.63,89.991,90.46,90.46,347088
2018-09-13,90.97,91.06,90.83,91.05,91.05,14112
2018-09-14,91.16,91.19,90.851,91.11,91.11,24706
2018-09-17,91.25,91.29,90.78,90.79,90.79,16152
2018-09-18,90.96,91.52,90.96,91.3,91.3,34117
2018-09-19,91.5,91.7,91.48,91.65,91.65,22820
2018-09-20,92.11,92.58,92.11,92.51,92.51,5069
2018-09-21,92.66,92.67,92.37,92.5,92.5,20776
2018-09-24,92.21,92.31,91.9901,92.13,92.13,13661
2018-09-25,92.5,92.65,92.04,92.04,92.04,29846
2018-09-26,92.25,92.84,91.89,92.08,92.08,66236
2018-09-27,92.07,92.4099,92.04,92.04,92.04,12827
2018-09-28,91.76,92.09,91.61,91.8,91.8,130350
2018-10-01,92.29,92.44,91.89,92.13,92.13,72953
2018-10-02,91.74,92.0099,91.66,91.73,91.73,42262
2018-10-03,92.17,92.31,91.7119,91.89,91.89,12001
2018-10-04,91.53,91.53,90.42,90.87,90.87,34162
2018-10-05,90.81,90.99,89.99,90.51,90.51,50382
2018-10-08,89.83,90.1994,89.47,90.12,90.12,15103
2018-10-09,89.87,90.39,89.78,89.96,89.96,26043
2018-10-10,89.88,89.88,87.35,87.64,87.64,91789
2018-10-11,87.12,87.58,85.49,85.88,85.88,63094
2018-10-12,87.09,87.09,85.76,86.84,86.84,76779
2018-10-15,86.71,87.09,86.3,86.33,86.33,69912
2018-10-16,87.28,88.21,87.22,88.07,88.07,50327
2018-10-17,88.07,88.09,87.3681,87.85,87.85,28702
2018-10-18,87.57,87.74,86.41,86.6,86.6,72145
2018-10-19,86.98,87.558,86.6697,86.72,86.72,16763
2018-10-22,86.81,86.91,86.2,86.51,86.51,616553
2018-10-23,85.25,86.2,84.48,85.79,85.79,47894
2018-10-24,85.75,85.75,83.25,83.28,83.28,64263
2018-10-25,84.0,85.1,83.8,84.62,84.62,33423
2018-10-26,83.3,84.35,82.62,83.45,83.45,139117
2018-10-29,84.85,84.89,82.8982,83.06,83.06,105285
2018-10-30,83.15,84.354,83.15,84.25,84.25,59525
2018-10-31,85.04,85.6297,85.04,85.25,85.25,33363
2018-11-01,85.57,86.21,85.36,86.07,86.07,45688
2018-11-02,86.59,86.82,85.34,85.78,85.78,80374
2018-11-05,86.09,86.36,85.77,86.17,86.17,124024
2018-11-06,86.16,86.61,86.1,86.57,86.57,58458
2018-11-07,87.45,88.14,87.1,88.14,88.14,121327
2018-11-08,87.76,88.08,87.54,87.58,87.58,13661
2018-11-09,87.26,87.26,86.53,87.08,87.08,26107
2018-11-12,86.68,86.68,85.3,85.3,85.3,17861
2018-11-13,85.64,86.19,85.3028,85.52,85.52,71934
2018-11-14,86.14,86.14,84.81,85.01,85.01,40466
2018-11-15,84.64,85.8899,84.22,85.66,85.66,44551
2018-11-16,85.22,86.22,85.15,85.86,85.86,52293
2018-11-19,85.83,85.83,84.58,84.76,84.76,204325
2018-11-20,83.4873,83.92,82.99,83.24,83.24,131178
2018-11-21,83.85,84.4099,83.71,83.95,83.95,124923
2018-11-23,83.16,83.725,83.16,83.28,83.28,67995
2018-11-26,84.28,84.665,84.08,84.3,84.3,671925
2018-11-27,84.1,84.58,83.96,84.44,84.44,101081
2018-11-28,84.82,86.3,84.59,86.3,86.3,132917
2018-11-29,85.98,86.3899,85.5501,86.04,86.04,104737
2018-11-30,85.86,86.31,85.76,86.21,86.21,434447
2018-12-03,87.56,87.65,86.85,87.35,87.35,157991
2018-12-04,86.98,87.14,84.69,84.69,84.69,115350
2018-12-06,83.46,84.53,82.45,84.42,84.42,612634
2018-12-07,84.46,84.85,82.835,82.91,82.91,601192
2018-12-10,82.67,83.01,81.34,82.74,82.74,502155
2018-12-11,83.6,83.72,82.22,82.65,82.65,268319
2018-12-12,83.8,84.37,83.48,83.54,83.54,90306
2018-12-13,83.75,83.92,83.19,83.37,83.37,77878
2018-12-14,82.54,82.84,81.92,81.94,81.94,120685
2018-12-17,81.86,82.0441,80.28,80.66,80.66,186968
2018-12-18,80.59,80.69,79.47,79.99,79.99,173583
2018-12-19,80.17,81.07,78.55,79.09,79.09,301066
2018-12-20,78.66,79.13,77.35,77.94,77.94,446380
2018-12-21,77.8,78.63,76.4,76.52,76.52,158673
2018-12-24,76.25,76.51,74.98,75.04,75.04,81712
2018-12-26,75.47,77.69,74.72,77.5,77.5,539573
2018-12-27,76.77,78.46,76.13,78.27,78.27,1226919
2018-12-28,78.83,79.34,78.03,78.33,78.33,304514
2018-12-31,79.1,79.1,78.39,78.87,78.87,279940
2019-01-02,77.88,79.1,77.77,78.88,78.88,148804
2019-01-03,78.53,78.53,77.41,77.56,77.56,183524
2019-01-04,78.74,80.06,78.67,79.92,79.92,135251
2019-01-07,80.1,80.7529,79.81,80.29,80.29,166309
2019-01-08,81.22,81.2699,80.4,81.08,81.08,86658
2019-01-09,81.63,81.9325,81.285,81.64,81.64,113157
2019-01-10,81.3,82.02,81.18,82.01,82.01,114934
2019-01-11,81.49,81.8576,81.4522,81.77,81.77,75035
2019-01-14,81.16,81.6639,81.16,81.47,81.47,1086068
2019-01-15,81.52,82.22,81.52,82.21,82.21,140645
2019-01-16,82.16,82.59,82.16,82.29,82.29,82858
2019-01-17,82.06,83.06,82.05,82.88,82.88,73482
2019-01-18,83.59,83.94,83.293,83.79,83.79,66303
2019-01-22,83.26,83.26,82.25,82.64,82.64,173458
2019-01-23,83.08,83.28,82.34,82.83,82.83,117508
2019-01-24,82.85,83.1,82.62,82.99,82.99,86234
2019-01-25,83.64,84.86,83.58,83.84,83.84,115723
2019-01-28,83.15,83.312,82.78,83.22,83.22,466939
2019-01-29,83.54,83.66,83.16,83.36,83.36,433941
2019-01-30,83.87,84.69,83.49,84.39,84.39,165573
2019-01-31,84.46,85.05,84.38,84.96,84.96,457319
2019-02-01,84.91,85.19,84.74,84.93,84.93,175745
2019-02-04,84.97,85.44,84.74,85.44,85.44,253930
2019-02-05,85.75,85.9751,85.62,85.91,85.91,43096
2019-02-06,85.73,85.93,85.5401,85.68,85.68,37192
2019-02-07,85.17,85.5,84.33,84.8,84.8,52413
2019-02-08,84.39,84.72,84.0301,84.72,84.72,81276
2019-02-11,84.78,84.95,84.59,84.71,84.71,44396
2019-02-12,85.4,85.88,85.4,85.79,85.79,23905
2019-02-13,86.0,86.28,85.8901,85.99,85.99,37551
2019-02-14,85.78,86.18,85.57,85.87,85.87,63447
2019-02-15,86.57,86.94,86.55,86.94,86.94,35588
2019-02-19,86.7,87.36,86.7,87.15,87.15,55796
2019-02-20,87.28,87.55,87.16,87.4,87.4,88363
2019-02-21,87.33,87.33,86.9,87.14,87.14,35802
2019-02-22,87.31,87.7,87.31,87.63,87.63,71134
2019-02-25,88.2,88.24,87.79,87.82,87.82,54735
2019-02-26,87.79,88.26,87.7,87.92,87.92,55621
2019-02-27,87.73,87.9,87.5246,87.7,87.7,30874
2019-02-28,87.6,87.82,87.49,87.49,87.49,14671
2019-03-01,88.13,88.15,87.64,88.07,88.07,27389
2019-03-04,88.34,88.39,87.15,87.69,87.69,61851
2019-03-05,87.69,87.845,87.54,87.69,87.69,22040
2019-03-06,87.8,87.8,87.21,87.23,87.23,13056
2019-03-07,87.11,87.12,86.19,86.37,86.37,126648
2019-03-08,85.72,86.25,85.63,86.24,86.24,62250
2019-03-11,86.52,87.37,86.52,87.37,87.37,27761
2019-03-12,87.36,87.6772,87.36,87.54,87.54,11127
2019-03-13,87.91,88.35,87.8583,88.24,88.24,110962
2019-03-14,88.14,88.25,87.995,88.08,88.08,33366
2019-03-15,88.48,88.89,88.39,88.75,88.75,73337
2019-03-18,88.85,89.11,88.77,89.1,89.1,124235
2019-03-19,89.46,89.62,88.9,89.13,89.13,99527
2019-03-20,88.99,89.4699,88.6,88.95,88.95,45055
2019-03-21,88.61,89.6081,88.61,89.58,89.58,18192
2019-03-22,88.96,89.1,87.82,87.83,87.83,51155
2019-03-25,87.83,88.095,87.43,87.84,87.84,34091
2019-03-26,88.41,88.765,88.09,88.43,88.43,32473
2019-03-27,88.47,88.99,87.66,88.12,88.12,42004
2019-03-28,88.17,88.4723,87.93,88.31,88.31,61697
2019-03-29,88.81,88.82,88.49,88.79,88.79,22706
2019-04-01,89.65,89.89,89.44,89.82,89.82,260963
2019-04-02,89.83,89.94,89.58,89.85,89.85,98792
2019-04-03,90.4,90.57,90.04,90.2,90.2,48760
2019-04-04,90.23,90.34,90.0343,90.28,90.28,37499
2019-04-05,90.47,90.64,90.39,90.62,90.62,37904
2019-04-08,90.62,90.72,90.36,90.72,90.72,91748
2019-04-09,90.36,90.4452,90.12,90.2,90.2,17295
2019-04-10,90.41,90.54,90.22,90.52,90.52,78418
2019-04-11,90.65,90.65,90.325,90.48,90.48,23919
2019-04-12,91.1,91.14,90.91,91.07,91.07,14348
2019-04-15,91.08,91.15,90.88,91.05,91.05,33998
2019-04-16,91.44,91.44,91.07,91.12,91.12,32305
2019-04-17,91.59,91.59,91.01,91.07,91.07,28717
2019-04-18,91.27,91.27,90.86,91.21,91.21,18356
2019-04-22,90.94,91.22,90.94,91.22,91.22,18575
2019-04-23,91.22,91.82,91.16,91.7,91.7,77749
2019-04-24,91.61,91.61,91.29,91.38,91.38,31938
2019-04-25,91.25,91.44,90.94,91.31,91.31,31522
2019-04-26,91.29,91.73,91.16,91.73,91.73,17931
2019-04-29,91.76,92.02,91.7,91.88,91.88,12368
2019-04-30,91.72,92.1,91.57,92.09,92.09,191935
2019-05-01,92.23,92.25,91.31,91.31,91.31,77370
2019-05-02,91.4,91.55,90.7941,91.16,91.16,63682
2019-05-03,91.56,92.13,91.56,92.13,92.13,37339
2019-05-06,90.36,91.5608,90.24,91.54,91.54,35940
2019-05-07,90.7,90.78,89.46,89.99,89.99,194407
2019-05-08,89.81,90.35,89.75,89.96,89.96,72969
2019-05-09,89.04,89.7,88.6961,89.56,89.56,35753
2019-05-10,89.31,90.0392,88.59,89.9495,89.9495,63003
2019-05-13,88.38,88.54,87.79,87.93,87.93,45607
2019-05-14,88.38,89.16,88.33,88.71,88.71,31188
2019-05-15,88.21,89.378,88.19,89.25,89.25,36168
2019-05-16,89.39,90.38,89.37,89.96,89.96,22183
2019-05-17,89.25,90.04,89.25,89.5037,89.5037,16910
2019-05-20,88.85,89.25,88.67,88.87,88.87,26979
2019-05-21,89.44,89.66,89.29,89.59,89.59,22858
2019-05-22,89.31,89.56,89.23,89.33,89.33,19438
2019-05-23,88.53,88.53,87.9661,88.29,88.29,20007
2019-05-24,89.01,89.05,88.4994,88.77,88.77,32495
2019-05-28,88.95,89.07,88.01,88.01,88.01,96280
2019-05-29,87.46,87.56,86.97,87.35,87.35,31920
2019-05-30,87.62,87.81,87.25,87.63,87.63,44613
2019-05-31,86.67,86.91,86.4,86.76,86.76,25530
2019-06-03,86.75,87.05,86.31,86.54,86.54,124261
2019-06-04,87.38,88.27,87.38,88.27,88.27,57312
2019-06-05,88.68,88.72,88.2,88.72,88.72,22080
2019-06-06,88.82,89.2897,88.77,89.1,89.1,48244
2019-06-07,89.76,90.54,89.76,90.22,90.22,39069
2019-06-10,90.64,90.9602,90.55,90.68,90.68,17910
2019-06-11,91.16,91.2916,90.49,90.55,90.55,156867
2019-06-12,90.5,90.5,90.16,90.36,90.36,7550
2019-06-13,90.49,90.97,90.23,90.51,90.51,87002
2019-06-14,90.19,90.32,90.12,90.25,90.25,14456
2019-06-17,89.18,89.3,88.98,89.0,89.0,39295
2019-06-18,89.75,90.26,89.56,90.02,90.02,60859
2019-06-19,90.12,90.52,89.93,90.42,90.42,19741
2019-06-20,91.48,91.48,90.9,91.27,91.27,12741
2019-06-21,91.13,91.35,90.975,91.0,91.0,25874
2019-06-24,91.14,91.23,91.0,91.03,91.03,8220
2019-06-25,91.16,91.28,90.225,90.28,90.28,47750
2019-06-26,90.69,90.69,90.2,90.28,90.28,32784
2019-06-27,90.44,90.68,90.4241,90.53,90.53,22594
2019-06-28,90.95,91.0173,90.805,91.0173,91.0173,37962
2019-07-01,92.1,92.1,91.4,91.65,91.65,77819
2019-07-02,91.84,92.05,91.62,91.94,91.94,89021
2019-07-03,92.22,92.64,92.22,92.58,92.58,10272
2019-07-05,92.19,92.35,91.75,92.35,92.35,12090
2019-07-08,91.99,92.27,91.79,91.9,91.9,23644
2019-07-09,91.29,91.87,91.29,91.8,91.8,23094
2019-07-10,92.15,92.57,92.02,92.25,92.25,30384
2019-07-11,92.39,92.65,92.17,92.46,92.46,229298
2019-07-12,92.45,92.77,92.4,92.73,92.73,49982
2019-07-15,92.82,92.82,92.59,92.68,92.68,79983
2019-07-16,92.72,92.75,92.4,92.4,92.4,4739
2019-07-17,92.58,92.58,92.035,92.07,92.07,26420
2019-07-18,91.89,92.4,91.695,92.24,92.24,30789
2019-07-19,92.61,92.61,91.87,91.87,91.87,14986
2019-07-22,92.09,92.2,91.93,92.14,92.14,17203
2019-07-23,92.58,92.73,92.19,92.73,92.73,14435
2019-07-24,92.5,93.08,92.5,93.05,93.05,10098
2019-07-25,92.83,92.9,92.2732,92.35,92.35,26478
2019-07-26,92.71,93.15,92.66,93.05,93.05,30981
2019-07-29,93.05,93.13,92.7223,92.945,92.945,27703
2019-07-30,92.23,92.56,92.16,92.35,92.35,61110
2019-07-31,92.53,92.54,90.97,91.86,91.86,46174
2019-08-01,91.71,92.54,90.7,90.84,90.84,35744
2019-08-02,90.7,90.71,89.81,90.12,90.12,26643
2019-08-05,89.01,89.01,87.3,87.81,87.81,61264
2019-08-06,88.35,88.89,87.8,88.58,88.58,79835
2019-08-07,87.93,89.2021,87.19,89.07,89.07,50725
2019-08-08,89.37,90.37,89.15,90.32,90.32,57262
2019-08-09,90.08,90.155,89.211,89.83,89.83,24593
2019-08-12,89.25,89.62,88.63,88.69,88.69,22579
2019-08-13,88.69,90.37,88.5,89.91,89.91,24184
2019-08-14,88.18,88.41,87.23,87.4,87.4,127553
2019-08-15,87.54,87.6,86.986,87.6,87.6,15045
2019-08-16,88.12,88.81,88.0472,88.5,88.5,27908
2019-08-19,89.46,89.65,89.34,89.4,89.4,10005
2019-08-20,89.3,89.36,88.9111,88.9111,88.9111,7009
2019-08-21,89.78,89.78,89.45,89.71,89.71,27605
2019-08-22,89.75,89.9175,89.205,89.44,89.44,44919
2019-08-23,89.23,89.61,87.29,87.52,87.52,42298
2019-08-26,88.29,88.51,87.9981,88.44,88.44,27243
2019-08-27,88.81,88.97,88.01,88.24,88.24,169831
2019-08-28,87.89,88.6319,87.89,88.58,88.58,13464
2019-08-29,89.61,89.7222,89.14,89.62,89.62,31950
2019-08-30,90.03,90.06,89.51,89.84,89.84,10053
2019-09-03,89.2,89.38,88.96,89.29,89.29,18222
2019-09-04,90.03,90.3879,90.03,90.35,90.35,17495
2019-09-05,91.2,91.73,91.2,91.37,91.37,13251
2019-09-06,91.57,91.79,91.4738,91.52,91.52,31412
2019-09-09,91.85,91.85,91.4201,91.55,91.55,9992
2019-09-10,91.27,91.78,91.1,91.78,91.78,51190
2019-09-11,91.68,92.1,91.65,92.08,92.08,220185
2019-09-12,92.45,92.7653,92.29,92.57,92.57,17786
2019-09-13,92.8,92.89,92.55,92.55,92.55,41640
2019-09-16,92.2,92.42,92.11,92.29,92.29,22393
2019-09-17,92.17,92.61,92.14,92.6,92.6,11490
2019-09-18,92.25,92.69,91.89,92.66,92.66,71236
2019-09-19,92.78,93.15,92.69,92.77,92.77,28214
2019-09-20,92.72,93.04,92.37,92.38,92.38,169955
2019-09-23,92.12,92.47,92.07,92.22,92.22,78404
2019-09-24,92.55,92.7584,91.588,91.67,91.67,100281
2019-09-25,91.64,92.06,91.08,91.93,91.93,28158
2019-09-26,92.16,92.16,91.7,91.98,91.98,18706
2019-09-27,92.07,92.11,91.2,91.58,91.58,18967
2019-09-30,91.66,92.0188,91.57,91.78,91.78,38099
2019-10-01,91.98,92.1,90.77,90.82,90.82,99120
2019-10-02,90.12,90.12,88.7407,89.02,89.02,17880
2019-10-03,89.18,89.9,88.57,89.9,89.9,61896
2019-10-04,90.21,90.94,90.0718,90.79,90.79,40216
2019-10-07,90.7,91.055,90.5477,90.74,90.74,13884
2019-10-08,89.85,89.98,89.42,89.44,89.44,21413
2019-10-09,90.07,90.35,89.85,89.98,89.98,20060
2019-10-10,90.0,91.0199,89.8401,90.77,90.77,20646
2019-10-11,91.76,92.49,91.44,91.95,91.95,480608
2019-10-14,91.58,92.0469,91.58,91.79,91.79,38050
2019-10-15,92.19,92.95,92.01,92.71,92.71,334344
2019-10-16,92.67,92.91,92.46,92.51,92.51,95147
2019-10-17,93.18,93.18,92.7613,93.06,93.06,69913
2019-10-18,92.81,92.85,92.3249,92.65,92.65,15710
2019-10-21,93.2,93.24,93.0,93.2001,93.2001,38602
2019-10-22,93.5,93.5,92.79,92.79,92.79,15773
2019-10-23,92.95,93.32,92.71,93.24,93.24,28817
2019-10-24,93.5,93.57,93.16,93.49,93.49,27755
2019-10-25,93.3,93.79,93.21,93.7181,93.7181,12317
2019-10-28,94.11,94.3048,94.07,94.1,94.1,22500
2019-10-29,94.04,94.39,94.03,94.21,94.21,56639
2019-10-30,94.35,94.56,93.88,94.56,94.56,31250
2019-10-31,94.48,94.5,93.74,94.12,94.12,38732
2019-11-01,94.86,95.11,94.71,95.11,95.11,74564
2019-11-04,95.77,95.77,95.4,95.42,95.42,140507
2019-11-05,95.44,95.66,95.24,95.45,95.45,68255
2019-11-06,95.45,95.529,95.19,95.48,95.48,287733
2019-11-07,95.82,96.06,95.62,95.66,95.66,60113
2019-11-08,95.63,95.81,95.425,95.76,95.76,31657
2019-11-11,95.6,95.83,95.36,95.7,95.7,31413
2019-11-12,95.84,96.06,95.49,95.85,95.85,31606
2019-11-13,95.47,95.84,95.18,95.8,95.8,47703
2019-11-14,95.6,95.6983,95.4718,95.67,95.67,41612
2019-11-15,96.2,96.48,96.03,96.48,96.48,46591
2019-11-18,96.36,96.58,96.14,96.39,96.39,77660
2019-11-19,96.75,96.75,96.26,96.47,96.47,49648
2019-11-20,96.19,96.26,95.5766,96.01,96.01,35616
2019-11-21,96.06,96.06,95.59,95.77,95.77,42148
2019-11-22,96.06,96.1137,95.82,95.97,95.97,36220
2019-11-25,96.28,96.81,96.28,96.73,96.73,53059
2019-11-26,96.86,96.97,96.65,96.81,96.81,214888
2019-11-27,97.11,97.35,97.008,97.35,97.35,57945
2019-11-29,96.94,97.1,96.76,96.76,96.76,34277
2019-12-02,96.88,96.98,95.8152,96.15,96.15,200677
2019-12-03,95.29,95.61,94.9,95.61,95.61,156686
2019-12-04,95.993,96.3546,95.9,96.26,96.26,198582
2019-12-05,96.46,96.46,96.01,96.38,96.38,79267
2019-12-06,97.09,97.27,97.0,97.1,97.1,134338
2019-12-09,97.03,97.23,96.75,96.75,96.75,90409
2019-12-10,96.85,96.95,96.45,96.71,96.71,121855
2019-12-11,96.77,97.18,96.77,97.15,97.15,98345
2019-12-12,97.02,97.9969,97.0,97.75,97.75,80648
2019-12-13,98.07,98.5,97.7651,98.19,98.19,102593
2019-12-16,98.03,98.2,97.91,98.06,98.06,108306
2019-12-17,98.01,98.01,97.76,97.77,97.77,61221
2019-12-18,97.93,97.96,97.71,97.71,97.71,50929
2019-12-19,97.71,98.09,97.71,98.04,98.04,651851
2019-12-20,98.47,98.64,98.28,98.51,98.51,107140
2019-12-23,98.68,98.68,98.36,98.48,98.48,127008
2019-12-24,98.73,98.77,98.25,98.53,98.53,28874
2019-12-26,98.77,98.9,98.63,98.9,98.9,53032
2019-12-27,99.29,99.31,98.905,99.07,99.07,47555
2019-12-30,99.08,99.08,98.33,98.33,98.33,180084
2019-12-31,98.41,98.8,98.205,98.78,98.78,63567
2020-01-02,99.08,99.57,99.08,99.53,99.53,126486
2020-01-03,98.39,99.1455,98.39,98.69,98.69,50162
2020-01-06,98.32,99.25,98.32,99.25,99.25,175569
2020-01-07,99.02,99.16,98.79,98.99,98.99,123928
2020-01-08,99.02,99.6656,98.94,99.27,99.27,38472
2020-01-09,99.77,99.89,99.54,99.84,99.84,200286
2020-01-10,99.96,99.96,99.36,99.44,99.44,75498
2020-01-13,99.72,100.08,99.5427,100.08,100.08,90181
2020-01-14,99.91,100.29,99.81,99.88,99.88,262892
2020-01-15,99.98,100.3,99.88,100.02,100.02,31643
2020-01-16,100.56,100.82,100.3559,100.82,100.82,62438
2020-01-17,101.11,101.16,100.78,101.16,101.16,28436
2020-01-21,100.83,100.94,100.56,100.63,100.63,108491
2020-01-22,101.0,101.1,100.68,100.81,100.81,41646
2020-01-23,100.45,100.7615,100.1538,100.73,100.73,22254
2020-01-24,101.07,101.07,99.68,100.06,100.06,52620
2020-01-27,97.94,98.71,97.67,98.35,98.35,339768
2020-01-28,98.7,99.5116,98.6,99.26,99.26,47278
2020-01-29,99.51,99.72,99.12,99.29,99.29,23534
2020-01-30,98.57,99.45,98.3809,99.44,99.44,154062
2020-01-31,98.94,98.94,97.58,97.73,97.73,253545
2020-02-03,98.08,98.83,98.08,98.26,98.26,420228
2020-02-04,99.69,100.21,99.52,100.01,100.01,130463
2020-02-05,100.86,101.08,100.5,100.94,100.94,234196
2020-02-06,101.24,101.41,101.05,101.3,101.3,37970
2020-02-07,100.94,101.05,100.56,100.63,100.63,82026
2020-02-10,100.62,101.23,100.48,101.14,101.14,47845
2020-02-11,101.81,102.0,101.5149,101.61,101.61,21581
2020-02-12,102.13,102.19,101.93,102.12,102.12,14729
2020-02-13,101.53,102.14,101.53,101.79,101.79,25956
2020-02-14,102.05,102.05,101.64,101.92,101.92,77941
2020-02-18,101.72,101.92,101.29,101.63,101.63,195844
2020-02-19,102.07,102.2778,101.87,102.03,102.03,123855
2020-02-20,101.91,102.1,100.85,101.6,101.6,54452
2020-02-21,101.28,101.2999,100.61,100.89,100.89,38968
2020-02-24,97.45,98.21,96.81,97.39,97.39,241016
2020-02-25,97.74,97.83,94.53,94.78,94.78,58582
2020-02-26,95.27,96.2,94.3551,94.5,94.5,355522
2020-02-27,92.69,93.84,90.93,90.97,90.97,1234462
2020-02-28,88.35,90.28,87.68,89.67,89.67,805349
2020-03-02,90.68,93.25,89.72,93.23,93.23,499326
2020-03-03,93.81,95.15,90.62,91.13,91.13,199703
2020-03-04,93.17,94.73,92.49,94.6,94.6,190634
2020-03-05,92.45,93.24,91.19,91.73,91.73,64021
2020-03-06,89.56,90.46,88.5,90.3,90.3,159433
2020-03-09,84.15,85.81,82.69,82.82,82.82,194844
2020-03-10,86.29,86.7198,82.8281,86.55,86.55,216835
2020-03-11,84.49,84.89,81.42,82.24,82.24,182198
2020-03-12,76.94,78.0,73.62,73.66,73.66,813513
2020-03-13,78.94,79.63,74.14,79.63,79.63,430887
2020-03-16,70.13,75.11,70.13,70.57,70.57,283960
2020-03-17,72.34,75.0099,70.27,74.57,74.57,364004
2020-03-18,70.1,72.06,67.58,70.42,70.42,256984
2020-03-19,70.33,72.6,68.65,70.95,70.95,258372
2020-03-20,72.17,72.91,68.61,68.63,68.63,242091
2020-03-23,69.21,69.21,66.38,67.39,67.39,1064753
2020-03-24,71.13,73.53,70.86,73.52,73.52,611691
2020-03-25,73.74,77.19,72.7,74.84,74.84,440890
2020-03-26,75.66,79.3,75.66,79.02,79.02,320668
2020-03-27,76.29,78.315,75.91,76.62,76.62,371424
2020-03-30,77.01,78.85,76.52,78.63,78.63,302639
2020-03-31,78.09,79.19,77.42,77.93,77.93,326548
2020-04-01,75.57,75.91,73.925,74.4,74.4,359623
2020-04-02,74.43,76.18,74.1,75.93,75.93,245122
2020-04-03,75.54,76.01,73.9447,74.77,74.77,763281
2020-04-06,77.57,79.78,77.37,79.49,79.49,430682
2020-04-07,82.19,82.235,79.63,79.63,79.63,102974
2020-04-08,80.27,81.9,79.76,81.53,81.53,51168
2020-04-09,82.93,83.77,82.35,83.02,83.02,367292
2020-04-13,82.66,83.17,81.46,82.32,82.32,67694
2020-04-14,83.86,84.75,83.54,84.39,84.39,248503
2020-04-15,82.72,82.89,82.02,82.48,82.48,35316
2020-04-16,82.85,82.89,81.83,82.7,82.7,180163
2020-04-17,84.76,85.14,83.82,84.87,84.87,385084
2020-04-20,83.7,84.96,83.57,83.66,83.66,135547
2020-04-21,82.06,82.62,81.04,81.36,81.36,85053
2020-04-22,82.83,83.43,82.46,82.97,82.97,35448
2020-04-23,83.42,84.37,82.82,82.93,82.93,59039
2020-04-24,83.32,84.05,82.78,83.85,83.85,355934
2020-04-27,84.44,85.46,84.39,85.11,85.11,302905
2020-04-28,86.44,86.68,85.11,85.16,85.16,46355
2020-04-29,87.0,88.09,86.73,87.41,87.41,97468
2020-04-30,86.63,86.8665,85.905,86.36,86.36,400816
2020-05-01,84.61,84.99,83.76,84.13,84.13,344703
2020-05-04,83.51,84.36,83.255,84.3,84.3,329353
2020-05-05,85.19,85.71,84.76,84.76,84.76,532631
2020-05-06,85.29,85.57,84.2,84.2,84.2,333175
2020-05-07,85.24,85.93,85.22,85.31,85.31,125596
2020-05-08,86.52,87.035,86.18,87.01,87.01,386086
2020-05-11,86.41,87.3817,86.26,87.06,87.06,246498
2020-05-12,87.33,87.4,85.43,85.43,85.43,82504
2020-05-13,85.5,85.585,83.52,84.1,84.1,93899
2020-05-14,83.09,84.5,82.26,84.5,84.5,63047
2020-05-15,84.04,84.87,83.76,84.87,84.87,24203
2020-05-18,86.74,88.04,86.74,87.61,87.61,101173
2020-05-19,87.4,87.73,86.61,86.67,86.67,130908
2020-05-20,87.95,88.56,87.91,88.26,88.26,162216
2020-05-21,88.1,88.33,87.24,87.44,87.44,107395
2020-05-22,87.27,87.51,86.88,87.46,87.46,78825
2020-05-26,89.7,89.71,88.96,89.09,89.09,37433
2020-05-27,90.1,90.38,88.77,90.38,90.38,29136
2020-05-28,90.81,91.68,90.36,90.55,90.55,109563
2020-05-29,90.45,90.79,89.5,90.7,90.7,25995
2020-06-01,90.82,91.7,90.71,91.66,91.66,57731
2020-06-02,92.01,92.48,91.74,92.48,92.48,62527
2020-06-03,93.25,94.21,93.2091,93.95,93.95,27605
2020-06-04,93.57,94.14,93.2,93.59,93.59,17167
2020-06-05,95.45,96.16,95.43,95.73,95.73,67802
2020-06-08,96.14,96.96,95.79,96.9,96.9,110380
2020-06-09,95.75,96.37,95.58,96.0,96.0,58755
2020-06-10,96.17,96.45,95.46,95.65,95.65,112205
2020-06-11,93.41,93.46,90.14,90.22,90.22,121963
2020-06-12,92.69,92.78,89.94,91.53,91.53,146380
2020-06-15,88.79,91.49,88.5,91.34,91.34,215427
2020-06-16,93.75,93.75,91.64,92.86,92.86,73313
2020-06-17,93.34,93.48,92.6639,92.77,92.77,60293
2020-06-18,92.25,92.74,92.16,92.7,92.7,47957
2020-06-19,93.79,93.79,91.93,92.23,92.23,33759
2020-06-22,92.34,93.04,91.9,92.99,92.99,115809
2020-06-23,93.88,94.03,93.33,93.4,93.4,51558
2020-06-24,92.66,92.79,90.57,90.99,90.99,28797
2020-06-25,90.84,92.21,90.4,92.14,92.14,77734
2020-06-26,91.8,91.82,90.08,90.16,90.16,43544
2020-06-29,90.68,91.28,90.16,91.25,91.25,252394
2020-06-30,91.05,92.4399,91.04,92.14,92.14,104433
2020-07-01,92.29,92.94,92.26,92.66,92.66,54382
2020-07-02,93.83,94.32,93.21,93.36,93.36,82764
2020-07-06,94.75,95.02,94.44,94.8,94.8,42537
2020-07-07,94.3,94.84,93.74,93.81,93.81,77735
2020-07-08,94.0,94.62,93.86,94.61,94.61,192501
2020-07-09,94.63,94.65,93.01,93.98,93.98,53453
2020-07-10,94.08,94.97,93.75,94.93,94.93,21291
2020-07-13,95.51,96.21,94.04,94.08,94.08,125052
2020-07-14,93.84,95.45,93.65,95.38,95.38,192694
2020-07-15,96.61,96.77,95.75,96.38,96.38,62831
2020-07-16,95.68,96.11,95.6114,95.94,95.94,222746
2020-07-17,96.21,96.37,95.72,96.25,96.25,224317
2020-07-20,96.24,97.18,96.06,97.0,97.0,34645
2020-07-21,97.65,97.76,97.01,97.19,97.19,43673
2020-07-22,97.08,97.7177,97.08,97.66,97.66,37300
2020-07-23,97.52,97.71,96.29,96.56,96.56,18258
2020-07-24,95.89,96.2,95.5929,95.96,95.96,66843
2020-07-27,96.43,96.95,96.42,96.88,96.88,14747
2020-07-28,96.6118,96.98,96.25,96.25,96.25,24509
2020-07-29,96.68,97.57,96.6,97.37,97.37,20350
2020-07-30,96.0,96.9,95.45,96.79,96.79,471808
2020-07-31,97.06,97.06,95.49,96.65,96.65,180004
2020-08-03,97.37,97.84,97.19,97.69,97.69,9877
2020-08-04,97.45,98.15,97.45,98.15,98.15,14546
2020-08-05,98.75,99.0,98.55,98.75,98.75,30604
2020-08-06,98.56,99.22,98.445,99.16,99.16,14316
2020-08-07,98.67,98.93,98.32,98.85,98.85,76266
2020-08-10,99.15,99.388,98.73,99.14,99.14,24499
2020-08-11,100.0,100.04,98.68,98.73,98.73,22918
2020-08-12,99.97,100.62,99.93,100.34,100.34,110784
2020-08-13,100.24,100.59,100.0,100.24,100.24,28831
2020-08-14,99.95,100.13,99.67,99.97,99.97,31194
2020-08-17,100.41,100.66,100.38,100.64,100.64,224196
2020-08-18,100.94,100.98,100.335,100.77,100.77,90863
2020-08-19,100.99,101.12,100.28,100.31,100.31,54936
2020-08-20,99.75,100.63,99.4901,100.52,100.52,10125
2020-08-21,100.06,100.61,99.98,100.59,100.59,27219
2020-08-24,101.58,101.59,101.15,101.59,101.59,33823
2020-08-25,101.97,101.97,101.36,101.91,101.91,52797
2020-08-26,102.11,102.93,101.99,102.84,102.84,27459
2020-08-27,102.98,103.15,102.235,102.71,102.71,215590
2020-08-28,103.2,103.4,102.812,103.32,103.32,20534
2020-08-31,103.27,103.9427,102.9,102.96,102.96,62554
2020-09-01,103.31,103.84,102.87,103.84,103.84,59611
2020-09-02,104.44,105.13,103.945,105.04,105.04,42877
2020-09-03,104.58,104.6899,101.12,101.84,101.84,81747
2020-09-04,101.94,102.1,99.12,101.15,101.15,64237
2020-09-08,99.36,99.83,98.68,98.8,98.8,55965
2020-09-09,100.07,101.34,99.97,100.61,100.61,190855
2020-09-10,101.26,101.5,99.03,99.13,99.13,37853
2020-09-11,99.81,100.06,98.66,99.39,99.39,427909
2020-09-14,100.51,101.14,100.27,100.71,100.71,279017
2020-09-15,101.67,101.75,100.98,101.31,101.31,22293
2020-09-16,101.74,102.0,100.89,100.98,100.98,18842
2020-09-17,99.78,100.64,99.51,100.37,100.37,16105
2020-09-18,100.51,100.51,98.93,99.51,99.51,24293
2020-09-21,97.64,97.88,96.32,97.85,97.85,84751
2020-09-22,98.22,98.67,97.42,98.51,98.51,41753
2020-09-23,98.74,98.79,96.43,96.55,96.55,107922
2020-09-24,96.3,97.5728,95.792,96.77,96.77,46880
2020-09-25,96.55,98.0603,96.165,97.96,97.96,601303
2020-09-28,99.28,99.72,99.04,99.54,99.54,159902
2020-09-29,99.57,99.7299,98.995,99.21,99.21,23321
2020-09-30,99.17,100.27,99.17,99.52,99.52,22905
2020-10-01,100.18,100.35,99.7,100.13,100.13,57338
2020-10-02,98.59,99.89,98.59,99.4,99.4,40494
2020-10-05,100.22,101.2,100.22,101.18,101.18,69714
2020-10-06,101.22,101.698,99.78,99.97,99.97,42060
2020-10-07,100.75,101.56,100.75,101.36,101.36,53781
2020-10-08,101.87,102.2,101.77,102.11,102.11,33385
2020-10-09,102.61,103.0001,102.53,102.9,102.9,28579
2020-10-12,103.59,104.517,103.55,104.2,104.2,19745
2020-10-13,103.85,103.885,103.31,103.57,103.57,25157
2020-10-14,103.71,103.995,102.87,102.93,102.93,19425
2020-10-15,101.44,102.585,101.44,102.5,102.5,17182
2020-10-16,102.96,103.44,102.61,102.62,102.62,116833
2020-10-19,103.01,103.265,101.2,101.39,101.39,100340
2020-10-20,101.9,102.6885,101.7675,101.85,101.85,20007
2020-10-21,101.78,102.37,101.42,101.44,101.44,76670
2020-10-22,101.51,102.02,100.8801,101.85,101.85,22499
2020-10-23,102.3,102.36,101.73,102.34,102.34,27606
2020-10-26,101.14,101.33,99.8049,100.46,100.46,65990
2020-10-27,100.49,100.6,99.94,99.96,99.96,72957
2020-10-28,98.17,98.2091,96.57,96.69,96.69,228662
2020-10-29,96.81,98.19,96.34,97.52,97.52,65986
2020-10-30,97.0,97.105,95.6357,96.53,96.53,214750
2020-11-02,97.6,98.09,96.84,97.66,97.66,66465
2020-11-03,99.07,100.11,98.8,99.75,99.75,97394
2020-11-04,100.84,102.7784,100.57,101.63,101.63,69395
2020-11-05,103.59,104.18,103.35,103.78,103.78,86859
2020-11-06,103.87,104.35,103.465,103.92,103.92,56867
2020-11-09,107.97,108.27,105.33,105.49,105.49,87989
2020-11-10,105.62,106.065,104.98,105.73,105.73,46095
2020-11-11,106.36,106.61,106.03,106.47,106.47,105990
2020-11-12,106.06,106.26,104.915,105.37,105.37,71553
2020-11-13,105.88,106.76,105.88,106.68,106.68,36618
2020-11-16,107.7,107.93,107.28,107.93,107.93,28859
2020-11-17,107.44,108.03,107.06,107.64,107.64,26846
2020-11-18,107.85,108.1,106.72,106.72,106.72,142711
2020-11-19,106.65,107.42,106.42,107.37,107.37,16809
2020-11-20,107.4,107.463,107.01,107.0602,107.0602,36698
2020-11-23,107.63,107.855,106.91,107.46,107.46,57736
2020-11-24,108.4,109.21,108.13,109.16,109.16,65843
2020-11-25,108.97,109.26,108.575,109.07,109.07,69516
2020-11-27,109.45,109.71,109.3349,109.56,109.56,97601
2020-11-30,109.37,109.545,108.35,108.94,108.94,986945
2020-12-01,109.94,110.44,109.81,110.12,110.12,161949
2020-12-02,109.64,110.259,109.47,110.23,110.23,33627
2020-12-03,110.43,110.84,110.23,110.32,110.32,60039
2020-12-04,110.74,111.42,110.74,111.42,111.42,125319
2020-12-07,111.03,111.265,110.73,111.01,111.01,160689
2020-12-08,110.69,111.48,110.55,111.37,111.37,167159
2020-12-09,111.83,112.03,110.33,110.68,110.68,60092
2020-12-10,110.08,111.0,109.91,110.78,110.78,67393
2020-12-11,110.34,110.63,109.845,110.47,110.47,747242
2020-12-14,110.7,110.8,109.65,109.67,109.67,92943
2020-12-15,110.32,110.97,110.05,110.86,110.86,100845
2020-12-16,111.25,111.39,110.79,111.12,111.12,113830
2020-12-17,111.85,112.0168,111.685,111.98,111.98,30010
2020-12-18,112.06,112.31,111.04,111.64,111.64,162283
2020-12-21,109.91,111.05,109.152,110.88,110.88,166217
2020-12-22,110.93,110.97,110.32,110.8,110.8,128127
2020-12-23,111.37,111.5666,111.13,111.13,111.13,44419
2020-12-24,111.23,111.44,111.0456,111.44,111.44,37609
2020-12-28,112.42,112.52,112.05,112.1,112.1,83148
2020-12-29,112.94,112.94,112.011,112.14,112.14,45628
2020-12-30,112.63,112.82,112.29,112.29,112.29,63477
2020-12-31,112.38,112.55,112.0,112.41,112.41,300196
2021-01-04,113.53,113.77,110.6187,111.63,111.63,187070
2021-01-05,111.51,112.71,111.51,112.49,112.49,120288
2021-01-06,112.12,114.1799,112.12,113.17,113.17,83600
2021-01-07,113.86,114.7099,113.86,114.47,114.47,28628
2021-01-08,115.15,115.31,114.0601,115.31,115.31,84388
2021-01-11,113.89,114.7786,113.87,114.25,114.25,92506
2021-01-12,114.22,114.74,113.77,114.57,114.57,61176
2021-01-13,114.47,114.9531,114.39,114.75,114.75,54981
2021-01-14,115.0,115.2135,114.59,114.66,114.66,81843
2021-01-15,113.96,114.11,112.98,113.55,113.55,139471
2021-01-19,114.38,114.73,113.96,114.47,114.47,123597
2021-01-20,115.04,115.9,114.93,115.82,115.82,51839
2021-01-21,115.98,116.1102,115.52,115.8,115.8,44118
2021-01-22,115.01,115.7,115.01,115.35,115.35,122728
2021-01-25,115.35,115.65,114.02,115.62,115.62,76720
2021-01-26,115.97,116.0,115.31,115.46,115.46,30677
2021-01-27,114.08,114.08,112.24,112.69,112.69,42404
2021-01-28,113.01,114.7,113.01,113.47,113.47,150465
2021-01-29,112.82,113.03,111.03,111.49,111.49,520961
2021-02-01,112.49,113.43,112.06,113.17,113.17,121881
2021-02-02,113.99,114.91,113.99,114.6,114.6,316412
2021-02-03,114.95,115.18,114.34,114.75,114.75,50146
2021-02-04,114.98,115.75,114.85,115.75,115.75,44776
2021-02-05,116.39,116.39,115.84,116.2,116.2,71444
2021-02-08,116.89,117.18,116.68,117.11,117.11,37375
2021-02-09,117.12,117.56,117.035,117.43,117.43,49850
2021-02-10,117.9,118.0289,117.0343,117.31,117.31,15536
2021-02-11,117.94,117.94,117.15,117.71,117.71,22615
2021-02-12,117.56,118.369,117.48,118.28,118.28,35732
2021-02-16,118.9,119.36,118.2745,118.56,118.56,67232
2021-02-17,118.0,118.36,117.48,118.36,118.36,45713
2021-02-18,117.6,117.89,116.8392,117.74,117.74,44990
2021-02-19,118.07,118.38,117.73,117.74,117.74,36504
2021-02-22,116.62,117.68,116.62,116.97,116.97,67326
2021-02-23,116.21,117.39,114.92,116.96,116.96,40478
2021-02-24,116.6,118.08,116.17,117.89,117.89,35411
2021-02-25,117.84,118.11,114.95,115.38,115.38,68177
2021-02-26,115.48,115.7,113.93,114.27,114.27,157371
2021-03-01,115.77,117.16,115.77,116.88,116.88,24226
2021-03-02,117.08,117.15,116.25,116.43,116.43,101004
2021-03-03,116.16,116.19,114.78,114.82,114.82,43723
2021-03-04,114.86,115.55,112.41,113.44,113.44,27702
2021-03-05,114.5,115.21,112.2,115.05,115.05,48775
2021-03-08,115.2,115.915,114.4,114.48,114.48,109681
2021-03-09,115.81,116.88,115.67,116.26,116.26,57571
2021-03-10,116.99,117.315,116.5,116.92,116.92,35826
2021-03-11,117.65,118.445,117.5,118.01,118.01,38361
2021-03-12,117.59,118.12,117.22,118.11,118.11,262424
2021-03-15,118.11,118.74,117.5753,118.63,118.63,32137
2021-03-16,119.0,119.13,118.35,118.79,118.79,459654
2021-03-17,118.17,119.36,117.795,119.21,119.21,49602
2021-03-18,118.39,118.9983,117.31,117.55,117.55,85195
2021-03-19,117.49,117.96,116.7,117.59,117.59,38266
2021-03-22,117.52,118.64,117.52,118.1,118.1,295335
2021-03-23,117.76,118.1,116.84,117.0,117.0,81566
2021-03-24,117.29,117.67,116.36,116.36,116.36,55562
2021-03-25,116.07,117.17,115.41,117.03,117.03,157762
2021-03-26,117.44,118.8,117.19,118.5,118.5,108764
2021-03-29,118.04,118.63,117.62,118.34,118.34,108169
2021-03-30,117.88,118.28,117.68,118.08,118.08,30972
2021-03-31,118.1,118.89,118.1,118.49,118.49,232349
2021-04-01,119.16,119.87,119.09,119.78,119.78,131940
2021-04-05,120.57,121.6,120.57,121.42,121.42,41286
2021-04-06,121.04,121.45,120.9,121.12,121.12,273832
2021-04-07,121.12,121.38,121.04,121.19,121.19,29949
2021-04-08,121.73,122.0999,121.57,122.03,122.03,105723
2021-04-09,121.95,122.74,121.94,122.56,122.56,206690
2021-04-12,122.47,122.57,122.11,122.48,122.48,150614
2021-04-13,122.58,123.19,122.52,123.11,123.11,46069
2021-04-14,123.09,123.367,122.57,122.69,122.69,130610
2021-04-15,123.58,124.03,123.46,124.01,124.01,146178
2021-04-16,124.49,124.66,124.0,124.44,124.44,80843
2021-04-19,124.36,124.44,123.63,123.93,123.93,40730
2021-04-20,123.32,123.46,122.32,122.71,122.71,51219
2021-04-21,122.52,123.88,122.33,123.77,123.77,105359
2021-04-22,123.8,124.22,122.78,122.92,122.92,198151
2021-04-23,123.26,124.61,123.26,124.22,124.22,25536
2021-04-26,124.47,124.665,124.32,124.46,124.46,32269
2021-04-27,124.42,124.56,124.01,124.37,124.37,84197
2021-04-28,124.44,124.84,124.28,124.45,124.45,48667
2021-04-29,125.31,125.5,123.91,124.85,124.85,554906
2021-04-30,124.18,124.35,123.46,123.61,123.61,172756
2021-05-03,124.56,124.85,124.2,124.26,124.26,82863
2021-05-04,123.4,123.49,122.14,123.06,123.06,210142
2021-05-05,123.97,124.05,123.52,123.55,123.55,12725
2021-05-06,123.77,124.51,123.26,124.51,124.51,44422
2021-05-07,124.84,125.79,124.84,125.73,125.73,56745
2021-05-10,125.89,125.89,124.54,124.61,124.61,46802
2021-05-11,122.73,123.53,122.24,123.312,123.312,135952
2021-05-12,122.42,122.915,120.75,120.84,120.84,75292
2021-05-13,121.13,122.575,121.13,122.19,122.19,150960
2021-05-14,122.96,124.21,122.96,124.15,124.15,42857
2021-05-17,123.69,123.875,123.16,123.71,123.71,249972
2021-05-18,124.16,124.28,123.32,123.33,123.33,67375
2021-05-19,121.75,122.66,121.2645,122.66,122.66,108555
2021-05-20,123.19,124.492,123.19,124.17,124.17,91685
2021-05-21,124.7,124.875,124.0213,124.18,124.18,33443
2021-05-24,124.69,125.51,124.69,125.3,125.3,13633
2021-05-25,125.68,125.75,124.97,125.06,125.06,193072
2021-05-26,125.24,125.36,124.93,125.24,125.24,19300
2021-05-27,125.61,125.69,125.34,125.35,125.35,62591
2021-05-28,125.76,126.05,125.58,125.6,125.6,201057
2021-06-01,126.43,126.55,125.66,125.73,125.73,25871
2021-06-02,125.96,126.188,125.72,125.95,125.95,107663
2021-06-03,125.26,125.6,124.99,125.43,125.43,33654
2021-06-04,126.15,126.67,126.14,126.58,126.58,209853
2021-06-07,126.77,126.83,126.44,126.79,126.79,31459
2021-06-08,127.05,127.05,126.36,126.8,126.8,54172
2021-06-09,126.98,126.99,126.535,126.58,126.58,22621
2021-06-10,125.96,126.35,125.56,126.08,126.08,31971
2021-06-11,126.28,126.44,125.94,126.44,126.44,43016
2021-06-14,126.45,126.71,126.17,126.66,126.66,37608
2021-06-15,126.82,126.93,126.16,126.41,126.41,244754
2021-06-16,126.57,126.61,125.165,125.74,125.74,38253
2021-06-17,125.34,125.74,124.77,125.53,125.53,94420
2021-06-18,124.18,124.26,123.59,123.61,123.61,120130
2021-06-21,124.23,125.32,123.96,125.28,125.28,60530
2021-06-22,125.16,125.99,124.98,125.74,125.74,81304
2021-06-23,125.83,125.94,125.42,125.42,125.42,37972
2021-06-24,126.32,126.44,126.21,126.42,126.42,47925
2021-06-25,126.68,126.81,126.53,126.75,126.75,20438
2021-06-28,126.75,126.77,126.33,126.68,126.68,595875
2021-06-29,126.93,126.95,126.58,126.78,126.78,57163
2021-06-30,126.45,126.6,126.3,126.57,126.57,82905
2021-07-01,126.75,127.07,126.51,127.06,127.06,281472
2021-07-02,127.29,127.85,127.16,127.84,127.84,28557
2021-07-06,127.91,127.91,126.7,127.48,127.48,105231
2021-07-07,127.83,127.95,127.22,127.95,127.95,74805
2021-07-08,126.0,126.81,125.87,126.52,126.52,170864
2021-07-09,127.45,128.29,127.36,128.22,128.22,89303
2021-07-12,128.3,128.78,128.19,128.77,128.77,45790
2021-07-13,128.48,128.79,128.1,128.1,128.1,32440
2021-07-14,128.83,128.93,128.11,128.4,128.4,198487
2021-07-15,127.6,128.03,127.2,127.7,127.7,67960
2021-07-16,128.01,128.01,126.715,126.77,126.77,38473
2021-07-19,125.25,125.25,124.12,124.82,124.82,221686
2021-07-20,125.03,126.75,124.7,126.41,126.41,139103
2021-07-21,127.03,127.79,126.91,127.79,127.79,65571
2021-07-22,127.96,128.025,127.48,127.99,127.99,164807
2021-07-23,128.75,129.27,128.53,129.19,129.19,35329
2021-07-26,129.06,129.36,129.01,129.27,129.27,169598
2021-07-27,129.05,129.05,127.985,128.82,128.82,101231
2021-07-28,129.02,129.28,128.62,129.05,129.05,134986
2021-07-29,129.57,130.0,129.57,129.72,129.72,101332
2021-07-30,129.0,129.48,128.77,128.83,128.83,38229
2021-08-02,129.67,129.76,128.85,129.03,129.03,83928
2021-08-03,129.35,129.938,128.665,129.88,129.88,82175
2021-08-04,129.69,129.87,129.44,129.47,129.47,51816
2021-08-05,129.85,130.28,129.845,130.26,130.26,99832
2021-08-06,130.29,130.38,129.935,130.05,130.05,117796
2021-08-09,130.26,130.26,129.8299,130.07,130.07,37608
2021-08-10,130.21,130.35,130.02,130.22,130.22,22548
2021-08-11,130.8,130.89,130.334,130.69,130.69,178419
2021-08-12,130.68,131.0,130.34,130.96,130.96,68761
2021-08-13,131.29,131.39,131.07,131.36,131.36,176132
2021-08-16,130.84,131.34,130.31,131.32,131.32,37032
2021-08-17,130.4,130.57,129.52,130.32,130.32,199039
2021-08-18,130.1,130.42,129.16,129.25,129.25,72121
2021-08-19,128.07,129.16,127.93,128.77,128.77,77808
2021-08-20,128.78,129.72,128.76,129.7,129.7,90401
2021-08-23,130.35,131.105,130.35,130.93,130.93,164961
2021-08-24,131.11,131.42,130.965,131.19,131.19,72805
2021-08-25,131.25,131.5799,130.92,131.4,131.4,34217
2021-08-26,131.28,131.34,130.62,130.7,130.7,77723
2021-08-27,130.88,131.94,130.88,131.83,131.83,58613
2021-08-30,132.05,132.43,131.92,132.22,132.22,89582
2021-08-31,132.38,132.64,131.93,132.02,132.02,163059
2021-09-01,132.58,132.78,132.35,132.45,132.45,125713
2021-09-02,132.94,133.099,132.57,132.87,132.87,97662
2021-09-03,132.8,133.22,132.71,133.05,133.05,60021
2021-09-07,133.11,133.1258,132.64,132.71,132.71,59923
2021-09-08,132.47,132.55,131.83,132.29,132.29,57093
2021-09-09,132.24,132.71,131.74,131.84,131.84,22645
2021-09-10,132.65,132.65,130.95,131.09,131.09,60325
2021-09-13,132.07,132.1,130.87,131.54,131.54,140129
2021-09-14,131.87,132.13,130.7,130.91,130.91,147705
2021-09-15,130.97,131.88,130.7833,131.7,131.7,46791
2021-09-16,131.51,131.76,130.79,131.51,131.51,252522
2021-09-17,130.99,131.02,130.01,130.16,130.16,50807
2021-09-20,127.96,128.275,126.4875,127.96,127.96,109936
2021-09-21,128.83,129.28,128.04,128.18,128.18,71694
2021-09-22,128.91,129.99,128.74,129.31,129.31,101766
2021-09-23,130.05,131.2,130.05,130.81,130.81,216034
2021-09-24,130.06,130.73,130.06,130.58,130.58,181261
2021-09-27,130.25,130.57,130.0,130.31,130.31,102122
2021-09-28,129.12,129.16,127.28,127.53,127.53,122945
2021-09-29,128.02,128.2722,127.36,127.52,127.52,77768
2021-09-30,127.97,128.06,126.42,126.46,126.46,177109
2021-10-01,126.82,127.81,125.77,127.49,127.49,125264
2021-10-04,127.15,127.17,125.31,126.01,126.01,88858
2021-10-05,126.41,127.65,126.16,127.02,127.02,92504
2021-10-06,125.75,127.28,125.27,127.27,127.27,205640
2021-10-07,128.2,129.075,128.11,128.34,128.34,108598
2021-10-08,128.71,128.87,128.02,128.2,128.2,30635
2021-10-11,128.26,128.8324,127.39,127.52,127.52,34477
2021-10-12,127.75,127.89,127.25,127.3,127.3,95346
2021-10-13,127.82,128.21,127.27,128.02,128.02,75033
2021-10-14,129.23,130.06,129.21,130.06,130.06,35007
2021-10-15,130.76,131.07,130.53,131.0,131.0,78493
2021-10-18,130.32,131.24,130.19,131.19,131.19,161487
2021-10-19,131.69,132.15,131.56,132.11,132.11,57729
2021-10-20,132.31,132.68,132.25,132.52,132.52,63505
2021-10-21,132.31,132.67,132.16,132.65,132.65,47151
2021-10-22,132.83,133.11,132.1568,132.74,132.74,25257
2021-10-25,132.93,133.27,132.41,133.11,133.11,52236
2021-10-26,133.64,133.93,133.155,133.29,133.29,54450
2021-10-27,133.41,133.47,132.6,132.63,132.63,105654
2021-10-28,133.1,133.93,133.022,133.86,133.86,55130
2021-10-29,133.13,133.84,133.13,133.84,133.84,21759
2021-11-01,134.28,134.47,133.85,134.41,134.41,209922
2021-11-02,134.39,134.76,134.22,134.69,134.69,281361
2021-11-03,134.59,135.66,134.42,135.62,135.62,369598
2021-11-04,135.73,135.97,135.46,135.92,135.92,137589
2021-11-05,136.55,136.708,135.9,136.36,136.36,106354
2021-11-08,136.64,136.75,136.295,136.45,136.45,320680
2021-11-09,136.7,136.7,135.71,136.04,136.04,66843
2021-11-10,135.69,136.01,134.42,134.7,134.7,70912
2021-11-11,135.31,135.31,134.9,134.99,134.99,46702
2021-11-12,135.51,136.03,135.14,136.03,136.03,37997
2021-11-15,136.44,136.66,135.71,135.92,135.92,65667
2021-11-16,135.92,136.6011,135.87,136.25,136.25,105786
2021-11-17,136.0,136.08,135.7,135.89,135.89,61074
2021-11-18,136.13,136.26,135.42,136.22,136.22,67893
2021-11-19,135.94,136.18,135.51,135.62,135.62,34754
2021-11-22,136.01,136.47,134.82,134.92,134.92,158998
2021-11-23,134.78,135.22,133.99,134.93,134.93,120528
2021-11-24,134.09,135.07,133.78,135.03,135.03,349779
2021-11-26,132.88,133.28,131.68,132.0,132.0,95484
2021-11-29,133.41,133.6735,132.4808,133.16,133.16,140322
2021-11-30,132.51,133.1,130.7,131.1,131.1,282509
2021-12-01,132.83,133.3,129.465,129.55,129.55,276475
2021-12-02,129.72,131.78,129.63,131.39,131.39,405704
2021-12-03,131.92,131.92,129.17,130.4,130.4,267274
2021-12-06,131.15,132.1276,130.28,131.75,131.75,234595
2021-12-07,133.53,134.62,133.53,134.5,134.5,132594
2021-12-08,134.7,135.09,134.285,134.96,134.96,156129
2021-12-09,134.51,134.525,133.8,133.8,133.8,146833
2021-12-10,134.61,134.815,133.68,134.58,134.58,374355
2021-12-13,133.49,133.49,132.42,132.46,132.46,152428
2021-12-14,131.64,132.18,130.8,131.4,131.4,252007
2021-12-15,131.8,133.58,130.95,133.4,133.4,269338
2021-12-16,134.29,134.29,132.17,132.76,132.76,185172
2021-12-17,131.76,132.47,130.98,131.35,131.35,209764
2021-12-20,130.09,130.27,129.22,130.25,130.25,386955
2021-12-21,131.21,132.35,130.65,132.35,132.35,607509
2021-12-22,132.39,133.64,132.19,133.52,133.52,212257
2021-12-23,133.97,134.83,133.776,134.48,134.48,245826
2021-12-27,134.8,135.96,134.79,135.96,135.96,217965
2021-12-28,136.2,136.41,135.74,135.82,135.82,104728
2021-12-29,135.75,136.16,135.59,135.91,135.91,76288
2021-12-30,135.98,136.28,135.535,135.64,135.64,163861
2021-12-31,135.65,135.83,135.2,135.32,135.32,122283
2022-01-03,135.87,136.05,135.09,136.05,136.05,371931
2022-01-04,136.55,136.69,135.62,136.05,136.05,170709
2022-01-05,136.07,136.24,133.66,133.77,133.77,109118
2022-01-06,133.39,134.16,132.77,133.52,133.52,306042
2022-01-07,133.25,133.74,132.6,133.19,133.19,212780
2022-01-10,132.12,132.685,130.41,132.64,132.64,467039
2022-01-11,132.63,134.04,132.0,134.02,134.02,346271
2022-01-12,134.71,135.02,134.08,134.61,134.61,241891
2022-01-13,135.06,135.1053,132.81,132.98,132.98,237942
2022-01-14,132.15,133.0195,131.68,133.0,133.0,276353
2022-01-18,131.32,131.6,130.41,130.61,130.61,598976
2022-01-19,131.27,131.56,129.59,129.67,129.67,222312
2022-01-20,130.29,131.505,128.405,128.46,128.46,171590
2022-01-21,128.23,128.6,126.18,126.19,126.19,347214
2022-01-24,124.29,126.25,121.29,126.1,126.1,593530
2022-01-25,124.4,126.09,122.97,124.85,124.85,172356
2022-01-26,126.58,127.19,123.36,124.42,124.42,190341
2022-01-27,125.51,126.17,123.4016,123.76,123.76,146071
2022-01-28,123.85,125.98,122.6378,125.94,125.94,363372
2022-01-31,125.98,128.43,125.66,128.32,128.32,211627
2022-02-01,128.82,129.45,127.91,129.37,129.37,134905
2022-02-02,130.04,130.59,129.44,130.45,130.45,114395
2022-02-03,128.77,129.205,127.44,127.64,127.64,87343
2022-02-04,127.54,129.1814,127.0,128.22,128.22,86771
2022-02-07,128.46,128.94,127.7525,128.06,128.06,273920
2022-02-08,127.83,129.18,127.46,128.98,128.98,343790
2022-02-09,130.38,131.0,130.3175,130.95,130.95,156809
2022-02-10,129.28,131.2,128.42,128.91,128.91,87614
2022-02-11,128.97,129.47,126.19,126.64,126.64,87919
2022-02-14,126.4,126.64,125.115,126.11,126.11,236822
2022-02-15,127.48,128.41,127.39,128.3,128.3,983042
2022-02-16,127.78,128.73,127.37,128.53,128.53,119663
2022-02-17,127.58,127.62,125.8501,126.04,126.04,78662
2022-02-18,126.05,126.25,124.5,125.1,125.1,476583
2022-02-22,124.31,125.09,122.65,123.61,123.61,503148
2022-02-23,124.59,124.79,121.63,121.82,121.82,139944
2022-02-24,118.21,122.6,117.9381,122.42,122.42,512459
2022-02-25,123.2,125.44,122.74,125.28,125.28,225719
2022-02-28,123.78,125.28,123.24,124.58,124.58,291840
2022-03-01,124.27,124.65,121.83,122.56,122.56,302823
2022-03-02,123.27,124.87,122.86,124.58,124.58,265987
2022-03-03,124.98,124.98,122.81,123.24,123.24,160124
2022-03-04,121.58,121.76,120.41,121.59,121.59,144240
2022-03-07,121.0,121.255,117.87,117.95,117.95,913315
2022-03-08,118.18,120.25,116.97,117.55,117.55,184441
2022-03-09,120.57,121.64,119.78,121.17,121.17,230791
2022-03-10,119.8,120.75,119.2,120.43,120.43,476439
2022-03-11,121.33,121.38,118.87,118.9,118.9,217897
2022-03-14,119.49,120.47,118.12,118.43,118.43,215091
2022-03-15,119.34,120.82,118.75,120.67,120.67,282245
2022-03-16,122.29,123.98,120.95,123.83,123.83,193352
2022-03-17,123.53,125.4,123.3029,125.13,125.13,173007
2022-03-18,124.74,126.96,124.61,126.74,126.74,274947
2022-03-21,126.74,127.24,125.66,126.61,126.61,223697
2022-03-22,127.21,128.28,126.91,128.08,128.08,171520
2022-03-23,127.17,127.61,126.43,126.49,126.49,136863
2022-03-24,127.09,128.06,126.71,128.05,128.05,107576
2022-03-25,128.26,128.55,127.39,128.44,128.44,177970
2022-03-28,128.13,129.04,127.52,129.01,129.01,624239
2022-03-29,130.62,131.09,129.9,131.01,131.01,262265
2022-03-30,130.72,130.88,129.7,130.18,130.18,191046
2022-03-31,129.82,130.07,128.05,128.16,128.16,247370
2022-04-01,128.75,128.8156,127.78,128.81,128.81,177309
2022-04-04,128.82,129.8,128.67,129.73,129.73,240254
2022-04-05,129.25,129.81,127.75,128.01,128.01,48720
2022-04-06,126.94,127.29,125.8,126.61,126.61,242881
2022-04-07,126.52,127.56,125.72,127.16,127.16,99260
2022-04-08,126.85,127.5567,126.33,126.79,126.79,133652
2022-04-11,125.93,126.09,124.71,124.89,124.89,196479
2022-04-12,125.61,126.21,123.96,124.32,124.32,109070
2022-04-13,124.19,125.94,124.19,125.89,125.89,195218
2022-04-14,125.96,126.25,124.53,124.61,124.61,235407
2022-04-18,124.09,124.9799,123.84,124.19,124.19,228484
2022-04-19,124.14,126.06,124.14,125.74,125.74,210926
2022-04-20,126.55,126.7,125.75,125.92,125.92,656284
2022-04-21,127.0,127.4664,123.895,124.04,124.04,224289
2022-04-22,123.92,123.92,120.85,120.98,120.98,188274
2022-04-25,120.11,121.41,118.96,121.27,121.27,200370
2022-04-26,120.62,120.62,118.0,118.01,118.01,617673
2022-04-27,118.37,119.63,117.7,118.45,118.45,359254
2022-04-28,119.63,121.44,118.4099,121.0,121.0,257762
2022-04-29,120.39,121.0,117.22,117.42,117.42,288919
2022-05-02,117.12,118.19,115.53,117.84,117.84,242253
2022-05-03,118.18,119.07,117.87,118.47,118.47,260330
2022-05-04,118.66,121.87,117.57,121.53,121.53,219898
2022-05-05,120.28,120.28,116.01,117.1,117.1,684793
2022-05-06,116.36,117.27,114.92,116.34,116.34,435176
2022-05-09,114.44,114.65,112.13,112.57,112.57,302038
2022-05-10,114.21,114.58,111.83,112.83,112.83,197024
2022-05-11,112.79,114.33,111.2,111.34,111.34,338036
2022-05-12,110.6,112.27,109.65,111.3,111.3,286278
2022-05-13,112.76,114.525,112.55,114.16,114.16,461703
2022-05-16,113.81,114.79,113.25,113.82,113.82,222603
2022-05-17,115.8,116.17,114.76,116.13,116.13,224349
2022-05-18,115.0,115.0,111.74,112.04,112.04,220326
2022-05-19,111.51,113.12,111.1561,111.99,111.99,263672
2022-05-20,113.38,113.38,110.16,112.32,112.32,270639
2022-05-23,113.36,114.46,112.71,114.25,114.25,352571
2022-05-24,113.29,113.75,111.953,113.43,113.43,127697
2022-05-25,112.95,114.78,112.95,114.27,114.27,241578
2022-05-26,114.64,116.62,114.54,116.27,116.27,198940
2022-05-27,117.04,118.72,117.04,118.67,118.67,225776
2022-05-31,118.43,118.86,117.34,117.94,117.94,371197
2022-06-01,118.6,118.81,116.32,117.01,117.01,390765
2022-06-02,117.35,119.41,116.755,119.38,119.38,154254
2022-06-03,118.08,118.22,117.18,117.41,117.41,229716
2022-06-06,118.77,119.03,117.56,117.83,117.83,161416
2022-06-07,116.8,118.85,116.7,118.81,118.81,158000
2022-06-08,118.16,118.58,117.28,117.45,117.45,266983
2022-06-09,115.93,116.35,113.73,113.73,113.73,130859
2022-06-10,111.88,111.88,110.41,110.5,110.5,201811
2022-06-13,107.72,108.07,105.89,106.25,106.25,477269
2022-06-14,106.84,107.0,104.855,105.72,105.72,300961
2022-06-15,106.83,108.57,105.64,107.47,107.47,247505
2022-06-16,105.27,105.27,103.7055,104.25,104.25,242854
2022-06-17,104.42,105.06,103.44,104.34,104.34,167983
2022-06-21,106.08,106.97,105.94,106.51,106.51,374414
2022-06-22,105.31,107.2,105.31,106.16,106.16,343744
2022-06-23,106.64,106.91,105.59,106.82,106.82,177282
2022-06-24,107.88,110.06,107.88,110.06,110.06,292115
2022-06-27,110.5,110.5,109.41,109.79,109.79,467141
2022-06-28,110.42,110.99,107.9,107.93,107.93,558108
2022-06-29,108.24,108.29,107.31,107.74,107.74,138054
2022-06-30,106.47,107.4135,105.48,106.88,106.88,82154
2022-07-01,106.51,107.8299,105.68,107.76,107.76,237186
2022-07-05,105.69,107.42,105.07,107.3,107.3,736980
2022-07-06,107.49,108.19,106.605,107.56,107.56,633760
2022-07-07,108.35,109.479,108.35,109.21,109.21,485343
2022-07-08,108.73,109.7,108.33,109.25,109.25,368681
2022-07-11,108.36,108.46,107.59,107.67,107.67,227101
2022-07-12,107.54,108.14,106.7,107.12,107.12,284702
2022-07-13,105.69,107.33,105.57,106.77,106.77,216834
2022-07-14,105.04,106.05,104.16,105.99,105.99,126923
2022-07-15,107.2,107.81,106.52,107.79,107.79,236393
2022-07-18,108.83,109.218,107.12,107.45,107.45,179340
2022-07-19,108.88,110.48,108.67,110.37,110.37,112120
2022-07-20,110.36,111.13,109.99,110.67,110.67,231346
2022-07-21,110.56,111.86,110.06,111.86,111.86,168985
2022-07-22,112.1,112.285,110.37,110.94,110.94,151979
2022-07-25,111.26,111.48,110.78,111.32,111.32,384116
2022-07-26,110.77,110.77,109.72,109.84,109.84,83749
2022-07-27,110.84,113.02,110.74,112.67,112.67,252845
2022-07-28,112.95,114.05,111.95,113.91,113.91,421879
2022-07-29,114.23,115.72,114.07,115.57,115.57,241358
2022-08-01,115.0,115.9,114.835,115.38,115.38,187998
2022-08-02,114.79,115.65,114.19,114.37,114.37,93414
2022-08-03,115.0,116.11,114.84,115.82,115.82,135378
2022-08-04,115.81,116.21,115.52,116.0,116.0,193725
2022-08-05,114.72,115.7701,114.71,115.64,115.64,246075
2022-08-08,116.15,116.9,115.42,115.6,115.6,782713
2022-08-09,115.49,115.57,114.77,115.02,115.02,123253
2022-08-10,117.13,117.66,116.79,117.57,117.57,192879
2022-08-11,118.3,118.82,117.39,117.6,117.6,134074
2022-08-12,118.17,119.29,117.82,119.23,119.23,331489
2022-08-15,118.53,119.43,118.5,119.36,119.36,242265
2022-08-16,119.0,120.03,118.82,119.6,119.6,341127
2022-08-17,118.44,119.175,118.0,118.66,118.66,119634
2022-08-18,118.61,118.9025,118.275,118.67,118.67,83985
2022-08-19,117.92,117.92,116.89,117.08,117.08,218601
2022-08-22,115.82,115.82,114.57,114.73,114.73,327440
2022-08-23,114.73,115.49,114.49,114.73,114.73,87695
2022-08-24,114.48,115.33,114.26,115.05,115.05,78625
2022-08-25,115.48,116.57,115.2,116.55,116.55,214865
2022-08-26,116.52,116.71,112.89,112.91,112.91,297524
2022-08-29,112.11,113.0,111.89,112.28,112.28,313562
2022-08-30,112.78,112.85,110.6053,111.14,111.14,180678
2022-08-31,111.49,111.72,110.23,110.28,110.28,157913
2022-09-01,109.32,110.11,108.43,109.96,109.96,168417
2022-09-02,111.0,111.4982,108.57,108.98,108.98,193774
2022-09-06,109.27,109.505,108.01,108.51,108.51,1053054
2022-09-07,108.14,110.33,108.135,110.18,110.18,113647
2022-09-08,109.48,110.94,109.12,110.75,110.75,180502
2022-09-09,111.89,113.0699,111.89,112.9,112.9,292734
2022-09-12,113.76,114.455,113.675,114.21,114.21,250073
2022-09-13,111.86,112.0575,109.325,109.54,109.54,96299
2022-09-14,109.96,110.37,109.14,109.97,109.97,507322
2022-09-15,109.45,110.27,108.54,108.85,108.85,527594
2022-09-16,107.72,108.09,107.13,108.01,108.01,86764
2022-09-19,106.98,108.64,106.93,108.64,108.64,197518
2022-09-20,107.54,107.78,106.64,107.31,107.31,225169
2022-09-21,107.72,108.39,105.5,105.59,105.59,103757
2022-09-22,105.42,105.69,104.5,104.71,104.71,459682
2022-09-23,103.3,103.3,101.285,102.39,102.39,393137
2022-09-26,101.77,102.77,100.78,101.15,101.15,587561
2022-09-27,102.14,102.71,100.18,100.88,100.88,294661
2022-09-28,101.0,103.39,100.34,102.95,102.95,466818
2022-09-29,101.85,101.92,100.27,101.17,101.17,268144
2022-09-30,100.78,102.0,99.9,99.95,99.95,329583
2022-10-03,100.98,102.93,100.55,102.4,102.4,374198
2022-10-04,104.35,105.96,104.35,105.89,105.89,219363
2022-10-05,104.53,105.98,103.81,105.49,105.49,307305
2022-10-06,104.77,105.54,104.04,104.19,104.19,315379
2022-10-07,103.21,103.21,101.12,101.55,101.55,330223
2022-10-10,101.89,101.89,100.14,100.91,100.91,342863
2022-10-11,100.25,101.46,99.5777,100.05,100.05,306923
2022-10-12,100.0,100.42,99.575,99.74,99.74,290344
2022-10-13,97.76,102.52,97.44,102.31,102.31,481773
2022-10-14,102.9,103.16,99.83,99.96,99.96,563299
2022-10-17,101.88,102.88,101.88,102.53,102.53,308905
2022-10-18,104.63,104.73,102.76,103.63,103.63,293762
2022-10-19,103.02,103.59,101.99,102.75,102.75,262875
2022-10-20,102.66,103.96,101.8561,102.08,102.08,394662
2022-10-21,101.8,104.4,101.41,104.28,104.28,226792
2022-10-24,104.59,105.4,103.8,105.07,105.07,465772
2022-10-25,105.38,107.18,105.38,107.06,107.06,356187
2022-10-26,106.44,108.17,106.44,106.8,106.8,248755
2022-10-27,107.1,107.6483,106.16,106.25,106.25,487643
2022-10-28,106.24,108.37,106.21,108.28,108.28,603942
2022-10-31,107.45,107.93,107.18,107.42,107.42,462940
2022-11-01,108.94,108.94,107.05,107.44,107.44,884254
2022-11-02,107.39,108.64,104.92,104.97,104.97,466197
2022-11-03,103.76,104.65,103.32,103.94,103.94,228970
2022-11-04,106.04,106.71,104.5,106.12,106.12,395893
2022-11-07,106.46,107.2,105.96,106.93,106.93,390461
2022-11-08,107.4,108.54,106.68,107.7,107.7,205062
2022-11-09,107.11,107.34,105.57,105.66,105.66,281610
2022-11-10,109.61,111.61,109.14,111.49,111.49,400448
2022-11-11,112.13,113.27,111.57,113.02,113.02,431364
2022-11-14,112.35,113.14,111.83,111.89,111.89,867693
2022-11-15,113.66,113.93,111.79,112.86,112.86,554648
2022-11-16,112.54,112.74,111.94,112.13,112.13,602647
2022-11-17,110.72,111.95,110.6707,111.84,111.84,401568
2022-11-18,112.73,112.73,111.56,112.26,112.26,254071
2022-11-21,111.6,111.855,111.09,111.59,111.59,376323
2022-11-22,112.18,113.2,111.92,113.18,113.18,302257
2022-11-23,113.17,114.19,113.125,114.05,114.05,291966
2022-11-25,113.87,114.33,113.87,114.2,114.2,320460
2022-11-28,113.39,113.86,112.28,112.51,112.51,309817
2022-11-29,112.6,112.949,111.99,112.41,112.41,154896
2022-11-30,112.74,115.47,112.04,115.44,115.44,546284
2022-12-01,116.17,116.38,115.15,115.82,115.82,268348
2022-12-02,114.44,115.94,114.44,115.69,115.69,897340
2022-12-05,114.98,115.2,113.31,113.63,113.63,400788
2022-12-06,113.59,113.8,111.74,112.31,112.31,207287
2022-12-07,112.15,112.74,111.9,112.17,112.17,298759
2022-12-08,112.62,113.2,112.14,112.98,112.98,276170
2022-12-09,112.81,113.49,112.35,112.4,112.4,408253
2022-12-12,112.62,113.58,112.36,113.54,113.54,455836
2022-12-13,116.04,116.04,113.18,113.86,113.86,366825
2022-12-14,113.89,114.74,112.5,113.33,113.33,276514
2022-12-15,111.92,112.0,110.05,110.43,110.43,303096
2022-12-16,109.71,110.04,108.6801,109.27,109.27,436971
2022-12-19,109.46,109.48,108.06,108.49,108.49,1266129
2022-12-20,108.27,109.21,108.14,108.76,108.76,308873
2022-12-21,109.47,110.55,109.36,110.26,110.26,613779
2022-12-22,109.53,109.56,107.42,108.89,108.89,489993
2022-12-23,108.64,109.44,108.24,109.44,109.44,266669
2022-12-27,109.53,109.93,108.74,109.18,109.18,572287
2022-12-28,109.3,109.61,107.86,107.87,107.87,316468
2022-12-29,108.88,109.969,108.69,109.74,109.74,463296
2022-12-30,108.94,109.3025,108.39,109.25,109.25,369235
2023-01-03,110.04,110.57,108.39,109.1,109.1,592599
2023-01-04,110.08,110.65,109.2,110.17,110.17,223466
2023-01-05,109.48,109.48,108.8,108.88,108.88,196763
2023-01-06,109.7,111.68,108.97,111.45,111.45,287644
2023-01-09,112.25,113.0,111.5,111.58,111.58,459816
2023-01-10,111.34,112.19,111.095,112.19,112.19,111021
2023-01-11,112.67,113.42,112.49,113.41,113.41,181552
2023-01-12,113.94,114.555,112.82,114.29,114.29,178633
2023-01-13,113.5,114.885,113.47,114.8,114.8,288697
2023-01-17,115.01,115.33,114.55,114.79,114.79,680225
2023-01-18,115.38,115.63,113.4,113.47,113.47,431932
2023-01-19,112.84,113.32,112.36,112.75,112.75,250927
2023-01-20,113.06,114.61,112.65,114.56,114.56,288408
2023-01-23,114.69,116.09,114.41,115.7,115.7,367212
2023-01-24,115.25,115.77,114.82,115.59,115.59,126123
2023-01-25,114.55,115.86,114.1,115.82,115.82,111976
2023-01-26,116.37,116.78,115.55,116.78,116.78,147625
2023-01-27,116.39,117.49,116.31,116.95,116.95,461970
2023-01-30,116.18,116.78,115.57,115.63,115.63,486611
2023-01-31,115.7,117.06,115.5,117.01,117.01,192922
2023-02-01,116.84,118.8844,116.16,118.24,118.24,228004
2023-02-02,119.18,119.78,118.49,119.43,119.43,572130
2023-02-03,118.04,119.3,117.85,118.17,118.17,417354
2023-02-06,117.29,117.57,116.73,117.3,117.3,145714
2023-02-07,116.95,118.895,116.67,118.65,118.65,206888
2023-02-08,118.17,118.45,117.33,117.53,117.53,182365
2023-02-09,118.78,118.78,116.51,116.82,116.82,125958
2023-02-10,116.41,116.93,116.15,116.83,116.83,173226
2023-02-13,117.07,118.21,116.93,118.13,118.13,212495
2023-02-14,117.73,118.83,117.09,118.28,118.28,115597
2023-02-15,117.44,118.45,117.24,118.45,118.45,733495
2023-02-16,117.16,118.26,116.96,117.16,117.16,481399
2023-02-17,116.5,116.985,116.04,116.88,116.88,282829
2023-02-21,115.78,116.08,114.785,114.88,114.88,173420
2023-02-22,114.96,115.23,114.25,114.62,114.62,217568
2023-02-23,115.39,115.47,113.95,115.17,115.17,205569
2023-02-24,113.56,113.85,113.07,113.65,113.65,144538
2023-02-27,114.81,115.17,114.17,114.36,114.36,242838
2023-02-28,114.29,114.63,113.97,113.98,113.98,718023
2023-03-01,114.08,114.31,113.41,113.83,113.83,188303
2023-03-02,113.23,114.69,113.11,114.48,114.48,174103
2023-03-03,115.05,116.35,114.85,116.27,116.27,1060808
2023-03-06,116.39,116.89,116.1,116.22,116.22,114957
2023-03-07,116.18,116.18,114.2,114.38,114.38,71252
2023-03-08,114.53,114.89,114.07,114.65,114.65,171225
2023-03-09,114.83,115.25,112.61,112.85,112.85,176766
2023-03-10,112.67,113.145,110.91,111.25,111.25,287143
2023-03-13,110.18,112.05,109.77,110.93,110.93,305728
2023-03-14,112.36,112.965,111.44,112.62,112.62,146153
2023-03-15,110.27,111.07,109.48,111.04,111.04,591411
2023-03-16,110.35,112.91,110.225,112.89,112.89,239950
2023-03-17,112.35,112.56,111.18,111.56,111.56,146236
2023-03-20,111.99,112.97,111.91,112.78,112.78,205480
2023-03-21,114.05,114.51,113.55,114.39,114.39,117441
2023-03-22,114.35,115.2,112.9,112.91,112.91,235226
2023-03-23,113.68,114.74,112.42,113.09,113.09,140248
2023-03-24,112.49,113.45,111.97,113.42,113.42,98826
2023-03-27,114.03,114.38,113.59,113.96,113.96,134330
2023-03-28,113.86,114.03,113.38,113.87,113.87,243742
2023-03-29,115.11,115.46,114.7,115.41,115.41,330725
2023-03-30,116.28,116.44,115.84,116.25,116.25,198299
2023-03-31,116.55,117.7,116.55,117.67,117.67,242393
2023-04-03,117.73,118.27,117.49,118.22,118.22,155391
2023-04-04,118.45,118.56,117.45,117.77,117.77,122313
2023-04-05,117.5,117.62,116.86,117.26,117.26,155038
2023-04-06,117.13,117.82,116.81,117.68,117.68,46505
2023-04-10,117.03,117.81,116.83,117.79,117.79,189723
2023-04-11,117.95,118.33,117.79,117.94,117.94,75054
2023-04-12,118.83,118.91,117.74,117.84,117.84,132587
2023-04-13,118.49,119.53,118.3625,119.42,119.42,68072
2023-04-14,119.32,119.81,118.56,119.14,119.14,62445
2023-04-17,119.04,119.33,118.6225,119.31,119.31,125655
2023-04-18,119.92,119.93,119.295,119.62,119.62,183773
2023-04-19,119.06,119.64,119.045,119.44,119.44,118990
2023-04-20,118.7,119.44,118.59,118.97,118.97,60438
2023-04-21,119.13,119.23,118.5937,119.22,119.22,95074
2023-04-24,119.23,119.42,118.87,119.36,119.36,311904
2023-04-25,118.88,118.88,117.48,117.49,117.49,103467
2023-04-26,117.87,118.02,116.98,117.11,117.11,266044
2023-04-27,117.88,119.21,117.74,119.18,119.18,81079
2023-04-28,118.68,119.79,118.68,119.79,119.79,163329
2023-05-01,119.78,120.154,119.67,119.67,119.67,44670
2023-05-02,119.29,119.3,117.56,118.37,118.37,198462
2023-05-03,118.53,119.48,117.85,117.86,117.86,49590
2023-05-04,117.64,117.7599,117.0,117.29,117.29,80147
2023-05-05,118.32,119.59,118.315,119.35,119.35,73482
2023-05-08,119.46,119.515,119.12,119.4,119.4,57402
2023-05-09,118.74,119.17,118.7138,118.91,118.91,71168
2023-05-10,119.65,119.71,118.36,119.2,119.2,64384
2023-05-11,118.8,118.97,118.28,118.92,118.92,98130
2023-05-12,119.22,119.32,118.16,118.75,118.75,67258
2023-05-15,119.08,119.57,118.7,119.46,119.46,262890
2023-05-16,119.03,119.24,118.43,118.43,118.43,66588
2023-05-17,118.9,119.74,118.47,119.56,119.56,125688
2023-05-18,119.5,120.42,119.37,120.33,120.33,97608
2023-05-19,120.61,120.82,120.12,120.39,120.39,69052
2023-05-22,120.35,120.85,120.19,120.47,120.47,49274
2023-05-23,119.87,120.11,118.94,119.03,119.03,94508
2023-05-24,118.34,118.46,117.635,117.91,117.91,126775
2023-05-25,118.48,118.67,117.915,118.41,118.41,118052
2023-05-26,118.82,120.05,118.7,119.91,119.91,97921
2023-05-30,120.15,120.29,119.21,119.52,119.52,132374
2023-05-31,118.89,119.07,118.15,118.6,118.6,411143
2023-06-01,118.97,120.34,118.71,120.03,120.03,144267
2023-06-02,121.13,121.97,121.0,121.83,121.83,120657
2023-06-05,121.79,122.04,121.29,121.46,121.46,92495
2023-06-06,121.3,122.1,121.24,121.98,121.98,124179
2023-06-07,120.78,121.1024,120.03,120.16,120.16,126611
2023-06-08,120.35,121.045,120.111,120.95,120.95,110959
2023-06-09,121.2,121.58,120.84,121.09,121.09,102628
2023-06-12,121.41,122.04,121.23,122.03,122.03,50740
2023-06-13,122.66,123.1,122.57,122.95,122.95,106903
2023-06-14,123.33,123.72,122.29,123.18,123.18,49938
2023-06-15,123.11,124.99,123.01,124.7,124.7,308299
2023-06-16,125.26,125.33,124.24,124.29,124.29,140542
2023-06-20,123.61,123.64,122.885,123.24,123.24,557968
2023-06-21,123.03,123.415,122.66,122.91,122.91,277073
2023-06-22,122.37,123.02,122.28,122.89,122.89,182919
2023-06-23,121.72,122.21,121.5601,121.79,121.79,129884
2023-06-26,121.75,122.165,121.4,121.54,121.54,155816
2023-06-27,121.73,122.93,121.64,122.8,122.8,113093
2023-06-28,122.43,123.09,122.39,122.82,122.82,333193
2023-06-29,122.69,123.18,122.5,123.18,123.18,47780
2023-06-30,124.08,124.78,124.08,124.52,124.52,117173
2023-07-03,124.57,124.835,124.48,124.8,124.8,135609
2023-07-05,124.04,124.34,123.96,124.16,124.16,341843
2023-07-06,122.83,122.88,122.02,122.77,122.77,234057
2023-07-07,122.65,123.79,122.54,122.87,122.87,47651
2023-07-10,122.74,123.25,122.71,123.25,123.25,112950
2023-07-11,123.57,124.18,123.28,124.18,124.18,80660
2023-07-12,125.42,125.79,125.23,125.53,125.53,131324
2023-07-13,126.4,127.175,126.36,126.98,126.98,291704
2023-07-14,127.04,127.25,126.54,126.64,126.64,103372
2023-07-17,126.52,127.045,126.44,126.92,126.92,47698
2023-07-18,127.0,128.03,126.88,127.93,127.93,90308
2023-07-19,128.13,128.3925,127.92,128.1,128.1,91882
2023-07-20,127.88,128.039,127.15,127.33,127.33,184075
2023-07-21,127.78,127.79,127.35,127.4,127.4,56658
2023-07-24,127.49,127.8024,127.23,127.59,127.59,151493
2023-07-25,127.58,128.2181,127.58,127.92,127.92,256586
2023-07-26,127.47,128.28,127.47,128.01,128.01,210919
2023-07-27,128.93,129.0095,127.05,127.22,127.22,249997
2023-07-28,128.26,128.6,127.99,128.44,128.44,238388
2023-07-31,128.64,128.8295,128.27,128.54,128.54,207225
2023-08-01,128.02,128.1785,127.64,127.91,127.91,163538
2023-08-02,126.86,126.86,125.65,125.9,125.9,432965
2023-08-03,125.11,125.96,124.95,125.52,125.52,242119
2023-08-04,126.0,126.71,125.03,125.22,125.22,120467
2023-08-07,125.88,126.31,125.52,126.29,126.29,262166
2023-08-08,125.29,125.72,124.635,125.65,125.65,232162
2023-08-09,125.74,125.74,124.7661,125.01,125.01,202825
2023-08-10,125.9,126.69,124.87,125.17,125.17,220069
2023-08-11,124.58,125.09,124.34,124.87,124.87,280580
2023-08-14,124.43,125.17,124.16,125.17,125.17,83108
2023-08-15,124.54,124.63,123.43,123.68,123.68,170235
2023-08-16,123.51,123.87,122.64,122.7,122.7,770266
2023-08-17,123.07,123.2312,121.71,121.85,121.85,247439
2023-08-18,121.03,122.1,120.89,121.82,121.82,320581
2023-08-21,122.08,122.71,121.59,122.57,122.57,180023
2023-08-22,122.97,122.99,122.04,122.21,122.21,820132
2023-08-23,122.6,123.7399,122.55,123.51,123.51,57740
2023-08-24,123.82,123.82,121.87,121.87,121.87,46639
2023-08-25,122.43,123.03,121.37,122.7,122.7,140407
2023-08-28,123.47,123.7799,123.19,123.64,123.64,79162
2023-08-29,123.62,125.49,123.48,125.4,125.4,184626
2023-08-30,125.59,126.07,125.36,125.89,125.89,558181
2023-08-31,125.99,126.25,125.59,125.7,125.7,513817
2023-09-01,126.55,126.6097,125.55,125.91,125.91,137193
2023-09-05,125.79,125.79,125.1656,125.21,125.21,124189
2023-09-06,125.02,125.06,123.88,124.45,124.45,198135
2023-09-07,123.67,124.2256,123.5,124.09,124.09,84794
2023-09-08,124.12,124.55,123.95,124.12,124.12,205434
2023-09-11,124.9,125.15,124.65,125.09,125.09,127675
2023-09-12,124.73,124.96,124.4,124.48,124.48,110469
2023-09-13,124.41,124.78,124.215,124.52,124.52,87296
2023-09-14,125.37,125.87,124.98,125.72,125.72,84590
2023-09-15,125.54,125.58,124.56,124.62,124.62,106415
2023-09-18,124.48,124.79,124.16,124.52,124.52,94864
2023-09-19,124.38,124.51,123.7,124.34,124.34,69492
2023-09-20,124.83,124.93,123.41,123.43,123.43,242170
2023-09-21,122.56,122.56,121.34,121.36,121.36,227030
2023-09-22,121.8,122.08,121.09,121.17,121.17,188616
2023-09-25,120.71,121.43,120.52,121.39,121.39,155642
2023-09-26,120.5,120.6841,119.5,119.67,119.67,132403
2023-09-27,120.13,120.15,118.68,119.58,119.58,282988
2023-09-28,119.53,120.85,119.44,120.52,120.52,123023
2023-09-29,121.43,121.53,119.9,120.17,120.17,278155
2023-10-02,119.78,120.01,118.96,119.51,119.51,204370
2023-10-03,118.77,119.11,117.52,117.94,117.94,287217
2023-10-04,118.17,118.72,117.52,118.63,118.63,150790
2023-10-05,118.65,119.08,118.02,118.88,118.88,234841
2023-10-06,118.37,120.65,117.9,120.25,120.25,88327
2023-10-09,119.64,120.985,119.57,120.79,120.79,79430
2023-10-10,121.4,122.45,121.25,121.78,121.78,142007
2023-10-11,122.25,122.39,121.5,122.32,122.32,152999
2023-10-12,122.53,122.53,120.83,121.38,121.38,157778
2023-10-13,121.68,121.95,120.28,120.68,120.68,175355
2023-10-16,121.21,121.99,121.13,121.85,121.85,97659
2023-10-17,120.95,122.33,120.89,121.84,121.84,220062
2023-10-18,121.22,121.3236,119.82,120.06,120.06,149855
2023-10-19,120.15,120.58,118.79,118.98,118.98,322584
2023-10-20,118.83,118.96,117.6,117.65,117.65,285787
2023-10-23,117.22,118.49,116.6669,117.5,117.5,149240
2023-10-24,117.93,118.56,117.59,118.3,118.3,166049
2023-10-25,117.86,117.86,116.6644,116.77,116.77,161999
2023-10-26,116.43,116.64,115.29,115.58,115.58,360643
2023-10-27,116.14,116.14,114.7,115.01,115.01,145950
2023-10-30,115.9,116.62,115.63,116.43,116.43,198252
2023-10-31,116.51,117.1706,116.14,117.11,117.11,258187
2023-11-01,117.36,118.43,117.25,118.32,118.32,141602
2023-11-02,119.72,120.74,119.69,120.72,120.72,200651
2023-11-03,121.6,122.34,121.45,121.93,121.93,237671
2023-11-06,122.03,122.25,121.45,121.89,121.89,233437
2023-11-07,121.73,122.19,121.4,121.99,121.99,212960
2023-11-08,122.17,122.34,121.42,122.02,122.02,127114
2023-11-09,122.62,122.62,121.25,121.31,121.31,128413
2023-11-10,121.8,122.93,121.23,122.84,122.84,187305
2023-11-13,122.41,123.09,122.23,122.88,122.88,192602
2023-11-14,124.81,125.76,124.63,125.46,125.46,155647
2023-11-15,125.85,126.2199,125.5141,125.66,125.66,89488
2023-11-16,125.49,125.81,125.19,125.66,125.66,196614
2023-11-17,126.07,126.39,125.87,126.3,126.3,219544
2023-11-20,126.24,127.26,126.12,127.07,127.07,336706
2023-11-21,126.95,126.96,126.58,126.8,126.8,156974
2023-11-22,127.27,127.4696,126.82,127.23,127.23,233098
2023-11-24,127.28,127.56,127.27,127.52,127.52,253245
2023-11-27,127.31,127.5,127.18,127.31,127.31,689976
2023-11-28,127.09,127.75,127.0,127.41,127.41,232960
2023-11-29,127.98,128.1997,127.33,127.43,127.43,666426
2023-11-30,127.7,127.89,127.14,127.78,127.78,554586
2023-12-01,127.65,128.88,127.5201,128.76,128.76,440785
2023-12-04,127.7,128.18,127.43,128.04,128.04,291312
2023-12-05,127.52,128.13,127.52,127.84,127.84,331325
2023-12-06,128.58,128.68,127.49,127.54,127.54,316447
2023-12-07,128.11,128.59,127.86,128.46,128.46,205241
2023-12-08,128.25,129.11,128.2,128.92,128.92,194691
2023-12-11,128.7,129.42,128.7,129.41,129.41,485870
2023-12-12,129.38,129.8,128.93,129.75,129.75,759703
2023-12-13,129.91,131.73,129.65,131.67,131.67,240979
2023-12-14,132.38,132.78,131.72,132.36,132.36,292441
2023-12-15,132.11,132.37,131.72,131.95,131.95,340604
2023-12-18,132.42,132.73,132.23,132.56,132.56,502876
2023-12-19,132.83,133.5,132.83,133.48,133.48,226613
2023-12-20,132.27,132.7,130.58,130.63,130.63,341471
2023-12-21,131.71,132.23,131.17,132.16,132.16,246279
2023-12-22,132.5,132.8369,131.8957,132.43,132.43,166253
2023-12-26,132.64,133.25,132.61,132.98,132.98,272113
2023-12-27,133.06,133.42,132.9841,133.36,133.36,163369
2023-12-28,133.49,133.65,133.19,133.28,133.28,166063
2023-12-29,133.21,133.52,132.58,133.02,133.02,194840
2024-01-02,132.03,132.33,131.53,131.91,131.91,919092
2024-01-03,131.22,131.41,130.655,130.85,130.85,234467
2024-01-04,130.79,131.55,130.66,130.7,130.7,329057
2024-01-05,130.67,131.63,130.54,130.86,130.86,214771
2024-01-08,131.09,132.61,131.03,132.59,132.59,352580
2024-01-09,131.77,132.39,131.56,132.06,132.06,246737
2024-01-10,132.38,133.05,132.22,132.83,132.83,314565
2024-01-11,133.06,133.216,131.6889,132.82,132.82,132450
2024-01-12,133.31,133.6,132.72,132.93,132.93,220997
2024-01-16,132.24,132.5499,131.61,132.01,132.01,641411
2024-01-17,130.96,131.21,130.48,131.15,131.15,362627
2024-01-18,131.55,132.35,131.27,132.25,132.25,227852
2024-01-19,132.48,133.63,132.19,133.63,133.63,126030
2024-01-22,134.06,134.36,133.78,133.94,133.94,234996
2024-01-23,134.02,134.18,133.57,134.11,134.11,247386
2024-01-24,135.11,135.37,134.34,134.42,134.42,242268
2024-01-25,134.91,135.02,134.4,134.95,134.95,244506
2024-01-26,135.15,135.45,134.87,135.07,135.07,295267
2024-01-29,135.16,136.12,134.96,136.11,136.11,197881
2024-01-30,135.86,136.09,135.715,135.99,135.99,311737
2024-01-31,135.68,135.82,134.11,134.2,134.2,371268
2024-02-01,134.61,135.799,134.4,135.75,135.75,54000
2024-02-02,135.53,136.74,135.33,136.45,136.45,164003
2024-02-05,136.12,136.18,135.15,135.84,135.84,193166
2024-02-06,136.0,136.37,135.79,136.37,136.37,128321
2024-02-07,136.74,137.25,136.68,137.15,137.15,100039
2024-02-08,137.16,137.3,136.87,137.23,137.23,139924
2024-02-09,137.4,138.0,137.33,137.9,137.9,68987
2024-02-12,137.97,138.5567,137.9,138.0,138.0,55714
2024-02-13,136.18,136.49,135.14,135.93,135.93,206134
2024-02-14,136.71,137.5,136.36,137.38,137.38,268591
2024-02-15,137.73,138.58,137.69,138.55,138.55,183194
2024-02-16,138.4,138.85,137.89,138.04,138.04,277141
2024-02-20,137.95,138.09,137.16,137.61,137.61,337785
2024-02-21,137.28,137.72,136.83,137.7,137.7,136367
2024-02-22,139.34,140.35,139.16,140.18,140.18,148424
2024-02-23,140.46,140.73,140.09,140.33,140.33,248543
2024-02-26,140.33,140.49,139.6,139.79,139.79,448645
2024-02-27,140.0,140.2,139.645,140.15,140.15,152525
2024-02-28,139.49,139.9,139.49,139.71,139.71,187040
2024-02-29,140.27,140.52,139.46,140.28,140.28,329882
2024-03-01,140.6,141.599,140.25,141.54,141.54,259646
2024-03-04,141.33,141.835,141.24,141.37,141.37,268414
2024-03-05,140.99,141.19,139.72,140.27,140.27,223597
2024-03-06,141.46,141.85,140.93,141.32,141.32,139041
2024-03-07,142.19,143.03,142.04,142.84,142.84,71531
2024-03-08,142.99,143.61,141.825,142.08,142.08,178839
2024-03-11,141.57,141.8,140.98,141.67,141.67,200709
2024-03-12,142.27,143.2,141.54,143.16,143.16,277746
2024-03-13,143.2,143.359,142.69,143.03,143.03,75147
2024-03-14,143.14,143.28,141.69,142.4,142.4,132374
2024-03-15,141.83,142.21,141.345,141.74,141.74,110457
2024-03-18,142.65,142.85,142.12,142.17,142.17,503264
2024-03-19,142.05,142.91,141.74,142.87,142.87,134330
2024-03-20,142.89,144.32,142.69,144.21,144.21,92486
2024-03-21,144.95,145.1,144.61,144.67,144.67,173985
2024-03-22,144.64,144.68,144.22,144.4,144.4,66572
2024-03-25,143.96,144.3,143.96,144.0,144.0,120074
2024-03-26,144.36,144.51,143.76,143.81,143.81,217395
2024-03-27,144.48,144.92,144.05,144.91,144.91,958129
2024-03-28,144.91,145.15,144.66,144.91,144.91,111432
2024-04-01,144.8,145.11,144.15,144.5,144.5,130263
2024-04-02,143.43,143.54,142.9,143.5,143.5,259899
2024-04-03,143.33,144.24,143.33,143.93,143.93,133815
2024-04-04,145.0,145.19,142.285,142.3,142.3,96525
2024-04-05,142.47,144.0,142.4,143.56,143.56,159247
2024-04-08,144.0,144.0806,143.62,143.72,143.72,167112
2024-04-09,144.3,144.41,142.78,143.83,143.83,143663
2024-04-10,142.21,142.85,141.81,142.24,142.24,161262
2024-04-11,142.75,143.47,141.63,143.22,143.22,164961
2024-04-12,142.0,142.49,140.68,140.99,140.99,254876
2024-04-15,142.25,142.34,139.38,139.55,139.55,149423
2024-04-16,139.23,139.65,138.64,138.98,138.98,174537
2024-04-17,139.73,139.73,138.03,138.52,138.52,194723
2024-04-18,138.78,139.2839,137.85,138.11,138.11,199435
2024-04-19,138.04,138.42,136.93,137.31,137.31,128907
2024-04-22,138.07,139.2475,137.58,138.51,138.51,245525
2024-04-23,139.1,140.3261,139.01,140.06,140.06,447841
2024-04-24,140.33,140.51,139.41,139.95,139.95,383793
2024-04-25,138.31,139.68,137.75,139.45,139.45,355032
2024-04-26,140.28,141.02,140.28,140.8,140.8,76600
2024-04-29,141.26,141.39,140.73,141.23,141.23,129393
2024-04-30,140.7,141.05,139.04,139.17,139.17,186468
2024-05-01,138.83,140.55,138.58,138.6,138.6,45291
2024-05-02,139.76,140.33,138.9,140.08,140.08,135608
2024-05-03,141.88,142.06,141.06,141.78,141.78,141050
2024-05-06,142.54,143.17,142.48,143.17,143.17,74666
2024-05-07,143.39,143.66,143.18,143.32,143.32,111496
2024-05-08,142.81,143.35,142.725,143.31,143.31,215178
2024-05-09,143.35,144.17,143.24,144.14,144.14,147699
2024-05-10,144.71,144.83,144.09,144.38,144.38,79021
2024-05-13,144.79,144.79,144.08,144.29,144.29,210771
2024-05-14,144.6,145.18,144.395,145.14,145.14,366619
2024-05-15,145.71,146.85,145.59,146.8,146.8,147725
2024-05-16,146.88,147.04,146.38,146.44,146.44,123366
2024-05-17,146.49,146.73,146.31,146.73,146.73,51001
2024-05-20,146.87,147.24,146.72,146.78,146.78,63500
2024-05-21,146.5,147.045,146.5,147.02,147.02,58532
2024-05-22,146.74,146.745,145.8,146.31,146.31,157881
2024-05-23,147.4,147.4,145.01,145.3,145.3,145073
2024-05-24,145.81,146.5587,145.755,146.31,146.31,68898
2024-05-28,146.61,146.68,145.73,146.34,146.34,318804
2024-05-29,145.02,145.28,144.78,144.82,144.82,128982
2024-05-30,144.93,145.14,144.2311,144.63,144.63,179913
2024-05-31,145.06,145.93,143.78,145.71,145.71,599306
2024-06-03,146.33,146.44,144.841,146.06,146.06,180792
2024-06-04,145.7,146.1988,145.2187,146.03,146.03,383828
2024-06-05,146.67,147.56,146.16,147.56,147.56,141289
2024-06-06,147.7,147.82,147.23,147.65,147.65,208097
2024-06-07,147.23,147.65,146.8,147.03,147.03,46386
2024-06-10,146.72,147.43,146.265,147.36,147.36,210931
2024-06-11,145.46,145.99,144.81,145.97,145.97,315367
2024-06-12,147.69,148.1351,147.125,147.33,147.33,249137
2024-06-13,147.44,147.44,146.25,147.01,147.01,257784
2024-06-14,146.19,146.58,145.76,146.58,146.58,195699
2024-06-17,146.38,147.7526,146.17,147.47,147.47,168884
2024-06-18,147.59,148.0,147.53,147.96,147.96,145200
2024-06-20,148.04,148.3233,147.23,147.72,147.72,207091
2024-06-21,147.12,147.425,146.83,147.23,147.23,99070
2024-06-24,147.49,148.22,147.21,147.27,147.27,168223
2024-06-25,147.56,147.88,147.24,147.78,147.78,102923
2024-06-26,147.25,147.815,147.07,147.7,147.7,258452
2024-06-27,147.72,148.05,147.44,147.74,147.74,260392
2024-06-28,148.09,148.86,147.2,147.49,147.49,135054
2024-07-01,148.04,148.1,147.14,147.81,147.81,283431
2024-07-02,147.43,148.58,147.4,148.58,148.58,155000
2024-07-03,149.13,149.62,148.95,149.59,149.59,88814
2024-07-05,150.05,150.52,149.4738,150.5,150.5,155655
2024-07-08,150.68,150.76,150.15,150.34,150.34,105601
2024-07-09,150.39,150.61,150.16,150.43,150.43,61667
2024-07-10,150.92,152.02,150.76,152.02,152.02,96286
2024-07-11,152.28,152.55,151.04,151.27,151.27,429215
2024-07-12,151.75,153.34,151.651,152.4,152.4,732817
2024-07-15,152.86,153.3,152.14,152.41,152.41,118816
2024-07-16,152.57,153.42,152.47,153.3,153.3,691556
2024-07-17,151.94,152.39,151.44,151.6,151.6,326899
2024-07-18,151.91,151.99,149.71,150.24,150.24,79237
2024-07-19,150.05,150.31,149.0402,149.18,149.18,193250
2024-07-22,150.37,150.91,149.9842,150.77,150.77,195062
2024-07-23,150.62,151.05,150.23,150.29,150.29,241549
2024-07-24,149.28,149.28,147.15,147.23,147.23,297689
2024-07-25,146.91,148.58,146.11,146.5,146.5,314909
2024-07-26,147.63,148.765,147.38,148.13,148.13,65598
2024-07-29,148.62,148.7,147.65,148.08,148.08,499720
2024-07-30,148.62,148.8324,146.92,147.66,147.66,45764
2024-07-31,149.93,150.7,149.36,149.97,149.97,444180
2024-08-01,149.88,150.377,146.4,147.31,147.31,300350
2024-08-02,145.31,145.6,143.38,144.62,144.62,371985
2024-08-05,138.72,141.96,138.39,140.68,140.68,545885
2024-08-06,140.83,143.395,140.3,141.76,141.76,623915
2024-08-07,143.84,144.37,141.15,141.18,141.18,156941
2024-08-08,142.73,144.43,142.16,144.18,144.18,139114
2024-08-09,144.12,145.25,143.845,145.03,145.03,80233
2024-08-12,145.17,145.57,144.4374,144.9,144.9,144769
2024-08-13,145.96,147.48,145.94,147.42,147.42,166383
2024-08-14,147.54,148.2,147.16,147.87,147.87,253804
2024-08-15,149.4,150.395,149.345,150.09,150.09,222149
2024-08-16,149.94,150.9,149.94,150.71,150.71,122034
2024-08-19,151.08,152.29,151.06,152.22,152.22,128569
2024-08-20,152.22,152.58,151.72,152.0,152.0,159169
2024-08-21,152.51,153.11,152.15,152.87,152.87,213878
2024-08-22,153.3,153.44,151.42,151.49,151.49,383900
2024-08-23,152.84,153.89,152.54,153.8,153.8,218672
2024-08-26,153.93,154.0,153.002,153.36,153.36,103455
2024-08-27,153.2,153.85,152.96,153.59,153.59,127596
2024-08-28,153.52,153.61,152.04,152.86,152.86,74718
2024-08-29,153.52,154.29,152.85,152.96,152.96,253417
2024-08-30,153.51,154.27,152.67,154.18,154.18,266225
2024-09-03,153.26,153.3,150.494,151.01,151.01,243237
2024-09-04,150.38,151.525,150.3,150.72,150.72,391356
2024-09-05,150.78,151.32,149.77,150.19,150.19,284264
2024-09-06,150.3,150.65,147.48,147.75,147.75,207036
2024-09-09,149.05,149.8399,148.61,149.33,149.33,363668
2024-09-10,149.71,149.88,148.37,149.74,149.74,214867
2024-09-11,149.72,151.3,147.55,151.21,151.21,274323
2024-09-12,151.24,152.485,150.7,152.36,152.36,261677
2024-09-13,152.64,153.38,152.45,153.14,153.14,186909
2024-09-16,153.24,153.695,152.79,153.67,153.67,194281
2024-09-17,154.1,154.35,152.9,153.42,153.42,556583
2024-09-18,153.79,154.95,152.86,153.01,153.01,574132
2024-09-19,155.68,156.16,154.8,155.66,155.66,156573
2024-09-20,155.12,155.38,154.455,155.11,155.11,301726
2024-09-23,155.51,155.8,155.2125,155.58,155.58,147125
2024-09-24,155.97,156.33,155.25,156.07,156.07,372737
2024-09-25,156.3,156.4165,155.46,155.68,155.68,326091
2024-09-26,157.31,157.3461,156.44,157.1,157.1,197389
2024-09-27,157.11,157.385,156.37,156.62,156.62,141939
2024-09-30,156.36,157.03,155.5574,156.91,156.91,370053
2024-10-01,156.8,156.8,154.83,155.61,155.61,201660
2024-10-02,155.36,155.9,154.68,155.63,155.63,123667
2024-10-03,154.96,155.556,154.38,155.04,155.04,191970
2024-10-04,155.98,156.42,155.14,156.34,156.34,151544
2024-10-07,155.86,156.08,154.77,155.0,155.0,148150
2024-10-08,155.52,156.18,155.24,156.07,156.07,131078
2024-10-09,155.81,157.0,155.67,156.9,156.9,204806
2024-10-10,156.4,156.85,156.04,156.64,156.64,110493
2024-10-11,156.53,157.71,156.53,157.54,157.54,156956
2024-10-12,155.52,156.18,155.24,156.07,156.07,131078
2024-10-14,157.73,158.745,157.64,158.54,158.54,98887
