Date,Name,Close,High,Low,Open,Volume,ROC12,FVolatility,MFI14
11/01/2019,SAP SE ADR,133.69,134.265,133.3,133.93,"1,529,638",3.8610938471100056,0.01921869874026824,72.16151924896714,
11/04/2019,SAP SE ADR,134.47,135.23,134.27,134.99,"468,653",4.564541213063768,0.012219141864548502,71.40559775281245,
11/05/2019,SAP SE ADR,133.56,133.72,132.66,133.57,"490,683",3.4306512816541526,0.013514378081870967,65.60565466063795,
11/06/2019,SAP SE ADR,135.11,135.22,134.39,134.86,"459,506",1.80845452490393,0.012527553388749117,64.08599175067735,
11/07/2019,SAP SE ADR,135.08,135.69,134.62,134.7,"281,352",2.4886191198786047,0.008364594776673288,76.06155716815817,
11/08/2019,SAP SE ADR,136.44,136.44,135.11,135.39,"328,307",3.630563572839132,0.009913242968767921,73.63540598699093,
11/11/2019,SAP SE ADR,136.78,137.12,135.96,135.96,"456,926",3.786326731922004,0.008657495863779221,71.59090632603755,
11/12/2019,SAP SE ADR,135.37,136.25,135.17,135.73,"582,640",2.654129066504891,0.01161516051565179,72.56196187670656,
11/13/2019,SAP SE ADR,134.3,134.81,134.1263,134.47,"452,030",1.1523687580025617,0.009485563236679736,65.23714764027453,
11/14/2019,SAP SE ADR,134.41,134.54,133.8,134.15,"345,421",2.0267192955821978,0.005890180976401382,67.15332305537264,
11/15/2019,SAP SE ADR,135.48,135.645,134.08,134.27,"383,755",1.6888088268408017,0.011146503759842072,66.91643790895658,
11/18/2019,SAP SE ADR,135.18,135.78,133.67,134.2,"739,494",1.96108010257957,0.01536344808284869,64.78784245418954,
11/19/2019,SAP SE ADR,135.74,137.02,135.37,137.01,"431,073",1.5333981599222166,0.013770750724178885,64.57461815584642,
11/20/2019,SAP SE ADR,135,135.96,134.25,135.29,"303,766",0.3941399568677037,0.012831368400014287,59.868256600894156,
11/21/2019,SAP SE ADR,135.43,135.93,135.16,135.44,"280,889",1.4001197963462149,0.007429114298991244,51.62818983074381,
11/22/2019,SAP SE ADR,135.41,136.43,135.22,136.23,"225,765",0.22204129968172817,0.00881026531545204,49.61063155588209,
11/25/2019,SAP SE ADR,135.74,136.24,135.4,135.79,"287,611",0.4885993485341994,0.006440788185653444,56.5411367012123,
11/26/2019,SAP SE ADR,135.34,135.86,134.87,135.41,"664,026",-0.8062151861624116,0.007258618806392129,46.573319731606155,
11/27/2019,SAP SE ADR,135.41,135.62,134.53,134.93,"443,890",-1.001608422283963,0.008025585363199805,40.55657994643382,
11/29/2019,SAP SE ADR,135.95,136.26,135.39,135.46,"227,733",0.4284553446110542,0.006571308477411161,39.52306656441598,
12/02/2019,SAP SE ADR,133.45,134.93,132.35,134.93,"628,177",-0.6329113924050802,0.025325213914198102,30.766567937812205,
12/03/2019,SAP SE ADR,134.22,134.25,132.59,132.86,"659,337",-0.14135852987128766,0.013683926604147778,41.185475063069745,
12/04/2019,SAP SE ADR,135.54,135.62,134.86,135.24,"354,593",0.04428697962799105,0.010726389935661107,47.790035838194775,
12/05/2019,SAP SE ADR,134.85,135.58,134.5,135.53,"486,711",-0.24411895250777665,0.008274889791379888,46.671543114823756,
12/06/2019,SAP SE ADR,135,135.55,134.68,135.51,"347,095",-0.545159864446743,0.006624768580813165,46.34994812279431,
12/09/2019,SAP SE ADR,134.86,135.58,134.8,135.12,"233,338",-0.1037037037036936,0.0058625700058629795,54.7417479065261,
12/10/2019,SAP SE ADR,134.7,135.16,134.11,134.25,"300,593",-0.539023849959402,0.007650591619827762,48.10905711182375,
12/11/2019,SAP SE ADR,134.91,135.15,134.1,134.25,"262,369",-0.36924894764049926,0.007813669809652916,53.335970122546605,
12/12/2019,SAP SE ADR,136.7,136.89,134.81,135.08,"680,024",0.707234418741697,0.014736808590567972,56.58442352144629,
12/13/2019,SAP SE ADR,138.5,138.74,136.68,137.03,"745,375",2.33486035170681,0.015041255619069658,60.249915510063765,
12/16/2019,SAP SE ADR,139.39,139.48,138.56,138.63,"497,109",2.9392216232183666,0.007799943487522839,61.60190229072847,
12/17/2019,SAP SE ADR,134.04,135.87,133.91,135.8,"1,439,203",-1.4049282824567833,0.03791182030835777,55.135128862127914,
12/18/2019,SAP SE ADR,133.39,133.7299,132.61,133.32,"663,689",-0.04496065942300658,0.013249711382722478,53.595145298696345,
12/19/2019,SAP SE ADR,133.08,133.53,132.77,133.03,"454,109",-0.849351810460428,0.006408323471405761,49.12987662584166,
12/20/2019,SAP SE ADR,134.41,134.435,133.51,133.93,"474,287",-0.8337022281245355,0.009838798048729797,56.295722048217186,
12/23/2019,SAP SE ADR,133.77,134.33,133.0349,133.16,"296,775",-0.8008898776418125,0.010291150199570321,50.075137524215556,
12/24/2019,SAP SE ADR,133.6,134.36,133.6,134.12,"117,911",-1.0370370370370412,0.0061070343404074495,48.375728797455665,
12/26/2019,SAP SE ADR,134.58,134.58,133.92,133.92,"169,998",-0.20762271985763095,0.007223666159416588,53.19912460769681,
12/27/2019,SAP SE ADR,134.98,135.89,134.74,135.88,"357,194",0.20786933927245818,0.0095057762140356,53.27202911997259,
12/30/2019,SAP SE ADR,133.39,134.66,132.97,134.66,"257,203",-1.126677043955237,0.014606153857794459,49.63128110715355,
12/31/2019,SAP SE ADR,133.99,134.08,133.1,133.17,"299,298",-1.9824433065105924,0.008021364031468223,54.06802582882038,
01/02/2020,SAP SE ADR,136.81,137.14,135.4,135.42,"2,967,539",-1.2202166064981934,0.022101230462637098,67.36389789902289,
01/03/2020,SAP SE ADR,133.98,134.92,133.3,133.3,"507,797",-3.881196642513808,0.02594700540180688,61.28893683516605,
01/06/2020,SAP SE ADR,134.2,134.22,133.13,133.16,"442,872",0.11936735302894405,0.009801987687456952,54.989283264487604,
01/07/2020,SAP SE ADR,133.62,134.35,133.44,134.08,"622,393",0.17242671864458972,0.0070906755756855126,48.69808105299098,
01/08/2020,SAP SE ADR,135.08,135.52,133.76,133.9,"513,264",1.5028554253080852,0.01357135980625053,60.51994983231345,
01/09/2020,SAP SE ADR,137.13,137.29,136.12,136.49,"457,811",2.023658953946878,0.01610710103280757,67.81659430574516,
01/10/2020,SAP SE ADR,136.98,138.07,136.79,137.55,"464,042",2.3996411751513635,0.009971017518743236,73.53376076729491,
01/13/2020,SAP SE ADR,138.33,138.54,137.33,137.65,"555,487",3.5404191616766605,0.01125965965815678,73.85179773145819,
01/14/2020,SAP SE ADR,137.25,137.93,137.03,137.5,"342,153",1.9839500668747119,0.009648126928381535,73.35788745332378,
01/15/2020,SAP SE ADR,136.4,137.68,136.19,137.33,"491,726",1.0520077048451741,0.010823100352032503,68.69280740445048,
01/16/2020,SAP SE ADR,137.29,137.33,135.91,136.67,"1,074,927",2.9237574031036857,0.010482182439478595,71.75144489533965,
01/17/2020,SAP SE ADR,139.96,139.99,138.75,139.04,"507,490",4.455556384804835,0.018831470760047535,72.24324810591278,
01/21/2020,SAP SE ADR,139.54,140.19,138.9,138.9,"579,509",1.9954681675316057,0.010154912814039218,69.73869182280083,
01/22/2020,SAP SE ADR,139.58,140.67,139.41,140.35,"473,145",4.17972831765937,0.009139618519217426,70.31786501075668,
01/23/2020,SAP SE ADR,138.14,138.55,136.69,138.41,"622,115",2.935916542473918,0.02005153961877372,53.09478499965092,
01/24/2020,SAP SE ADR,139.06,140.1,138.7027,139.67,"595,780",4.071246819338421,0.014721507616079526,60.15869047770203,
01/27/2020,SAP SE ADR,136.25,140.45,134.74,134.87,"1,275,583",0.8661533905833487,0.03986369434479222,54.25391015707559,
01/28/2020,SAP SE ADR,132.46,132.71,131.03,132.47,"2,188,842",-3.4055276015459692,0.03984052220518418,46.187698229312346,
01/29/2020,SAP SE ADR,131.65,132.4,131.37,131.88,"1,368,527",-3.891078989633512,0.01116475285079275,38.12680637074193,
01/30/2020,SAP SE ADR,130.97,131.31,130.05,130.37,"1,631,497",-5.32061013518399,0.012199486986295856,30.83008281542076,
01/31/2020,SAP SE ADR,130.77,132.18,130.19,132.1,"1,023,639",-4.721311475409829,0.015004818978378418,33.66856937413104,
02/03/2020,SAP SE ADR,132.64,132.91,131.65,131.82,"536,272",-2.756598240469222,0.016240992288891955,33.44789151685918,
02/04/2020,SAP SE ADR,135.48,136.08,134.68,134.86,"418,364",-1.3183771578410681,0.025053600461398515,36.553284960271505,
02/05/2020,SAP SE ADR,137.42,137.5,136.31,137.49,"663,685",-1.8148042297799516,0.01583209986748153,41.27184529318019,
02/06/2020,SAP SE ADR,136.49,136.91,135.7,136.09,"497,814",-2.1857531890497226,0.012962025827036398,34.40072960833914,
02/07/2020,SAP SE ADR,135.06,136.02,134.64,135.95,"511,691",-3.238286287433737,0.013669588368546703,30.17627226979241,
02/10/2020,SAP SE ADR,135.23,135.37,134.68,134.68,"381,244",-2.1065585637758772,0.005900194509190706,30.71853636058831,
02/11/2020,SAP SE ADR,136.55,137.32,136.19,136.5,"454,118",-1.8049762692362943,0.01458651812298098,30.54363049789966,
02/12/2020,SAP SE ADR,138.16,138.51,137.61,138.39,"464,789",1.4018348623853185,0.014374880363298722,34.94332504147791,
02/13/2020,SAP SE ADR,137.45,137.7,136.27,136.28,"365,811",3.7671749962252608,0.013915465250876653,30.404120305068396,
02/14/2020,SAP SE ADR,137.44,137.87,136.78,137.01,"289,815",4.398025066464103,0.008509588946426871,36.02026024043862,
02/18/2020,SAP SE ADR,137.76,138.01,137.005,137.04,"456,992",5.184393372528054,0.0074422341809722735,47.908909889183484,
02/19/2020,SAP SE ADR,139.7,139.91,138.45,138.49,"499,547",6.828783360097865,0.01486461446835788,59.02684412856257,
02/20/2020,SAP SE ADR,138.43,139.4,137.63,138.85,"523,951",4.365199034981922,0.015024351779329313,67.66037538507823,
02/21/2020,SAP SE ADR,136.63,137.46,135.94,137.25,"379,369",0.8488337762031338,0.01801758154057413,58.74758431310526,
02/24/2020,SAP SE ADR,130.92,131.92,130.24,130.33,"676,491",-4.73002474166788,0.046240932697568286,49.687027724517975,
02/25/2020,SAP SE ADR,127.78,131.12,127.56,130.92,"837,333",-6.381419884240609,0.029575025923559563,41.03786120944553,
02/26/2020,SAP SE ADR,126.9,129.82,126.7024,128.68,"802,790",-6.041759218125275,0.025057447978726076,31.072842041581975,
02/27/2020,SAP SE ADR,124.81,128.27,124.53,125.22,"1,581,445",-7.705390815647406,0.029580607810305547,27.34037872670048,
02/28/2020,SAP SE ADR,123.57,124.185,120.39,121.22,"1,394,289",-9.50567557671184,0.03606552142980971,25.006889109229796,
03/02/2020,SAP SE ADR,126.53,126.65,121.85,124.13,"931,589",-8.417776491024895,0.039090225527826636,32.967670403821366,
03/03/2020,SAP SE ADR,123.8,129.14,122.96,127.24,"907,025",-9.930883957802832,0.04924479071605067,35.606043290595444,
03/04/2020,SAP SE ADR,125.66,125.75,123.35,124.98,"840,178",-8.571012805587893,0.022164826572447144,29.781534860222067,
03/05/2020,SAP SE ADR,121.28,123.82,120.22,122.54,"1,395,171",-11.962833914053421,0.0431516881554571,27.357453331323573,
03/06/2020,SAP SE ADR,121.49,122.4,119.68,120.27,"1,255,827",-13.035075161059408,0.02458403776619857,22.901285281931287,
03/09/2020,SAP SE ADR,111.5,116.19,110.55,113.61,"1,571,803",-19.45387560499892,0.09219831863414599,17.655047527148657,
03/10/2020,SAP SE ADR,117.99,118.57,113.77,117.48,"1,521,901",-13.642684622703653,0.06602536692026678,22.58494520182199,
03/11/2020,SAP SE ADR,112.62,116.02,111,115.31,"1,626,592",-13.978001833180556,0.06325046333181782,21.270482508263843,
03/12/2020,SAP SE ADR,101.44,107.75,100.68,105.82,"1,746,126",-20.61355454687745,0.11356237281779118,19.934422222758055,
03/13/2020,SAP SE ADR,108.35,108.55,100.23,107.71,"1,819,732",-14.61780929866037,0.08578665127255233,27.92138791479158,
03/16/2020,SAP SE ADR,97.49,103.11,93.42,93.43,"1,344,540",-21.889271692973328,0.15308595488787854,27.614250172340853,
03/17/2020,SAP SE ADR,102.96,102.99,95.34,97.7,"1,561,516",-16.67880553532411,0.0868615814587126,33.9817785935895,
03/18/2020,SAP SE ADR,96.95,98.06,93.23,95.23,"1,067,247",-23.37785505413736,0.10277427792399604,35.5207065343033,
03/19/2020,SAP SE ADR,94.13,96.173,90.895,92.5,"1,753,860",-23.966074313408726,0.06990250287984806,35.632831528837905,
03/20/2020,SAP SE ADR,94.3,99.02,93.795,96.54,"1,372,352",-24.956231099793094,0.05699713132374307,36.0806145587729,
03/23/2020,SAP SE ADR,98.32,100.99,97.14,97.99,"1,974,870",-18.93139841688655,0.06967591775169088,38.42627271841737,
03/24/2020,SAP SE ADR,105.97,107.47,103.77,107.02,"1,607,950",-12.774713968227834,0.09093732546170788,44.77015742880865,
03/25/2020,SAP SE ADR,106.4,108.99,102.5,104.46,"1,012,237",-4.573991031390129,0.06582800519718403,50.8557593001594,
03/26/2020,SAP SE ADR,115.25,115.33,109.6,109.6,"1,978,640",-2.3222306975167344,0.08228306540753613,59.03102881796916,
03/27/2020,SAP SE ADR,110.28,112.97,108.805,110.51,"881,297",-2.0777836973894543,0.061329742476462806,61.15348364061891,
03/30/2020,SAP SE ADR,112.9,113.13,110.84,112.09,"605,149",11.297318611987391,0.029069347446420896,59.128736523596416,
03/31/2020,SAP SE ADR,110.5,113.24,110.21,111.14,"1,138,910",1.9843101061375226,0.027636275195346123,60.784617663871565,
04/01/2020,SAP SE ADR,105.53,107.94,104.84,107.12,"1,070,515",8.246999692276137,0.05159150488318134,62.83251676249667,
04/02/2020,SAP SE ADR,104.99,106.0705,103.215,103.84,"1,026,711",1.971639471639473,0.029840639068949175,55.50141423638399,
04/03/2020,SAP SE ADR,105.19,105.55,103.83,104.76,"954,298",8.499226405363585,0.017772367028734894,61.809180440232595,
04/06/2020,SAP SE ADR,112.01,112.09,108.65,108.75,"1,252,377",18.995006905343683,0.061248023306529904,61.43887071628832,
04/07/2020,SAP SE ADR,111.83,114.25,111.55,114.19,"929,407",18.589607635206786,0.027571995436081204,67.0259630459603,
04/08/2020,SAP SE ADR,115.02,115.7,112.96,114.07,"1,214,589",16.985353946297806,0.03396663462367149,75.58104199700801,
04/09/2020,SAP SE ADR,121.41,121.79,119.32,120.08,"1,371,805",14.570161366424458,0.056596356613407,76.03334502145238,
04/13/2020,SAP SE ADR,122.38,122.64,119.965,120.1,"1,060,755",15.018796992481194,0.025416187237283103,75.1496461344615,
04/14/2020,SAP SE ADR,123.33,126.095,122.8125,124.59,"1,110,877",7.010845986984814,0.02990716917061518,74.69535182466969,
04/15/2020,SAP SE ADR,118.65,120.05,117.15,117.49,"1,144,748",7.58977149075082,0.050675998035414956,67.50856304626639,
04/16/2020,SAP SE ADR,119.28,120.566,118.22,120.43,"693,338",5.651018600531439,0.022647234345632018,64.71547851339568,
04/17/2020,SAP SE ADR,123.41,123.69,121.98,122.97,"709,296",11.683257918552032,0.035669594927707875,70.45248431497907,
04/20/2020,SAP SE ADR,122.56,124.14,121.24,121.26,"919,441",16.13759120629205,0.024987689098283916,64.53495182010617,
04/21/2020,SAP SE ADR,116,119.2,114.59,118.93,"1,671,876",10.48671302028765,0.06550098715084796,62.021602536804465,
04/22/2020,SAP SE ADR,117.1,117.62,116.4,117.38,"996,521",11.322369046487305,0.018650559960421947,68.56685072048991,
04/23/2020,SAP SE ADR,115.15,118.37,115.12,115.23,"918,227",2.8033211320417823,0.027360424270834995,68.59997480719659,
04/24/2020,SAP SE ADR,116.49,116.56,114.95,116.25,"715,707",4.167039256013589,0.015220120028417475,63.50693451201535,
04/27/2020,SAP SE ADR,116.86,117.42,116.1,116.44,"657,324",1.5997217875152179,0.011719564587972235,62.15154501401472,
04/28/2020,SAP SE ADR,116.86,119.245,116.74,119.23,"693,497",-3.7476319907750573,0.020572633801610396,61.62320795416145,
04/29/2020,SAP SE ADR,119.15,119.69,117.74,117.89,"571,837",-2.6393201503513564,0.023885704717421134,59.89315814804733,
04/30/2020,SAP SE ADR,118.54,120.22,117.5594,120.22,"651,550",-3.883888753750095,0.02274593958857257,52.32269695420293,
05/01/2020,SAP SE ADR,116.97,117.85,116.075,116.86,"654,315",-1.4159292035398288,0.021373512374635202,45.25888078225399,
05/04/2020,SAP SE ADR,117.19,117.22,115.45,115.95,"552,890",-1.7521797451374945,0.015880603176228664,37.59087256305919,
05/05/2020,SAP SE ADR,116.57,118.21,116.2,116.43,"757,707",-5.542500607730333,0.017168929814643775,45.66467849480034,
05/06/2020,SAP SE ADR,113.15,115.23,113.02,114.7,"1,047,924",-7.677872062663183,0.03011569347955391,38.32152328959804,
05/07/2020,SAP SE ADR,115.22,117.1,115.01,117.03,"801,887",-0.6724137931034493,0.03447361966593934,38.57456363788841,
05/08/2020,SAP SE ADR,116.75,117.07,115.84,116.19,"476,209",-0.2988898377455118,0.017730547456967283,44.532927197560944,
05/11/2020,SAP SE ADR,115.28,116.1899,114.725,114.88,"408,233",0.11289622231871077,0.01765814462013957,50.23545556180853,
05/12/2020,SAP SE ADR,114.42,116.46,114.33,116.23,"652,571",-1.7769765645119695,0.018541904752924557,41.630361444461045,
05/13/2020,SAP SE ADR,114.08,116.49,112.91,116.42,"696,023",-2.37891494095499,0.030509872276111058,42.66628069684728,
05/14/2020,SAP SE ADR,113.13,113.2,109.82,110.6,"653,214",-3.191853499914431,0.038037941568320535,43.05603148056585,
05/15/2020,SAP SE ADR,113.21,113.38,111.965,112.32,"749,518",-4.985312631137231,0.014946974604642626,43.46653392233327,
05/18/2020,SAP SE ADR,117.48,117.93,115.99,116.41,"621,535",-0.8942129239075436,0.03926102496164949,43.005718503016766,
05/19/2020,SAP SE ADR,117.23,118.55,117.19,117.5,"742,109",0.22227921689322486,0.014119262049395852,44.01317399673968,
05/20/2020,SAP SE ADR,120.3,121.19,119.43,120.13,"865,133",2.6538100520522225,0.03199243219626578,52.24888074920162,
05/21/2020,SAP SE ADR,116.19,118.95,116.14,118.71,"948,226",-0.3259843870635631,0.035470984137697656,50.6890808481543,
05/22/2020,SAP SE ADR,116.07,116.62,115.18,115.62,"802,647",2.5806451612903114,0.014590244481349345,49.465132077524935,
05/26/2020,SAP SE ADR,121.47,123.56,121.07,123.52,"957,555",5.424405485158827,0.05999004493914355,50.640826503522185,
05/27/2020,SAP SE ADR,122.98,123.69,121.57,123.59,"860,264",5.336188436830839,0.02206829277618698,60.02649454372864,
05/28/2020,SAP SE ADR,123.63,125.21,123.24,123.26,"778,668",7.243233865371265,0.01849078094414123,60.15068014974682,
05/29/2020,SAP SE ADR,128.1,128.135,124.91,127.27,"1,773,253",11.955951756685888,0.03480768513682626,65.0810251529548,
06/01/2020,SAP SE ADR,128.51,128.51,127.18,127.66,"664,632",12.649018232819069,0.012671261487441854,69.36251112504256,
06/02/2020,SAP SE ADR,130.46,130.48,128.79,129.35,"721,408",15.318659948731561,0.015087884079591359,75.01701592353014,
06/03/2020,SAP SE ADR,133.56,133.99,131.26,131.63,"774,398",17.975443865382925,0.025969900462017963,80.90474968387046,
06/04/2020,SAP SE ADR,134.34,135.49,133.57,133.7,"842,366",14.35137895812053,0.015497658461778967,86.32244561987989,
06/05/2020,SAP SE ADR,135.82,137.1,135.3291,135.81,"778,732",15.857715601808401,0.020086047232771187,86.51571094293993,
06/08/2020,SAP SE ADR,136.61,136.68,134.72,135.65,"565,476",13.55777223607649,0.015052089372705012,81.48499835028919,
06/09/2020,SAP SE ADR,136.74,137.92,136.24,137.38,"663,955",17.686547895688104,0.012578535643074464,81.52912220874052,
06/10/2020,SAP SE ADR,136.58,137.865,136.11,137.59,"603,746",17.670371327647125,0.012865305793027576,75.75630286393273,
06/11/2020,SAP SE ADR,129.5,135.66,129.3733,135.6,"1,119,067",6.610685766032766,0.05181020354273831,73.9739752320483,
06/12/2020,SAP SE ADR,130.14,132.42,127.64,131.93,"1,082,098",5.8220848918523185,0.03875463261744322,71.74723645195579,
06/15/2020,SAP SE ADR,130.42,131.385,127.535,127.97,"795,683",5.492194451184981,0.03096659531669778,64.92594139958624,
06/16/2020,SAP SE ADR,133.53,134.86,131.905,133.54,"709,082",4.238875878220146,0.033764107123282816,64.67892718414592,
06/17/2020,SAP SE ADR,134.52,135.74,133.91,135.13,"648,097",4.67667885767646,0.01811545326836464,64.4678558690257,
06/18/2020,SAP SE ADR,135.14,135.6,133.75,134.94,"447,303",3.587306454085527,0.014221200934337274,60.2350474707485,
06/19/2020,SAP SE ADR,137.03,139.55,135.98,138.94,"1,036,107",2.598083258460616,0.030959041192478234,61.816743446719514,
06/22/2020,SAP SE ADR,140.98,140.99,138.56,139.23,"1,635,003",4.942682745273177,0.029086077643651603,65.09529422351146,
06/23/2020,SAP SE ADR,141.07,143.05,140.71,142.6,"1,356,919",3.865410101605066,0.01776232353146591,66.96322463429944,
06/24/2020,SAP SE ADR,135.85,139.36,134.92,138.54,"857,987",-0.5563282336578722,0.04305345436411169,60.0232565741955,
06/25/2020,SAP SE ADR,137.66,137.98,134.09,134.85,"929,746",0.6728097118619185,0.030287010553077375,53.01478324354234,
06/26/2020,SAP SE ADR,136.78,138.82,135.96,138.61,"450,282",0.14643432420558544,0.02187663614619022,57.17708849838465,
06/29/2020,SAP SE ADR,138.43,138.8,136.76,138.08,"626,620",6.895752895752901,0.015549369006988474,57.06267569127373,
06/30/2020,SAP SE ADR,140,140.43,137.88,138.22,"463,780",7.576456124173978,0.018226618006885884,61.590749078547326,
07/01/2020,SAP SE ADR,140.08,140.78,138.4,138.62,"471,992",7.406839441803425,0.017290175993269156,68.9627755904541,
07/02/2020,SAP SE ADR,142.85,143.62,142.4,142.64,"536,515",6.9797049352205445,0.02454571923390339,76.97154069230187,
07/06/2020,SAP SE ADR,147.56,147.9142,146.43,147.21,"695,457",9.693725840023781,0.034459767710925696,83.8050973450339,
07/07/2020,SAP SE ADR,144.06,145.71,143.92,145.04,"670,222",6.600562379754341,0.02612527778624272,77.41565594049277,
07/08/2020,SAP SE ADR,146.95,147.2,144.91,145.2,"433,482",7.239290666277448,0.022190001336492366,77.05302920967851,
07/09/2020,SAP SE ADR,152.67,155.6,151.28,155.43,"1,718,426",8.291956305858987,0.055529599243031094,79.80886786598892,
07/10/2020,SAP SE ADR,153.49,153.5,151.33,152.71,"714,087",8.804139788757366,0.018084075292075577,72.81519784899737,
07/13/2020,SAP SE ADR,150.93,156.285,150.43,155.62,"989,114",11.100478468899531,0.037027422870309246,61.90425036225106,
07/14/2020,SAP SE ADR,153.85,153.94,151.06,151.29,"776,289",11.760860090077,0.021496147481864368,60.0452587034478,
07/15/2020,SAP SE ADR,156.61,157.23,154.67,155.52,"944,204",14.497733586781703,0.021926423192652103,68.47318509454315,
07/16/2020,SAP SE ADR,155.12,156.58,154.52,155.55,"476,145",12.056635122444554,0.014289454093455767,70.92170435552798,
07/17/2020,SAP SE ADR,156.28,156.59,154.66,155.48,"456,840",11.628571428571428,0.012643574156856645,71.10545166235326,
07/20/2020,SAP SE ADR,159.77,159.9,157.43,157.69,"491,638",14.056253569388918,0.022207190921442632,70.94402245867612,
07/21/2020,SAP SE ADR,162.51,163.94,161.77,163,"718,276",13.762688134406718,0.02574612533557828,71.93250445628568,
07/22/2020,SAP SE ADR,164.47,165.28,163.595,164.86,"701,877",11.459745188397937,0.01783610677288946,72.80859077763654,
07/23/2020,SAP SE ADR,161.27,164.63,160.79,163.67,"682,682",11.946411217548249,0.023332448087574943,66.53832237367209,
07/24/2020,SAP SE ADR,158.62,159.03,156.99,157.46,"890,622",7.941476692752649,0.026905570722668148,58.8117164424255,
07/27/2020,SAP SE ADR,164.87,165.385,162.08,162.28,"1,168,717",7.991091897556834,0.04121786867873447,66.5732225435077,
07/28/2020,SAP SE ADR,160.36,162.14,160.21,161.82,"596,103",4.475861619649491,0.03018964582906527,61.80654148054173,
07/29/2020,SAP SE ADR,164.66,165.43,163.58,163.84,"459,301",9.0969323527463,0.03148666160522281,57.318168067073174,
07/30/2020,SAP SE ADR,160.17,160.55,156.3,158.16,"790,278",4.107897302567432,0.051486863961435564,56.72963319595771,
07/31/2020,SAP SE ADR,159.22,160.76,156.92,160.67,"695,767",1.666560245195061,0.026927049505728745,58.18236332273103,
08/03/2020,SAP SE ADR,162.15,162.39,160.42,160.78,"443,752",4.531975244971635,0.020547512773807543,56.894504702384786,
08/04/2020,SAP SE ADR,160.26,160.27,158.64,158.65,"466,357",2.5467110314819488,0.02198210781783628,49.603959347376396,
08/05/2020,SAP SE ADR,161.64,162.97,161.04,162.07,"338,660",1.1704324967140114,0.017371119997553138,54.090399237406594,
08/06/2020,SAP SE ADR,161.98,162.22,160.05,160.63,"446,420",-0.3261337763829925,0.013904886402322144,49.09586288294319,
08/07/2020,SAP SE ADR,161.17,161.85,160.01,161.28,"370,900",-2.006444944366761,0.012456562870068095,44.21576065670158,
08/10/2020,SAP SE ADR,159.64,159.72,157.94,159.62,"378,828",-1.0107273516463222,0.019724054899846,37.46026521831057,
08/11/2020,SAP SE ADR,159.15,162.0828,158.91,161.94,"502,306",0.3341318875299465,0.01994402181002081,35.80650814851419,
08/12/2020,SAP SE ADR,162.61,163.15,160.31,160.31,"315,392",-1.3707769757991088,0.024661749105226522,41.53428930009678,
08/13/2020,SAP SE ADR,160.85,162.5,160.01,161.12,"399,871",0.3055624844100652,0.017013781226359447,44.20688885559768,
08/14/2020,SAP SE ADR,160.09,160.953,159.35,160.45,"274,499",-2.7754160087452893,0.010691813924990995,32.0574764301187,
08/17/2020,SAP SE ADR,160.48,161.63,159.73,161.07,"310,745",0.1935443591184381,0.011785685752798113,38.55754595644354,
08/18/2020,SAP SE ADR,161.78,163.14,160.74,162.99,"641,723",1.6078382112799914,0.01613985704795217,40.257543110917176,
08/19/2020,SAP SE ADR,161.31,164.15,160.9,163.91,"554,661",-0.5180388529139707,0.019829879088657833,50.822669118690655,
08/20/2020,SAP SE ADR,162.98,163.63,160.76,160.87,"430,519",1.6972419817796076,0.018032443259456608,60.394169449900524,
08/21/2020,SAP SE ADR,160.31,160.53,159.13,159.21,"390,337",-0.8228161346201337,0.023633908637236148,53.33946686649693,
08/24/2020,SAP SE ADR,163.89,164.55,162.85,164.49,"446,086",1.1791579207309524,0.026192860363520348,61.226782395461306,
08/25/2020,SAP SE ADR,165.58,165.84,163.9,165.82,"339,904",2.7362412359620434,0.013197736777426944,61.28044084232056,
08/26/2020,SAP SE ADR,168.46,168.65,166.01,166.01,"401,890",5.524931094963682,0.01805514568931595,68.81413332336918,
08/27/2020,SAP SE ADR,165.85,168.15,164.6,168.09,"471,532",4.209864907320131,0.022960276693063927,67.46490401097407,
08/28/2020,SAP SE ADR,166.72,166.99,165.37,166.3,"292,787",2.527519832728605,0.010992947471362853,73.47887447785628,
08/31/2020,SAP SE ADR,165.41,166.69,164.2,165.48,"405,710",2.8349393845197404,0.014951302167422149,65.85347573081067,
09/01/2020,SAP SE ADR,166.36,166.46,164.68,165.68,"537,873",3.9165469423449375,0.011185428732821278,67.20227748664762,
09/02/2020,SAP SE ADR,169.02,169.3,166.29,167.66,"503,077",5.321535393818557,0.01747222811407292,74.41802705785481,
09/03/2020,SAP SE ADR,161.92,167.6,160.72,167.49,"480,522",0.08653727283965036,0.048536210067476986,71.89405248182746,
09/04/2020,SAP SE ADR,159.43,161.3,153.94,160.43,"702,491",-1.1654578141466714,0.05153818145073483,63.199747283057235,
09/08/2020,SAP SE ADR,154.69,158.47,154.67,155.72,"985,436",-5.086513682660445,0.03266274268676734,51.22436177304756,
09/09/2020,SAP SE ADR,162.45,163.68,159.82,160.83,"994,718",1.3349136048905161,0.05580227884873332,54.11514139068691,
09/10/2020,SAP SE ADR,159,163.115,158.52,162.46,"503,869",-2.983708585026534,0.031424642283796246,47.86411747997025,
09/11/2020,SAP SE ADR,159.57,160.81,158.2935,160.47,"385,844",-3.6296654185288193,0.01730922541949559,47.899109653274394,
09/14/2020,SAP SE ADR,160.7,161.625,159.84,160.91,"389,070",-4.6064347619613075,0.013281166487314762,47.44264928417714,
09/15/2020,SAP SE ADR,160.67,161.34,159.8,160.72,"566,536",-3.1233041905336187,0.009968329960560256,41.5623676072431,
09/16/2020,SAP SE ADR,158.97,161.69,158.86,161.34,"567,629",-4.648512476007678,0.0171011461764701,35.438880865018945,
09/17/2020,SAP SE ADR,160.43,161.03,158.97,159.34,"593,140",-3.010700683150952,0.01333503131389769,42.42342638504264,
09/18/2020,SAP SE ADR,160.15,162.17,159.25,162.11,"713,217",-3.7328684779995234,0.017881320814464436,45.246832203352845,
09/21/2020,SAP SE ADR,155.88,156.17,153.17,155.66,"600,110",-7.774227902023437,0.04305310315285553,44.38836222249268,
09/22/2020,SAP SE ADR,157.23,157.325,154.97,156.37,"361,541",-2.896492094861659,0.017728909053129297,43.02955880123836,
09/23/2020,SAP SE ADR,152.11,155.64,151.8301,155.3,"449,454",-4.591356708273219,0.03394391136984848,37.12842285385715,
09/24/2020,SAP SE ADR,153.34,155.01,151.75,152.86,"513,650",-0.8727131682720243,0.022615539044705358,43.09267364201311,
09/25/2020,SAP SE ADR,152.06,153.04,149.43,149.93,"632,183",-6.395814096645114,0.025843319766293907,43.60059638668533,
09/28/2020,SAP SE ADR,157.08,157.64,155.5,155.93,"777,132",-1.207547169811313,0.03570943001187479,54.26883216851766,
09/29/2020,SAP SE ADR,156.57,157.52,156.13,156.4,"488,213",-1.8800526414739613,0.01133980034572248,47.635748807439526,
09/30/2020,SAP SE ADR,155.81,157.03,154.59,156.06,"507,232",-3.042937149968878,0.015379696284862137,47.70849491537195,
10/01/2020,SAP SE ADR,156.82,157.42,155.42,156.39,"462,718",-2.3962158461442673,0.013096660308485672,53.71275809905843,
10/02/2020,SAP SE ADR,154.29,155.89,153.83,154.74,"542,426",-2.9439516889979283,0.01886064265467438,47.22896623999287,
10/05/2020,SAP SE ADR,156.6,156.75,154.73,154.79,"290,666",-2.387334039768131,0.016209150746345307,53.33460411589496,
10/06/2020,SAP SE ADR,154.05,156.37,153.74,155.69,"667,778",-3.8089291289416134,0.01838522821040421,52.7288385020466,
10/07/2020,SAP SE ADR,154.32,154.6,152.41,153.39,"880,873",-1.0007698229407251,0.014734235185920564,42.60332695347405,
10/08/2020,SAP SE ADR,156.12,156.29,155.035,155.55,"377,063",-0.7059721427208454,0.012944641108140848,39.67677490251594,
10/09/2020,SAP SE ADR,157.14,157.71,156.6,156.69,"282,484",3.3068174347511485,0.01043539781159189,45.7759480168502,
10/12/2020,SAP SE ADR,158.77,159.4637,157.95,158.16,"314,033",3.541150384765884,0.014391809510982432,45.42384254161959,
10/13/2020,SAP SE ADR,156.6,157.65,155.99,157.04,"357,694",2.985663553860313,0.017509851077643763,45.99051120309812,
10/14/2020,SAP SE ADR,157.44,158.7,156.49,158.36,"369,126",0.22918258212374917,0.014430266584063033,44.881415658571456,
10/15/2020,SAP SE ADR,153.8,154.05,152.14,152.75,"574,745",-1.7691767260650073,0.03298123783004856,45.22620363512267,
10/16/2020,SAP SE ADR,155.12,157.21,154.71,155.64,"679,272",-0.4428470573133931,0.023154341162230422,44.32919522463598,
10/19/2020,SAP SE ADR,152.51,156.29,152.2,156.06,"388,290",-2.7483739318964435,0.026534518411713958,41.78653626052443,
10/20/2020,SAP SE ADR,150.66,152.81,150.375,151.83,"545,668",-2.352712424654868,0.017133002769537675,41.64570561718368,
10/21/2020,SAP SE ADR,148.37,149.86,148.08,148.23,"847,623",-5.255427841634732,0.017396649876057768,33.008469274456175,
10/22/2020,SAP SE ADR,147.64,148.59,145.38,146.59,"844,940",-4.160986692632278,0.021654300928589252,31.8341978152735,
10/23/2020,SAP SE ADR,149.68,149.81,147.15,148.06,"1,204,078",-3.0067392431311473,0.018402020437798088,39.011454440863716,
10/26/2020,SAP SE ADR,115.02,118.6894,113.23,118.27,"11,290,158",-26.32590315142199,0.2943194148468297,20.05343074199167,
10/27/2020,SAP SE ADR,114.5,118.6699,113.86,118.53,"6,608,561",-27.135038818887608,0.06515993211316931,40.623392191929845,
10/28/2020,SAP SE ADR,108.11,110.34,107.7,109.67,"5,486,661",-31.907791144422752,0.06332212770202439,33.00990244501701,
10/29/2020,SAP SE ADR,108.63,109.8719,106.06,106.8,"2,824,809",-30.632183908045977,0.03843017234162194,29.662505580422334,
10/30/2020,SAP SE ADR,106.83,108.15,105.66,108,"2,617,381",-32.145579268292686,0.029047314722709,26.805796645824643,
11/02/2020,SAP SE ADR,105.83,106.33,104.64,106.31,"2,235,645",-31.18985695708713,0.02166693686803608,25.686722281927825,
11/03/2020,SAP SE ADR,109.71,110.69,108.3435,108.5,"1,834,539",-29.274110366168134,0.04371763628524671,28.070089066097154,
11/04/2020,SAP SE ADR,112.45,113.78,110.89,111.64,"1,836,888",-26.267130024260698,0.037699606298302546,31.857641467516963,
11/05/2020,SAP SE ADR,115.68,117.13,114.23,117.07,"2,559,769",-23.217841497411385,0.041262234308778886,34.580790451854924,
11/06/2020,SAP SE ADR,115.12,116.83,114.97,116.7,"1,770,413",-22.410190739367795,0.018458506233626402,33.558835776319505,
11/09/2020,SAP SE ADR,115.22,120.1,115.22,120.05,"3,263,891",-21.958818748306683,0.04100459855140483,38.956714898422604,
11/10/2020,SAP SE ADR,116.78,119.3,116.59,119.29,"2,269,735",-21.980224478888296,0.03591907169296118,42.92071408134478,
11/11/2020,SAP SE ADR,119.51,119.7255,118.5,119,"1,725,733",3.9036689271431135,0.026195043665870527,46.06726237349906,
11/12/2020,SAP SE ADR,117.43,119.6199,117.22,119.35,"1,525,919",2.558951965065508,0.020993611870851518,42.7583227922392,
11/13/2020,SAP SE ADR,120.31,120.43,119.25,119.63,"1,053,620",11.284802515955972,0.02513317786379049,57.59270820939625,
11/16/2020,SAP SE ADR,118.95,120.69,118.47,120.56,"849,426",9.500138083402382,0.01932021730205825,46.93056951171462,
11/17/2020,SAP SE ADR,116.99,117.6516,116.43,117.45,"1,367,955",9.510437143124587,0.021432661763586863,53.42868292043302,
11/18/2020,SAP SE ADR,117.93,119.46,117.88,118.49,"1,600,997",11.43343097420392,0.02114198346379412,61.715760713295104,
11/19/2020,SAP SE ADR,118.68,118.68,117.43,117.91,"1,469,904",8.176100628930831,0.011598943369089006,63.94666270395689,
11/20/2020,SAP SE ADR,117.02,117.71,116.73,117.31,"1,374,175",4.064028457092035,0.016241010458847367,65.62876559922444,
11/23/2020,SAP SE ADR,117.39,118,116.23,117.83,"1,367,113",1.4782157676348493,0.01532047949256708,65.13046714685933,
11/24/2020,SAP SE ADR,116.8,117.25,115.7,117.19,"1,708,347",1.4593467685892916,0.014671626838445815,57.9444527611374,
11/25/2020,SAP SE ADR,118.09,118.14,116.55,116.59,"1,040,433",2.490886998784937,0.013735796660052957,55.16896309763972,
11/27/2020,SAP SE ADR,119.25,120.023,119.13,119.43,"504,890",2.1150882000342515,0.016129500787215898,60.794228801910066,
11/30/2020,SAP SE ADR,121.16,121.88,120.02,121.68,"1,918,100",1.3806376035478132,0.02151587037840705,58.29294774246222,
12/01/2020,SAP SE ADR,123.02,123.18,121.675,122.16,"1,288,511",4.760282721621381,0.01711250551865895,56.258205197642894,
12/02/2020,SAP SE ADR,122.5,122.83,121.75,122.46,"582,105",1.8202975646247175,0.011038601864399243,50.05171907080377,
12/03/2020,SAP SE ADR,122.41,123.065,121.77,121.77,"602,800",2.9087852038671658,0.01067151227651826,56.437535168907345,
12/04/2020,SAP SE ADR,124.64,124.86,123.7,123.75,"624,857",6.539020429096509,0.01916532355331088,55.34448990377203,
12/07/2020,SAP SE ADR,123.22,123.82,123.01,123.12,"537,478",4.485711862969551,0.013788625056567997,56.363765861396146,
12/08/2020,SAP SE ADR,123.99,124.1,122.83,122.98,"516,748",4.474216380181992,0.010653051013372664,62.890696463952324,
12/09/2020,SAP SE ADR,122.98,125.39,122.23,125.24,"871,462",5.093146470688778,0.02447109579210914,54.89920709764965,
12/10/2020,SAP SE ADR,123,123.245,120.77,121.05,"765,059",4.778941988244314,0.020855099655101815,57.57321400750281,
12/11/2020,SAP SE ADR,120.85,121.76,119.88,121.12,"1,005,529",3.4674657534246554,0.025555941810487495,58.98726398920861,
12/14/2020,SAP SE ADR,121.31,122.14,121.07,121.09,"942,571",2.726733847065796,0.01202725810945009,57.787317138303386,
12/15/2020,SAP SE ADR,123.07,123.25,122.34,122.97,"644,092",3.2033542976939144,0.01563164745562261,68.0845771755949,
12/16/2020,SAP SE ADR,125,125.48,124.11,124.13,"657,649",3.1693628260151896,0.01922319659348603,67.16868970267383,
12/17/2020,SAP SE ADR,128.67,128.78,127.8,128.15,"955,099",4.59274914648024,0.02923847241758965,68.56629190180415,
12/18/2020,SAP SE ADR,127.34,128.55,126.45,128.55,"1,318,225",3.9510204081632683,0.018618357839752728,55.127621975347274,
12/21/2020,SAP SE ADR,125.32,125.66,123.17,124.12,"831,735",2.377256760068619,0.032470438591984736,45.61074964457133,
12/22/2020,SAP SE ADR,125.93,126.76,125.58,126.45,"860,460",1.0349807445442925,0.013397843603536871,52.22590807503098,
12/23/2020,SAP SE ADR,126,127.052,125.8,126.84,"616,748",2.2561272520694704,0.010265536006160597,52.36688681241532,
12/24/2020,SAP SE ADR,126.06,126.31,125.6,125.92,"223,452",1.6694894749576639,0.0060721998569584915,48.49674722436973,
12/28/2020,SAP SE ADR,130.91,131,128.08,129.34,"1,626,141",6.448202959830861,0.03617718944367629,58.007919322441126,
12/29/2020,SAP SE ADR,129.95,132.36,129.81,131.95,"1,058,540",5.650406504065032,0.02114710378222979,60.01602232063925,
12/30/2020,SAP SE ADR,130.64,131.305,130.33,130.55,"407,213",8.100951592883733,0.011401634290462027,65.7320025432101,
12/31/2020,SAP SE ADR,130.39,130.86,129.65,130.67,"378,957",7.484955898112261,0.009520893234062671,67.72470683343215,
01/04/2021,SAP SE ADR,129.24,131.8,127.63,131.66,"1,005,429",5.013407004143996,0.030567871335083357,67.32030343502902,
01/05/2021,SAP SE ADR,129.98,130.3167,128.89,129.06,"879,803",3.983999999999992,0.012841741679923689,67.31155328644279,
01/06/2021,SAP SE ADR,129.74,130.85,128.44,129,"999,973",0.8315846739721937,0.018225272006291843,59.85458210574071,
01/07/2021,SAP SE ADR,128.8,129.48,127.81,128.06,"981,390",1.146536830532439,0.015384606422263324,52.90282192411698,
01/08/2021,SAP SE ADR,131.16,131.34,128.96,130.16,"909,825",4.660070220236198,0.01932632503330564,52.78398262000407,
01/11/2021,SAP SE ADR,129.3,129.76,127.99,128.04,"1,335,211",2.6760898912094055,0.02427290224450263,52.639989058990224,
01/12/2021,SAP SE ADR,129.4,129.59,127.9075,129.33,"649,202",2.698412698412703,0.01416484301961024,53.32295974351502,
01/13/2021,SAP SE ADR,128.06,129.105,128.04,128.7,"871,338",1.5865460891638903,0.010943786387940581,46.18548023827957,
01/14/2021,SAP SE ADR,126.1,127.29,125.865,126.01,"1,060,644",-3.6742800397219484,0.016848816859129884,39.70177443908011,
01/15/2021,SAP SE ADR,125,126.35,124.36,125.53,"1,564,431",-3.8091573682185373,0.01607891960627602,35.93720695850531,
01/19/2021,SAP SE ADR,127.08,127.245,125.24,126.46,"892,472",-2.7250459277403465,0.017788992691479672,32.161546187777354,
01/20/2021,SAP SE ADR,127.63,128.03,126.63,126.74,"917,160",-2.116726742848371,0.011667937473183957,31.277897339105618,
01/21/2021,SAP SE ADR,127.9,128.13,126.82,127.6,"797,570",-1.0368307025688668,0.010451267960566309,33.24238425078751,
01/22/2021,SAP SE ADR,127.48,128.36,126.27,126.49,"934,341",-1.9233728265886951,0.015997236517261627,31.932871359508134,
01/25/2021,SAP SE ADR,129.63,133.6,126.64,127.68,"1,742,148",-0.084784954524444,0.051416965796061816,42.433639889481256,
01/26/2021,SAP SE ADR,134.88,134.98,132.11,132.18,"1,883,943",4.7204968944099255,0.04219364293909479,46.41021684415267,
01/27/2021,SAP SE ADR,132.19,133.66,130.65,131.85,"1,829,744",0.785300396462337,0.033269039035586145,43.948099507114726,
01/28/2021,SAP SE ADR,130.44,132.5155,130.34,130.81,"1,437,178",0.8816705336426808,0.018198060002439977,42.693823040739176,
01/29/2021,SAP SE ADR,126.2,130.27,126.09,129.81,"2,396,687",-2.472952086553325,0.03301724841974895,34.29333676121346,
02/01/2021,SAP SE ADR,129.56,130.14,128.52,130.13,"1,314,671",1.1713259409651726,0.03138364554860405,41.53002965996397,
02/02/2021,SAP SE ADR,129.56,130.48,128.84,130.01,"1,308,762",2.743854084060276,0.014424846104034609,47.0048247869484,
02/03/2021,SAP SE ADR,130.61,131.4,129.69,129.97,"835,273",4.488000000000011,0.014222180710403575,51.52117920838668,
02/04/2021,SAP SE ADR,132.31,132.51,130.76,131.24,"732,729",4.115517784073028,0.014517584636137828,56.33786037553801,
02/05/2021,SAP SE ADR,130.29,131.475,130.2,131.13,"572,511",2.084149494632921,0.016052359670175452,59.32349992782819,
02/08/2021,SAP SE ADR,131.5,132.04,130.725,131.72,"554,762",2.814698983580918,0.01366982880248059,58.59875391739809,
02/09/2021,SAP SE ADR,131.54,132.15,130.76,130.88,"630,316",3.1848133040476845,0.010906495463036035,57.9622967211901,
02/10/2021,SAP SE ADR,129.67,131.36,129.1,131.36,"701,642",0.030857054694123306,0.018173388186943123,53.615421874562514,
02/11/2021,SAP SE ADR,132.52,132.78,131.54,131.89,"781,993",-1.7497034400948883,0.023455725545406206,58.730543998104494,
02/12/2021,SAP SE ADR,131.93,132.005,130.79,130.91,"799,751",-0.1966865874877002,0.014157166828214458,51.2103268650004,
02/16/2021,SAP SE ADR,130.76,131.46,130.39,131.2,"587,930",0.2453235203925124,0.012024034876301925,42.60353205445656,
02/17/2021,SAP SE ADR,126.31,127.14,125.28,126.84,"1,693,228",0.08716323296354947,0.040858564879617296,43.2462955083033,
02/18/2021,SAP SE ADR,128.68,129.125,126.3,127.1,"1,197,402",-0.6792219820932351,0.02404839613063823,52.475642788559185,
02/19/2021,SAP SE ADR,126.82,128.2,126.54,128.15,"773,759",-2.114850262426682,0.017560443730599715,59.194526453928546,
02/22/2021,SAP SE ADR,125.73,126.895,125.56,126.09,"740,809",-3.736314217900627,0.01126219215356225,51.10561138539615,
02/23/2021,SAP SE ADR,124.86,125.76,123.14,124.36,"1,393,460",-5.63071574333006,0.020366195418215556,39.9983908551226,
02/24/2021,SAP SE ADR,126.56,126.62,124.04,124.79,"606,117",-2.8628444239772737,0.02076032869138653,38.69559917635104,
02/25/2021,SAP SE ADR,123.69,126.115,123.28,125.55,"735,346",-5.9391634980988615,0.02607466618567794,32.41946468450826,
02/26/2021,SAP SE ADR,123.35,124.38,122.84,124.2,"727,763",-6.226242967918503,0.013767363306480417,32.09808951118633,
03/01/2021,SAP SE ADR,124.42,124.78,123.915,124,"551,749",-4.048739106963821,0.01179069481803768,31.90642915483515,
03/02/2021,SAP SE ADR,125.34,125.82,124.78,125.79,"584,465",-5.4180501056444355,0.011301163397626924,31.471587656344077,
03/03/2021,SAP SE ADR,123.12,124.71,122.73,123.89,"781,273",-6.67778367316001,0.020360282203944167,31.362269758042956,
03/04/2021,SAP SE ADR,122.04,124.78,120.8892,123.7,"1,044,767",-6.668706026307728,0.031109883511219016,24.137517934253612,
03/05/2021,SAP SE ADR,123.08,123.5688,121.04,122.21,"1,146,075",-2.557200538358011,0.021821141245717303,23.597074690609066,
03/08/2021,SAP SE ADR,123.07,124.78,122.26,122.52,"817,576",-4.35965184954928,0.02072175001762366,29.55654048818816,
03/09/2021,SAP SE ADR,126.23,127.7,125.79,126.64,"927,158",-0.465226304999203,0.03608458288680429,39.27077237910922,
03/10/2021,SAP SE ADR,125.93,126.85,125.57,126.67,"901,170",0.15907102521275976,0.012547250771461065,29.847933289531728,
03/11/2021,SAP SE ADR,126.85,127.28,126.41,127.11,"890,352",1.5937850392439492,0.010886333164636943,37.2045731090755,
03/12/2021,SAP SE ADR,123.82,124.46,123.15,124.35,"789,323",-2.16498103666246,0.02830299481727747,37.095555157249166,
03/15/2021,SAP SE ADR,122.77,123.35,122.06,122.89,"806,519",-0.7437949712992171,0.01568130691865163,39.06449846988719,
03/16/2021,SAP SE ADR,122.17,123.045,122.16,122.57,"635,126",-0.9566274827725924,0.008011570855794587,33.60642228841933,
03/17/2021,SAP SE ADR,123.62,124.16,121.79,122.37,"739,982",-0.6429834431763359,0.018418984402755207,40.091192041299024,
03/18/2021,SAP SE ADR,121.79,123.01,121.65,122.21,"1,071,769",-2.8322961544598666,0.016396270562040995,38.95563664579177,
03/19/2021,SAP SE ADR,123.17,123.73,122.22,122.23,"789,036",0.040610786224819,0.015971532064694777,40.13215568492061,
03/22/2021,SAP SE ADR,122.95,124.13,122.42,122.45,"829,575",0.7456571615863623,0.014150417308045234,41.28266020743891,
03/23/2021,SAP SE ADR,122.32,123.135,121.83,122.04,"989,704",-0.617484562885932,0.01102426282572528,40.61728478122615,
03/24/2021,SAP SE ADR,121.09,122.12,120.89,121.57,"860,782",-1.6088404972779637,0.01175578334398804,41.25311331743312,
03/25/2021,SAP SE ADR,121.48,121.6,120.08,120.63,"1,008,570",-3.762972352055771,0.012576187438636397,41.762433104515154,
03/26/2021,SAP SE ADR,122.71,122.7499,120.88,121.44,"936,761",-2.5569760978321394,0.015206071789891086,42.286946905973906,
03/29/2021,SAP SE ADR,122.45,123.05,121.59,121.64,"1,153,790",-3.4686637761135133,0.012298339627909587,43.188293214510615,
03/30/2021,SAP SE ADR,121.54,121.8456,121.06,121.63,"689,792",-1.841382652237108,0.011556130690532674,44.05027604250551,
03/31/2021,SAP SE ADR,122.79,122.87,121.44,121.45,"851,486",0.016290624745467323,0.011755432170812638,43.72127386618723,
04/01/2021,SAP SE ADR,125.75,125.85,124.95,125.14,"786,782",2.9303429647212886,0.02372376305166542,50.32716074478148,
04/05/2021,SAP SE ADR,131.8,132.13,126.3154,126.49,"2,431,290",6.617052256916362,0.048279966169345295,62.459814603401966,
04/06/2021,SAP SE ADR,128.45,129.53,128.39,128.9,"1,741,539",5.468429263486314,0.028534270480200595,57.51830205642801,
04/07/2021,SAP SE ADR,129.79,130.38,129.42,129.8,"987,234",5.374685394170651,0.016253389747111956,58.35146000355067,
04/08/2021,SAP SE ADR,133.18,133.67,131.57,132.57,"1,590,985",8.320455469703134,0.028654348951997713,66.69894632366993,
04/09/2021,SAP SE ADR,133.79,133.93,132.52,132.61,"972,351",9.377043819489863,0.012277580278186966,67.24190176153938,
04/12/2021,SAP SE ADR,132.4,132.83,132.1006,132.25,"704,812",9.340160211413,0.012742269370531198,62.41344252985209,
04/13/2021,SAP SE ADR,134.43,134.56,133.03,133.13,"1,056,471",10.660190977938758,0.01598947848438499,68.81187902767633,
04/14/2021,SAP SE ADR,135.97,139,135.51,139,"1,427,609",10.805965284002937,0.03235848707516301,75.12276145171968,
04/15/2021,SAP SE ADR,139.2,139.37,138.07,138.38,"1,148,327",13.679052674561033,0.025673967845587575,81.25731247541272,
04/16/2021,SAP SE ADR,139.3,139.69,138.525,138.69,"636,832",14.612473259832157,0.009979482794907343,81.02913094599062,
04/19/2021,SAP SE ADR,139.53,139.8,138.83,139.16,"699,804",13.633032005863665,0.007259009774162628,80.62967103658288,
04/20/2021,SAP SE ADR,139.11,139.84,138.47,139.5,"552,998",10.624254473161045,0.009654309816651028,80.89717965026637,
04/21/2021,SAP SE ADR,141.9,142.01,138.51,138.63,"914,119",7.663125948406671,0.023849422393331845,81.12128884708588,
04/22/2021,SAP SE ADR,143.75,145.42,142.21,142.36,"1,113,461",11.91124951342936,0.024719221627018777,81.6596607732576,
04/23/2021,SAP SE ADR,143.94,144.04,142.34,142.46,"806,168",10.902226673857774,0.013104687883294634,73.84590683672631,
04/26/2021,SAP SE ADR,143.22,143.5418,142.56,143.31,"572,378",7.538669469890367,0.009991457698603738,79.659889834916,
04/27/2021,SAP SE ADR,142.65,143.59,142.36,143.46,"518,313",6.622318558935656,0.008762921095029965,74.81092237273957,
04/28/2021,SAP SE ADR,144.08,144.49,142.65,142.95,"1,007,062",8.821752265861033,0.01252272293547848,73.81786290599156,
04/29/2021,SAP SE ADR,143.78,144.19,142.47,144.07,"876,489",6.955292717399385,0.012113626687990204,66.28739639179008,
04/30/2021,SAP SE ADR,139.94,142.48,139.465,142.2,"805,648",2.9197617121423836,0.02922820449968909,65.51123344901637,
05/03/2021,SAP SE ADR,141.02,141.84,140.6125,141.3,"589,185",1.3074712643678317,0.015000061674280241,64.28694370598245,
05/04/2021,SAP SE ADR,136.72,138.52,135.45,138.09,"1,201,774",-1.8521177315147253,0.038747446796054553,53.415296241806715,
05/05/2021,SAP SE ADR,138.15,139.44,137.91,139.15,"306,747",-0.9890346162115642,0.021608563571171715,49.77581764354325,
05/06/2021,SAP SE ADR,141.67,141.68,139.55,140.28,"890,131",1.8402702896987806,0.025193447871126495,50.98201600224073,
05/07/2021,SAP SE ADR,141.74,142.73,141.44,141.92,"695,335",-0.11275546159266849,0.010581654454758877,51.01947242114157,
05/10/2021,SAP SE ADR,139.52,141.06,139.34,140.89,"833,136",-2.942608695652167,0.016620201555205813,49.734517606340845,
05/11/2021,SAP SE ADR,137.83,138.19,136.36,136.59,"1,113,794",-4.2448242323190115,0.022578155873535177,40.92962098648742,
05/12/2021,SAP SE ADR,135.5,137.14,135.12,136.19,"705,078",-5.390308616115067,0.0202855108063083,32.2147988028486,
05/13/2021,SAP SE ADR,135.23,136.11,134.57,135.56,"611,053",-5.201542236242562,0.012247644814260314,32.92153255157404,
05/14/2021,SAP SE ADR,138.82,138.9,136.73,137.11,"690,929",-3.6507495835646995,0.025785193581462276,38.92414260217776,
05/17/2021,SAP SE ADR,137.36,137.94,136.97,137.54,"493,586",-4.465155098066481,0.014622842404012047,39.084497022514746,
05/18/2021,SAP SE ADR,138,138.89,137.7,137.96,"512,761",-1.3863084178933813,0.011455361910715584,35.9494830063532,
05/19/2021,SAP SE ADR,137.1,137.3138,135.66,136.22,"848,765",-2.7797475535385163,0.016722310051068657,36.19501569354051,
05/20/2021,SAP SE ADR,140.17,140.805,137.81,137.94,"474,986",2.5234055002925606,0.026087546388171633,42.23636415725997,
05/21/2021,SAP SE ADR,139.85,140.6,139.59,140.32,"335,866",1.2305465074194633,0.00894929996308982,40.68176878253833,
05/24/2021,SAP SE ADR,141.44,142.12,141.08,141.18,"371,735",-0.1623491211971411,0.015569642538978915,48.654096912583334,
05/25/2021,SAP SE ADR,140.98,141.54,140.53,141.24,"436,175",-0.5361930294906302,0.00794912886022565,44.51503623948713,
05/26/2021,SAP SE ADR,141.55,142.22,141.04,141.91,"324,747",1.4549885321100924,0.008718624296621508,40.74698970519797,
05/27/2021,SAP SE ADR,138.35,139.75,138.3,139.71,"713,748",0.37727635492997297,0.02215590990614787,32.303945770173996,
05/28/2021,SAP SE ADR,139.93,140.92,139.82,140,"485,438",3.2693726937269423,0.018901514692982548,39.76613158960555,
06/01/2021,SAP SE ADR,140.03,141.279,139.52,141.2,"449,289",3.54950824521187,0.013179693579261876,49.34153846737454,
06/02/2021,SAP SE ADR,139.14,140.06,138.91,138.96,"615,762",0.23051433511020977,0.008724282717452977,49.82495353106567,
06/03/2021,SAP SE ADR,137.84,138.4,137.48,137.89,"682,736",0.34944670937681255,0.011769919848173223,49.2718087852149,
06/04/2021,SAP SE ADR,139.88,139.88,138.78,139.06,"234,361",1.3623188405797069,0.014524327119632852,45.993214452883535,
06/07/2021,SAP SE ADR,140.91,141.27,140.58,140.79,"279,834",2.7789934354485792,0.010354110586668047,51.56239219121147,
06/08/2021,SAP SE ADR,141.67,142.85,141.255,142.73,"545,285",1.070129128914889,0.013457331064165632,51.895530155775,
06/09/2021,SAP SE ADR,139.97,141.31,139.84,140.64,"486,823",0.08580622095102221,0.013120106859796105,54.64056724168968,
06/10/2021,SAP SE ADR,141.95,142,139.95,140.21,"505,768",0.36057692307691663,0.014509181171865653,54.898703781257346,
06/11/2021,SAP SE ADR,143.51,143.56,142.24,142.29,"409,268",1.7945807916016465,0.01162994541442023,55.4656725735938,
06/14/2021,SAP SE ADR,145.84,145.96,144.55,145,"611,705",3.030731190392082,0.016577250534599186,57.16189600470919,
06/15/2021,SAP SE ADR,144.22,146.29,143.76,146.2,"880,223",4.242862305746299,0.017505909809818126,53.469668714364886,
06/16/2021,SAP SE ADR,142.52,145.15,141.97,144.725,"615,803",1.850925462731368,0.02195426307459319,47.018304886468414,
06/17/2021,SAP SE ADR,141.81,142.35,140.6,140.64,"426,564",1.2711561808183969,0.014410170301492279,48.79411482546486,
06/18/2021,SAP SE ADR,140.18,140.97,139.63,140.71,"847,110",0.7474486129078773,0.01550337064787942,40.15612725477413,
06/21/2021,SAP SE ADR,140.78,141.05,139.7,140.82,"730,458",2.1329077190946006,0.010194456224057385,42.28352032426279,
06/22/2021,SAP SE ADR,141.24,141.36,139.74,140.05,"584,086",0.9722619388046995,0.01146582179420861,49.82344879684874,
06/23/2021,SAP SE ADR,138.71,141.16,138.61,140.86,"472,215",-1.561280249804832,0.01829152924746031,51.12530847538257,
06/24/2021,SAP SE ADR,141.23,142.35,140.99,141.66,"707,834",-0.3105809275075865,0.025519047602201507,53.99338583026303,
06/25/2021,SAP SE ADR,140.36,141.12,140.0325,140.94,"326,771",0.278631135243277,0.010094082726480828,50.28073659686566,
06/28/2021,SAP SE ADR,141.47,141.81,140.85,141.42,"406,405",-0.33814723494187376,0.010309078895495179,49.40865202364558,
06/29/2021,SAP SE ADR,142.83,143.09,142.26,142.88,"331,947",-0.47383457598772105,0.011347362686175512,54.584293965075666,
06/30/2021,SAP SE ADR,140.46,141.95,140.1238,141.52,"421,776",-3.688974218321445,0.018588780116106006,48.704218578517725,
07/01/2021,SAP SE ADR,140.51,140.96,139.77,140.08,"413,322",-2.572458743586193,0.009429877524002492,43.417325377379356,
07/02/2021,SAP SE ADR,141.72,141.77,140.6283,140.84,"256,545",-0.5613247263542038,0.009009382762079557,40.5777026397424,
07/06/2021,SAP SE ADR,141.71,143,141.06,142.55,"427,777",-0.07051688879486236,0.013321773798653647,49.503103744884605,
07/07/2021,SAP SE ADR,147.69,147.81,145.72,147.69,"927,036",5.357397631616486,0.040343485456859486,60.40874488638866,
07/08/2021,SAP SE ADR,146.11,146.68,144.34,144.44,"966,222",3.7860491547094846,0.02476676199556794,56.04156621696396,
07/09/2021,SAP SE ADR,148.11,148.28,146.26,146.53,"503,772",4.864061172472391,0.0157531819707271,65.33968903672091,
07/12/2021,SAP SE ADR,148.96,149.59,147.87,148.38,"589,093",7.389517698796049,0.01200650634034281,64.84654841744096,
07/13/2021,SAP SE ADR,149.6,150.6,148.74,148.77,"611,482",5.926502867662681,0.012459720899838914,65.15372710014074,
07/14/2021,SAP SE ADR,150.2,150.63,149.12,150.18,"547,121",7.010544314619532,0.01033822277396111,71.78728826973379,
07/15/2021,SAP SE ADR,147.69,148.79,147.33,148.32,"435,064",4.396691878136707,0.018649000920189958,64.64235330501917,
07/16/2021,SAP SE ADR,147.65,148.8,147.35,148.61,"393,333",3.3746411818245416,0.010641287155251974,63.88991088261917,
07/19/2021,SAP SE ADR,144.81,145.38,144.2,144.83,"587,086",3.0969671080734686,0.022717484307015198,56.95312399398477,
07/20/2021,SAP SE ADR,144.1,144.54,142.52,142.65,"1,081,386",2.554978293359906,0.016672426111445746,47.801716969497164,
07/21/2021,SAP SE ADR,138.86,140.19,136.09,136.33,"2,498,906",-2.0180637877504837,0.05502304655976764,38.52956758377819,
07/22/2021,SAP SE ADR,139.33,140.27,138.39,138.39,"847,962",-1.6794862747865327,0.01735191022302353,44.71120007558801,
07/23/2021,SAP SE ADR,138.77,140.06,138.04,140.01,"821,772",-6.039677703297439,0.014880573277301884,40.3068633562183,
07/26/2021,SAP SE ADR,138.66,139.34,138.26,139.09,"685,828",-5.0988980904797865,0.008454024736872482,35.78297847879583,
07/27/2021,SAP SE ADR,141.42,141.77,140.05,141.65,"829,706",-4.516913105124587,0.02115851400417953,35.02296257972816,
07/28/2021,SAP SE ADR,142.97,143.33,141.2179,141.66,"642,913",-4.021213748657363,0.015520155161112457,41.90934754181218,
07/29/2021,SAP SE ADR,144.34,144.65,143.63,143.65,"499,052",-3.516042780748657,0.012093393136121575,41.82229522682609,
07/30/2021,SAP SE ADR,143.72,144.17,143.08,143.32,"709,514",-4.3142476697736285,0.00910509231321078,35.94268342062414,
08/02/2021,SAP SE ADR,143.32,144.61,142.75,143.05,"382,931",-2.9589003994854117,0.0126729832368801,30.90528224332296,
08/03/2021,SAP SE ADR,145.54,145.56,143.96,144.51,"742,367",-1.4290551981036326,0.015360599267697048,32.02370923343688,
08/04/2021,SAP SE ADR,146.39,147.05,145.63,145.88,"1,003,107",1.0910848698294207,0.010828376839494811,39.2601215579183,
08/05/2021,SAP SE ADR,148.94,149.3,148.45,148.53,"574,237",3.358778625954201,0.01905567698087543,43.68163422617233,
08/06/2021,SAP SE ADR,146.37,147.54,146.36,146.96,"490,375",5.408324931585763,0.0177575771341653,44.021112081731395,
08/09/2021,SAP SE ADR,146.56,146.69,146,146.4,"480,554",5.189119356922407,0.005910713736978898,46.37134872357056,
08/10/2021,SAP SE ADR,145.75,147.49,145.14,147.26,"390,449",5.029905599192902,0.015256668164772162,56.63623091623191,
08/11/2021,SAP SE ADR,145.24,146.63,144.975,146.45,"359,483",4.745420452906399,0.011764934686035435,50.106260536117,
08/12/2021,SAP SE ADR,147.75,147.89,145.83,146.42,"375,586",4.476028850233357,0.017656505291429585,57.29410870865345,
08/13/2021,SAP SE ADR,148.3,148.34,147.44,147.77,"221,434",3.7280548366790325,0.007154389545311767,63.42679719012776,
08/16/2021,SAP SE ADR,147.93,148.47,147.07,147.45,"644,227",2.487183040044342,0.009304286808649597,54.00493433919891,
08/17/2021,SAP SE ADR,148.92,148.99,147.66,147.8,"497,000",3.618146395769544,0.009034188485935334,53.24510165485681,
08/18/2021,SAP SE ADR,147.58,149.06,147.52,148.71,"317,196",2.9723695227463156,0.010311528474071373,47.67321780106437,
08/19/2021,SAP SE ADR,147.02,147.62,145.55,145.56,"543,116",1.01690256974029,0.013866427013148257,48.70193599797299,
08/20/2021,SAP SE ADR,147.84,147.97,147.15,147.43,"305,883",0.9905048159027373,0.007134862356063456,53.595246280206375,
08/23/2021,SAP SE ADR,148.95,149.08,147.18,147.73,"259,349",0.006714113065657919,0.012384408109776202,50.22162786543816,
08/24/2021,SAP SE ADR,148.23,148.69,147.6,147.85,"290,088",1.2707522033203424,0.009440711158538378,39.05297502486034,
08/25/2021,SAP SE ADR,146.98,147.69,146.84,147.43,"358,269",0.28657205240173816,0.009463778773754759,30.13071372618398,
08/26/2021,SAP SE ADR,147.13,147.75,146.86,147.26,"261,116",0.9468267581475097,0.006369610235297368,36.344212279999454,
08/27/2021,SAP SE ADR,148.72,149.06,147.43,147.55,"338,146",2.3960341503717912,0.012504192800380226,43.90072832475542,
08/30/2021,SAP SE ADR,149.88,149.94,148.545,148.79,"291,041",1.4416243654822305,0.009674102625486972,50.51526605780817,
08/31/2021,SAP SE ADR,150.14,150.75,149.31,150.36,"451,016",1.2407282535401045,0.00964706757935682,58.37127681287706,
09/01/2021,SAP SE ADR,150.11,151.48,150.08,150.78,"363,470",1.473669979044147,0.009357331788082504,58.3414001280459,
09/02/2021,SAP SE ADR,148.98,149.67,148.86,149.57,"211,539",0.04029008863819653,0.008484440786323915,54.128748425470285,
09/03/2021,SAP SE ADR,149.83,150,147.715,148.16,"479,165",1.5245968288385958,0.014834019546701912,65.56587555259657,
09/07/2021,SAP SE ADR,149.62,150.91,149.61,150.72,"383,317",1.7684668752550634,0.009247873358235594,64.78748578099598,
09/08/2021,SAP SE ADR,146.73,147.79,146.63,147.26,"544,757",-0.7508116883116975,0.019378408034147903,61.94046861188108,
09/09/2021,SAP SE ADR,145.68,147,145.47,146.52,"345,922",-2.1953675730110653,0.011323157549965006,64.43230173927074,
09/10/2021,SAP SE ADR,145.07,146.96,144.96,146.67,"434,374",-2.1318221682520386,0.013572022952063846,56.78523774619878,
09/13/2021,SAP SE ADR,145.27,146.1,144.68,145.93,"542,058",-1.1634235950469314,0.010156332646784422,48.95195292386767,
09/14/2021,SAP SE ADR,145.15,145.54,144.47,145.09,"1,336,305",-1.3457486576496906,0.0076563774658978435,41.048481973153,
09/15/2021,SAP SE ADR,144.25,145.68,143.3,145.55,"735,849",-3.0056481979558893,0.015794683049459565,38.82387529113271,
09/16/2021,SAP SE ADR,144.86,144.989,143.76,144.73,"448,803",-3.3493461435815197,0.009207671646677823,40.41736242314309,
09/17/2021,SAP SE ADR,143.32,145.14,142.39,145.06,"549,338",-4.542427068069798,0.01839447379844758,34.493464696063604,
09/20/2021,SAP SE ADR,139.17,140.36,138.12,139.41,"829,371",-7.2879888082073325,0.03589806276560662,28.365895546852347,
09/21/2021,SAP SE ADR,141.83,142.82,141.2,142.02,"668,017",-4.799301919720753,0.027106111815562085,30.068292590956776,
09/22/2021,SAP SE ADR,141.79,142.5425,141.23,141.78,"320,164",-5.366081559100327,0.010912693138666028,25.484585122451648,
09/23/2021,SAP SE ADR,144.88,145,143.67,143.88,"297,371",-3.168025665018052,0.02157307590619388,28.986053823103482,
09/24/2021,SAP SE ADR,142.59,142.78,141.55,142.24,"451,661",-2.8215088938867217,0.023347785167156857,22.8829712116411,
09/27/2021,SAP SE ADR,142.5,142.59,141.27,142.14,"360,939",-2.1828665568369074,0.010616898402520112,17.922557627089233,
09/28/2021,SAP SE ADR,137.57,139.13,137.455,139.05,"716,804",-5.169917970634867,0.034331464360182855,17.62870241591474,
09/29/2021,SAP SE ADR,136.34,137.72,136.07,137.53,"432,625",-6.1471742273008925,0.014144779996586074,17.49747321020749,
09/30/2021,SAP SE ADR,135.04,136.28,134.95,135.84,"458,625",-6.965208405098183,0.010649626501761216,17.515072450336138,
10/01/2021,SAP SE ADR,135.95,136.19,133.955,136.1,"488,680",-5.753899480069332,0.016136063819290246,17.708484849301097,
10/04/2021,SAP SE ADR,133.77,135.21,133.09,135.17,"456,311",-7.655667541074143,0.021002567458595477,20.030650128403156,
10/05/2021,SAP SE ADR,133.42,134.07,133.23,133.35,"698,780",-6.907619313424509,0.007641039120665364,20.289851854652618,
10/06/2021,SAP SE ADR,135.75,135.79,132.98,133.16,"700,117",-2.4574261694330586,0.019904637322267257,22.579107841571687,
10/07/2021,SAP SE ADR,135.66,136.99,135.39,135.54,"568,689",-4.3502785024325,0.012552886843436799,30.145704032666746,
10/08/2021,SAP SE ADR,135.44,136.75,135.36,136.74,"525,266",-4.478454051766693,0.010476546558085822,31.49861207079645,
10/11/2021,SAP SE ADR,135.12,135.81,134.93,135.26,"670,194",-6.736609607951402,0.006881413545799824,21.9424921892086,
10/12/2021,SAP SE ADR,134.63,135.64,134.47,135.43,"526,148",-5.582439161231508,0.008535424379553113,21.383797027706034,
10/13/2021,SAP SE ADR,141.65,141.87,140.08,141.04,"991,594",-0.5964912280701714,0.04966414630280926,28.311470731422528,
10/14/2021,SAP SE ADR,145.04,145.48,143.54,143.84,"682,104",5.429962927963945,0.029095354313636537,36.14398297902636,
10/15/2021,SAP SE ADR,146.03,146.37,145.26,145.8,"471,406",7.107231920199499,0.010981290546589011,41.560338742001335,
10/18/2021,SAP SE ADR,145.37,145.55,144.86,145.34,"468,350",7.649585308056882,0.008340811660524115,42.705611113894,
10/19/2021,SAP SE ADR,144.42,146.09,144.37,145.56,"559,366",6.230231702831923,0.011589012436120483,41.88661147476345,
10/20/2021,SAP SE ADR,143.65,145.28,143.54,145.27,"646,996",7.385811467444117,0.01207359801200858,40.77606130654099,
10/21/2021,SAP SE ADR,139.46,141.0063,137.79,139.23,"1,417,495",4.527057412681772,0.039759859252271115,36.67347353283331,
10/22/2021,SAP SE ADR,141.78,142.35,140.75,141.61,"764,817",4.441988950276244,0.022453430746725414,43.39641436657931,
10/25/2021,SAP SE ADR,144.72,144.77,142.86,143.8,"742,778",6.678460858027424,0.021213049289725963,50.788672005451076,
10/26/2021,SAP SE ADR,145.73,146.595,145.54,145.9,"848,778",7.597460129946834,0.013706689088150875,51.827061957702085,
10/27/2021,SAP SE ADR,144.88,145.4534,144.56,144.64,"538,630",7.223208999407927,0.008603812807882832,46.26635963916257,
10/28/2021,SAP SE ADR,147.47,147.88,146.8,146.84,"538,974",9.537250241402365,0.01960652100773434,51.650652716363446,
10/29/2021,SAP SE ADR,144.78,145.58,144.305,144.5,"609,930",2.2096717260854186,0.021721240059105255,51.73516285978072,
11/01/2021,SAP SE ADR,146.24,146.5,145.1,145.65,"615,398",0.8273579702151249,0.01277474358321544,57.36443079484189,
11/02/2021,SAP SE ADR,146.97,147.48,146.23,147.16,"443,129",0.6437033486269929,0.008932410806247688,54.99395138073946,
11/03/2021,SAP SE ADR,149.43,149.69,147.44,147.81,"427,622",2.792873357639129,0.01763674492394503,53.79245843962607,
11/04/2021,SAP SE ADR,148.92,149.4,148.3,148.46,"456,715",3.115911923556294,0.00853033119121008,53.76501069572982,
11/05/2021,SAP SE ADR,149.53,149.66,148.4,149.28,"550,123",4.093282283327529,0.008494181051687996,59.38642160648676,
11/08/2021,SAP SE ADR,148.69,149.92,148.63,148.91,"390,919",6.618385200057356,0.008662444343006922,60.42595864677827,
11/09/2021,SAP SE ADR,148.33,149.45,148.13,149.3,"340,227",4.619833544928771,0.008888487311838831,62.47326548331307,
11/10/2021,SAP SE ADR,145.65,147.66,145.65,147.12,"373,533",0.6426202321724757,0.01753556669286234,70.46756286020333,
11/11/2021,SAP SE ADR,144.91,145.96,144.91,145.72,"292,199",-0.5626844163864635,0.008181303109430176,64.58026896916815,
11/12/2021,SAP SE ADR,142.41,144,142.4,143.97,"561,889",-1.7048591938155708,0.016767758913931795,55.818100552591225,
11/15/2021,SAP SE ADR,141.38,142.74,141.32,142.35,"411,826",-4.129653488845191,0.01065899421668232,46.71317110379578,
11/16/2021,SAP SE ADR,142.26,142.9699,141.42,141.53,"482,609",-1.740571902196443,0.01119225337411396,54.40456467153054,
11/17/2021,SAP SE ADR,141.97,142.26,141.575,142.22,"314,535",-2.9198577680525233,0.0054160456368710485,47.79136471872058,
11/18/2021,SAP SE ADR,142.48,142.48,140.68,140.76,"381,942",-3.055045247329393,0.012124182089716731,49.646112454607845,
11/19/2021,SAP SE ADR,140.95,142.88,140.77,142.38,"562,953",-5.674897945526346,0.014728552127435,39.908075835072346,
11/22/2021,SAP SE ADR,135.96,138.18,135.93,137.99,"687,258",-8.702659145850108,0.034912389458934115,31.391364019368133,
11/23/2021,SAP SE ADR,135.47,135.72,134.19,134.97,"548,035",-9.402795425667092,0.015164992338878028,24.036726042931527,
11/24/2021,SAP SE ADR,133.66,133.7,131.31,131.54,"652,439",-10.108278969668438,0.030179322452778674,16.230233046237466,
11/26/2021,SAP SE ADR,130.68,133.12,130.29,132.6,"536,460",-11.899143800984294,0.026257554073341693,7.484900059718571,
11/29/2021,SAP SE ADR,132.93,133.1,131.29,132.29,"740,858",-8.733264675592173,0.019222067205320534,17.42794916524566,
11/30/2021,SAP SE ADR,128.44,131.38,127.72,130.83,"1,516,540",-11.365675246704852,0.03883142273116165,15.129805482509227,
12/01/2021,SAP SE ADR,129.81,132.83,129.75,131.48,"1,096,312",-8.847693279966292,0.034602296038893685,26.043267543544125,
12/02/2021,SAP SE ADR,130.17,130.68,128.88,129.64,"824,454",-7.928985712264825,0.015842463682560756,24.702062872891844,
12/03/2021,SAP SE ADR,128.98,130.71,128.06,130.53,"625,265",-9.335020385210179,0.020252428477552275,24.692210803968834,
12/06/2021,SAP SE ADR,132.59,132.709,130.0475,130.52,"998,144",-6.607029654152282,0.028124274535188565,33.22964453379304,
12/07/2021,SAP SE ADR,134.5,134.9395,132.7,132.7,"819,875",-5.600786075238624,0.01866587879287531,35.24018980406971,
12/08/2021,SAP SE ADR,134.52,134.72,133.8,134.42,"519,385",-4.5619013834693005,0.007947747372256142,39.60538463191919,
12/09/2021,SAP SE ADR,132.86,134.12,132.795,133.98,"346,778",-2.2800823771697516,0.01253156513443413,39.83311828142092,
12/10/2021,SAP SE ADR,135.39,135.71,134.49,134.78,"556,420",-0.05905366501809442,0.020640280092346596,45.39998837152466,
12/13/2021,SAP SE ADR,137.95,138.62,137.17,138.53,"875,578",3.20963639084243,0.02356457608773509,53.100898871726955,
12/14/2021,SAP SE ADR,135.6,136.95,134.64,136.58,"710,747",3.764921946740119,0.024491394239488925,52.26992082243652,
12/15/2021,SAP SE ADR,138.41,138.47,136,136.07,"606,218",4.122470473181366,0.021467573785783553,58.22753182925898,
12/16/2021,SAP SE ADR,137.65,139.86,136.95,139.78,"559,348",7.17066334475242,0.02126853478705786,63.33320430042562,
12/17/2021,SAP SE ADR,138.63,139.98,137.68,138.14,"1,175,165",6.794545874739999,0.017321674743875016,64.91996442940133,
12/20/2021,SAP SE ADR,136.38,136.84,135.6,136.2,"773,634",4.7706844895137195,0.0218884547434094,69.08477045620644,
12/21/2021,SAP SE ADR,137.42,137.63,135.87,136.76,"487,302",6.54365017832222,0.013765821839048653,67.30816325362116,
12/22/2021,SAP SE ADR,139.4,139.42,137.14,137.23,"423,176",5.136133946753151,0.01636538958662491,74.4092962653043,
12/23/2021,SAP SE ADR,140.08,140.35,139.17,139.17,"336,398",4.148698884758374,0.009195797989882,80.1761211485085,
12/27/2021,SAP SE ADR,141.29,141.35,139.85,139.85,"365,098",5.032708890871232,0.010586688561695971,78.8202551784389,
12/28/2021,SAP SE ADR,141.51,141.62,140.26,140.67,"504,413",6.510612674996219,0.009777224723995446,78.09638326762786,
12/29/2021,SAP SE ADR,140.04,140.75,139.71,140.4,"465,964",3.4345224905827654,0.012601412058868196,72.22087807391092,
12/30/2021,SAP SE ADR,140.4,141.4476,140.37,140.91,"246,571",1.7760057992026221,0.010283231897849916,76.07260738400595,
12/31/2021,SAP SE ADR,140.11,140.919,140,140.28,"254,092",3.325958702064911,0.0069023717309734415,71.88322320278374,
01/03/2022,SAP SE ADR,141.4,141.57,139.16,140.32,"811,164",2.1602485369554287,0.01637130186971323,71.70949019449108,
01/04/2022,SAP SE ADR,140.27,141.32,139.9425,141.11,"749,357",1.9033781329458805,0.010956474598757248,71.12332514594753,
01/05/2022,SAP SE ADR,139.58,141.685,139.39,141.64,"902,859",0.685277356993448,0.015963857453137328,60.95608918504227,
01/06/2022,SAP SE ADR,136.99,138.65,136.8,137.26,"837,291",0.44727965977417045,0.01992547561110393,52.30910773360062,
01/07/2022,SAP SE ADR,138.26,138.43,136.62,137.07,"632,293",0.6112647358463131,0.013855430775468148,48.96859999740156,
01/10/2022,SAP SE ADR,138.61,138.65,136.48,137.11,"803,451",-0.5667144906743128,0.01571391691905311,58.89433551156498,
01/11/2022,SAP SE ADR,138.79,138.965,137.46,137.74,"720,373",-0.9209023415191464,0.01138184663286708,60.10088460857078,
01/12/2022,SAP SE ADR,140.15,140.41,138.995,139.87,"591,487",-0.8068511571944132,0.011645904862267825,60.93746625583715,
01/13/2022,SAP SE ADR,135.91,139.4,135.79,139.03,"657,294",-3.9573175040633135,0.030248175606215136,54.77975836382715,
01/14/2022,SAP SE ADR,138.9,139.045,136.53,136.56,"1,388,825",-0.8140531276777967,0.023719593545622173,59.55440698096033,
01/18/2022,SAP SE ADR,136.1,137.8099,135.71,136.43,"988,177",-3.0626780626780707,0.023525422552150885,51.72484366200323,
01/19/2022,SAP SE ADR,136.79,138.62,136.69,137.22,"681,305",-2.369566768967255,0.018971217693773187,57.27659297175066,
01/20/2022,SAP SE ADR,137.01,139.82,136.89,139.28,"1,018,144",-3.104667609618115,0.021861694347893083,60.232161630698926,
01/21/2022,SAP SE ADR,135.8,137.84,135.74,137.37,"1,414,849",-3.1867113424110634,0.016051747586149287,54.606773868678296,
01/24/2022,SAP SE ADR,133.72,133.93,129.67,132.16,"1,768,062",-4.198309213354358,0.04443547614538739,44.6546821333165,
01/25/2022,SAP SE ADR,132.32,133.905,129.9,130.8,"1,474,638",-3.409007956785178,0.032068142173200205,42.547378591996804,
01/26/2022,SAP SE ADR,132.28,134.35,131.33,133.32,"1,572,876",-4.325184435122226,0.023820292470463855,51.33566580189663,
01/27/2022,SAP SE ADR,122.38,125.2,122.08,123.92,"2,149,087",-11.709111896688563,0.07812163507148387,47.72197561848333,
01/28/2022,SAP SE ADR,121.97,122.03,119.04,119.7,"1,479,663",-12.119028748468905,0.03260905382370275,41.81769165551304,
01/31/2022,SAP SE ADR,125.21,125.23,121.815,121.815,"1,143,016",-10.66000713521228,0.0284501997377054,42.62009536136394,
02/01/2022,SAP SE ADR,127.68,127.84,125.33,126.55,"1,289,516",-6.055477889779994,0.021681574597700003,44.20739512886459,
02/02/2022,SAP SE ADR,127.15,127.47,126.65,127,"989,930",-8.459323254139669,0.009364369538670436,45.22751232267463,
02/03/2022,SAP SE ADR,123.81,125.44,123.59,124.28,"1,063,878",-9.030124908155761,0.0270375967688503,44.43286180357672,
02/04/2022,SAP SE ADR,126.14,126.44,124.29,124.54,"1,343,065",-7.785656846260685,0.021769077880294075,43.89120712538498,
02/07/2022,SAP SE ADR,126.89,128.16,126.53,127.71,"1,121,787",-7.38632216626523,0.016537145944491873,49.73483412266188,
02/08/2022,SAP SE ADR,125.69,125.9,124.75,125.28,"711,291",-7.444771723122248,0.017098202919712417,45.8921376369014,
02/09/2022,SAP SE ADR,126.29,126.37,124.93,125.55,"945,856",-5.5563864792102855,0.012032977369697684,45.40193382931312,
02/10/2022,SAP SE ADR,123.85,126.16,123.47,123.54,"679,479",-6.4011487303506645,0.021857139913145373,47.59165641326362,
02/11/2022,SAP SE ADR,120.34,124.18,120.02,123.63,"979,110",-9.026307831871785,0.03349691258455092,50.16046742777917,
02/14/2022,SAP SE ADR,118.35,119.54,117.49,118.59,"1,384,580",-3.29302173557771,0.025097340786882423,50.8925113826947,
02/15/2022,SAP SE ADR,120.25,120.56,119.66,120.21,"703,487",-1.4101828318438951,0.019257418506070295,47.81294926110152,
02/16/2022,SAP SE ADR,120.91,121.05,119.08,119.86,"766,593",-3.4342304927721408,0.01679022001687394,57.485969098215385,
02/17/2022,SAP SE ADR,117.84,119.78,117.73,119.57,"724,689",-7.706766917293235,0.02608179934255306,60.613462554689185,
02/18/2022,SAP SE ADR,115.71,117.67,115.61,117.61,"831,619",-8.997247345654747,0.019906517069137302,53.750383924626604,
02/22/2022,SAP SE ADR,113.56,114.53,112.35,113.56,"1,052,527",-8.278814312252646,0.028997448875444084,45.13562945382169,
02/23/2022,SAP SE ADR,110.98,114.51,110.88,114.38,"1,219,484",-12.0183922625654,0.0323980364778543,37.13941049725606,
02/24/2022,SAP SE ADR,111.95,112.01,107.37,107.62,"1,878,768",-11.77397746079281,0.042231685824402634,35.504726494092615,
02/25/2022,SAP SE ADR,115.02,115.05,112.98,113.6,"909,564",-8.489139947489859,0.02901282003170394,32.96849719359339,
02/28/2022,SAP SE ADR,112.58,114.14,111.47,112.18,"1,295,537",-10.855966426478746,0.0315894688737565,24.24828248344414,
03/01/2022,SAP SE ADR,109.25,111.92,108.88,111.14,"1,442,163",-11.78845377472749,0.03376482981345154,23.268509507486694,
03/02/2022,SAP SE ADR,113.19,113.44,110.63,111.12,"1,509,938",-5.941499085923222,0.037935350661218684,25.46748987888382,
03/03/2022,SAP SE ADR,109.01,111.54,108.66,111.48,"1,281,930",-7.8918462188424074,0.04134837207205799,24.68492016992102,
03/04/2022,SAP SE ADR,106.1,107.4,105.34,107.12,"1,618,171",-11.767151767151772,0.035431276657464664,23.988282125128453,
03/07/2022,SAP SE ADR,104.97,108.46,104.95,108.06,"1,888,142",-13.183359523612603,0.03362511367768273,23.532646971484652,
03/08/2022,SAP SE ADR,106.21,108.9696,104.14,106.09,"1,672,695",-9.869314324507815,0.0452168578472981,27.09365014630894,
03/09/2022,SAP SE ADR,111.85,112.94,109.23,109.63,"1,394,816",-3.33592602195143,0.061715197569105436,29.312843536556816,
03/10/2022,SAP SE ADR,108.51,109.44,107.48,108.09,"874,219",-4.446988376188797,0.04257295178361078,29.186113666426124,
03/11/2022,SAP SE ADR,107.68,111.14,107.6,110.88,"959,203",-2.973508740313567,0.033779021301044765,34.07865450554007,
03/14/2022,SAP SE ADR,110.05,111.7187,109.84,110.55,"1,005,092",-1.6971862438588705,0.03716763897549677,39.55828806585472,
03/15/2022,SAP SE ADR,110.73,111.01,109.07,110.88,"898,850",-3.7297861241523145,0.0195486421422919,40.28709382813842,
03/16/2022,SAP SE ADR,114.49,114.49,111.3706,112.4,"897,616",1.6965713270563125,0.032646668098828345,47.74558636627012,
03/17/2022,SAP SE ADR,115.71,115.73,113.51,113.64,"816,270",5.913043478260863,0.020747650023544572,47.47016492014455,
03/18/2022,SAP SE ADR,115.36,115.55,112.25,112.25,"1,406,246",1.9171304885590614,0.029908016776791106,47.10791882385411,
03/21/2022,SAP SE ADR,111.87,113.72,111.36,112.76,"1,329,260",2.623612512613521,0.03537303809778561,47.336311659915914,
03/22/2022,SAP SE ADR,112.73,113.3,111.59,111.8,"911,165",6.248821866164005,0.017146597790069027,45.437756782615374,
03/23/2022,SAP SE ADR,109.79,110.945,109.69,110.49,"1,007,348",4.591788129941896,0.026753752568472084,46.173985718351744,
03/24/2022,SAP SE ADR,111.22,111.299,109.53,110.01,"712,649",4.717069955748052,0.017114728649539602,53.172362384322305,
03/25/2022,SAP SE ADR,111.34,112.03,110.345,112.03,"570,747",-0.4559678140366481,0.0154379650046618,61.666070532654075,
03/28/2022,SAP SE ADR,111.81,111.94,110.355,110.87,"905,608",3.0411943599668207,0.014460486305015128,59.7287537626793,
03/29/2022,SAP SE ADR,114.74,116,113.74,115.29,"920,465",6.556463595839514,0.03538212306084487,58.37686326463155,
03/30/2022,SAP SE ADR,113.15,114.202,112.76,113.48,"982,396",2.816901408450712,0.019179664126818635,57.730569934478915,
03/31/2022,SAP SE ADR,110.96,113.32,110.89,113.1,"1,323,058",0.20771245371623748,0.021665067720691957,49.31189245701682,
04/01/2022,SAP SE ADR,110.63,111.08,109.42,110.81,"749,836",-3.3714734911345965,0.015761279897308186,42.87679796731512,
04/04/2022,SAP SE ADR,112.48,112.59,110.13,110.14,"1,239,699",-2.7914614121510586,0.02173942345417451,50.72985238758836,
04/05/2022,SAP SE ADR,110.81,111.77,110.25,111.12,"1,559,296",-3.944174757281551,0.02036427246821091,42.2148461993429,
04/06/2022,SAP SE ADR,109.71,110.39,109.05,109.98,"766,208",-1.9308125502815865,0.01652346622705052,36.64226162856382,
04/07/2022,SAP SE ADR,109.18,109.8,108.37,108.96,"1,048,686",-3.1491173600638667,0.013498073129116068,37.73020214102242,
04/08/2022,SAP SE ADR,108.47,109.4481,107.82,107.95,"799,967",-1.2022952910101168,0.014954522052563472,39.29945085243403,
04/11/2022,SAP SE ADR,107.56,108.53,107.41,108.2,"1,088,424",-3.2907750404603457,0.010838897016246912,32.15136497275945,
04/12/2022,SAP SE ADR,105.42,107.54,104.84,106.67,"1,398,612",-5.317046883420156,0.02457107797438808,31.381175203822306,
04/13/2022,SAP SE ADR,105.92,106.005,104.06,104.29,"1,154,938",-5.2678651283427245,0.019225679567744795,25.598109258699633,
04/14/2022,SAP SE ADR,103.89,105.73,103.89,105.65,"914,576",-9.456161757015858,0.019511332659800155,21.19409655689886,
04/18/2022,SAP SE ADR,104.22,104.79,103.2,103.92,"1,020,803",-7.892178524083081,0.015780100009241904,14.950078911122924,
04/19/2022,SAP SE ADR,105.24,105.33,104.16,104.29,"1,106,544",-5.155010814708002,0.011646117177212204,15.487811288945137,
04/20/2022,SAP SE ADR,106.88,107.5,105.95,106.55,"1,350,326",-3.389677302720781,0.02058121468827085,23.78397548649728,
04/21/2022,SAP SE ADR,106.34,108.77,106.23,108.3,"1,723,461",-5.4587482219061165,0.023607731454335732,34.04697847169255,
04/22/2022,SAP SE ADR,103.85,105.69,103.79,105.05,"2,378,721",-6.281021568450508,0.024481467340210984,31.04522265060798,
04/25/2022,SAP SE ADR,103.73,103.78,102.3184,102.95,"1,541,379",-5.450733752620536,0.015833733067030883,23.416512542950844,
04/26/2022,SAP SE ADR,99.79,103.36,99.77,103.26,"1,362,588",-8.600476277706539,0.037522421157842815,23.861228167210296,
04/27/2022,SAP SE ADR,99.53,101.07,98.9,100.13,"1,589,628",-8.241910205586796,0.023357815472479573,22.942840519662028,
04/28/2022,SAP SE ADR,102.71,103.2,100.36,101,"1,185,111",-4.509111193752332,0.03564462370776825,29.083966840913735,
04/29/2022,SAP SE ADR,100.8,104.05,100.67,103.5,"1,137,201",-4.3824701195219165,0.0337631905042226,28.657517021390834,
05/02/2022,SAP SE ADR,102.41,102.415,100.74,101.24,"1,658,116",-3.313821752265866,0.018184799584344487,36.264432148653235,
05/03/2022,SAP SE ADR,100,101.47,99.59,101.07,"1,990,033",-3.7443449802675914,0.027395069047280028,35.36470254371884,
05/04/2022,SAP SE ADR,102.56,102.59,98.58,99.79,"2,117,725",-1.5927844943388951,0.03947011740043242,43.73191704929585,
05/05/2022,SAP SE ADR,99.82,101.44,98.88,101.25,"2,176,831",-5.150133029266441,0.03742167292637065,41.40076880224248,
05/06/2022,SAP SE ADR,96.14,97.66,95.53,97.22,"1,988,418",-10.048652694610775,0.0442268420340646,39.91170688789252,
05/09/2022,SAP SE ADR,95.98,97.375,94.79,95.05,"2,595,378",-9.742335903705097,0.028812266691354973,33.17236429823261,
05/10/2022,SAP SE ADR,96.83,98.44,96.16,98.23,"1,520,611",-6.759749638902258,0.02591960574839094,33.26627089910149,
05/11/2022,SAP SE ADR,95.59,98.41,95.3,96.5,"1,568,883",-7.84729586426299,0.032023407829649575,26.2737423907679,
05/12/2022,SAP SE ADR,96.97,97.83,95,95.27,"1,578,481",-2.825934462370986,0.02999255860652315,33.722342150512276,
05/13/2022,SAP SE ADR,98.71,99.03,97.05,97.42,"1,214,050",-0.8238721993368908,0.02203903588558277,39.38156653458172,
05/16/2022,SAP SE ADR,97.54,98.31,96.89,98.15,"754,309",-5.033589718625244,0.019080083493890957,40.48582486743226,
05/17/2022,SAP SE ADR,99.06,100.06,97.78,100.01,"1,174,458",-1.7261904761904712,0.02522142090330688,46.44425257404069,
05/18/2022,SAP SE ADR,93.24,97.4854,92.94,97.36,"2,296,695",-8.954203691045798,0.06215552444270339,39.35109157947035,
05/19/2022,SAP SE ADR,95.35,96.4,93.01,93.2,"2,220,446",-4.650000000000006,0.038784769309669384,46.48574990740925,
05/20/2022,SAP SE ADR,97.43,97.58,95.82,97.34,"2,173,604",-5.001950078003116,0.02478726963214665,47.39119085436423,
05/23/2022,SAP SE ADR,99.83,99.84,98.23,98.64,"1,688,505",0.010018032458430292,0.02474039513707745,54.88455668974765,
05/24/2022,SAP SE ADR,98.7,99.95,97.91,99.71,"2,749,767",2.66278344081548,0.021190455137715822,45.038332471229204,
05/25/2022,SAP SE ADR,97.32,98.06,96.24,96.61,"1,331,381",1.3961241925401011,0.025163766155117746,46.69024300765368,
05/26/2022,SAP SE ADR,98.47,98.8,96.95,97.04,"760,854",1.6936899721160803,0.019634888769973845,52.332149051496074,
05/27/2022,SAP SE ADR,101.15,101.15,100,100.01,"1,034,397",5.8165080029291785,0.026527181787881302,60.72232661430364,
05/31/2022,SAP SE ADR,99.84,100.3094,98.74,99.74,"1,459,310",2.9596782510054704,0.02460023010821396,53.90067302911141,
06/01/2022,SAP SE ADR,99.33,101.34,99.11,100.94,"1,786,083",0.6281025225407807,0.022691159323456146,61.443614326919736,
06/02/2022,SAP SE ADR,102.12,102.13,99.33,99.52,"967,709",4.6955095345499265,0.02768907393683028,60.45016576630253,
06/03/2022,SAP SE ADR,100.43,101.07,100.015,100.59,"678,910",1.3830002018978442,0.021650682152033668,56.17052660839636,
06/06/2022,SAP SE ADR,100.86,102.4,100.63,102.17,"740,581",8.172458172458178,0.019800655371474234,59.7602739288759,
06/07/2022,SAP SE ADR,101.99,102.06,100.3,100.48,"955,931",6.9638175144205565,0.017752203148517103,59.38206544798434,
06/08/2022,SAP SE ADR,99.86,101.04,99.63,100.57,"815,044",2.494098327003995,0.02314805872609268,63.58883935087296,
06/09/2022,SAP SE ADR,96.79,99.45,96.78,98.81,"940,017",-3.0451768005609456,0.031035966412586397,56.0566141245181,
06/10/2022,SAP SE ADR,94.17,95.61,93.66,95.59,"1,284,294",-4.589665653495442,0.033202132096949256,46.634119148338804,
06/13/2022,SAP SE ADR,90.82,91.77,90.12,90.65,"1,837,887",-6.678997122893548,0.043872993730154776,36.81075642536009,
06/14/2022,SAP SE ADR,90.37,91.88,89.91,91.72,"1,629,914",-8.225855590535183,0.0239073627832663,39.69865465983175,
06/15/2022,SAP SE ADR,93.3,94.21,91.42,92.77,"1,294,403",-7.760751359367285,0.04080246700405772,47.588698428639404,
06/16/2022,SAP SE ADR,92.76,93.06,91.83,92.36,"1,466,100",-7.0913461538461515,0.01826189752307387,41.2358280962374,
06/17/2022,SAP SE ADR,93,93.8,91.99,92.67,"1,435,548",-6.372697070371487,0.019547492270056616,42.26779602271045,
06/21/2022,SAP SE ADR,94.09,94.9,93.99,94.33,"1,023,219",-7.863298080689386,0.02034986977626131,49.53520310414188,
06/22/2022,SAP SE ADR,94,95.25,92.99,93.08,"915,181",-6.402469381658873,0.023944250496626802,40.803490541117064,
06/23/2022,SAP SE ADR,94.24,94.39,92.79,93.34,"918,964",-6.563553440412457,0.01785242042498892,34.62784527947522,
06/24/2022,SAP SE ADR,98.41,98.46,95.72,95.79,"1,276,902",-3.5101480537307563,0.04233138997226708,41.34164858290842,
06/27/2022,SAP SE ADR,97.3,98.31,96.87,97.75,"835,710",-2.563589024634491,0.01830066701072049,36.396493392784585,
06/28/2022,SAP SE ADR,95.47,97.05,95.46,96.56,"1,405,116",-1.3637772497158873,0.019186505221457262,29.511380416363846,
06/29/2022,SAP SE ADR,93.93,95.2,93.77,94.33,"1,221,362",-0.25485823510671646,0.018225560214660704,28.9089779931755,
06/30/2022,SAP SE ADR,90.72,91.25,88.96,89.91,"1,805,086",-0.11010790574762643,0.05244578343351083,27.707783736803655,
07/01/2022,SAP SE ADR,90.7,90.71,89.31,89.77,"1,629,995",0.36516543100586285,0.019120258261262426,27.29758310246964,
07/05/2022,SAP SE ADR,89.16,89.19,87.32,87.57,"1,580,538",-4.437299035369776,0.03692747777388657,27.729665274828417,
07/06/2022,SAP SE ADR,89.86,90.39,88.99,90.04,"1,459,796",-3.126347563605008,0.017658956825688507,35.73271910674871,
07/07/2022,SAP SE ADR,90.71,90.73,89.87,89.88,"805,679",-2.462365591397856,0.010406929830601557,33.88081275251757,
07/08/2022,SAP SE ADR,90.59,91.25,89.6747,90.08,"860,359",-3.719842703794239,0.016915927853655522,40.009741418785175,
07/11/2022,SAP SE ADR,88.32,89.34,88.2,89.17,"1,008,609",-6.042553191489369,0.026171907685727087,32.52038763342668,
07/12/2022,SAP SE ADR,86.35,88.05,86.11,87.85,"1,164,683",-8.372241086587437,0.025710943688113403,26.19945362696011,
07/13/2022,SAP SE ADR,85.95,86.53,84.48,84.57,"1,170,170",-12.661314907021637,0.024397448048781627,25.962902138486808,
07/14/2022,SAP SE ADR,85.42,85.79,83.495,84.64,"1,142,103",-12.209660842754364,0.02894791187804714,25.78557312959304,
07/15/2022,SAP SE ADR,88,88.02,86.64,87,"1,065,778",-7.8244474704095515,0.03030238887275998,24.285124040814736,
07/18/2022,SAP SE ADR,88.09,89.49,87.86,88.76,"1,003,143",-6.217395933141704,0.01962043735525593,29.891360215797604,
07/19/2022,SAP SE ADR,92.34,92.42,90.19,90.56,"1,548,221",1.7857142857142907,0.04646937979403758,38.86042497595057,
07/20/2022,SAP SE ADR,92.33,92.73,91.49,91.77,"1,609,107",1.797133406835717,0.01654575617539581,47.36933263671693,
07/21/2022,SAP SE ADR,90.29,90.35,87.32,87.84,"2,309,793",1.2673844773441114,0.05366340672681008,46.11512812229375,
07/22/2022,SAP SE ADR,93.75,95.8,93.27,94.78,"1,907,301",4.328956154017361,0.06035629536479786,55.99138511272696,
07/25/2022,SAP SE ADR,91.97,93.12,91.23,93,"1,303,811",1.3890420019843515,0.030598292852361632,56.66674518894147,
07/26/2022,SAP SE ADR,90.29,90.96,89.865,90.88,"923,963",-0.3311623799536341,0.02407623110137683,50.16304970958345,
07/27/2022,SAP SE ADR,91.31,91.54,89.4,89.6,"1,545,250",3.385416666666677,0.02394998480828055,52.176121954698765,
07/28/2022,SAP SE ADR,91.77,91.97,89.81,90.73,"1,051,762",6.276780544296471,0.024041611215223697,52.68777504597273,
07/29/2022,SAP SE ADR,93.21,93.35,92.2,92.54,"763,315",8.44677137870854,0.017837378685073416,57.524713458317684,
08/01/2022,SAP SE ADR,93.79,94.65,93.38,93.78,"1,834,735",9.798642004214475,0.015666112753446093,65.08170121886289,
08/02/2022,SAP SE ADR,91.19,92.12,91.12,91.55,"1,076,304",3.6249999999999973,0.028062391445939444,65.14810988517154,
08/03/2022,SAP SE ADR,93.49,93.64,92.26,92.26,"777,167",6.130094221818584,0.026975654702923214,70.31069683241192,
08/04/2022,SAP SE ADR,95.29,95.335,94.38,95.14,"876,854",3.1947151830192797,0.02039299677960334,70.13611306223059,
08/05/2022,SAP SE ADR,94.56,94.57,93.42,93.65,"815,230",2.4152496480017374,0.020051296937730476,65.38196889559765,
08/08/2022,SAP SE ADR,94.33,95.61,94.115,95.02,"629,873",4.474471148521422,0.016263592231259193,63.611150036924336,
08/09/2022,SAP SE ADR,93.76,94.29,93.515,94.19,"643,686",0.010666666666672124,0.009401398732829618,57.5321823870417,
08/10/2022,SAP SE ADR,96.07,96.82,95.71,96.2,"931,934",4.457975426769592,0.030524235131467167,68.70249761119989,
08/11/2022,SAP SE ADR,95.24,96.19,95.06,96.19,"792,516",5.4823346993022355,0.013581502392361975,60.36953639066082,
08/12/2022,SAP SE ADR,95.95,95.99,95.08,95.51,"674,249",5.081590187274122,0.00993548901161294,68.25406741206108,
08/15/2022,SAP SE ADR,95.81,95.9,94.8401,94.91,"1,193,265",4.402310123133929,0.01154218595434002,66.6215565976925,
08/16/2022,SAP SE ADR,94.2,94.7,93.7,94.19,"828,027",1.062117798519482,0.021520813839062434,58.47188665252849,
08/17/2022,SAP SE ADR,92.95,93.58,92.55,93.08,"746,896",-0.8956178697089278,0.018163893051230572,51.685707603532244,
08/18/2022,SAP SE ADR,92.46,92.97,92.11,92.74,"703,646",1.3926965676060927,0.0101391381736746,45.92896104790451,
08/19/2022,SAP SE ADR,91.62,92.48,91.47,92.35,"706,856",-2.0002139266231582,0.010959804972068403,34.456809082564746,
08/22/2022,SAP SE ADR,88.43,89.51,88.225,89.45,"916,686",-7.199076503305698,0.03597921512008124,35.016088083908976,
08/23/2022,SAP SE ADR,87.37,88.91,87.29,87.9,"765,406",-7.60363790186125,0.020142498555319042,28.294365359402235,
08/24/2022,SAP SE ADR,87.42,88.1,86.8156,87.03,"753,047",-7.325347185412909,0.015280750859584791,20.705210887122934,
08/25/2022,SAP SE ADR,88.2,88.21,86.9,87.34,"704,800",-5.930034129692835,0.015093521550055234,27.08743154532414,
08/26/2022,SAP SE ADR,84.24,87.91,84.0299,87.85,"1,116,416",-12.313937753721243,0.046487031949881734,20.50769467004168,
08/29/2022,SAP SE ADR,84.58,85.05,84.1435,84.36,"959,829",-11.192776144477106,0.014019968671349664,20.110960804207085,
08/30/2022,SAP SE ADR,84.52,85.87,84.1043,85.69,"734,511",-11.912454403335078,0.020360152000795863,18.024254404821868,
08/31/2022,SAP SE ADR,85.22,86.3,85.07,85.33,"1,234,497",-11.053125978499118,0.020996472106771153,27.330131845626948,
09/01/2022,SAP SE ADR,83.98,84.69,82.41,84.53,"1,300,332",-10.849256900212312,0.032906773522982685,20.49523828793019,
09/02/2022,SAP SE ADR,83.27,85.56,82.765,84.84,"1,080,287",-10.41420118343196,0.03369180990057246,29.18563775786049,
09/06/2022,SAP SE ADR,84.17,85.17,83.8,84.83,"1,035,899",-8.966039368375506,0.023805929244866894,36.8332385267437,
09/07/2022,SAP SE ADR,85.57,85.79,84.35,84.6,"1,992,435",-6.603361711416733,0.019661232208129098,47.83764618651691,
09/08/2022,SAP SE ADR,85.31,85.33,83.45,83.69,"960,175",-3.5282144068754997,0.024882324557730023,47.20325358724322,
09/09/2022,SAP SE ADR,87.07,87.28,86.38,86.4,"649,705",-0.34336728854299114,0.023254985675791963,52.17878822776121,
09/12/2022,SAP SE ADR,88.95,89.3,88.375,88.5,"818,856",1.7501715854495552,0.0253973413270318,58.580127496272794,
09/13/2022,SAP SE ADR,85.86,87.64,85.72,87.01,"1,077,461",-2.6530612244897998,0.036564141282986046,57.35127380251288,
09/14/2022,SAP SE ADR,86.31,86.37,85.15,85.54,"1,289,053",2.4572649572649663,0.01634915564004297,55.333824507428886,
09/15/2022,SAP SE ADR,84.41,85.99,84.21,85.5,"1,332,699",-0.20099314258690198,0.02415688311304866,48.54370677192685,
09/16/2022,SAP SE ADR,83.94,84.13,82.9,83,"1,093,174",-0.6862281116895389,0.018754913488399652,48.68599845358568,
09/19/2022,SAP SE ADR,84.26,84.27,82.68,82.69,"934,906",-1.1264961276695538,0.01918750961782642,54.71550020881866,
09/20/2022,SAP SE ADR,82.93,83.62,82.3655,82.75,"1,331,540",-1.2502976899261695,0.022654441950736393,48.24361844993701,
09/21/2022,SAP SE ADR,82.34,84.01,82.18,83.07,"1,162,176",-1.116848805091861,0.02230330542657083,40.8140098835601,
09/22/2022,SAP SE ADR,81.37,82.29,80.97,82.04,"1,612,665",-3.326600926695969,0.01740925218137973,40.14509234651918,
09/23/2022,SAP SE ADR,79.47,79.48,78.22,79.18,"2,048,244",-7.128666588757736,0.038192686950126196,31.94877994336598,
09/26/2022,SAP SE ADR,79.63,81.09,79.15,80.08,"2,899,864",-6.658070566170445,0.025754265401829055,38.09588457912106,
09/27/2022,SAP SE ADR,79.12,80.99,78.56,80.48,"2,478,781",-9.130584587113804,0.030461089485705903,27.013694744174312,
09/28/2022,SAP SE ADR,81.46,81.77,79.01,79.37,"2,056,967",-8.420460933108497,0.03452581454622031,35.38114900502288,
09/29/2022,SAP SE ADR,80.48,80.56,79.19,80.25,"2,137,348",-6.266014442115066,0.02919801542196001,30.066648548738844,
09/30/2022,SAP SE ADR,81.25,82.61,81.19,81.46,"1,390,554",-5.862588344340172,0.026714549386814675,31.59541801914044,
10/03/2022,SAP SE ADR,83.94,84.12,82.03,82.45,"1,686,660",-0.5568060656320328,0.034540483510689494,38.15628361424317,
10/04/2022,SAP SE ADR,88.04,88.35,86.54,86.82,"1,626,555",4.884441267572085,0.05090143195993593,44.85864225617541,
10/05/2022,SAP SE ADR,87.18,87.45,85.59,86.19,"1,225,243",3.4654640398765744,0.030649984133077297,45.01659979324109,
10/06/2022,SAP SE ADR,86.36,87.22,86.17,86.59,"1,249,734",4.136018328710952,0.013863830623131065,44.63099682857006,
10/07/2022,SAP SE ADR,84.53,85.52,84.15,85.39,"1,140,736",2.65970366771921,0.025135463022672083,40.25061937749161,
10/10/2022,SAP SE ADR,84.05,84.53,83.38,84.46,"1,263,895",3.2935971488263394,0.014823475115931939,40.339086064419284,
10/11/2022,SAP SE ADR,83.01,84.52,82.77,83.64,"1,287,302",4.454511136277849,0.02056843062961513,40.11256155165711,
10/12/2022,SAP SE ADR,82.51,83.89,82.5,83.27,"1,115,579",3.616727364058784,0.017186661737678518,40.916907624325574,
10/13/2022,SAP SE ADR,85.15,85.38,80.5,80.98,"1,515,186",7.621334681496462,0.05667253107835468,48.31897294137451,
10/14/2022,SAP SE ADR,84.61,87.58,84.515,86.7,"1,207,758",3.866928553891488,0.03812091340868713,44.584575783450525,
10/17/2022,SAP SE ADR,86.85,87.53,86.36,86.41,"1,362,674",7.915009940357841,0.034839434929794494,53.61813350589745,
10/18/2022,SAP SE ADR,89.02,90.31,88.33,90.22,"1,526,752",9.563076923076917,0.03938431456916599,52.788326003071255,
10/19/2022,SAP SE ADR,86.73,87.97,86.295,87.71,"1,086,425",3.323802716225883,0.03228741729031612,55.32733935110833,
10/20/2022,SAP SE ADR,86.91,88.46,86.71,86.91,"1,103,436",-1.2835074965924689,0.021282689375497543,54.84014346664763,
10/21/2022,SAP SE ADR,90.88,90.96,88.02,88.44,"1,722,413",4.244092681807741,0.0442983635460136,55.24707095273767,
10/24/2022,SAP SE ADR,91.01,91.19,89.19,90.62,"1,447,806",5.384437239462721,0.024412613567225183,54.91873968722801,
10/25/2022,SAP SE ADR,96.32,97.2902,96.0256,96.58,"2,401,430",13.947710871879796,0.06495169557866079,64.47536225852083,
10/26/2022,SAP SE ADR,97.76,99.14,96.15,96.23,"1,991,300",16.311719214753136,0.03417492131601965,72.23013518259893,
10/27/2022,SAP SE ADR,97.44,98.9,97.23,97.73,"1,024,867",17.38344777737621,0.018721146297491987,77.67309729525034,
10/28/2022,SAP SE ADR,97.71,97.86,96.55,96.58,"1,437,980",18.42200945339957,0.014036558236451084,76.2341003642819,
10/31/2022,SAP SE ADR,96.06,96.89,96.05,96.48,"986,162",12.812683499706393,0.016987564638314412,76.7548404519293,
11/01/2022,SAP SE ADR,95.84,97.39,95.17,97.21,"831,339",13.272662805814921,0.022750395490011528,77.29272357871491,
11/02/2022,SAP SE ADR,93.97,97.16,93.97,96.66,"1,372,379",8.198042602187686,0.032929130829177936,70.12018194968907,
11/03/2022,SAP SE ADR,92.69,94.32,92.67,93.31,"1,126,704",4.122669063131883,0.01918002546076482,64.34018326012722,
11/04/2022,SAP SE ADR,96.02,96.18,94.535,95.68,"1,221,337",10.711403205349926,0.03597308384738806,64.3066084426763,
11/07/2022,SAP SE ADR,97.57,97.735,96.14,96.95,"1,213,203",12.2655620757105,0.01950742791371706,63.94026574527564,
11/08/2022,SAP SE ADR,97.97,99.255,96.74,97.87,"1,403,750",7.8014964788732435,0.025407510831632108,69.94816759035938,
11/09/2022,SAP SE ADR,97.55,98.62,97.47,97.94,"947,809",7.1860235138995625,0.01303568471488592,64.81321729821583,
11/10/2022,SAP SE ADR,107.18,107.19,103.56,103.81,"2,371,170",11.27491694352161,0.0910224416792667,66.57512065250562,
11/11/2022,SAP SE ADR,110.17,110.55,108.54,109.04,"1,997,216",12.694353518821599,0.03685879768883586,68.0404915395241,
11/14/2022,SAP SE ADR,108.83,109.81,108.36,109.1,"1,133,713",11.689244663382595,0.0185358731145024,59.73365389394362,
11/15/2022,SAP SE ADR,109.81,111.04,108.08,110.33,"1,627,550",12.38358407532495,0.026582461784381516,59.39101090792176,
11/16/2022,SAP SE ADR,111.06,111.43,109.87,111.18,"1,226,335",15.61524047470331,0.01582818266968812,60.141921725196276,
11/17/2022,SAP SE ADR,111.82,112.18,110.44,110.5,"2,140,673",16.6736227045075,0.01576179949132433,69.00945449000834,
11/18/2022,SAP SE ADR,108.79,109.73,108.25,109.71,"1,213,963",15.77099074172609,0.03141399520884802,67.76202925447707,
11/21/2022,SAP SE ADR,108.5,109.85,108.47,109.47,"889,787",17.056856187290972,0.014421646588754073,71.87481415656322,
11/22/2022,SAP SE ADR,109.62,109.67,107.984,108.45,"735,501",14.1637158925224,0.01550508079079063,77.61448498405255,
11/23/2022,SAP SE ADR,109.85,110.04,108.97,109.06,"931,638",12.58583581018756,0.010336113070129833,82.7733130967719,
11/25/2022,SAP SE ADR,110.65,110.66,109.79,109.82,"411,187",12.942737572726353,0.008143482064080564,82.14365597187985,
11/28/2022,SAP SE ADR,108,110.19,107.8,109.62,"808,837",10.712455151204512,0.02477472370257039,77.29268283576982,
11/29/2022,SAP SE ADR,106.92,107.49,106.39,107.34,"831,317",-0.24258257137526135,0.01600952144743308,71.95802582322223,
11/30/2022,SAP SE ADR,110.87,110.93,107.5,107.92,"1,019,534",0.635381682853774,0.0355505713984624,77.14334940442437,
12/01/2022,SAP SE ADR,112.01,112.39,111.02,111.59,"1,000,860",2.921988422310031,0.0156952793615352,75.32619892111812,
12/02/2022,SAP SE ADR,112.03,112.49,110.64,111.16,"906,897",2.021673800200345,0.016627658670676556,67.35210468666887,
12/05/2022,SAP SE ADR,110.27,111.25,109.945,110.76,"661,183",-0.7113272105168433,0.0187516303048612,69.49917355100682,
12/06/2022,SAP SE ADR,107.77,109.49,107.28,109.49,"870,997",-3.621892326954031,0.027041958934229424,61.508141357137795,
12/07/2022,SAP SE ADR,107.87,108.06,106.75,107.49,"1,010,535",-0.8456659619450332,0.013614416960808187,53.4215593116588,
12/08/2022,SAP SE ADR,107.82,108.355,106.55,107.16,"902,639",-0.6267281105990846,0.016638041147710576,48.47166420129706,
12/09/2022,SAP SE ADR,107.29,108.05,107.23,107.47,"543,207",-2.125524539317641,0.008464470723312622,51.31588843126179,
12/12/2022,SAP SE ADR,108.36,108.38,107.17,107.22,"951,715",-1.3563950842057304,0.011033563774985664,51.54019501064816,
12/13/2022,SAP SE ADR,109.81,112.82,109.31,112.22,"1,050,870",-0.7591504744690496,0.03842041425102972,52.88365778405317,
12/14/2022,SAP SE ADR,109.71,111,109.01,109.88,"707,480",1.5833333333333275,0.020088406699556086,45.88765858241649,
12/15/2022,SAP SE ADR,105.58,108.0818,105.35,107.89,"928,369",-1.253273475495701,0.039449724852913,40.63090963392682,
12/16/2022,SAP SE ADR,105.36,105.5,104.11,104.71,"1,505,621",-4.969784432217916,0.016422412356193853,38.59269448271528,
12/19/2022,SAP SE ADR,104.3,105.5006,103.97,105.37,"886,153",-6.883313989822344,0.014876177754661348,38.48850385340145,
12/20/2022,SAP SE ADR,104.49,104.54,103.6,103.91,"1,162,332",-6.730340087476574,0.00960088804438666,30.312148118989768,
12/21/2022,SAP SE ADR,104.8,105.555,104.49,104.81,"756,724",-4.960551373900425,0.010138592463618165,28.6711953027761,
12/22/2022,SAP SE ADR,103.98,104.23,102.65,104.18,"981,584",-3.5167486313445226,0.01996256167594236,28.66302607397829,
12/23/2022,SAP SE ADR,103.5,103.7072,102.66,103.22,"760,582",-4.05117270788913,0.013503849053054493,28.549102937919997,
12/27/2022,SAP SE ADR,103.34,103.88,102.77,103.33,"523,535",-4.155073270265247,0.011046547513142678,33.42154736137083,
12/28/2022,SAP SE ADR,101.81,103.43,101.78,102.87,"635,395",-5.107652157703424,0.015741901075302985,34.542694256889284,
12/29/2022,SAP SE ADR,104.11,104.35,103.28,103.39,"546,766",-3.922111480251015,0.024111475876165512,32.452243657640466,
12/30/2022,SAP SE ADR,103.19,103.29,102.36,102.81,"442,585",-6.028594845642477,0.017734245151412396,32.786095255950144,
01/03/2023,SAP SE ADR,103.98,105.07,103.28,104.04,"928,761",-5.222860267979209,0.01817476742564396,32.458099018509905,
01/04/2023,SAP SE ADR,106.89,107.17,105.72,107.12,"819,234",1.2407652964576645,0.029542230426234446,30.8468504263346,
01/05/2023,SAP SE ADR,106.16,107.34,106,107.31,"853,435",0.7593014426727384,0.014177938615077946,30.516579893665885,
01/06/2023,SAP SE ADR,109.11,109.382,105.5,106.58,"821,046",4.6116970278044125,0.03474000217483048,38.05672231895649,
01/09/2023,SAP SE ADR,111.44,112.88,110.7,110.7,"1,481,813",6.651354196573838,0.034569351727860714,51.345407440160336,
01/10/2023,SAP SE ADR,113.42,113.43,112.02,112.31,"1,093,438",8.225190839694662,0.019376434572662738,59.926438360378576,
01/11/2023,SAP SE ADR,114.87,114.92,113.99,114.21,"785,947",10.473167916907098,0.013784385637639191,68.80669943187529,
01/12/2023,SAP SE ADR,116.68,116.69,114.13,115.31,"1,082,805",12.73429951690822,0.021644545639998874,69.93688058219071,
01/13/2023,SAP SE ADR,117.01,117.15,115.71,115.72,"755,604",13.228178827172442,0.013281236300786755,77.70814962283147,
01/17/2023,SAP SE ADR,116.21,117.44,115.74,116.22,"826,789",14.143993713780562,0.014560197848982112,76.62662935153188,
01/18/2023,SAP SE ADR,117.08,118.8,116.92,118.06,"1,394,903",12.457977139563923,0.021584780367853062,78.48350087782421,
01/19/2023,SAP SE ADR,115.67,116.13,114.65,114.85,"891,052",12.094195173950968,0.021230381056317076,76.3927670116117,
01/20/2023,SAP SE ADR,117.12,117.15,115.21,115.56,"728,454",12.637045585689556,0.01723804925511391,76.84939496409547,
01/23/2023,SAP SE ADR,116.71,117.02,115.595,115.64,"1,059,925",9.187014687997,0.013560379147922368,72.93286938767933,
01/24/2023,SAP SE ADR,116.19,116.57,115.79,116.04,"1,022,067",9.448003014318012,0.008455869404280324,65.65569075138343,
01/25/2023,SAP SE ADR,116.16,116.519,114.51,115.42,"1,310,862",6.461369260379431,0.016718096558049032,57.62692368629871,
01/26/2023,SAP SE ADR,114.1,114.69,112.3,112.75,"1,869,697",2.3869346733668313,0.0327672972099643,53.587047631004246,
01/27/2023,SAP SE ADR,113.21,114.02,112.25,112.55,"957,898",-0.18515253041792273,0.017961635239375124,47.93403890403968,
01/30/2023,SAP SE ADR,116.09,117.06,115.71,116.51,"1,587,784",1.0620701662749183,0.032548872750921255,48.49612733375661,
01/31/2023,SAP SE ADR,118.53,118.57,116.57,116.63,"1,270,407",1.5855330819334883,0.022379657348651393,49.24703189354739,
02/01/2023,SAP SE ADR,121.03,121.42,118.3,119.37,"853,971",3.435603794547471,0.026010538280446863,49.60036207049066,
02/02/2023,SAP SE ADR,122.97,123.275,122.19,122.71,"866,463",5.817055330866539,0.01922743080084016,49.06638645925924,
02/03/2023,SAP SE ADR,120.63,121.91,120.09,120.18,"1,098,469",3.0321147933037214,0.023549778699969607,43.08380498235311,
02/06/2023,SAP SE ADR,119.72,120.29,119.345,119.95,"519,551",3.501340019019622,0.01192916513160687,43.89662026704958,
02/07/2023,SAP SE ADR,119.84,120.185,117.82,118.11,"538,364",2.3224043715846983,0.01933264473990063,36.84694612616924,
02/08/2023,SAP SE ADR,118.61,119.51,118.22,118.64,"872,221",1.6279667552052144,0.014215026884507388,36.83181132449052,
02/09/2023,SAP SE ADR,118.7,120.64,118.18,120.53,"635,978",2.1602547551424434,0.020215643223134985,36.49424945269839,
02/10/2023,SAP SE ADR,117.35,117.85,116.8,117.55,"661,962",1.0244490358126703,0.01662607964544071,37.50536466726612,
02/13/2023,SAP SE ADR,118.48,118.51,117.45,117.53,"374,226",3.8387379491674056,0.010497788624853836,42.08250819366236,
02/14/2023,SAP SE ADR,118.76,119.64,117.635,117.99,"616,018",4.902393781468079,0.01644911445255133,49.17041559569145,
02/15/2023,SAP SE ADR,119.27,119.31,117.73,117.8,"669,453",2.7392540270479735,0.013695863605089342,59.78854006534104,
02/16/2023,SAP SE ADR,117.96,118.62,117.12,117.58,"505,005",-0.48089091369274223,0.0179334789069703,62.00785475886818,
02/17/2023,SAP SE ADR,117.35,117.44,116.1728,116.51,"411,030",-3.0405684541022944,0.015615752379498991,53.533560973632866,
02/21/2023,SAP SE ADR,114.78,115.76,114.72,115.16,"867,009",-6.660161014881677,0.02226087161862565,42.64435205564033,
02/22/2023,SAP SE ADR,115.26,115.89,114.79,115.53,"510,583",-4.451628948022872,0.010815237723063763,40.33004986602803,
02/23/2023,SAP SE ADR,116.01,116.77,114.86,116.31,"784,533",-3.0988974273304324,0.01610042122811254,39.46592820830364,
02/24/2023,SAP SE ADR,113.18,114.36,112.57,113.96,"991,723",-5.557409879839783,0.029244368689905067,40.23074470643171,
02/27/2023,SAP SE ADR,115.13,115.54,114.74,115.18,"579,932",-2.933985330073353,0.02161470678109162,46.3896269125965,
02/28/2023,SAP SE ADR,113.82,114.84,113.76,114.07,"693,494",-4.111204717775914,0.012913061823469574,45.74164080473962,
03/01/2023,SAP SE ADR,114.23,115.12,113.4,115.12,"848,854",-2.6587132509586624,0.014962595166571618,55.15143118053864,
03/02/2023,SAP SE ADR,114.53,114.6425,113,113.05,"664,916",-3.333896016205269,0.014574234315223311,48.018190339176606,
03/03/2023,SAP SE ADR,116.9,116.965,115.78,115.86,"694,527",-1.566183900303132,0.020652934964338482,55.462997970789175,
03/06/2023,SAP SE ADR,119.73,120.21,119.04,119.5,"953,744",0.38567955059948683,0.027618265881741228,58.203729597100136,
03/07/2023,SAP SE ADR,116.89,118.94,116.6,118.86,"469,634",-0.9070871481858199,0.026914306722135604,52.59899846461932,
03/08/2023,SAP SE ADR,117.41,117.55,116.2,116.72,"730,066",0.051129100979976375,0.013008482585755047,45.24731021838998,
03/09/2023,SAP SE ADR,115.99,118.5,115.95,117.4,"691,873",1.0541906255445146,0.021175532992918786,44.40664484830407,
03/10/2023,SAP SE ADR,115.46,118.015,115.23,117.97,"1,005,261",0.1735207357279096,0.023896914997494332,41.89168307186002,
03/13/2023,SAP SE ADR,115.03,115.81,113.64,114.31,"1,144,659",-0.8447547625204758,0.01953189131573011,40.827175494778174,
03/14/2023,SAP SE ADR,118.12,118.49,117.15,118.07,"861,994",4.364728750662659,0.029120271753651908,42.79124490775532,
03/15/2023,SAP SE ADR,115.6,115.7,113.7,114.34,"1,111,311",0.4082341700686171,0.03798750691483988,34.74124500060903,
03/16/2023,SAP SE ADR,120.3,120.4,116.21,116.38,"1,054,054",5.693199789140753,0.04120112912815005,43.77407361087444,
03/17/2023,SAP SE ADR,119.22,120.22,118.09,119.07,"1,040,263",4.368379585047706,0.02075877515511526,46.07869166058956,
03/20/2023,SAP SE ADR,121.38,121.48,120.52,121.34,"771,660",5.980965685846498,0.01912038948162518,52.24029066938916,
03/21/2023,SAP SE ADR,123.48,123.61,122.12,122.43,"594,223",5.628742514970058,0.018440085138542898,51.4184705759265,
03/22/2023,SAP SE ADR,122.24,124.47,122.22,122.82,"480,554",2.0963835296082776,0.018412212854340693,52.04712765944052,
03/23/2023,SAP SE ADR,123.74,125.28,123.05,124.04,"599,534",5.860210454273243,0.02428211930279827,51.81524214910165,
03/24/2023,SAP SE ADR,123.29,123.54,122.03,123.11,"907,143",5.008091303977523,0.014946508696460937,43.52320287966164,
03/27/2023,SAP SE ADR,123.25,124.3899,122.9875,123.85,"571,071",6.259160272437283,0.011724941550457635,48.16561104425304,
03/28/2023,SAP SE ADR,123.47,123.65,122.74,123.55,"631,351",6.9374675212194745,0.007805945550760127,48.43390301106423,
03/29/2023,SAP SE ADR,124.32,124.56,123.54,123.58,"915,953",8.076154046770402,0.008735136321044043,55.41411872333032,
03/30/2023,SAP SE ADR,126.07,126.07,125.11,125.51,"745,979",6.730443616661013,0.013590991098800891,63.14948275355217,
03/31/2023,SAP SE ADR,126.55,126.77,125.73,125.84,"668,203",9.47231833910035,0.008755265837221287,71.72470078368922,
04/03/2023,SAP SE ADR,126.32,126.425,125.57,126.18,"876,270",5.0041562759767215,0.007890853150491879,63.66272043701817,
04/04/2023,SAP SE ADR,127.81,127.86,126.91,126.95,"788,170",7.205166918302301,0.011800314187611691,72.64574353930233,
04/05/2023,SAP SE ADR,126.74,128.23,126.28,128.01,"665,587",4.415884000659087,0.01511082419703076,65.11523778873152,
04/06/2023,SAP SE ADR,128.71,128.88,127.2,128,"989,476",4.2355037252996475,0.01672367614352338,65.19567038573848,
04/10/2023,SAP SE ADR,127.45,127.6,125.8,127.6,"604,419",4.262107329842939,0.022549384635680986,58.63156148360289,
04/11/2023,SAP SE ADR,126.54,127.05,126.345,126.69,"1,146,772",2.262809115888162,0.010000756947459988,49.95312445331582,
04/12/2023,SAP SE ADR,127.11,128.115,126.79,127.59,"1,318,428",3.0983859193770726,0.012224302616586646,57.845785492358075,
04/13/2023,SAP SE ADR,128.05,128.49,127.06,127.06,"1,132,137",3.8945233265720174,0.011342686984290577,59.8126123386944,
04/14/2023,SAP SE ADR,127.42,128.17,126.7,127.72,"980,031",3.1991576901271586,0.011578616948345742,59.28812783001616,
04/17/2023,SAP SE ADR,127.2,127.95,126.67,127.75,"1,387,851",2.3166023166023244,0.010238962665226729,51.093264315825586,
04/18/2023,SAP SE ADR,127.64,128.3,127.35,128.13,"1,417,059",1.2453398905370092,0.008792450007873731,58.50326501535524,
04/19/2023,SAP SE ADR,127.3,127.77,127.06,127.67,"1,512,202",0.5926511260371394,0.005879232930755959,49.67318441120826,
04/20/2023,SAP SE ADR,126.86,127.72,126.4,126.93,"1,512,413",0.42748575047498916,0.010028146607053716,42.2017468665527,
04/21/2023,SAP SE ADR,133.95,134.64,131.8,132.13,"2,742,855",4.804005946326567,0.05666387476428611,49.63330809554936,
04/24/2023,SAP SE ADR,132.54,133.74,131.9213,132.89,"1,406,605",4.57629793277576,0.019131359531603435,47.96470119756414,
04/25/2023,SAP SE ADR,133.43,135.67,133.41,134.46,"1,427,161",3.6671587289254903,0.02320786204666768,49.97249612899993,
04/26/2023,SAP SE ADR,133.35,135.61,133.12,135.61,"1,346,549",4.629266378972138,0.01911428553571111,48.019465030613055,
04/27/2023,SAP SE ADR,136.65,136.85,135.01,135.79,"967,528",7.989568515884305,0.025598316103341907,48.12169444392995,
04/28/2023,SAP SE ADR,135.27,135.71,134.83,135.34,"746,813",6.4196365352844085,0.01459846470654192,47.65086639805965,
05/01/2023,SAP SE ADR,134.48,135.57,134.44,135.57,"467,224",5.021475985942974,0.008968257279453795,49.28337344832338,
05/02/2023,SAP SE ADR,134.36,134.5,133.49,133.61,"867,613",5.446554700988864,0.007693577771732438,43.216932192248485,
05/03/2023,SAP SE ADR,135.78,137.32,135.28,136.08,"1,414,814",6.745283018867923,0.02072702177962175,44.35015795444788,
05/04/2023,SAP SE ADR,134.09,134.64,133.435,133.86,"692,458",5.053274835474775,0.017860729024457817,44.95141963187392,
05/05/2023,SAP SE ADR,134.76,135,134,134.13,"623,760",5.860172820109971,0.008407963154190873,50.48028587379497,
05/08/2023,SAP SE ADR,135.78,136.2,135.22,136.06,"718,470",7.031373167271009,0.0104785997427472,48.59022425983207,
05/09/2023,SAP SE ADR,134.68,135.1018,133.84,133.96,"674,757",0.544979469951488,0.014129799346281354,50.96168565035327,
05/10/2023,SAP SE ADR,134.83,135.41,133.85,134.84,"733,645",1.7277802927418293,0.011879834035725054,58.30307936051591,
05/11/2023,SAP SE ADR,133.69,134.13,132.81,134.07,"756,944",0.1948587274226118,0.014906983153161212,46.06169655855085,
05/12/2023,SAP SE ADR,131.58,132.0166,131.29,131.79,"655,466",-1.3273340832395815,0.017973492281610173,48.90319133004443,
05/15/2023,SAP SE ADR,131.3,134.05,130.1,130.36,"1,864,721",-3.9151115989754803,0.029235099815413074,50.55307710161776,
05/16/2023,SAP SE ADR,133.16,133.89,131.21,131.32,"2,325,289",-1.5598432764101526,0.021226165859572876,64.02316782077396,
05/17/2023,SAP SE ADR,132.62,133.58,131.64,133.4,"995,657",-1.383105294467568,0.015327071402554097,56.73710382839717,
05/18/2023,SAP SE ADR,133.9,134.15,133.11,133.4,"954,724",-0.34236379874963374,0.011881298727332183,62.86249928982101,
05/19/2023,SAP SE ADR,134.28,135.12,134.28,134.58,"696,744",-1.104728236853734,0.009363097222886665,66.84601013394136,
05/22/2023,SAP SE ADR,133.29,133.93,133.265,133.47,"693,541",-0.596614214333665,0.007775193753667941,67.70776167073173,
05/23/2023,SAP SE ADR,129.83,132.81,129.71,132.53,"1,170,754",-3.658355595132071,0.025797772921263593,58.51817821829006,
05/24/2023,SAP SE ADR,129.21,129.63,128.77,129.63,"717,260",-4.83870967741935,0.00982864389579104,58.52320641760673,
05/25/2023,SAP SE ADR,129.44,129.825,128.84,129.8,"1,352,206",-3.890703890703897,0.00784364150005191,60.51381791598035,
05/26/2023,SAP SE ADR,131.41,131.63,130.04,130.13,"832,101",-2.536527479047701,0.01609399999702684,60.752052228836675,
05/30/2023,SAP SE ADR,130.24,132.07,130.12,131.91,"729,130",-2.5805969032837077,0.015086878741031366,60.60602907454496,
05/31/2023,SAP SE ADR,130.44,130.87,129.15,130.48,"1,324,959",-0.8663930688554603,0.013478668489356414,53.38140005583211,
06/01/2023,SAP SE ADR,132.17,132.37,130.62,131.15,"783,437",0.6626047220106444,0.014676310611463102,58.5167080225106,
06/02/2023,SAP SE ADR,132.97,133.53,132.51,133.26,"532,516",-0.1426854911384783,0.010688553979047105,62.56656658977351,
06/05/2023,SAP SE ADR,131.5,132.3,131.26,132.3,"515,140",-0.8445181722213878,0.01281494022639993,55.07252690650522,
06/06/2023,SAP SE ADR,131.84,132.24,131.52,132.16,"551,921",-1.53846153846154,0.00628079131681416,48.27077993227724,
06/07/2023,SAP SE ADR,131.7,133.26,131.48,132.75,"805,188",-1.921358355674719,0.012878418039615246,56.02071651042391,
06/08/2023,SAP SE ADR,133.21,133.29,131.96,132.01,"417,128",-0.06001950633954842,0.012146122493143759,53.844488901401306,
06/09/2023,SAP SE ADR,132.72,133.6,132.05,132.95,"499,275",2.2259878302395335,0.0117750820799418,48.33323073968882,
06/12/2023,SAP SE ADR,133.77,133.94,131.74,131.96,"1,084,361",3.529138611562574,0.016251879951703366,56.371689041595616,
06/13/2023,SAP SE ADR,135.29,135.84,134.03,134.66,"766,587",4.519468479604446,0.015545008719946237,65.53347828788223,
06/14/2023,SAP SE ADR,135.56,136.36,134.47,134.64,"505,925",3.158054942546234,0.014190618605414738,71.51181464823476,
06/15/2023,SAP SE ADR,137.04,137.06,134.62,134.92,"688,508",5.221130221130208,0.017767413376818864,69.77382559237789,
06/16/2023,SAP SE ADR,137.28,139.25,137.19,139.045,"983,348",5.243790248390067,0.01627583607251986,70.36618838697873,
06/20/2023,SAP SE ADR,136.01,136.8307,135.48,136.06,"686,248",2.9053491715215283,0.013557888632408074,70.46876228895741,
06/21/2023,SAP SE ADR,134.79,135.68,134.38,135.57,"824,534",1.3687297886741319,0.012259609164258042,73.8022079478439,
06/22/2023,SAP SE ADR,135.11,135.42,134.3,134.38,"697,718",2.7452471482889838,0.008695908421281809,66.28635213744869,
06/23/2023,SAP SE ADR,133.47,134.12,133.275,133.7,"477,891",1.2363470873786373,0.013307376882963396,61.1029008035515,
06/26/2023,SAP SE ADR,132.43,133.209,132.25,133.1,"474,182",0.5542900531511148,0.009596082208470113,61.340454351118254,
06/27/2023,SAP SE ADR,133.01,133.2,132.01,132.49,"682,642",-0.15013887846259066,0.009067342565191422,61.87484974477496,
06/28/2023,SAP SE ADR,134.27,134.97,133.7,133.75,"679,732",1.167872212176018,0.01422042582895079,61.42316997952938,
06/29/2023,SAP SE ADR,134.43,134.43,133.54,134.3,"454,369",0.493384166853552,0.007351556677058448,56.83093275761387,
06/30/2023,SAP SE ADR,136.81,137.15,135.3201,135.46,"1,073,351",1.1235124547268907,0.01906248589268964,64.24553468363939,
07/03/2023,SAP SE ADR,134.55,135.89,133.86,135.67,"612,203",-0.7450575390970721,0.021767453351259333,56.19001775096695,
07/05/2023,SAP SE ADR,134.4,134.48,133.47,133.7,"1,265,067",-1.9264448336252091,0.009334955760431494,45.88276240647338,
07/06/2023,SAP SE ADR,132.43,132.92,131.49,132.83,"817,501",-3.5329254079254038,0.020967687368509947,39.70969958267287,
07/07/2023,SAP SE ADR,133.26,134,132.6,132.77,"1,029,284",-2.021910153665172,0.01268371684403541,41.516254606645205,
07/10/2023,SAP SE ADR,134.88,135.04,133.37,133.39,"1,067,629",0.06677053193857364,0.013296107477273526,41.83404881612974,
07/11/2023,SAP SE ADR,136.32,136.44,134.91,135.29,"1,114,189",0.895566575383006,0.011723133678781594,50.23239512647654,
07/12/2023,SAP SE ADR,140.58,140.79,138.08,138.69,"1,524,836",5.327039784221183,0.03087527847784057,60.258120314880195,
07/13/2023,SAP SE ADR,143.96,144.16,142.34,142.4,"1,576,377",8.70648644566941,0.025957686111055926,68.64705547633613,
07/14/2023,SAP SE ADR,144.35,144.9,144.04,144.04,"762,763",8.525674761296147,0.00829578196755891,73.01544024539773,
07/17/2023,SAP SE ADR,144.99,145.1,142.7705,142.86,"1,143,055",7.983913011097043,0.015587249173514218,69.08637569723322,
07/18/2023,SAP SE ADR,144.91,145,143.25,144.38,"927,982",7.795878896079737,0.012522845276284887,69.77769134328885,
07/19/2023,SAP SE ADR,143,144.3392,142.3825,143.63,"1,121,170",4.524523061179736,0.017276148925063038,62.82588659019052,
07/20/2023,SAP SE ADR,133.93,141.51,133.04,140.86,"2,770,070",-0.4607952434039424,0.06962937930696883,54.28121357378174,
07/21/2023,SAP SE ADR,134.02,136.135,133.82,135.75,"1,909,536",-0.28273809523809185,0.022056632069441,45.80253917169899,
07/24/2023,SAP SE ADR,132.39,133.555,132.23,133.52,"1,096,518",-0.030204636411704646,0.014311529125244847,44.64721143859551,
07/25/2023,SAP SE ADR,132.61,133.02,131.83,132.11,"996,821",-0.4877682725498854,0.009507208929255311,45.32930223829372,
07/26/2023,SAP SE ADR,132.34,132.59,131.11,131.45,"840,972",-1.883155397390267,0.011264996195224454,45.27631342558708,
07/27/2023,SAP SE ADR,134.07,136.26,133.98,135.44,"909,771",-1.6505281690140845,0.02795197603725657,44.950589504113495,
07/28/2023,SAP SE ADR,136.81,136.84,135.4,135.83,"1,022,934",-2.681747047944238,0.021323678558226093,44.85954950264476,
07/31/2023,SAP SE ADR,136.35,137.7,136.3,137.27,"828,453",-5.286190608502371,0.011276207154996325,43.98714674473018,
08/01/2023,SAP SE ADR,136.39,136.69,135.72,136.32,"807,374",-5.514374783512302,0.007522443824904274,36.70434067698139,
08/02/2023,SAP SE ADR,133.21,135.18,132.79,135.17,"829,516",-8.124698255052072,0.02532974506261355,28.303844565359896,
08/03/2023,SAP SE ADR,132.2,132.78,131.91,132.21,"463,370",-8.77096128631565,0.011261980738388754,23.802381877601174,
08/04/2023,SAP SE ADR,132.96,134.51,132.51,133.05,"645,586",-7.0209790209790155,0.01690883912365219,28.88878016550427,
08/07/2023,SAP SE ADR,135.8,135.87,134.47,135.52,"594,809",1.3962517733144213,0.021433786818920768,26.99523554208012,
08/08/2023,SAP SE ADR,134.63,134.8,133.18,133.55,"1,218,575",0.4551559468735899,0.019832729271760646,26.955766753035366,
08/09/2023,SAP SE ADR,135.52,136.22,134.55,134.74,"1,402,884",2.3642269053554075,0.013086377976092207,40.141585264112514,
08/10/2023,SAP SE ADR,137.89,139.51,137.55,137.97,"1,222,269",3.9816001809818053,0.027955260507217868,51.9202713411776,
08/11/2023,SAP SE ADR,137.65,137.73,136.57,136.97,"1,340,085",4.012392322804898,0.011328090108616079,50.7940091908115,
08/14/2023,SAP SE ADR,138.95,139,137.57,137.77,"662,762",3.63988960990527,0.010479561054036874,57.26874808223221,
08/15/2023,SAP SE ADR,137.69,138.6,137.41,138.08,"808,632",0.6432278342226412,0.011141174378227817,57.252538821267635,
08/16/2023,SAP SE ADR,137.42,139.0901,137.34,138.32,"710,845",0.7847451411807798,0.012597223141709257,56.63871932958097,
08/17/2023,SAP SE ADR,134.34,136.69,134.14,136.48,"1,063,334",-1.5030427450692743,0.023374352109891222,48.363415108928606,
08/18/2023,SAP SE ADR,135.36,135.66,133.64,133.98,"1,050,759",1.6139929434727165,0.015866063791438303,41.07013978510379,
08/21/2023,SAP SE ADR,136.71,136.96,135.52,136.09,"563,000",3.411497730711059,0.012188124862191752,46.36217434996212,
08/22/2023,SAP SE ADR,138.47,138.98,138.025,138.84,"629,663",4.144103489771353,0.01620300340462562,52.18948693350641,
08/23/2023,SAP SE ADR,140.14,140.55,138.48,138.48,"680,738",3.195876288659775,0.01512873144917418,56.69601056023744,
08/24/2023,SAP SE ADR,135.58,138.86,135.46,138.82,"837,029",0.7056376736240192,0.03278347043884469,50.85194706019369,
08/25/2023,SAP SE ADR,137.46,137.98,135.39,136.91,"793,345",1.4315230224321116,0.02037115273903351,51.63031803596774,
08/28/2023,SAP SE ADR,138.34,138.72,137.56,137.94,"556,656",0.3263470882587694,0.010184925634900371,58.83334474373077,
08/29/2023,SAP SE ADR,140.05,140.14,137.55,137.55,"403,149",1.7435524881947007,0.018043644639027325,55.28964127525694,
08/30/2023,SAP SE ADR,140.64,141.175,140.18,140.18,"374,348",1.216264843468872,0.008942918069323147,51.67189655747906,
08/31/2023,SAP SE ADR,139.69,141.34,139.48,140.69,"557,197",1.4525383106979446,0.012935942730342135,55.778536959168754,
09/01/2023,SAP SE ADR,138.19,140.62,137.86,140.52,"533,706",0.5603260078591256,0.019376277029928172,49.54727071245133,
09/05/2023,SAP SE ADR,137.67,138.13,137.13,137.81,"443,320",2.478785171951752,0.008788653679066363,51.52564606036662,
09/06/2023,SAP SE ADR,138.74,138.8,137.65,138.29,"550,031",2.4970449172576794,0.008393988824702665,50.66978450071767,
09/07/2023,SAP SE ADR,139.95,140.1,138.81,139.34,"623,916",2.3699802501645677,0.00967446106486895,60.42805039405711,
09/08/2023,SAP SE ADR,140.46,141.38,140.29,140.29,"574,281",1.4371343973423911,0.010168528257513059,70.8822169579979,
09/11/2023,SAP SE ADR,139.17,139.23,138.025,139.12,"678,610",-0.6921649778792629,0.01696234945101728,63.08130842237747,
09/12/2023,SAP SE ADR,135.25,136.3,135.02,135.15,"975,471",-0.2433987313763184,0.029484020160566192,53.34796554308485,
09/13/2023,SAP SE ADR,135.75,136.26,134.93,135.6,"590,420",-1.2439982540375438,0.011641240805175099,52.75009018566057,
09/14/2023,SAP SE ADR,135.99,136.27,135.02,135.63,"785,287",-1.6987133150209588,0.00947455618259567,62.25436346541398,
09/15/2023,SAP SE ADR,135.24,136.245,135.015,135.75,"770,390",-3.434487682970369,0.009143231360147417,53.12088260911346,
09/18/2023,SAP SE ADR,135.24,135.69,134.42,134.42,"536,232",-3.839590443685991,0.009420292677923414,46.67169807486936,
09/19/2023,SAP SE ADR,134.7,135.115,133.94,134.52,"652,379",-3.5721955759181108,0.009679879729920573,40.70083942047403,
09/20/2023,SAP SE ADR,133.53,135.05,133.53,134.39,"632,088",-3.3721687531659286,0.011228361580534437,35.31378961969418,
09/21/2023,SAP SE ADR,131.16,133.46,131.06,132.94,"1,481,789",-4.728699062976677,0.018153787348435018,32.21483140283623,
09/22/2023,SAP SE ADR,132.65,133.49,131.99,132.26,"746,636",-4.389505549949548,0.01779994645583525,38.89929238461702,
09/25/2023,SAP SE ADR,131.95,132.14,131.22,131.7,"576,044",-5.71632725973562,0.011525203318462242,38.478772377858796,
09/26/2023,SAP SE ADR,127.18,129.84,126.93,128.86,"1,159,910",-9.454649010394418,0.037001707496051674,31.30593202606523,
09/27/2023,SAP SE ADR,127.68,128.51,126.8701,128.27,"739,759",-8.256089674498803,0.015114536500644645,25.167611980246022,
09/28/2023,SAP SE ADR,127.95,128.8394,126.745,127.2,"1,486,248",-5.397412199630312,0.01639633762047223,30.38655427413494,
09/29/2023,SAP SE ADR,129.32,131.23,128.89,131.12,"855,284",-4.73664825046041,0.024795134035695256,37.07874817825259,
10/02/2023,SAP SE ADR,128.56,129.59,127.84,129.24,"651,488",-5.46363703213472,0.014698636033055011,38.24787186157139,
10/03/2023,SAP SE ADR,127.94,128.83,127.3392,128.38,"654,809",-5.3978112984324245,0.011979252374431633,32.94731234809573,
10/04/2023,SAP SE ADR,128.93,129.44,127.49,128.75,"529,075",-4.665779355220351,0.014993856833845305,31.222936087430675,
10/05/2023,SAP SE ADR,129.56,129.59,128.105,128.83,"816,883",-3.815887156644385,0.011901308251895561,38.22832985215972,
10/06/2023,SAP SE ADR,130.92,131.47,128.15,128.73,"1,055,081",-1.9546169400134903,0.024633882632199726,45.417623363708984,
10/09/2023,SAP SE ADR,129.91,129.94,128.405,129,"1,507,585",-0.953034461726136,0.02004532087704562,42.50397108783155,
10/10/2023,SAP SE ADR,131.2,131.77,130.57,131.03,"1,052,627",-1.0931021485111323,0.014838305984658703,49.18984804108399,
10/11/2023,SAP SE ADR,132.39,132.57,131.47,131.7,"995,189",0.3334596438044697,0.010841730699270557,58.9937462100522,
10/12/2023,SAP SE ADR,131.66,133.18,131.27,132.54,"1,034,043",3.5225664412643414,0.014213033504084717,51.86399048371744,
10/13/2023,SAP SE ADR,128.79,130.8,127.8,130.7,"1,352,403",0.8693609022556275,0.028749769299916076,49.01657919035362,
10/16/2023,SAP SE ADR,130.7,130.87,128.98,129.3,"1,988,372",2.1492770613520795,0.01729572650907137,59.74294817968878,
10/17/2023,SAP SE ADR,130.49,131.03,128.43,128.8,"1,112,757",0.9047324466439963,0.01997642164855279,58.21247717728934,
10/18/2023,SAP SE ADR,127.61,129.12,127.3,128.23,"1,782,942",-0.7389545737398902,0.024596871010398407,47.584184562920655,
10/19/2023,SAP SE ADR,133.38,135.8,133.14,134.42,"2,078,630",4.251993121775831,0.06058146391322785,51.64529731390306,
10/20/2023,SAP SE ADR,130.7,132.99,130.65,132.67,"1,355,983",1.3728379740944556,0.024503335253984005,49.487004985800624,
10/23/2023,SAP SE ADR,132.2,132.83,130.08,131.15,"732,618",2.0376659462797053,0.021446518121602254,53.4584641515512,
10/24/2023,SAP SE ADR,133.67,133.825,132.59,132.97,"675,732",2.1005194011610144,0.013124212416225979,53.90617110442769,
10/25/2023,SAP SE ADR,130.71,132.89,130.675,132.49,"840,729",0.6158109460395746,0.022028979917206176,49.20128878382321,
10/26/2023,SAP SE ADR,131.22,132.43,130.63,131.95,"1,082,876",0.015243902439032191,0.014529340779707262,49.3108305381408,
10/27/2023,SAP SE ADR,131.39,132.96,131.0295,132.57,"690,357",-0.7553440592189743,0.014714779536249192,55.78067732286282,
10/30/2023,SAP SE ADR,133.65,134.09,132.33,132.77,"878,446",1.5114689351359631,0.020019079135168687,55.35578450244668,
10/31/2023,SAP SE ADR,134,134.42,133.46,133.84,"758,458",4.045345135491893,0.008359158550317703,54.73454718183267,
11/01/2023,SAP SE ADR,136.08,136.09,134.18,134.24,"618,093",4.11629686304516,0.014939027982186298,60.107354698270235,
11/02/2023,SAP SE ADR,138.58,139.18,137.98,138.87,"711,956",6.199708789945592,0.02206783638489114,67.251398792378,
11/03/2023,SAP SE ADR,138.98,139.44,138.14,138.74,"764,866",8.909960034480049,0.010561387602964697,64.57469917920686,
11/06/2023,SAP SE ADR,138.55,138.785,137.77,138.44,"488,777",3.8761433498275726,0.008944447841303516,67.35187060017952,
11/07/2023,SAP SE ADR,140.66,141.465,139.76,140.09,"461,671",7.620504973221124,0.01993980069447362,78.1008147069472,
11/08/2023,SAP SE ADR,142.17,142.64,141.71,141.71,"662,750",7.54160363086233,0.014609524168972607,75.29984878389635,
11/09/2023,SAP SE ADR,142.45,144.315,142.3901,143.05,"711,535",6.56841475274931,0.015044112394957981,86.96308422108962,
11/10/2023,SAP SE ADR,145.1,145.15,143.01,143.31,"609,307",11.009104123632458,0.01859857290319534,86.8815479678459,
11/13/2023,SAP SE ADR,145.03,145.1,143.715,143.9,"400,151",10.524310318549004,0.010451805754939623,86.56239650855903,
11/14/2023,SAP SE ADR,147.66,148.25,146.985,148.09,"693,703",12.382981962097581,0.021134075952084445,94.86663515953892,
11/15/2023,SAP SE ADR,148.52,149.14,147.6,148.16,"902,614",11.126075570520017,0.011406374482956137,94.83388210995557,
11/16/2023,SAP SE ADR,148.59,149.66,148.1,148.68,"835,407",10.88805970149254,0.010612782555353157,94.96207015944266,
11/17/2023,SAP SE ADR,149.95,150.09,148.94,149.3,"439,884",10.192533803644897,0.010141972945628254,94.76184655841058,
11/20/2023,SAP SE ADR,153.3,153.48,152.48,152.54,"750,709",10.622023379997113,0.022323070625479387,94.8153364851375,
11/21/2023,SAP SE ADR,152.5,153.56,152.23,153.1,"697,833",9.728018419916541,0.009971897213735707,86.87331510960031,
11/22/2023,SAP SE ADR,153.16,154.48,153.015,154.31,"1,184,061",10.544929628293024,0.012709814798864138,87.64716785402227,
11/24/2023,SAP SE ADR,154.19,154.53,153.9,154.27,"276,083",9.618939286222096,0.009287159734676793,87.06357372728174,
11/27/2023,SAP SE ADR,154.94,155.31,154.44,154.56,"719,879",8.9822044031793,0.007447710416009681,92.33471222280502,
11/28/2023,SAP SE ADR,156.3,156.72,155.37,155.5,"583,906",9.72270972270974,0.011120990091094825,92.47666768595866,
11/29/2023,SAP SE ADR,158.63,159.08,158.05,158.28,"584,604",9.32460372157133,0.01718037035493406,92.46861537608478,
11/30/2023,SAP SE ADR,159.12,159.37,157.97,159.15,"920,360",9.715231331448669,0.009618617519419103,92.69760127658985,
12/01/2023,SAP SE ADR,160.09,160.355,158.15,158.39,"810,864",8.417987268048224,0.013549383129190335,92.8988030794534,
12/04/2023,SAP SE ADR,159.27,159.495,157.9,158.77,"670,275",7.238082413143011,0.013840432722723893,86.24998975599598,
12/05/2023,SAP SE ADR,159.36,159.435,158.26,158.46,"566,875",7.248132444982844,0.008007758741483174,86.1402713536339,
12/06/2023,SAP SE ADR,158.1,159.94,158.06,159.83,"588,937",5.435145048349454,0.011540902963591953,79.52212772897478,
12/07/2023,SAP SE ADR,159.34,159.47,158.29,158.58,"634,988",3.9399869536855783,0.00892681085535273,79.19822855422659,
12/08/2023,SAP SE ADR,160.16,160.225,158.24,158.35,"685,374",5.022950819672129,0.012215379716512816,79.79478944980518,
12/11/2023,SAP SE ADR,159.13,159.18,156.51,156.51,"1,078,737",3.8978845651606155,0.02231157409600983,69.65806394042727,
12/12/2023,SAP SE ADR,158.26,159.18,157.79,157.79,"736,404",2.6396004928983676,0.010036667421376825,76.58440802369934,
12/13/2023,SAP SE ADR,159.77,159.84,157.44,158.48,"859,836",3.117335742868215,0.014770517437420099,75.898000776913,
12/14/2023,SAP SE ADR,156.01,157.15,155.1304,156.68,"1,090,317",-0.1855406269993733,0.028531630795929783,67.52680759975398,
12/15/2023,SAP SE ADR,153.5,154.77,153.2,154.4,"1,251,227",-3.233940616529027,0.019268363302834362,58.01260163305617,
12/18/2023,SAP SE ADR,154.9,155.13,153.645,154.48,"933,339",-2.6520864756158864,0.01140520803493339,59.25119612558716,
12/19/2023,SAP SE ADR,155.08,155.515,151,155.08,"1,018,655",-3.1294896620650827,0.028219257322862613,52.241306507440285,
12/20/2023,SAP SE ADR,151.14,153.66,150.88,153.45,"901,881",-5.10453946129216,0.02787147012970794,44.61819517340918,
12/21/2023,SAP SE ADR,152.18,152.21,150.84,151.32,"759,445",-4.505522088353418,0.010790562278130465,37.931776359500404,
12/22/2023,SAP SE ADR,152.7,152.89,151.87,152.03,"448,398",-3.4155597722960187,0.00708666065664982,42.527862072932464,
12/26/2023,SAP SE ADR,153.18,153.44,152.52,152.52,"279,751",-3.8659470315049558,0.006127874426812641,40.97794961972738,
12/27/2023,SAP SE ADR,155.9,156,154.825,154.86,"911,615",-2.6598401598401544,0.017293183185971995,47.74356869577157,
12/28/2023,SAP SE ADR,154.33,155.56,154.33,155.14,"1,295,536",-3.0164016841575965,0.010820294740957092,39.9403123162993,
12/29/2023,SAP SE ADR,154.59,155.06,154,154,"432,252",-2.31896878554277,0.007241042142920552,34.975786726963,
01/02/2024,SAP SE ADR,150.21,151.28,149.73,151.17,"918,351",-5.983601427051387,0.030165935799626984,35.59981866956753,
01/03/2024,SAP SE ADR,149.79,150.47,149.4346,150,"945,412",-3.986923915133645,0.00904125194678842,28.821995065256406,
01/04/2024,SAP SE ADR,148.52,149.75,148.38,149.54,"905,709",-3.2442996742670944,0.009460685073867119,21.46404196068394,
01/05/2024,SAP SE ADR,149.85,151.09,149.445,149.47,"576,290",-3.2601678502259595,0.016591032090670782,27.37616507346864,
01/08/2024,SAP SE ADR,152.56,152.69,151.36,151.43,"606,285",-1.6249677585762252,0.018737626207290352,34.55715107348815,
01/09/2024,SAP SE ADR,152.15,152.45,151.16,151.16,"466,594",0.6682545983856156,0.010123156425157008,27.096127730689005,
01/10/2024,SAP SE ADR,155.84,156.26,154.24,154.84,"961,834",2.4050466552766436,0.025477392674745313,36.64418877685642,
01/11/2024,SAP SE ADR,156.51,157.255,154.96,156.65,"484,700",2.4950884086444023,0.015780011714975364,43.0815107166723,
01/12/2024,SAP SE ADR,158.54,158.93,157.67,157.98,"603,927",3.4991513252382718,0.015491156320833959,49.995251708070825,
01/16/2024,SAP SE ADR,156.82,157.45,156.28,156.78,"523,758",0.5901218729955019,0.01455485370652898,45.04158807030829,
01/17/2024,SAP SE ADR,157.78,157.905,155.82,156.82,"615,754",2.2354694485841953,0.01348755399852477,46.92659886362798,
01/18/2024,SAP SE ADR,160.43,160.525,158.94,159.01,"967,139",3.7777346529529745,0.01704217971507351,47.357693727301886,
01/19/2024,SAP SE ADR,163.45,163.72,161.13,161.18,"763,778",8.814326609413476,0.02019236760959986,57.978885299100384,
01/22/2024,SAP SE ADR,163.21,163.73,162.69,162.88,"762,664",8.959209560050748,0.007647056748420432,63.78602942804747,
01/23/2024,SAP SE ADR,163.38,163.39,161.07,161.19,"1,157,120",10.005386479935352,0.013789437359515067,61.813099581637296,
01/24/2024,SAP SE ADR,174.61,176.39,173.26,174.55,"2,737,603",16.523189856523203,0.07364477585761998,75.6426383669783,
01/25/2024,SAP SE ADR,173.44,175.97,172.325,175.95,"1,773,740",13.686418458311481,0.02592397346433904,69.47089191135971,
01/26/2024,SAP SE ADR,173.68,174.12,173.045,173.31,"1,070,480",14.150509365757475,0.008004231158020757,62.488446545831366,
01/29/2024,SAP SE ADR,176.34,176.45,173.94,174.16,"642,023",13.154517453798768,0.015226631457814194,62.829642191018245,
01/30/2024,SAP SE ADR,175.73,176.6,175.25,176.4,"631,615",12.280365471854834,0.008387221975350476,66.58066527729832,
01/31/2024,SAP SE ADR,173.1,176.08,173.05,175.64,"685,907",9.183802195029648,0.016680102315586354,60.84684486366457,
02/01/2024,SAP SE ADR,177.22,177.32,174.95,175.11,"601,590",13.00854482846576,0.0236790744765653,61.367807937616085,
02/02/2024,SAP SE ADR,177.06,177.545,175.65,176.5,"851,528",12.219546203574598,0.011960370277570848,62.272261249468755,
02/05/2024,SAP SE ADR,177.04,177.49,175.84,176.28,"660,972",10.353425169856003,0.009617788645467012,66.27760802516946,
02/06/2024,SAP SE ADR,178.79,179.425,178.047,179.17,"602,302",9.385133068216584,0.013121191565231111,66.4312965309073,
02/07/2024,SAP SE ADR,181.18,181.57,179.94,180.07,"619,881",11.010354757674161,0.015328261108739905,65.82216776716488,
02/08/2024,SAP SE ADR,181.16,181.18,180.26,180.5,"557,988",10.88260497000857,0.006033241049525239,61.1331562865712,
02/09/2024,SAP SE ADR,181.55,181.935,180.845,181.66,"446,953",3.9745719030983317,0.006027804562722686,60.39352389936158,
02/12/2024,SAP SE ADR,179.39,180.83,179.085,179.89,"607,302",3.4305811808118016,0.013061085457192863,62.56145606961209,
02/13/2024,SAP SE ADR,173.98,174.6,173.09,173.25,"1,023,596",0.17273146015660004,0.03427578048297803,47.274329552774354,
02/14/2024,SAP SE ADR,177.47,177.51,175.83,175.87,"583,640",0.6408075309062014,0.02156115138021535,59.091200828139534,
02/15/2024,SAP SE ADR,177.6,177.63,176.37,177.26,"581,056",1.0641324759574373,0.008454715690118651,68.51719594541807,
02/16/2024,SAP SE ADR,176.91,178.09,175.96,176.62,"456,640",2.201039861351821,0.011773177670975445,62.76650392549697,
02/20/2024,SAP SE ADR,176.6,177.62,175.71,177.08,"471,800",-0.34984764699244136,0.010952274175199351,56.732467340540474,
02/21/2024,SAP SE ADR,175.92,176.05,174.88,175.36,"494,712",-0.643849542527965,0.009936857329576046,57.9464356776309,
02/22/2024,SAP SE ADR,181.69,181.7,180.21,180.33,"573,375",2.626525079078178,0.030772299362013224,57.88316650397078,
02/23/2024,SAP SE ADR,184.22,184.455,183.18,183.5,"731,190",3.0370826108842817,0.016632235261401455,57.434219885779626,
02/26/2024,SAP SE ADR,187.51,188.14,187.29,187.84,"611,990",3.4937631085108642,0.020856481074927827,57.37701028453194,
02/27/2024,SAP SE ADR,189.17,189.83,188.05,188.44,"786,956",4.421505851181271,0.013143928695371367,58.51367707119446,
02/28/2024,SAP SE ADR,186.67,187.09,186.09,186.99,"533,617",2.8201597356100114,0.016241385493295766,51.655825025456764,
02/29/2024,SAP SE ADR,187.87,188.2,186.13,187.34,"591,737",4.727130832264908,0.011586725349275469,58.531116760828965,
03/01/2024,SAP SE ADR,188.53,188.57,186.81,187.03,"641,329",8.363030233360163,0.00961819065676748,59.56830782426067,
03/04/2024,SAP SE ADR,190.82,191.33,189.18,189.36,"659,303",7.522398151800302,0.014375969816484709,66.83374902532167,
03/05/2024,SAP SE ADR,187.46,191.34,186.59,191.23,"816,137",5.55180180180181,0.024449528235488543,67.86335476709583,
03/06/2024,SAP SE ADR,190.68,191.775,189.96,190.2,"599,608",7.78361878921486,0.02314836065052649,68.08984312434416,
03/07/2024,SAP SE ADR,195.57,195.99,193.12,193.25,"961,447",10.741789354473386,0.027420490020807067,69.70750533567646,
03/08/2024,SAP SE ADR,192.99,194.82,192.39,194.25,"647,394",9.703274215552538,0.017519067838104956,67.89766452949209,
03/11/2024,SAP SE ADR,189.83,190.1,188.37,188.52,"1,213,558",4.480158511750792,0.023889186566411303,62.53694013326364,
03/12/2024,SAP SE ADR,193.83,193.93,190.67,191.3,"668,167",5.216588861144292,0.021806537086245487,67.94211959534343,
03/13/2024,SAP SE ADR,192.51,193.03,191.35,192.88,"676,501",2.666524452029225,0.013764724741170752,61.61811678501967,
03/14/2024,SAP SE ADR,190.45,192.515,189.5,191.96,"658,958",0.6766400592060058,0.015715238828712747,54.878149182423066,
03/15/2024,SAP SE ADR,188.31,188.85,187.195,188.72,"756,545",0.8785557400760781,0.017236189842163054,48.1916301297602,
03/18/2024,SAP SE ADR,186.77,189.04,186.57,188.6,"684,500",-0.5855112577846353,0.013602379774031852,40.96686649470955,
03/19/2024,SAP SE ADR,188.71,188.745,187.1,187.68,"442,609",0.09547552113722316,0.010849764888460709,45.68628601508974,
03/20/2024,SAP SE ADR,190.38,190.54,188.05,188.77,"412,579",-0.2305837962477716,0.013023759777271441,44.74001673885816,
03/21/2024,SAP SE ADR,194.81,196.605,192.07,192.4,"617,682",3.9208364451082867,0.030909216679749055,44.72778752665372,
03/22/2024,SAP SE ADR,195.35,195.9512,193.72,194.52,"533,334",2.4491294315082794,0.01328052364950397,44.08434460108895,
03/25/2024,SAP SE ADR,195.28,196.24,194.78,195.15,"419,485",-0.14828450171293758,0.008021534970199695,50.46959489047528,
03/26/2024,SAP SE ADR,196.66,198.56,196.58,197.68,"557,011",1.9016529353852465,0.015998680379213346,50.34325186712249,
03/27/2024,SAP SE ADR,197.09,199.285,196.28,199.2,"852,713",3.824474529842486,0.015372390548211252,49.808210429758454,
03/28/2024,SAP SE ADR,195.03,196.3,194.495,195.49,"376,225",0.6190992106485005,0.013526803960688092,51.3199634444745,
04/01/2024,SAP SE ADR,196.03,197.02,195.375,196.37,"554,245",1.8284764427821985,0.010505671657252304,62.11263223162846,
04/02/2024,SAP SE ADR,192.12,192.55,190.33,192.33,"644,920",0.8768705697033427,0.028180502040248138,54.15527362428969,
04/03/2024,SAP SE ADR,193.24,193.58,190.87,190.96,"870,007",2.6180234719345794,0.01546926867140521,63.26926405233148,
04/04/2024,SAP SE ADR,191.03,194.02,191.03,193.22,"1,249,411",2.2808802270171817,0.015635380637167236,59.09330240344284,
04/05/2024,SAP SE ADR,191.82,193.23,190.95,191.41,"639,292",1.6480313708865375,0.012276215064708561,59.769679827991055,
04/08/2024,SAP SE ADR,191.63,193.46,191.59,192.78,"519,609",0.6565815736947158,0.009989134014513738,66.71896422326083,
04/09/2024,SAP SE ADR,187.89,190.13,186.71,189.8,"995,403",-3.5521790462502008,0.02486358096019093,58.16680070901956,
04/10/2024,SAP SE ADR,184.22,185.83,183.5,184.88,"682,379",-5.697466086511388,0.02400914892553624,52.38739424274119,
04/11/2024,SAP SE ADR,185.67,185.97,181.99,183.98,"1,037,220",-4.921138877509224,0.022063862156741,54.168936389310744,
04/12/2024,SAP SE ADR,180.78,182.75,180.57,181.59,"986,987",-8.07484999491508,0.02768207322752831,46.8638778964507,
04/15/2024,SAP SE ADR,180.23,184.45,180.2,184.17,"529,741",-8.554467502156381,0.023957375439209266,47.24315537384459,
04/16/2024,SAP SE ADR,180.56,182.34,180.13,181.5,"799,423",-7.419371378762242,0.013331504033887064,41.016692581771416,
04/17/2024,SAP SE ADR,179.94,181.76,179.23,181.76,"489,789",-8.207927358057443,0.014044628013772851,34.059421106319284,
04/18/2024,SAP SE ADR,178.64,180.83,178.08,179.91,"1,502,909",-7.01644805330003,0.01531541868654163,30.94941798840441,
04/19/2024,SAP SE ADR,175.77,178.63,175.08,178.21,"954,206",-9.040571310287724,0.019877366971794423,25.179537311346323,
04/22/2024,SAP SE ADR,178.18,178.99,176.14,176.59,"1,062,911",-6.726692142595401,0.018461028509691016,32.77974800495463,
04/23/2024,SAP SE ADR,188.01,188.25,184.82,184.83,"1,649,249",-1.9862370972787,0.05305635060554529,36.70939849361675,
04/24/2024,SAP SE ADR,188.07,189.27,186.61,188.53,"1,188,988",-1.857746699368576,0.017781783879116275,46.29652398773188,
04/25/2024,SAP SE ADR,185.09,185.27,180.16,181.37,"1,557,175",-1.490233647346843,0.041530541631510154,43.34536448889141,
04/26/2024,SAP SE ADR,186.18,186.87,185.58,185.69,"920,934",1.063945282814031,0.012518179338099022,44.88854675698965,
04/29/2024,SAP SE ADR,183.77,184.85,183.07,184.77,"477,571",-1.0233209457639778,0.016581686633243085,46.65541388263435,
04/30/2024,SAP SE ADR,181.21,183.46,180.92,182.65,"773,268",0.2378581701515692,0.015828170535287605,46.38547662255398,
05/01/2024,SAP SE ADR,180.07,183.43,179.153,181.7,"622,186",-0.08877545358708129,0.023142060004530677,40.10465066122174,
05/02/2024,SAP SE ADR,180.64,181.64,179.71,181.49,"731,401",0.04430660168364205,0.011867027991265721,40.88194354690564,
05/03/2024,SAP SE ADR,183.45,184.26,182.83,183.61,"377,178",1.950650216738908,0.019296873709810716,40.2144786609619,
05/06/2024,SAP SE ADR,185.41,185.47,183.72,183.99,"419,159",3.789744738020606,0.011764420070896146,44.7118082276797,
05/07/2024,SAP SE ADR,187.54,188.305,186.65,187.04,"483,637",6.696250782272277,0.015264078688187337,48.564253512822496,
05/08/2024,SAP SE ADR,190.31,190.37,188.64,188.89,"907,600",6.807722527780893,0.015105929070735349,58.404614666290726,
05/09/2024,SAP SE ADR,191.99,192.03,190.18,190.41,"652,583",2.116908675070485,0.010216563060197702,65.28140597041316,
05/10/2024,SAP SE ADR,190.05,190.69,189.41,189.7,"541,770",1.0527994895517723,0.013311728385864321,58.95622472396028,
05/13/2024,SAP SE ADR,189.96,191.2,189.705,190.91,"356,188",2.631152412339945,0.008374390588947985,53.64294004409884,
05/14/2024,SAP SE ADR,189.7,189.93,188.527,189.15,"495,758",1.8906434633150615,0.007671338484221362,44.74009570949105,
05/15/2024,SAP SE ADR,192.44,192.45,189.84,189.98,"528,353",4.717853839037921,0.013876097623260072,56.635217253355165,
05/16/2024,SAP SE ADR,190.67,192.91,190.64,192.55,"855,457",5.220462446884818,0.01208624501721398,45.7652165791465,
05/17/2024,SAP SE ADR,192.8,193.09,190.8,191.12,"570,039",7.069472982728949,0.012637009367652035,52.15532575368404,
05/20/2024,SAP SE ADR,195.3,195.75,193.85,194.14,"701,764",8.115589016829066,0.015058664374803469,61.08066092673055,
05/21/2024,SAP SE ADR,194.72,195.81,194.59,195.19,"843,010",6.143363314254571,0.007068599012699427,69.33998949776391,
05/22/2024,SAP SE ADR,193.91,195.08,193.63,194,"540,824",4.584434496521223,0.0074503353757302635,70.52957351668127,
05/23/2024,SAP SE ADR,195.02,196.9875,193.9701,196.75,"844,081",3.9884824570758335,0.015105271204873864,72.21190229105011,
05/24/2024,SAP SE ADR,195.38,195.64,193.26,194.62,"651,789",2.6640744049182876,0.012568675600958614,65.64988074798069,
05/28/2024,SAP SE ADR,192.52,194.04,191.67,193.91,"794,943",0.2760560445856561,0.018739138790836437,58.28042422730381,
05/29/2024,SAP SE ADR,190.37,191.14,189.74,189.96,"747,464",0.16837674296237473,0.015023220384915874,49.47309240176985,
05/30/2024,SAP SE ADR,180.25,185.53,179.76,185.25,"1,950,765",-5.111602442619503,0.055023149095962606,37.46777383270989,
05/31/2024,SAP SE ADR,182.44,182.6499,179.4311,181.98,"848,719",-3.8270954138112763,0.021310212802246417,36.528887343755244,
06/03/2024,SAP SE ADR,184.24,184.4,181.8401,183.9,"755,011",-4.261068384951148,0.014735249279190272,38.65807186855167,
06/04/2024,SAP SE ADR,184.22,184.99,183.23,184,"470,463",-3.3828079928672516,0.010071762625922824,42.91273962269589,
06/05/2024,SAP SE ADR,188.75,188.78,185.37,186.17,"697,672",-2.10062240663901,0.023418353604360165,43.70770053623318,
06/06/2024,SAP SE ADR,193.04,194.47,192.7,194.31,"852,121",-1.1571940604198767,0.029678610110932195,51.41268218365794,
06/07/2024,SAP SE ADR,191.1,192.33,190.91,191.73,"512,919",-1.859079704190635,0.01284086430839759,46.52337653292805,
06/10/2024,SAP SE ADR,190.24,190.515,188.755,188.83,"456,357",-1.8926306018255827,0.012461453082534393,41.04513398108671,
06/11/2024,SAP SE ADR,188.74,189.55,186.4,187.19,"1,006,310",-3.2201825453799615,0.019860912433956518,32.71237696722528,
06/12/2024,SAP SE ADR,197.2,197.4311,194.9,195.17,"1,325,123",0.9315180673559184,0.04366735798779694,42.01988654054828,
06/13/2024,SAP SE ADR,192.42,195.52,190.33,195.1,"909,625",-0.05194265530855118,0.03678358078830411,34.53724602172554,
06/14/2024,SAP SE ADR,187.82,188.69,186.5,188.16,"1,359,746",-1.3394967694489737,0.0322008958406135,32.684370132492745,
06/17/2024,SAP SE ADR,190.02,190.409,188.17,188.71,"1,070,256",5.420249653259368,0.015458694619018215,40.33299968661281,
06/18/2024,SAP SE ADR,188.62,189.8212,188.45,188.8,"681,623",3.3874150405612844,0.008979083432284521,40.557854359443034,
06/20/2024,SAP SE ADR,191.47,193.44,190.21,190.49,"1,168,790",3.924229266174549,0.024047211187957235,52.626069365060815,
06/21/2024,SAP SE ADR,194.16,194.3,192.01,192.88,"650,838",5.395722505699705,0.015622822244243483,58.83183252260313,
06/24/2024,SAP SE ADR,191.69,193.33,191.59,192.14,"709,854",1.557615894039734,0.013614857728280817,52.771517246783525,
06/25/2024,SAP SE ADR,195.74,195.79,192.41,193.01,"696,221",1.398673849979288,0.020681987526230367,53.76900617967175,
06/26/2024,SAP SE ADR,198.59,199.34,197.04,197.33,"1,205,798",3.919413919413924,0.01859994809366055,55.834315755269934,
06/27/2024,SAP SE ADR,200.75,201.4499,199.6121,199.67,"763,223",5.524600504625731,0.014782747319475096,55.62003797241979,
06/28/2024,SAP SE ADR,201.71,204.332,200.89,201.76,"843,472",6.871887252304758,0.017564875591253054,60.868706633039174,
07/01/2024,SAP SE ADR,199.42,200.84,198.58,200.54,"753,359",1.1257606490872205,0.015925815560896447,59.34538592199962,
07/02/2024,SAP SE ADR,198.58,199.33,197.5469,197.68,"596,360",3.201330423032962,0.010067618692540074,61.04819480273933,
07/03/2024,SAP SE ADR,203.02,203.25,201.11,201.16,"471,633",8.092854861037173,0.02229430214521488,58.26887515185776,
07/05/2024,SAP SE ADR,205.94,206.08,203.73,205.71,"552,350",8.378065466792961,0.01572894261269447,64.91443475139347,
07/08/2024,SAP SE ADR,202.79,205.73,202.46,205.65,"544,975",7.512458912098391,0.017055886110552036,69.36094369723672,
07/09/2024,SAP SE ADR,200.28,202.65,199.585,202.65,"654,171",4.601243014571475,0.01614900875196686,61.823670885328355,
07/10/2024,SAP SE ADR,202.29,202.415,200.59,201.27,"465,931",4.187268232385659,0.011159069789950356,67.60303136539672,
07/11/2024,SAP SE ADR,201.73,204.135,201.37,203.77,"612,985",5.237623245865716,0.013497136381063427,65.8970586743659,
07/12/2024,SAP SE ADR,205.11,206.34,202.47,202.88,"635,298",4.786962296924494,0.022001855460337203,65.970119815373,
07/15/2024,SAP SE ADR,203.51,205.71,203.25,205.33,"493,669",2.477466136260631,0.01300318779931281,67.2296486518471,
07/16/2024,SAP SE ADR,204.87,204.91,203.5,204.49,"425,757",2.052303860523041,0.007480968826071084,66.35612831767219,
07/17/2024,SAP SE ADR,200.01,202.16,199.17,201.51,"790,531",-0.8427941103564608,0.026697149790306476,55.67764429156989,
07/18/2024,SAP SE ADR,197.23,200.77,196.14,200.63,"795,766",-1.0981847357336265,0.023886638931315735,46.7480026317832,
07/19/2024,SAP SE ADR,197.21,198.62,196.655,196.76,"699,570",-0.6898982777721847,0.011255256426939624,37.65743621989572,
07/22/2024,SAP SE ADR,200.47,201.3,199.04,199.23,"1,058,545",-1.2560338882868738,0.019877126422667483,48.31328819870961,
07/23/2024,SAP SE ADR,214.76,214.94,211,212.56,"2,594,221",4.282800815771581,0.0674255352349035,63.87699153552332,
07/24/2024,SAP SE ADR,209.4,212.33,208.97,211.85,"1,380,749",3.259529562601713,0.031318072667254414,54.72223465223287,
07/25/2024,SAP SE ADR,210.81,213.77,208.9,210.28,"1,378,093",5.257639304973038,0.02404036092962683,57.83974758321655,
07/26/2024,SAP SE ADR,213.45,214.05,210.91,211.71,"688,337",5.516832270502742,0.016157569068042624,62.65572521486727,
07/29/2024,SAP SE ADR,209.2,211.85,208.69,211.27,"1,005,314",3.7029693154216026,0.022204279984147746,60.804008586077565,
07/30/2024,SAP SE ADR,206.76,208.68,206.37,207.79,"1,045,553",0.8044463946175112,0.01448514682821605,54.81970865587645,
07/31/2024,SAP SE ADR,211.6,212.435,209.7,210.71,"491,452",3.9752346322048075,0.026268905959567556,54.4925165463109,
08/01/2024,SAP SE ADR,205.56,211.09,204.35,208.69,"681,867",0.3367989456728646,0.03464112415545416,49.647384208729775,
08/02/2024,SAP SE ADR,204.72,204.99,202.67,204.08,"1,144,568",2.3548822558872096,0.016112496639223657,47.40500563271369,
08/05/2024,SAP SE ADR,199.03,200.78,194.93,195.1,"1,473,943",0.9126400648988549,0.04712218790422846,41.54793370619916,
08/06/2024,SAP SE ADR,201.73,204.55,201.03,201.29,"898,754",2.2919730236803315,0.029497028341354977,46.97956260809398,
08/07/2024,SAP SE ADR,201.59,205.91,201.36,203.88,"715,138",0.5586870853494311,0.023223679717383188,51.76148277286834,
08/08/2024,SAP SE ADR,206.28,206.95,201.71,203.09,"1,038,268",-3.948593779102249,0.02628271676274848,57.15024188631551,
08/09/2024,SAP SE ADR,208.53,208.99,205.755,205.755,"593,303",-0.4154727793696297,0.016682594872330262,55.940731317403774,
08/12/2024,SAP SE ADR,205.98,207.8,205.51,207.08,"521,247",-2.2911626583179223,0.01487582558345433,44.658186255504354,
08/13/2024,SAP SE ADR,211.02,211.36,208.24,208.46,"413,220",-1.1384399156711074,0.025096930219915506,51.784447742017655,
08/14/2024,SAP SE ADR,212.55,212.785,210.83,211.97,"710,997",1.6013384321223818,0.010711424455836727,48.911550281551605,
08/15/2024,SAP SE ADR,214.94,215.515,213.44,213.48,"543,243",3.9562778100212843,0.013655273953973545,48.25449808930546,
08/16/2024,SAP SE ADR,216.17,217.1025,215.16,215.63,"546,550",2.159735349716443,0.010387704214988969,55.55998513245955,
08/19/2024,SAP SE ADR,219.04,219.06,215.895,216.16,"558,677",6.557696049815134,0.014271522310506565,63.73185377632796,
08/20/2024,SAP SE ADR,217.77,220.12,217.13,219.18,"567,976",6.374560375146547,0.013816094940726914,64.07158724082379,
08/21/2024,SAP SE ADR,218.87,219.5,217.8,218.82,"471,821",9.968346480430089,0.008477973422853134,70.09207102991377,
08/22/2024,SAP SE ADR,217.25,220.1,217.15,219.68,"1,449,649",7.693451643285584,0.013120797073146942,67.46025308126964,
08/23/2024,SAP SE ADR,219.15,220.13,217.46,218.03,"1,285,335",8.710749541147875,0.013244269552941154,80.64339367846857,
08/26/2024,SAP SE ADR,215.86,217.79,215.86,217.41,"1,566,563",4.644172968780305,0.015059806451023724,67.4890440341148,
08/27/2024,SAP SE ADR,217.83,218.655,216.38,216.55,"1,007,363",4.45978995827939,0.013140170742197322,68.48386833489322,
08/28/2024,SAP SE ADR,216.93,219.04,216.59,218.63,"642,894",5.316050101951655,0.011477919983316784,61.5487644474873,
08/29/2024,SAP SE ADR,218.78,221.24,218.25,219.45,"736,358",3.6773765519855894,0.019105411122138656,62.16604457110579,
08/30/2024,SAP SE ADR,219.71,219.85,217.59,218.85,"355,957",3.3686191484356605,0.011179134404600001,62.94757343311757,
09/03/2024,SAP SE ADR,216.49,220.525,215.52,220.34,"779,674",0.7211314785521594,0.022128014715731652,57.25233491892916,
09/04/2024,SAP SE ADR,215.43,216.22,213.41,213.74,"586,936",-0.34232317157791586,0.015131922599045122,51.59154014861603,
09/05/2024,SAP SE ADR,212.6,214.19,211.92,212.51,"1,305,020",-2.9401022644265877,0.016432769242763063,43.83642700129998,
09/06/2024,SAP SE ADR,211.33,214.81,210.38,214.31,"682,395",-2.9572484731597544,0.020636737848089847,38.84891482839353,
09/09/2024,SAP SE ADR,213.98,214.535,211.66,212.08,"836,033",-2.2342029515237423,0.01566320739620355,40.1506385518265,
09/10/2024,SAP SE ADR,213.92,214.56,210.805,213.395,"1,422,087",-1.5327963176064499,0.017617264742796183,33.249319899721065,
09/11/2024,SAP SE ADR,217.62,217.93,212.11,214.82,"732,711",-0.6981519507186863,0.02654574514278373,34.51777708432903,
09/12/2024,SAP SE ADR,221.01,221.18,217.88,218.46,"562,658",2.3858056147502906,0.017284877333288477,41.56084918242673,
09/13/2024,SAP SE ADR,221.28,222.65,220.73,221.2,"549,122",1.5838038837625619,0.009478997777530314,37.888003449209826,
09/16/2024,SAP SE ADR,223.6,223.9,222.3001,223.52,"645,964",3.0747245655280446,0.011625547487433427,47.182598425059275,
09/17/2024,SAP SE ADR,222.06,223.51,221.3423,223.26,"621,758",1.499222963707835,0.010329630301379658,39.19243069684186,
09/18/2024,SAP SE ADR,221.88,224.05,221.15,222.46,"590,989",0.9876655591461415,0.012860213241177386,45.16150547848403,
09/19/2024,SAP SE ADR,228.97,230.19,228.2712,229.14,"784,407",5.764700448057643,0.035216998588078925,45.59942413373798,
09/20/2024,SAP SE ADR,228.81,229.28,227.01,229.18,"577,778",6.210834145662162,0.012292053954162972,44.54271099912443,
09/23/2024,SAP SE ADR,230.44,230.85,229.77,230.47,"374,910",8.391345249294453,0.00922263603595359,50.03884251264827,
09/24/2024,SAP SE ADR,230.93,231.13,228.26,229.92,"572,979",9.27459423650215,0.012268768032294437,49.91341964311419,
09/25/2024,SAP SE ADR,223.29,225.92,223.29,224.96,"1,305,230",4.350873913449856,0.03222042806701891,49.588638658210854,
09/26/2024,SAP SE ADR,228.11,229.64,226.66,229.64,"1,056,964",6.633320867614074,0.028782178651930265,57.77281401571465,
09/27/2024,SAP SE ADR,228,229.68,227.73,228.64,"618,074",4.769782189137025,0.010400899607750907,57.09744559372022,
09/30/2024,SAP SE ADR,229.1,229.89,227.2824,229.6,"488,481",3.6604678521333893,0.011375492429045658,67.45180230965825,
10/01/2024,SAP SE ADR,225.81,230.67,224.735,230.63,"731,711",2.0471800433839484,0.02504220983139387,59.816195445117465,
10/02/2024,SAP SE ADR,224.63,225.57,222.33,223.59,"534,746",0.4606440071556356,0.01650602687725195,54.135819078996505,
10/03/2024,SAP SE ADR,220.47,221.84,219.86,221.53,"756,900",-0.7160226965684965,0.02122384288730532,47.438349538897704,
10/04/2024,SAP SE ADR,220.88,221.04,219.47,220.31,"955,321",-0.45069406886605373,0.008432710537566465,39.628392067478984,
10/07/2024,SAP SE ADR,218.13,220.69,217.515,220.41,"803,217",-4.734244660872605,0.014830425919457534,38.97859945491535,
10/08/2024,SAP SE ADR,226.63,226.79,223.26,223.76,"1,102,771",-0.9527555613828097,0.03744012569894151,41.95586260398605,
10/09/2024,SAP SE ADR,228.9,228.91,225.54,225.58,"762,731",-0.6682867557715639,0.01698720886040747,41.810566311630254,
10/10/2024,SAP SE ADR,224.77,225.4999,223.7,224.89,"685,919",-2.6674749924219445,0.02267648986957911,41.42800223883999,
10/11/2024,SAP SE ADR,228.15,228.63,225.67,226.18,"553,546",2.176541717049583,0.01767341752497913,42.369759730780984,
10/14/2024,SAP SE ADR,231.8,232.23,230.179,230.27,"678,988",1.6176406119854445,0.017863921346930378,48.25984771455412,
10/15/2024,SAP SE ADR,229.52,231.86,227.825,231.66,"1,066,860",0.6666666666666712,0.01772486772377709,49.199894060937154,
10/16/2024,SAP SE ADR,229.44,230.25,228.49,230.08,"917,466",0.14840680925360253,0.008613846249967468,39.81106511838649,
10/17/2024,SAP SE ADR,228.84,229.97,227.68,229.71,"576,378",1.341836056861964,0.009926691574375724,34.07763939474225,
10/18/2024,SAP SE ADR,230.44,231.6,229.39,229.7,"654,181",2.58647553755064,0.011866816076289923,35.13330115647002,
10/21/2024,SAP SE ADR,229.48,230.84,228.12,229.87,"1,525,483",4.086723817299402,0.011918391469929401,32.66815632411404,
10/22/2024,SAP SE ADR,232.32,237.72,231.0903,236.41,"2,155,042",5.179282868525895,0.03372646159479911,45.25671590305438,
10/23/2024,SAP SE ADR,234.59,236.81,234.085,235.12,"1,099,303",7.545958831889244,0.020635851630080696,52.268933108921985,
10/24/2024,SAP SE ADR,238.3,238.48,236.32,237.2,"1,369,560",5.149362396858322,0.016950642875539334,60.535593934253654,
10/25/2024,SAP SE ADR,237.69,240.08,237.445,238.89,"741,545",3.840104849279158,0.011629428211158041,66.01887665522473,
10/28/2024,SAP SE ADR,240.28,240.99,239.73,240.82,"874,605",6.900387062330378,0.013678702508427811,65.60620035924812,
10/29/2024,SAP SE ADR,242.31,243.01,240,240.5,"802,330",6.206443129520051,0.01264503356137219,65.82419181824376,
10/30/2024,SAP SE ADR,237.35,240.5599,237.19,238.7,"820,826",2.394305435720441,0.020773248722896456,64.97869836713853,
10/31/2024,SAP SE ADR,233.64,235.95,231.45,235.95,"890,508",1.795050540257919,0.025062537919799857,59.574087143812896,
