Date,Open,High,Low,Close,Volume,ROC12,MFI14,FVolatility
2019-10-31,254.56,259.18,254.56,257.99,1220750.0,1.791280331426325,50.03176350693398,0.020720846269255
2019-11-01,260.01,261.38,257.87,258.8,1088996.0,2.576298057867618,55.90436475111137,0.0142578130021302
2019-11-04,260.23,260.55,255.33,256.34,1126028.0,1.3201581027667886,49.15844620238899,0.0198817385678547
2019-11-05,255.96,256.575,249.08,251.19,988638.0,0.283455764931335,48.33299604536726,0.0291626434159455
2019-11-06,251.09,254.15,250.43,253.39,1308878.0,0.7835494391854264,49.06251086216268,0.0161551951700004
2019-11-07,254.85,256.12,252.215,255.59,1142172.0,3.8224063693232577,56.2372745526605,0.0155439470112265
2019-11-08,255.0,256.5,253.3225,255.3,646755.0,4.6697552375876406,55.61822694177072,0.0128160856819241
2019-11-11,253.66,257.08,252.37,255.07,499266.0,2.68518518518518,57.34912487536614,0.0181315296601119
2019-11-12,255.72,257.126,254.415,255.13,620883.0,2.350864524411275,64.87098537735348,0.0113354283779284
2019-11-13,255.07,259.67,254.57,258.62,648263.0,4.034756023975221,63.80341964254236,0.019243022994986
2019-11-14,258.23,260.19,257.23,260.0,465881.0,1.475294668644123,62.97589212748118,0.0122104670404625
2019-11-15,261.6,262.97,259.83,262.89,856303.0,3.2358138621637464,71.45671730956127,0.0120962467246499
2019-11-18,263.2,265.34,262.11,264.08,851492.0,2.360556610721336,70.39156447311659,0.0123024501264207
2019-11-19,265.57,270.45,265.5226,267.87,1238896.0,3.5046367851622846,79.65976727246172,0.0230470212295809
2019-11-20,267.7,272.65,266.69,268.1,1180939.0,4.587657018022957,79.68342740668884,0.0224115878809638
2019-11-21,268.2,269.95,263.84,264.39,1031602.0,5.254986265376802,71.2471087173974,0.023090121198286
2019-11-22,268.85,269.24,263.9,265.21,932315.0,4.664746043648129,79.84687087134809,0.0204944996328595
2019-11-25,264.77,267.79,264.75,265.85,1251307.0,4.014241558746437,87.88027380097687,0.0123018005932868
2019-11-26,266.53,267.33,265.06,266.9,2976122.0,4.543674108891486,89.3636221526864,0.0089038897763307
2019-11-27,266.91,267.87,262.54,265.5,1231626.0,4.089073587642611,80.89337597796603,0.0192655066316743
2019-11-29,264.41,267.095,264.085,264.65,1037691.0,3.7314310351585394,74.41360001452293,0.0121130873216874
2019-12-02,265.21,266.65,261.36,262.19,1967590.0,1.38040368107648,67.6684927690162,0.0195014457600787
2019-12-03,260.05,264.03,259.45,264.0,1337749.0,1.5384615384615383,61.257217349950594,0.0178207922712213
2019-12-04,263.69,268.98,263.35,268.46,1012958.0,2.1187568945186173,62.126096567561554,0.0210549754542437
2019-12-05,269.56,272.14,268.74,271.54,1523524.0,2.824901544986382,64.38116829636064,0.0143757386272024
2019-12-06,273.62,275.75,272.01,274.38,1585735.0,2.4302833463993694,65.8465039577106,0.015401577556573
2019-12-09,275.19,275.19,271.92,272.06,1097547.0,1.4770607982096156,60.56277190857863,0.0123325031991973
2019-12-10,271.96,273.535,270.805,271.66,971211.0,2.749725783879889,54.88016572653137,0.0102857317757523
2019-12-11,272.75,273.7,271.215,272.15,1267006.0,2.6167942385279583,55.11889373866831,0.0092645870497109
2019-12-12,272.09,272.575,270.2,270.29,1779499.0,1.6701147263494442,52.979557938134825,0.0088329491356005
2019-12-13,269.08,271.48,268.19,271.2,1468719.0,1.6110902959910125,47.037867622521546,0.0119551975121697
2019-12-16,273.32,273.975,271.25,272.61,1173113.0,2.677966101694921,46.91046661353106,0.0103889278510662
2019-12-17,274.03,274.03,271.56,271.56,1667538.0,2.610995654638211,34.601981209444325,0.0092131714562444
2019-12-18,272.34,272.5675,268.9,269.45,1603950.0,2.768984324344937,33.899131448644034,0.0132365603315136
2019-12-19,268.96,272.52,268.78,272.48,1570452.0,3.212121212121219,40.8306446318687,0.0138530743920016
2019-12-20,272.5,273.91,270.5,271.66,1695071.0,1.191983908217256,49.88295509259853,0.0127196291793099
2019-12-23,272.92,273.435,270.9,271.37,1054441.0,-0.0626058775871016,50.49099115335516,0.0096633268044818
2019-12-24,271.84,273.05,271.05,272.5,363043.0,-0.6851811356512849,48.8305236097032,0.007586404631938
2019-12-26,273.33,274.33,272.43,273.56,450279.0,0.5513489671396016,45.76151001290921,0.0070299173478687
2019-12-27,274.44,274.86,272.39,274.29,688782.0,0.9681219171022584,42.849007259421896,0.0088826112246765
2019-12-30,274.38,274.74,271.01,271.94,539003.0,-0.0771633290464742,44.32764782491043,0.0133196280808154
2019-12-31,271.51,273.3,270.85,273.05,638939.0,1.021125457841574,45.24872123264083,0.0094341454564548
2020-01-02,274.57,277.9,273.72,277.84,1092326.0,2.448377581120939,44.69967734448682,0.017005208309129
2020-01-03,274.55,278.2,274.03,276.91,576754.0,1.577344924984414,48.33390873518234,0.0153798480036859
2020-01-06,275.6,279.07,274.77,279.04,875497.0,2.754455737221984,56.64999077951933,0.0156249427904902
2020-01-07,283.12,286.69,280.97,280.98,1253709.0,4.279087029133431,57.04210915115765,0.0263435623554323
2020-01-08,281.93,286.81,281.125,285.01,1004476.0,4.598502642395762,67.40623812298786,0.0212574217998787
2020-01-09,285.68,290.9,285.68,289.58,1316140.0,6.596480895236677,78.86890847044984,0.0207197124780895
2020-01-10,290.64,290.91,288.09,288.94,834499.0,6.474555035560303,77.7369448885961,0.0107823445223283
2020-01-13,288.76,294.26,288.44,294.24,961736.0,7.97798165137615,76.50996714737641,0.0193234009449011
2020-01-14,293.85,294.26,289.9,290.17,1249145.0,6.071794121947658,74.7395915875517,0.0154290990416529
2020-01-15,290.0,296.15,290.0,294.38,1066246.0,7.324364723467853,76.26029031687071,0.0206816422326266
2020-01-16,296.19,298.2,294.02,298.19,789475.0,9.652864602485842,76.97991876520818,0.0148044401584422
2020-01-17,299.42,299.44,295.41,296.79,2246627.0,8.6943783189892,79.63926755129633,0.0137477280165948
2020-01-21,294.76,297.59,294.01,296.2,1423494.0,6.608119781169024,74.6979286332132,0.0123192994406989
2020-01-22,298.9,299.59,296.88,297.42,956340.0,7.40673865154743,79.15699218977808,0.0115244541447225
2020-01-23,294.39,297.94,294.39,297.19,813355.0,6.504443807339441,73.48021789261689,0.0120102535769387
2020-01-24,298.67,299.14,293.32,294.83,835826.0,4.929176453840118,72.06518957946643,0.0191298512264568
2020-01-27,291.0,293.93,290.01,293.13,919424.0,2.849022841303816,66.35970513402336,0.0168482742457735
2020-01-28,294.09,298.43,293.4,297.28,882437.0,2.659023413219141,65.66234276973238,0.0179686749688049
2020-01-29,298.92,300.715,297.01,297.31,760113.0,2.8967951823908096,65.2068231008368,0.0129738136005474
2020-01-30,296.64,300.1,295.29,299.86,913883.0,1.9100054377379023,64.3440112067766,0.0159876846545632
2020-01-31,298.51,299.89,292.67,293.73,1209723.0,1.226867008994728,57.22909805075246,0.0238801739681523
2020-02-03,294.65,297.37,294.28,295.67,1002254.0,0.4382091174672262,57.37602528816255,0.013436682265304
2020-02-04,298.97,300.889,297.81,297.92,1308004.0,-0.0905462959857747,65.75014042957662,0.0172682763170802
2020-02-05,299.57,300.355,291.66,294.77,1324179.0,-0.6806159237171193,57.76031965498249,0.0286717614752668
2020-02-06,296.98,298.89,292.27,295.52,1975094.0,-0.2295746117488206,48.88103841236819,0.0231976956943225
2020-02-07,297.11,297.62,294.74,295.48,1401623.0,-0.6522762423508834,46.10604536076932,0.0109919031346408
2020-02-10,294.43,296.79,293.7448,296.56,1088974.0,-0.2119855984387077,47.10959869510723,0.0104236473873996
2020-02-11,297.18,298.08,292.5767,294.12,1397488.0,-0.2408167418512293,39.75156846493103,0.018047393867401
2020-02-12,295.35,304.14,294.68,303.83,1288038.0,3.65025756490294,46.56568984367546,0.0326113334953821
2020-02-13,301.92,303.82,297.6,301.35,1107731.0,1.3690796555436122,52.526166223026166,0.0219957028495312
2020-02-14,301.73,307.7,300.55,307.65,979283.0,3.477851400894681,58.2461070252198,0.0236266264852093
2020-02-18,306.93,308.93,304.28,306.74,1047031.0,2.2944040552257703,58.74242079873152,0.0160405816135018
2020-02-19,308.14,312.94,307.18,311.16,1341095.0,5.934021039730367,60.246552212744106,0.0198332872981338
2020-02-20,310.09,310.365,300.52,303.41,1898476.0,2.617783339533943,51.94471565096297,0.0339896601947036
2020-02-21,301.42,301.88,291.655,293.25,2066660.0,-1.5675349087003274,49.65785844970899,0.0397303957646368
2020-02-24,284.81,292.73,283.32,290.9,2006010.0,-1.3128880143840975,42.42287185461328,0.0354743161372418
2020-02-25,291.25,292.82,280.95,282.63,1439359.0,-4.361802923659985,35.83378934804503,0.0416335838207245
2020-02-26,283.72,289.34,281.35,282.77,1460483.0,-4.301475565182089,35.692072986640085,0.0296019544753252
2020-02-27,276.85,277.38,267.15,267.15,2298287.0,-9.917048826544384,35.47020285095285,0.0558447457635591
2020-02-28,260.22,265.92,257.0,265.91,2901471.0,-9.591323269413838,27.15273708146889,0.0409805800004366
2020-03-02,271.05,291.27,269.22,289.31,3140765.0,-4.778988250008222,37.601612732517474,0.0904260655614564
2020-03-03,289.83,297.64,277.66,280.14,2691843.0,-7.038327526132416,46.17422884370302,0.0736373790586896
2020-03-04,285.03,296.24,281.93,296.06,1468325.0,-3.767267999349903,46.46623209378167,0.0589409111578955
2020-03-05,289.3,289.48,274.96,278.42,1824765.0,-9.232574819065002,40.99414176794191,0.0751204779974526
2020-03-06,268.89,272.31,264.0,271.06,2513676.0,-12.887260573338482,35.316784030824394,0.0564847817463249
2020-03-09,249.84,258.78,241.947,242.51,3947456.0,-20.071849971985117,28.92213375041593,0.114524076268085
2020-03-10,252.51,259.43,245.6763,259.17,3059284.0,-11.621483375959071,31.785675130967643,0.0738388421605007
2020-03-11,250.91,254.77,237.23,240.36,3395473.0,-17.37366792712271,30.926663005047903,0.0907890648989419
2020-03-12,224.23,231.3899,213.67,221.46,4659918.0,-21.64313767116017,29.571632626988418,0.1218101403170382
2020-03-13,237.73,249.92,225.68,248.1,3394465.0,-12.260848039042328,37.10889812055362,0.1279016418621097
2020-03-16,222.61,232.32,209.69,222.16,3119429.0,-16.840726183791872,36.091789755709215,0.178150297747786
2020-03-17,228.62,231.285,220.15,227.66,3205266.0,-14.384566206611268,41.92738724106185,0.062176527594481
2020-03-18,212.9,218.52,186.055,193.08,4235652.0,-33.261899001071505,41.06055906443461,0.208940295680696
2020-03-19,192.79,211.92,186.74,207.78,3203523.0,-25.82994217177125,47.60285780917607,0.1415762853629319
2020-03-20,211.01,215.0,205.11,208.79,3558629.0,-29.47713301357833,46.88446790045408,0.056705143533089
2020-03-23,202.83,212.03,191.32,192.05,2605201.0,-31.021478342073124,40.528313346487934,0.1035622508033901
2020-03-24,202.78,219.4,199.9,218.66,2755784.0,-19.33151331808456,41.43383698113081,0.1388791414483874
2020-03-25,220.13,234.7,217.333,227.19,2045268.0,-6.317265267411651,46.11253757966202,0.0852704962800705
2020-03-26,231.53,246.55,230.41,244.95,2884408.0,-5.4867461511749145,52.73762092032173,0.0852200617224147
2020-03-27,239.08,246.53,236.77,239.75,2924894.0,-0.2537859876851446,61.15854493433361,0.0452213133628016
2020-03-30,241.41,248.63,239.01,246.99,2529539.0,11.528041181251693,60.532327743983785,0.040701357534239
2020-03-31,243.95,248.18,240.4925,245.05,3807431.0,-1.229343006852069,59.91455867433185,0.0327598086981744
2020-04-01,233.96,239.44,233.41,234.33,3458017.0,5.478033849477861,61.26010805046859,0.0483139177445233
2020-04-02,233.34,241.7,230.11,241.34,1735599.0,6.0089607309145245,59.58521662218205,0.0501805522308271
2020-04-03,238.33,241.48,236.02,238.8,2217558.0,23.679303915475447,66.35753067445208,0.0255924436055186
2020-04-06,248.23,257.3,243.96,255.83,2129237.0,23.12542111849072,65.65767327274402,0.0727544828433827
2020-04-07,264.86,265.24,255.74,256.06,1678564.0,22.639973178792093,73.79942726866257,0.0403841371003102
2020-04-08,259.5,262.09,255.225,261.51,1326157.0,36.167664670658674,72.84606857927565,0.0281238626849487
2020-04-09,262.95,284.88,262.95,283.55,2740528.0,29.67620964053783,72.88986589391418,0.08379817609295
2020-04-13,279.5,280.41,267.37,268.44,2900401.0,18.156609005678067,70.58947069806662,0.0626320075149425
2020-04-14,275.6,278.99,271.25,277.34,2588707.0,13.22310675648091,71.02006778425343,0.0414221346558944
2020-04-15,270.2,274.92,267.14,273.25,1593975.0,13.97288842544317,65.95249294688043,0.0384767636486062
2020-04-16,274.18,276.145,270.89,274.55,1265372.0,11.1583464917608,64.53897143923083,0.0211333585604257
2020-04-17,282.68,286.62,278.2865,282.59,2667708.0,15.31932258722708,64.74396518131246,0.0418874401393237
2020-04-20,277.85,280.67,276.49,279.17,1512929.0,19.13540733154099,58.76711483158402,0.0238645679521933
2020-04-21,271.25,273.55,265.92,267.23,1856170.0,10.727604209828463,62.02641762207192,0.0474667931263836
2020-04-22,272.71,277.4,269.4,276.01,1112237.0,15.582077051926287,70.56221132925862,0.0389125306178753
2020-04-23,276.79,281.3,276.03,279.56,1699433.0,9.275690888480629,70.80879164743409,0.0209611139174272
2020-04-24,282.61,284.53,280.38,283.94,1124483.0,10.888073107865342,69.94375418726159,0.0180673164995498
2020-04-27,286.46,292.05,285.19,291.19,1289718.0,11.349470383541744,69.23621819483591,0.027608276347398
2020-04-28,300.0,308.41,292.51,295.83,2048045.0,4.330805854346666,70.00024040686039,0.0562704307370692
2020-04-29,303.26,303.79,293.42,294.42,1757196.0,9.678140366562369,63.59679779623528,0.0372444308149258
2020-04-30,289.27,295.1,288.51,292.88,1916526.0,5.603230691569922,54.71546377111117,0.0241508536759131
2020-05-01,287.67,289.03,284.09,286.06,1151967.0,4.688014638609333,58.48620575376267,0.0303236221622438
2020-05-04,283.3,288.13,281.07,285.77,1187777.0,4.086687306501537,50.622654983723,0.025591509226476
2020-05-05,289.62,298.555,288.33,295.41,1049704.0,4.536607806362593,56.65407857897404,0.0429981153284905
2020-05-06,294.82,297.44,288.92,289.36,881034.0,3.650105670380054,51.78218809755468,0.0307172213386238
2020-05-07,294.55,297.77,292.92,295.58,1282637.0,10.608838827975887,48.61200937454319,0.0292144215342146
2020-05-08,300.0,300.0,295.78,297.65,851989.0,7.840295641462261,54.67618993856817,0.0162500841848948
2020-05-11,294.04,303.2775,292.645,300.68,1206009.0,7.554728859636573,62.766508041385485,0.0345067498431355
2020-05-12,304.96,307.17,299.21,299.21,1303868.0,5.377896738747617,63.36795718359485,0.0273218762804369
2020-05-13,297.74,302.48,291.99,294.4,1642456.0,1.10237302105154,54.5932760321672,0.0351437050008328
2020-05-14,291.41,300.26,290.08,300.12,1253732.0,1.4501571848696957,55.034944777307416,0.0350983070333706
2020-05-15,298.39,304.63,297.33,303.14,1960778.0,2.961755315535619,56.7367994718467,0.0255106140499635
2020-05-18,311.05,316.255,310.62,311.63,1773091.0,6.401939360830374,56.30092596220228,0.0416499089958753
2020-05-19,311.76,317.29,310.67,311.09,1237740.0,8.749912605747037,64.61434882803444,0.0231579774000908
2020-05-20,315.36,317.065,312.38,314.0,801243.0,9.87857367813277,73.17896687808204,0.0195658710836076
2020-05-21,314.29,316.81,309.23,310.76,725210.0,5.196168037642586,74.64562617926258,0.024062805359701
2020-05-22,310.94,312.63,307.52,311.86,621524.0,7.775781034006082,76.80938934706089,0.017293714497273
2020-05-26,318.26,318.89,311.2,312.34,1695355.0,5.670207727180456,77.80007986134184,0.0240365166953585
2020-05-27,316.89,316.89,308.14,315.43,1182909.0,5.97345876028894,76.14868195491495,0.0279998502022421
2020-05-28,317.77,323.52,314.8,318.8,1928700.0,6.026340295330585,77.1573111427367,0.0277273746227519
2020-05-29,320.62,326.0,318.355,325.02,1935836.0,8.626048594632532,78.5817003390022,0.0243516452753647
2020-06-01,326.05,329.57,323.37,327.3,892323.0,11.175271739130448,78.33139491921729,0.0196438618111801
2020-06-02,325.82,327.82,323.31,327.37,1280258.0,9.079701452752232,71.36244424431234,0.0144671331376788
2020-06-03,330.12,334.64,326.62,333.38,1058932.0,9.975588836841068,79.1077940040226,0.0236374922833396
2020-06-04,331.1,333.6,324.34,327.39,1209060.0,5.057279466033434,72.35898806523346,0.0281036690586138
2020-06-05,332.48,334.66,329.625,333.37,1522241.0,7.161914558487907,71.94668680549813,0.0227420896992744
2020-06-08,330.88,333.08,325.8917,331.98,1116809.0,5.726114649681534,64.34111720624392,0.0229285479790452
2020-06-09,329.24,330.86,326.67,327.61,966559.0,5.422190758141339,58.07703686701248,0.0168616281563865
2020-06-10,328.98,334.09,326.12,331.18,1136350.0,6.195087539280444,59.00371981789184,0.023750017889221
2020-06-11,325.0,326.1799,306.5,307.03,1663514.0,-1.7000704360632652,56.04927688078948,0.0753609314794739
2020-06-12,314.41,318.22,310.0,316.91,1168665.0,0.469200773547227,60.50624135011187,0.039983675504657
2020-06-15,310.0,320.9,308.11,319.65,998309.0,0.2666248431618462,59.03993309145678,0.041372287423836
2020-06-16,330.0,330.0,319.06,324.93,918878.0,-0.0276906036551519,64.95258429286247,0.0349322276304397
2020-06-17,326.62,329.575,325.15,326.32,896707.0,-0.2994194928200483,62.88028758799773,0.0161714631470158
2020-06-18,324.54,327.77,323.32,326.81,726309.0,-0.171060268198064,55.3474083454532,0.0139823640706907
2020-06-19,332.27,333.0,321.28,323.73,1932699.0,-2.89459475673405,58.14797207140509,0.0344339273385525
2020-06-22,323.71,326.93,320.77,326.36,1330386.0,-0.314609487155983,57.993443803728695,0.0205883487382315
2020-06-23,329.55,332.54,327.01,328.56,889956.0,-1.4428412874583805,57.53865762389194,0.019086344553758
2020-06-24,324.55,326.44,316.4,317.97,1298209.0,-4.220133742996564,57.33869781391167,0.0366736350467789
2020-06-25,318.38,328.25,316.0,327.82,1051903.0,0.0641006074295593,55.98366594363212,0.0385756238995345
2020-06-26,324.9,327.93,321.14,321.6,2563823.0,-2.8926867564466403,51.43343620694532,0.0227281717571766
2020-06-29,325.15,325.15,318.24,321.29,1298222.0,4.6444972803960685,50.54114850887103,0.0218054451128946
2020-06-30,321.61,330.58,320.42,329.48,1823443.0,3.966425799122777,52.36181637341097,0.0308081156899391
2020-07-01,330.42,336.1336,328.69,334.52,963242.0,4.651963084623809,59.71698763904575,0.0233882490952033
2020-07-02,338.35,339.29,332.6,333.25,707918.0,2.5605515034007302,58.78414910394177,0.0204118875113607
2020-07-06,338.6,344.045,337.6,341.02,1296503.0,4.504780583476339,59.684129883069545,0.0313038972960952
2020-07-07,339.39,345.62,339.39,341.19,836785.0,4.400110155747987,59.599671085913535,0.0195335025415443
2020-07-08,345.39,354.75,345.39,354.32,1121156.0,9.449232385012191,60.29345502988469,0.0379060016498803
2020-07-09,353.94,356.79,349.44,352.72,1126447.0,8.076970216938355,65.27676746375994,0.0225675036464926
2020-07-10,353.02,354.34,348.53,351.81,821104.0,7.076333089846603,58.12172492357063,0.0172061494760884
2020-07-13,353.02,356.455,344.25,346.09,919729.0,8.84360159763498,59.27823852689718,0.0337950001867414
2020-07-14,344.93,351.81,343.85,351.64,724580.0,7.266182661216519,58.98294279697191,0.0241173901976842
2020-07-15,357.07,357.07,350.23,354.8,613247.0,10.323383084577111,65.24143135439424,0.0199470564976611
2020-07-16,353.08,354.655,346.85,349.51,624583.0,8.783342151949943,60.23641308012784,0.0226502513651994
2020-07-17,351.47,355.09,349.61,354.69,577783.0,7.651450770911734,72.87978028168175,0.0165729396101687
2020-07-20,352.6,359.31,352.6,358.09,597695.0,7.045916537127822,81.12786824779693,0.018806687595149
2020-07-21,359.0,359.5,353.255,354.83,612021.0,6.4756189047261765,73.91941974915898,0.0177810148544315
2020-07-22,353.88,358.24,353.64,356.45,634661.0,4.524661310187088,73.28773571604499,0.0134415271033514
2020-07-23,354.99,357.64,346.22,348.26,1383336.0,2.072159207479701,63.22870734079704,0.0312081455075128
2020-07-24,347.36,352.31,345.45,349.97,860886.0,-1.2277037706028353,54.4641108740891,0.0208899732537455
2020-07-27,350.13,355.505,349.39,351.32,1057902.0,-0.3969154003175419,55.41951172162796,0.0178099356944509
2020-07-28,356.57,356.57,343.62,347.6,1185255.0,-1.196668656377016,45.60926478725743,0.0358799757933782
2020-07-29,348.23,360.0,348.23,359.86,1036260.0,3.978733855355555,45.22888991515092,0.035691986501145
2020-07-30,354.36,356.63,348.655,352.37,1122594.0,0.2075986804686663,44.07762370044619,0.0324608957157589
2020-07-31,353.66,354.74,344.72,350.25,1126780.0,-1.2824126268320213,43.32250844962624,0.0293755986337096
2020-08-03,352.76,355.28,349.54,350.68,673340.0,0.3347543704042848,43.10925694100576,0.0175992204680505
2020-08-04,348.5,350.9,342.13,345.77,1116345.0,-2.51487214187037,36.56610087678243,0.0249031392370082
2020-08-05,347.02,349.95,345.65,347.39,712909.0,-2.988075623446617,41.88106056894819,0.013573312488269
2020-08-06,347.14,352.73,346.35,352.57,623311.0,-0.6369247245159628,42.06885267486922,0.0179800036170221
2020-08-07,350.0,351.49,341.66,347.27,827960.0,-2.575396268761399,36.70207079935148,0.030663937044215
2020-08-10,345.0,345.31,340.48,344.07,552668.0,-1.2031241026819035,36.929811437161625,0.0209171162863161
2020-08-11,344.93,349.71,341.73,343.71,745146.0,-1.7887247478355424,37.36048254744619,0.02313043688093
2020-08-12,347.44,353.0,347.03,349.19,522326.0,-0.6062848684959569,44.3135599635212,0.0266742212542668
2020-08-13,347.39,356.47,347.39,356.13,723042.0,2.453970080552351,50.86154843219219,0.0261865385044108
2020-08-14,354.48,357.75,350.85,352.27,530850.0,-2.1091535597176767,48.604885226405024,0.0202592527327846
2020-08-17,353.27,359.85,353.27,357.14,618798.0,1.353690722819758,56.82202469548418,0.0214031920144358
2020-08-18,357.15,362.28,356.5,360.12,561314.0,2.8179871520342625,54.85227756116889,0.0166850026655989
2020-08-19,361.79,363.1,357.75,358.11,1018980.0,2.11874073229155,65.38198389590609,0.0151118886229891
2020-08-20,355.12,361.48,355.01,361.22,735509.0,4.468288168435679,67.80917573043132,0.0179418432720327
2020-08-21,361.79,363.365,358.35,362.01,722498.0,4.2085264400241815,68.02906614375163,0.0143535293165728
2020-08-24,364.08,365.0,358.25,360.0,588534.0,2.1073829310491554,71.56019317880478,0.0184335854539522
2020-08-25,361.16,361.285,357.15,358.5,528249.0,3.2337950298039044,65.30223015222903,0.0122010245363876
2020-08-26,358.0,367.41,357.155,364.41,676869.0,5.911587758305005,65.58628861438191,0.0272119329189374
2020-08-27,365.73,367.54,359.88,363.98,600611.0,5.897413517209287,73.6862121543649,0.0218236963884091
2020-08-28,365.63,367.07,363.25,366.83,509904.0,5.051691056444912,79.49737314443827,0.011544130066468
2020-08-31,369.12,369.275,364.27,366.42,775310.0,2.889394322298043,79.6672770884095,0.0135402012641253
2020-09-01,366.22,369.77,364.84,368.39,564890.0,4.576035427371052,79.82128521530878,0.0135152662260925
2020-09-02,370.14,379.8699,369.735,378.41,764867.0,5.955647645181172,80.01567213868405,0.0295580743049066
2020-09-03,376.4,376.68,351.75,353.69,1352424.0,-1.7855159391314026,68.2437476404185,0.0715893397006528
2020-09-04,353.66,356.52,337.7879,345.18,1274971.0,-3.6106224344475177,58.60602329047185,0.0569219519435044
2020-09-08,339.66,344.91,335.05,340.66,1054960.0,-5.691822158241514,51.2815455439612,0.0326604441667244
2020-09-09,346.0,356.36,344.88,351.78,842932.0,-2.8258887876025574,50.40894812501941,0.0448664109001873
2020-09-10,351.58,354.685,342.53,344.48,679609.0,-4.3111111111111065,50.77268012667744,0.0363387126610387
2020-09-11,347.32,351.22,345.6975,348.79,681872.0,-2.708507670850761,50.47764114068815,0.0210905395582999
2020-09-14,352.52,356.81,352.0,353.09,628485.0,-3.106391152822384,56.05246366509585,0.0228207567701688
2020-09-15,357.42,360.53,354.63,357.2,779327.0,-1.8627397109731385,61.78573655301168,0.0212301733547148
2020-09-16,355.87,360.035,355.65,357.54,907133.0,-2.532508246326626,62.52615054883822,0.0131386861837109
2020-09-17,352.66,358.2,349.05,351.73,783664.0,-4.009060640794716,56.3499499504693,0.0250253437023672
2020-09-18,352.13,354.77,348.75,351.01,992722.0,-4.717826216781128,49.867081046712336,0.0179674391961421
2020-09-21,345.88,351.21,342.09,350.89,1129835.0,-7.2725350809968115,42.167222476526895,0.0258694498987795
2020-09-22,351.33,353.41,344.565,350.17,748171.0,-0.9952218044049824,42.86496987474529,0.0256881752102118
2020-09-23,350.52,352.165,342.69,343.06,628097.0,-0.6141723158931585,36.988314277173565,0.0274706482038597
2020-09-24,343.2,348.395,342.09,345.87,644394.0,1.5293841366758585,39.37177062577938,0.0192526246532832
2020-09-25,345.11,354.875,344.52,352.85,578870.0,0.3041673773381232,47.03280522424335,0.029074156994593
2020-09-28,357.21,359.68,355.12,355.55,741489.0,3.21353924756154,55.1994078820871,0.0202400753077001
2020-09-29,355.94,360.32,354.55,356.98,580868.0,2.348117778606037,54.128162114971566,0.0166346889656145
2020-09-30,357.0,363.71,355.62,360.6,1012012.0,2.126936475119672,61.8409379462756,0.0221931551272685
2020-10-01,364.89,368.1442,361.285,363.73,650276.0,1.8281075027995604,61.833671446936194,0.0210368708059529
2020-10-02,359.87,365.5,357.0664,362.98,719508.0,1.5215080830116905,55.46335776329014,0.0233843849684659
2020-10-05,365.7,365.98,361.98,364.97,517274.0,3.764250987973732,54.39862702780941,0.0121716116085984
2020-10-06,367.23,367.23,354.05,354.31,776319.0,0.9401441554371704,46.35827038683416,0.034948674195998
2020-10-07,355.92,358.83,351.88,354.9,703068.0,1.1428082874975038,46.69555399831441,0.0211326535585705
2020-10-08,355.67,360.7764,355.08,357.2,547833.0,2.00759631036353,54.241106670422894,0.0169737899915308
2020-10-09,358.98,359.71,356.06,356.76,812242.0,3.993470529936451,55.86271049568711,0.0108622366159902
2020-10-12,361.64,364.09,358.18,360.09,687219.0,4.11137132448607,55.68940571215184,0.0196656809097841
2020-10-13,360.09,360.09,352.44,354.0,1163930.0,0.3259175286949063,52.6699820391571,0.021520354871453
2020-10-14,356.98,357.35,350.34,351.51,812011.0,-1.1362677541836648,51.75472663797921,0.0201465177011592
2020-10-15,347.81,351.54,345.28,347.45,962980.0,-2.6696173455095606,44.64928244570325,0.018313513573136
2020-10-16,348.0,351.98,346.69,348.17,1109623.0,-3.447032723239048,46.37106551625335,0.0155363088377803
2020-10-19,349.25,352.24,340.42,341.15,731609.0,-6.207901465372678,40.647859632753054,0.0329776773756902
2020-10-20,340.33,343.86,339.3,340.15,1032538.0,-6.289602732932955,31.607456787866973,0.0152156380605984
2020-10-21,342.51,344.715,337.27,337.91,691084.0,-7.4143080253171485,25.65981011976404,0.02145078753971
2020-10-22,337.58,339.82,334.31,337.25,1001918.0,-4.814992520673987,25.169380858079705,0.0169334430434464
2020-10-23,339.0,339.685,335.13,337.43,688550.0,-4.922513384051838,25.971291152531585,0.0138955316572267
2020-10-26,333.16,336.335,330.4,333.55,893574.0,-6.620940649496075,25.847505865868108,0.0206061753410598
2020-10-27,330.0,336.03,328.845,330.85,1482729.0,-7.2625854916470365,24.409368535070584,0.0217361972772555
2020-10-28,325.01,329.565,322.12,326.7,1505588.0,-9.272681829542613,18.64852303931251,0.026613928142801
2020-10-29,327.41,329.41,319.51,325.74,876582.0,-7.983050847457624,18.67097976047003,0.0305875804658003
2020-10-30,323.46,329.78,319.04,322.73,1464438.0,-8.187533782822673,12.715057170419756,0.0333838622890855
2020-11-02,328.57,335.4999,325.77,327.92,1305121.0,-5.620952655058274,21.47429744094691,0.0390061418851549
2020-11-03,331.97,337.88,329.57,334.75,1186591.0,-3.85443892351438,28.933164241573767,0.0311580690542537
2020-11-04,338.29,357.69,338.08,351.1,1603683.0,2.9166055987102584,38.40437838107393,0.0651314179145662
2020-11-05,358.06,360.85,352.66,355.99,1317463.0,4.656769072468038,39.36190428673127,0.0311663708422371
2020-11-06,355.47,356.79,348.12,354.36,1072286.0,4.868160160989609,38.44526202887354,0.0254744019871934
2020-11-09,368.19,368.27,345.63,346.41,1316137.0,2.71608598962195,46.0510380695554,0.061864557621743
2020-11-10,345.13,346.99,333.61,335.1,1488579.0,-0.690513588003433,43.92007019361307,0.0420846974469889
2020-11-11,337.68,348.02,337.0,343.97,975903.0,3.1239694198770844,49.70337624179052,0.0388764770664077
2020-11-12,344.39,345.23,338.5,341.72,697879.0,3.285476802176214,45.656446801653104,0.0216086175606228
2020-11-13,343.36,344.87,337.56,341.92,941261.0,4.65870829507194,45.473132876554175,0.0216511556043272
2020-11-16,341.01,345.36,337.45,339.62,1407720.0,4.261067108737028,45.56960667170836,0.023277841150522
2020-11-17,338.3,341.19,336.25,336.66,1052236.0,4.316301552381249,46.65281301169377,0.0154720308447078
2020-11-18,337.86,339.38,334.86,336.48,943535.0,2.6103927787265198,46.383186113581765,0.0136776194796899
2020-11-19,338.06,339.96,334.56,338.63,1111233.0,1.1590739357729636,53.86823235834304,0.0159166950276957
2020-11-20,338.0,342.455,336.645,338.28,825258.0,-3.651381372828268,52.600758758470526,0.017136550857485
2020-11-23,339.26,341.54,333.635,337.12,893248.0,-5.300710694120623,46.163398356252536,0.0230974658330585
2020-11-24,336.6,339.0,333.86,334.21,1469701.0,-5.686307709673788,36.21054442981744,0.0160958376518804
2020-11-25,335.37,338.155,333.9,338.04,1013862.0,-2.416212003117694,34.63261625615445,0.0130481091758454
2020-11-27,340.5,344.13,339.15,341.57,407732.0,1.930766935243202,39.12300212464232,0.0175640276099123
2020-11-30,343.33,353.16,342.25,351.78,3327255.0,2.2705468500159736,46.63288146745436,0.0324435946606759
2020-12-01,352.73,352.73,332.995,334.32,2256158.0,-2.165515626828993,44.55553388410798,0.0568268305431918
2020-12-02,338.62,338.68,330.77,333.28,1713058.0,-2.5269068788020714,37.38374431764123,0.0269059826627048
2020-12-03,330.36,334.6,325.66,326.61,1745578.0,-3.830752016960129,35.447411765536444,0.027402310919346
2020-12-04,330.8,339.5,329.04,339.45,3059722.0,0.8287292817679449,46.26594618051018,0.038369328103122
2020-12-07,338.23,340.19,332.845,336.24,1691421.0,-0.0713266761768928,53.51843685379961,0.0235493285879677
2020-12-08,335.3,336.93,333.13,333.7,1637353.0,-1.455866284735554,52.14158637266339,0.0125108100939327
2020-12-09,334.25,335.155,323.905,327.28,2000275.0,-3.251744117299279,49.87277800388356,0.0327122610146564
2020-12-10,327.23,329.18,323.85,325.83,1475172.0,-3.348955861414339,44.46286283045702,0.0179358753995526
2020-12-11,324.9,329.035,323.26,324.82,1428977.0,-2.8096107237964114,39.9892025178081,0.0178713310089991
2020-12-14,327.43,328.78,323.27,323.68,1666882.0,-4.248017986037159,38.83504023462264,0.0171197353114
2020-12-15,324.79,326.68,323.2601,323.84,1207606.0,-5.190736891413186,39.31288889039731,0.0111739818376866
2020-12-16,325.5,325.5,319.74,320.87,1809053.0,-8.786741713570974,34.169494394338805,0.0173927591602216
2020-12-17,322.89,322.89,316.43,321.06,3021620.0,-3.966259870782481,29.63377497703171,0.0201404851226807
2020-12-18,321.25,323.42,319.16,322.5,2981126.0,-3.2345175228036407,28.06967353795943,0.0139650779978565
2020-12-21,318.7,319.92,311.68,319.58,2211518.0,-2.15241419429902,28.27442461693135,0.0328287274565906
2020-12-22,318.55,320.25,314.93,318.93,1627645.0,-6.045072912063628,34.20828509100222,0.0183413777774293
2020-12-23,320.0,321.57,313.56,313.63,1047557.0,-6.724363549845353,35.15882662597774,0.0248904435908715
2020-12-24,313.23,316.94,313.23,316.58,490838.0,-5.130356607731497,25.99583674276953,0.0130303418185209
2020-12-28,318.93,319.02,314.37,318.04,1030460.0,-2.823270593986786,23.64549832702536,0.0146313835629377
2020-12-29,320.49,322.91,319.79,321.49,1058642.0,-1.3319829358868045,28.8928948487115,0.0152506160541146
2020-12-30,322.71,324.29,320.76,323.63,1340023.0,-0.3663567514315614,35.81042488997348,0.0113910676930693
2020-12-31,324.3,328.85,323.305,328.73,1014196.0,1.5601828966880904,41.27857863758874,0.0166273583881552
2021-01-04,331.71,336.73,330.5,333.25,3231324.0,2.905755928853763,52.05195256309737,0.0236352882921154
2021-01-05,331.78,334.65,325.0934,328.45,2012776.0,2.362327422320561,51.24310727787011,0.0288727307377074
2021-01-06,327.06,330.4774,324.15,328.86,1638315.0,2.42945243879649,50.30460737587284,0.0203702258125805
2021-01-07,329.42,333.47,326.3904,329.07,1856707.0,2.037209302325579,57.81458589134959,0.0215705559274077
2021-01-08,331.2,331.2,322.69,326.85,1493885.0,2.274860754740609,61.51955848160529,0.0259355595131311
2021-01-11,324.76,325.45,318.69,319.2,1545588.0,0.0846580754397459,51.90073281137013,0.0256348869837145
2021-01-12,319.75,319.75,313.26,315.86,2271502.0,0.7110289194273565,51.77320180816022,0.0211646395084299
2021-01-13,314.6,315.52,311.36,312.05,1936883.0,-1.4309179354349526,43.85519558707182,0.0150628977148184
2021-01-14,312.95,316.4,305.0,306.18,1910647.0,-3.7290906804175616,42.31251903333326,0.0353484899561905
2021-01-15,306.4,307.72,303.54,305.95,2701832.0,-4.833742884693153,38.78360926978298,0.0157324422245689
2021-01-19,307.5,314.12,306.71,313.14,2224039.0,-3.2413558693569846,41.44385448102836,0.0257063217990482
2021-01-20,317.68,324.45,315.0075,321.94,2799556.0,-2.0655248988531683,45.07951442488598,0.0351715113217306
2021-01-21,320.11,322.99,316.585,317.72,1622348.0,-4.660165041260307,39.877785915939874,0.0215897132069343
2021-01-22,316.77,320.61,315.06,315.14,1519115.0,-4.052367179174913,35.62596261048804,0.0179769668816262
2021-01-25,316.04,318.22,311.7126,314.93,1453796.0,-4.235845040442744,25.645212631647063,0.0206127074884148
2021-01-26,315.37,321.04,313.28,319.01,1479847.0,-3.057100313003313,31.83780403634645,0.0243922221776543
2021-01-27,318.1,327.65,303.5,306.3,3074958.0,-6.287287746672788,30.30734369088486,0.0745553510351708
2021-01-28,308.71,323.675,307.07,318.97,2722048.0,-0.0720551378445994,32.22672321674332,0.0583463342599569
2021-01-29,314.67,320.15,311.865,317.0,2734549.0,0.3609193946685197,30.941130710585885,0.0294551050014301
2021-02-01,319.75,322.89,317.18,321.84,1774650.0,3.1373177375420487,36.68493299249573,0.0195690474004741
2021-02-02,324.23,332.15,324.075,330.1,2397000.0,7.812397935854731,44.640763421110506,0.0309013236999097
2021-02-03,330.0,330.0,324.17,324.25,1705099.0,5.981369504821053,44.87532468055553,0.0194390939949577
2021-02-04,324.69,328.47,324.25,328.45,1172460.0,4.889186945136362,49.98390166743444,0.0135986896272139
2021-02-05,328.95,332.46,323.48,324.02,2153270.0,0.6460831210784569,50.65007906795483,0.0264731567275792
2021-02-08,325.56,326.3,322.94,325.44,1250422.0,2.429812413445792,44.51146651392851,0.0118652046914441
2021-02-09,330.0,338.47,326.68,332.39,3154645.0,5.473757694992702,45.44012917623939,0.03747692975518
2021-02-10,334.97,336.85,330.64,333.0,1810399.0,5.737782999396689,51.60695929852214,0.0204813177898107
2021-02-11,334.35,339.81,333.0,339.39,1627453.0,6.388514466631139,57.181573376784975,0.0204532565722104
2021-02-12,337.67,340.55,337.24,339.45,2033681.0,10.82272282076395,63.07322314676129,0.010782085659636
2021-02-16,342.0,342.0,336.5,338.33,2280085.0,6.069536320030083,56.2984274967482,0.0158390306158226
2021-02-17,335.36,339.09,334.62,338.93,1344948.0,6.917981072555208,59.38310444937184,0.0135839449972197
2021-02-18,337.09,341.04,337.09,338.46,1154963.0,5.16405667412379,57.20746315904124,0.0118875757537407
2021-02-19,339.13,341.92,338.48,339.24,1251795.0,2.7688579218418616,65.32289126379396,0.0103741193775043
2021-02-22,339.24,339.24,331.5901,333.29,1542062.0,2.7879722436391736,58.87444933297816,0.0219161481385927
2021-02-23,331.91,331.91,323.07,325.18,2261563.0,-0.9955853250114116,49.66098965487952,0.0307505691080557
2021-02-24,326.0,332.18,322.37,331.79,1662982.0,2.3980001234491817,56.36088752130718,0.03045993479073
2021-02-25,331.49,335.73,329.46,330.55,2584223.0,1.5701819075712924,58.7387093228264,0.0200701230432592
2021-02-26,332.04,333.27,326.385,329.36,1690966.0,-0.9115797707512178,59.74013833279915,0.0210015743007001
2021-03-01,331.52,338.9,330.17,337.53,1175146.0,1.3603603603603522,64.43737216421096,0.0282412940003969
2021-03-02,336.21,337.41,332.73,332.94,1748492.0,-1.900468487580656,55.16051496108206,0.0156820369649296
2021-03-03,330.19,331.66,326.28,326.53,1690285.0,-3.806157018706736,47.98146525706349,0.0199819271292134
2021-03-04,326.23,334.55,325.5,327.54,2134285.0,-3.1891939822067106,48.956822846593965,0.0270923382992763
2021-03-05,330.0,334.81,327.31,334.52,2235632.0,-1.3011536305431874,49.28593465429293,0.0232939007637286
2021-03-08,334.01,346.66,333.47,342.72,1854634.0,1.258642084736763,57.94836561348127,0.0380756118412397
2021-03-09,347.34,351.37,341.86,342.12,2063334.0,0.8489564909798359,64.67937176464423,0.0287508785265755
2021-03-10,343.51,345.0,340.45,344.35,1263204.0,3.318431396081491,59.6945450108516,0.0147634111521843
2021-03-11,345.8,346.71,342.74,345.14,1702547.0,6.138138876929694,60.45575909935056,0.0118722412266651
2021-03-12,345.14,346.23,341.3,345.61,1226528.0,4.165285270803819,61.12509882248023,0.014210903745215
2021-03-15,344.54,351.79,344.54,351.49,1511595.0,6.33489638481319,69.08129206567183,0.0204214907825391
2021-03-16,352.29,357.95,347.78,348.61,1332872.0,5.844668447898956,68.78518264387974,0.0284407033872907
2021-03-17,348.08,351.29,345.73,350.19,1493045.0,3.750777708648128,60.79905862620345,0.0172054399734127
2021-03-18,350.58,352.24,343.13,348.46,1718339.0,4.661500570673389,60.48726261495443,0.025700225628261
2021-03-19,347.05,349.63,346.28,347.37,2316966.0,6.382261966741198,52.73200784786943,0.0111311587392636
2021-03-22,345.97,350.71,344.65,345.54,922148.0,5.49551199853453,54.47034653224197,0.016996519224902
2021-03-23,345.59,348.34,342.6,346.83,1619489.0,3.679899557575034,54.432781661435854,0.016776258421284
2021-03-24,347.06,353.18,346.26,351.79,1069015.0,2.646475256769372,52.49327780256696,0.0196932802048261
2021-03-25,351.86,351.86,347.795,351.3,1388836.0,2.6832690284110856,44.32916306905403,0.0124156796620886
2021-03-26,351.77,359.59,351.07,359.55,1152738.0,4.414113547262955,42.62635195614816,0.0231911203046709
2021-03-29,358.67,362.1486,358.24,361.74,1464429.0,4.8096424639276885,41.12906325173713,0.0120269770742684
2021-03-30,359.17,359.635,352.31,352.78,1261788.0,2.074592749052388,41.04631216341158,0.0254262708443843
2021-03-31,353.51,355.73,351.58,352.87,1116220.0,0.3926142991265741,33.647386280615414,0.0130422581446532
2021-04-01,359.44,362.97,355.51,362.65,1242845.0,4.0274231949743164,40.02148972749711,0.0272060587936077
2021-04-05,363.2,368.4075,361.37,367.17,997519.0,4.848796367686118,38.566640900937976,0.0201773688177179
2021-04-06,366.08,368.29,364.345,365.85,937216.0,4.9905297595133,37.40134850188533,0.0116776240905264
2021-04-07,365.23,367.08,359.405,361.2,1259955.0,3.9813455393384527,37.76948746845908,0.0204750013560937
2021-04-08,364.4,369.07,362.0,365.61,945949.0,5.808300052092375,44.78391379679418,0.0216690754278216
2021-04-09,366.4,369.3,363.68,369.1,1323668.0,6.421013176484167,55.32965328579522,0.0160182301502795
2021-04-12,368.54,371.77,366.2,371.11,1035534.0,5.491912788879727,61.100907266696986,0.015283718753049
2021-04-13,369.17,374.72,369.17,372.97,947785.0,6.168516937090811,69.3360883149453,0.0150564510688752
2021-04-14,374.14,376.79,371.01,372.03,893123.0,3.471005423445963,69.11753001883473,0.0155315818272635
2021-04-15,374.33,376.41,372.97,375.07,965756.0,3.684967103444458,77.03750181284073,0.0121149111599498
2021-04-16,378.13,378.32,374.17,378.07,2062265.0,7.168773740007943,78.43256984099861,0.0111842784900198
2021-04-19,377.51,379.06,375.8001,376.44,977833.0,6.679513701929887,77.84595766536242,0.0089027149794356
2021-04-20,375.0,379.31,372.94,379.06,1516568.0,4.525024127947064,85.78363973764753,0.0163370609272831
2021-04-21,380.0,383.17,379.39,382.76,1180630.0,4.245989596099892,92.4422423777865,0.0113421061465673
2021-04-22,381.05,385.47,380.89,383.31,1052829.0,4.772447724477239,92.38628369877188,0.011962436019506
2021-04-23,385.04,389.43,383.61,388.14,1234114.0,7.458471760797343,92.52694776516968,0.0156022116802296
2021-04-26,388.34,388.34,383.4,383.93,924181.0,5.010803862038783,86.73070234025299,0.0131317607905818
2021-04-27,385.67,386.44,381.22,384.14,1288029.0,4.074776483337839,86.20010329769423,0.0136418698457548
2021-04-28,387.23,388.42,380.06,380.08,1551073.0,2.417073105009288,77.47176888499938,0.0212370125897771
2021-04-29,385.0,393.55,382.48,392.7,1663123.0,5.289969702657039,78.02580938441548,0.0341487351335419
2021-04-30,391.04,394.935,388.48,390.39,1492394.0,4.935085880170958,78.67813594074929,0.0182099232029443
2021-05-03,391.01,394.12,390.18,393.9,1030978.0,5.02039619271069,78.84072207151418,0.0108353598654524
2021-05-04,392.38,397.13,391.24,397.13,1735589.0,5.041394450763087,79.87962583682881,0.0146711217001792
2021-05-05,398.0,398.55,391.32,392.06,1080042.0,4.149399638720647,74.18064914573293,0.0181300361814358
2021-05-06,393.79,394.1,385.99,389.57,1612972.0,2.7726481295837044,64.77582774120677,0.0207490096695092
2021-05-07,390.76,391.62,388.8,390.71,1069023.0,2.0770195422719167,65.0154120927827,0.0084799885333672
2021-05-10,392.62,396.0,389.87,390.36,1319452.0,1.8392423886671392,64.74603111262152,0.0150647169404962
2021-05-11,385.0,386.315,378.18,379.67,1902825.0,-2.182202298139839,56.20622413495082,0.0306485066400696
2021-05-12,377.48,378.041,368.02,369.69,1690017.0,-3.7090094548485424,49.22175818516712,0.0315643081190446
2021-05-13,372.19,380.4399,371.14,379.7,1888076.0,-1.1558286041547348,50.74275359270288,0.0293041612428422
2021-05-14,380.03,380.99,377.26,379.16,1563325.0,-0.2420543043569667,56.60714169011427,0.0116522696839109
2021-05-17,379.1,379.1,373.38,374.95,1561406.0,-4.519989814107461,55.966327354735874,0.015132213454141
2021-05-18,374.83,374.95,370.01,370.12,1027247.0,-5.192243653782111,57.46088349942888,0.0135129198719854
2021-05-19,366.91,370.78,364.12,370.67,1128619.0,-5.897435897435889,50.78388560418556,0.0178563321741551
2021-05-20,371.57,377.34,371.51,374.53,1150925.0,-5.690831717573596,49.787405196215865,0.0179818870122146
2021-05-21,375.46,379.33,375.1,377.5,1539693.0,-3.7137172881701783,50.93089810707183,0.0132856831817538
2021-05-24,378.08,383.33,378.0,379.05,1205878.0,-2.700413276176292,49.44328823924709,0.0152475244794971
2021-05-25,380.41,381.605,378.24,378.59,952454.0,-3.102044995009088,49.86918115568646,0.0094738366354996
2021-05-26,379.44,381.2,377.34,378.67,871490.0,-2.994671585203401,51.95412349633762,0.0101608044628282
2021-05-27,378.53,382.91,377.18,380.54,1226634.0,0.2291463639476399,52.281969561183416,0.0147343328305486
2021-05-28,383.44,383.61,378.77,379.47,1760868.0,2.6454597094863344,53.27562257692456,0.012956033103857
2021-06-01,382.18,382.35,372.94,373.46,1415215.0,-1.6434026863313167,54.71569824602105,0.0241159491865015
2021-06-02,373.3,380.8,373.3,379.83,1380201.0,0.1767064036290639,62.95409430581687,0.0204569767993865
2021-06-03,378.6,382.58,375.23,381.35,1471023.0,1.706894252567018,62.129118547344746,0.0196669851956093
2021-06-04,381.92,385.13,381.06,384.58,938239.0,3.906841024532578,60.8044360895885,0.0114976647387046
2021-06-07,384.8,385.67,380.64,381.23,800285.0,2.8488952437478083,63.48139650605551,0.0130585022130528
2021-06-08,381.24,384.61,379.09,384.39,1179584.0,2.632632899901213,69.8002781212694,0.0144245783812303
2021-06-09,386.45,386.99,383.94,384.61,969119.0,1.8834437086092752,76.09575788367468,0.0085330976487068
2021-06-10,384.0,387.57,382.44,386.73,831682.0,2.0261179263949365,75.67671955801687,0.0129701623700381
2021-06-11,388.53,392.94,387.41,392.49,1085607.0,3.671518001003733,75.05617361541763,0.0157770281106068
2021-06-14,388.86,396.52,388.18,396.37,1375444.0,4.674254628040243,75.38955870108893,0.0209659826912479
2021-06-15,398.81,399.11,395.14,396.02,1813849.0,4.067903505544741,82.22578429456769,0.0110397001754545
2021-06-16,397.05,399.12,390.72,392.76,1346008.0,3.5022531425409027,79.79621651687958,0.0205479468330153
2021-06-17,393.73,401.27,393.53,400.16,2122080.0,7.149360038558359,80.86597656254752,0.0215654277879933
2021-06-18,398.58,399.33,389.75,390.71,2394857.0,2.864439354448041,68.88541142642455,0.0262417926363917
2021-06-21,392.83,400.19,389.77,399.52,1431797.0,4.764651894585016,76.16750702569291,0.0266889945622678
2021-06-22,398.9,404.89,396.87,403.86,1343184.0,5.013261220032251,76.22519035760267,0.0207972982387012
2021-06-23,403.65,404.81,400.64,400.83,1254526.0,5.141253311649127,76.0518701026627,0.0113527967902159
2021-06-24,404.08,412.46,402.15,411.18,2135607.0,6.969484117692973,77.59839308204612,0.0274091581644048
2021-06-25,410.84,412.93,407.58,412.36,1980275.0,7.215101011414159,82.5688162197157,0.0144247029439057
2021-06-28,412.0,414.77,410.43,410.8,1058322.0,6.223980554909107,82.53699069327402,0.0109243145945088
2021-06-29,405.75,411.86,402.6,410.58,1709457.0,4.609034625085983,75.21272606742552,0.0219026620276722
2021-06-30,409.87,411.54,408.2,410.45,1469439.0,3.552236546660944,75.98578922689575,0.0094295725445851
2021-07-01,411.94,414.01,410.53,412.2,938651.0,4.085652239785872,75.88584867366248,0.0087421495367445
2021-07-02,413.15,415.21,411.74,414.63,874201.0,5.568285976168654,75.3945975751983,0.0084562395179347
2021-07-06,415.0,416.65,410.17,415.67,1166586.0,3.875949620151937,74.71673322567442,0.0151308649768435
2021-07-07,416.91,419.96,414.34,419.16,714105.0,7.281615520462759,80.36642971252199,0.0137062058376531
2021-07-08,414.84,419.31,414.74,417.06,1418108.0,4.390268321986389,72.44831791322093,0.0112632474691938
2021-07-09,417.35,419.48,410.77,414.68,1534876.0,2.6791462387956204,75.28236894736,0.0203003680809922
2021-07-12,416.4,417.73,408.97,411.75,1581725.0,2.72434698001647,67.26233559195016,0.0213179098564872
2021-07-13,410.79,412.845,408.03,408.95,1143128.0,-0.542341553577513,60.961920747782,0.0126658126204497
2021-07-14,409.0,410.8,407.565,410.58,810924.0,-0.4316616548646885,55.73060611472598,0.0083672413481516
2021-07-15,409.12,413.0,409.12,411.52,845907.0,0.1752677702044718,52.463618903627534,0.0093822674343948
2021-07-16,413.11,415.26,411.63,414.42,905754.0,0.9352623118515349,49.33545064942397,0.0091149862802652
2021-07-19,411.57,414.965,406.1,409.15,1226600.0,-0.3167255451333929,42.37458507464674,0.0206737247718688
2021-07-20,410.5,419.38,408.76,416.38,922698.0,1.014070839398352,50.41355163059541,0.0254985347565028
2021-07-21,418.15,420.62,416.66,417.06,985485.0,0.5860646841762551,48.89784297342082,0.0115753267124682
2021-07-22,418.89,419.48,415.985,418.6,822030.0,0.7048860875213527,42.98833439499603,0.0086902526604403
2021-07-23,420.7,422.7,417.78,418.5,994796.0,-0.1574577726882395,43.49662584546687,0.0114959621541739
2021-07-26,416.64,418.88,408.51,413.4,1166973.0,-0.8775715724356268,35.76300426031744,0.0241223015570113
2021-07-27,412.4,415.43,407.92,412.79,1828562.0,-0.4557731262660331,28.8803719859019,0.0189297298158141
2021-07-28,415.2,416.44,409.29,411.59,1474260.0,-0.0388585306618154,37.86194130273324,0.0176020445863711
2021-07-29,419.8,427.93,416.0,423.57,1833265.0,3.575009169825164,48.40248132630026,0.0376908232886886
2021-07-30,424.05,429.93,422.52,428.72,1571963.0,4.418140191923631,58.04156055730346,0.0193697397123615
2021-08-02,430.6,436.16,428.55,434.25,1968871.0,5.5234253499222445,66.71939896615449,0.0179041168323909
2021-08-03,434.15,436.08,428.49,436.05,1645301.0,5.219342695815838,72.72971562486987,0.0177307065660832
2021-08-04,436.05,444.64,434.34,439.5,2280694.0,7.417817426371752,74.88224167402224,0.023170192411038
2021-08-05,441.12,443.83,436.82,441.72,1391066.0,6.08578702147078,75.58420515015132,0.0166952902275098
2021-08-06,441.02,442.385,437.32,441.58,1140150.0,5.8792499880113125,75.59164483110389,0.0120467609161368
2021-08-09,440.97,442.0,434.485,436.11,1238536.0,4.182990922121355,69.80173699738779,0.0168191049417225
2021-08-10,438.77,438.77,433.295,434.49,879652.0,3.820788530465952,65.27677219062036,0.0130160396865296
2021-08-11,435.55,437.19,431.1,433.6,1035703.0,4.886308659893577,64.48864315124769,0.0140256879249409
2021-08-12,435.88,437.03,432.44,436.75,923092.0,5.804404176457759,64.42551045772157,0.010924325494711
2021-08-13,438.0,442.06,436.4601,441.74,1022148.0,7.325250856434811,69.82847974243815,0.012657000386405
2021-08-16,440.83,446.29,438.45,446.11,1086864.0,5.321434473640725,77.78037054989377,0.0174062475910842
2021-08-17,444.3,445.28,441.37,444.18,950024.0,3.606083224482175,72.1756426803912,0.011345376173624
2021-08-18,445.0,445.0,429.75,430.0,1694789.0,-0.978698906160046,63.08364263832664,0.0332911683136315
2021-08-19,424.91,435.18,422.79,433.94,1584990.0,-0.4838894622176387,54.84347938980733,0.0296676779254949
2021-08-20,433.67,439.24,431.85,437.52,1621952.0,-0.4505119453924956,54.033948877078494,0.0182538100797046
2021-08-23,439.96,442.39,436.875,439.02,873975.0,-0.6112469437652914,52.083290342078485,0.0131355720179104
2021-08-24,440.64,441.49,437.0,437.6,854172.0,-0.9013089360931116,42.61117831265481,0.0105346879492046
2021-08-25,437.13,438.26,433.36,437.85,572795.0,0.3989819082341632,35.83764256015915,0.011236786624949
2021-08-26,439.09,439.09,433.77,437.16,543551.0,0.6145135676310193,40.94678161374694,0.0121711298476788
2021-08-27,439.04,440.82,436.075,438.3,838417.0,1.0839483394833922,47.882522888783605,0.010998426135689
2021-08-30,440.43,446.26,438.001,444.07,908793.0,1.676016027475671,54.07587535032358,0.0181417854060229
2021-08-31,444.43,446.63,442.88,443.82,994371.0,0.4708652148322506,61.1100736523488,0.0093468031399064
2021-09-01,445.35,450.47,442.005,448.62,961349.0,0.5626415009750938,61.28004263080175,0.0182600430727037
2021-09-02,451.54,453.6,446.09,449.4,845361.0,1.1751992435499057,60.85171246978528,0.0169647019077485
2021-09-03,449.48,454.16,447.67,452.08,997356.0,5.134883720930229,60.65155021868277,0.0147215964891025
2021-09-07,451.77,452.3,443.04,446.72,964215.0,2.9451076185647853,60.555839672137004,0.0203392790530984
2021-09-08,447.52,451.9,445.58,450.61,1010793.0,2.991863229109534,70.99205829868008,0.0147433530884117
2021-09-09,454.02,456.63,450.09,451.39,1078992.0,2.8176392875039875,81.79029960180205,0.0145497841424772
2021-09-10,452.21,455.03,449.3,450.24,972083.0,2.8884826325411304,72.97044183476744,0.0129165000131952
2021-09-13,453.83,456.59,443.83,449.42,1365628.0,2.642457462601346,63.386314085423066,0.0273103604780815
2021-09-14,449.68,455.15,449.3,451.59,801696.0,3.3008509470216736,69.82566442623785,0.0143193543416631
2021-09-15,453.99,454.18,448.56,452.15,891949.0,3.159936116814959,68.01773523451433,0.0126917427857014
2021-09-16,451.84,455.055,451.34,454.05,1119971.0,2.2473934289639064,69.4194942574865,0.0086365632820447
2021-09-17,452.15,453.81,445.04,446.42,1482723.0,0.5858230814294134,60.54797970536707,0.0191900250279936
2021-09-20,440.61,445.56,439.3,444.87,1088208.0,-0.8358967500334359,53.665208621452415,0.0164787322796179
2021-09-21,447.14,448.0,443.66,445.2,743919.0,-0.934579439252334,52.87054328091026,0.0103910353881094
2021-09-22,448.98,448.98,441.45,445.64,1103765.0,-1.4245266324544323,45.757310630738495,0.0164513890324408
2021-09-23,448.32,455.4,448.07,451.67,1092356.0,1.1080766475644672,46.6862593241496,0.0214056590742663
2021-09-24,449.9,453.14,449.14,453.08,552731.0,0.5481458467410777,45.02055559489254,0.0100422499800863
2021-09-27,451.41,451.59,441.53,445.33,780936.0,-1.3425197722590227,45.61028153206157,0.024693875353617
2021-09-28,438.66,442.01,420.03,426.11,1940242.0,-5.359363894811655,36.26547439647752,0.0570028912360761
2021-09-29,429.0,431.05,424.33,426.62,1145355.0,-5.073205464821327,28.981489296804614,0.0195791090635299
2021-09-30,429.34,432.81,424.58,424.89,1248875.0,-5.912442702451337,36.42080864120692,0.0194016114590662
2021-10-01,426.03,429.74,421.0,428.36,1262303.0,-5.261528253898035,36.83351243756192,0.0206365965070755
2021-10-04,426.43,428.405,414.935,415.85,1160000.0,-8.413170355687697,30.87733210245894,0.0313877959355437
2021-10-05,419.67,428.2,417.215,425.13,1194277.0,-4.769051565790067,37.69064560261276,0.0298518073474472
2021-10-06,421.11,428.31,418.8,427.76,854198.0,-3.8460673904736247,36.36536512739398,0.023357197385845
2021-10-07,432.4,436.705,431.61,432.8,752223.0,-2.785265049415988,43.30743568430349,0.0211336167166314
2021-10-08,431.8,432.26,426.18,429.72,590986.0,-3.572390270173225,44.89260398965717,0.0160424585370018
2021-10-11,427.79,434.47,426.18,428.49,653882.0,-5.13206544601147,44.44312865899584,0.0191419278621708
2021-10-12,431.44,434.88,426.15,430.67,1423457.0,-4.946146375915946,53.29368314646276,0.0203635793112677
2021-10-13,433.0,433.5,424.54,430.43,1271375.0,-3.345833426896903,45.1051452204647,0.0210377764940888
2021-10-14,435.44,445.99,433.89,441.78,1436708.0,3.6774541784985,48.22108704324379,0.0347760675131107
2021-10-15,445.75,446.48,442.64,443.92,953557.0,4.055131029956404,53.89578955586058,0.0128330783948288
2021-10-18,444.01,448.36,442.04,447.86,836179.0,5.406105109557775,63.64935905969551,0.0141642331779209
2021-10-19,449.9,453.135,447.0,451.09,1042284.0,5.306284433653928,71.24666450279588,0.0137647777568701
2021-10-20,452.05,453.0,435.89,440.56,1519419.0,5.942046410965488,61.484301334070274,0.0369359093884074
2021-10-21,440.54,446.05,436.83,445.44,961444.0,4.777362218615483,62.56955190016495,0.0225456362883289
2021-10-22,446.07,451.2,443.85,450.49,1349684.0,5.313727323732938,70.75209926019984,0.0171038292352196
2021-10-25,450.14,450.83,443.71,447.37,1148477.0,3.3664510166358577,62.884572003738455,0.0161426361751347
2021-10-26,454.02,470.81,452.775,464.62,2318765.0,8.121567532346639,66.53931043993535,0.0490994298284052
2021-10-27,465.28,470.21,462.35,462.6,1251812.0,7.960512497374504,67.6862572940438,0.0199182282963836
2021-10-28,460.56,475.249,460.56,469.51,1830589.0,9.018506048714787,73.24846650745997,0.0308050948300453
2021-10-29,467.99,475.66,466.14,474.16,1588507.0,10.159607834026442,74.717142008678,0.0213668712294936
2021-11-01,474.12,476.17,457.76,463.18,1225369.0,4.844040019919426,67.87493257903158,0.0385038803529466
2021-11-02,464.63,469.415,460.465,461.18,936175.0,3.888087943773651,68.78122117622642,0.0211702378458771
2021-11-03,458.25,460.97,452.49,455.05,1661951.0,1.6054124056624832,60.331307209173005,0.0193835164459447
2021-11-04,455.53,466.0,455.0,462.75,1438566.0,2.5848500299275146,61.41866175767221,0.0237401598367442
2021-11-05,467.1,467.99,458.55,460.29,1158352.0,4.478391138550939,62.12203222680952,0.0208733161434044
2021-11-08,464.14,465.72,458.545,461.66,1027216.0,3.641343390804604,56.82181229212336,0.0161224098657864
2021-11-09,463.03,464.735,459.87,461.98,952030.0,2.55055606117783,63.41573051387521,0.0110830160746968
2021-11-10,459.65,461.135,450.2,454.21,1011008.0,1.5289357802266523,63.16484640958729,0.0247949545326983
2021-11-11,456.79,457.32,451.02,451.52,741130.0,-2.819508415479321,58.01400586552463,0.0149525762601411
2021-11-12,452.23,455.32,448.8,453.36,1842721.0,-1.9974059662775636,55.89623731185977,0.0145662607813869
2021-11-15,453.5,464.065,449.89,459.28,2115824.0,-2.178867329769338,55.36448045537565,0.0299675708734737
2021-11-16,458.82,472.16,458.31,470.37,1538321.0,-0.7993082503796229,56.0550447806906,0.0301967976036509
2021-11-17,467.0,468.94,451.32,465.5,1680247.0,0.5008851850252587,46.74332159713629,0.0411174531867088
2021-11-18,468.45,469.0,460.865,463.93,2835661.0,0.5962964569148705,49.99881747284324,0.019784850239696
2021-11-19,467.41,469.0,459.16,461.31,1585358.0,1.375673002966705,49.13321343950938,0.0212808392867724
2021-11-22,464.24,466.09,457.78,458.13,1190858.0,-0.9983792544570512,48.54506630764186,0.0184371894813901
2021-11-23,454.38,459.0,451.5,458.34,1219344.0,-0.4236459623281073,49.59117930746413,0.0167772860265474
2021-11-24,455.89,464.5,455.165,463.53,905516.0,0.4050600008664271,48.23083644614019,0.0201697952479317
2021-11-26,457.85,463.2531,453.09,454.53,833944.0,-1.6126239231135644,43.087206162406034,0.0227806902760409
2021-11-29,459.7,467.1,457.91,464.93,1489163.0,2.3601417846370683,49.59331031046524,0.0272118266323393
2021-11-30,460.45,466.75,454.39,455.73,1865939.0,0.9324060949681158,42.85495538000128,0.027202259553461
2021-12-01,461.05,462.52,448.72,449.06,1436808.0,-0.9484736191988732,42.017176093877325,0.0304312464356854
2021-12-02,448.04,462.5793,447.95,460.97,1369652.0,0.3679672530918078,47.02132785650032,0.0324558700424895
2021-12-03,462.69,465.489,445.33,455.82,1488534.0,-3.093309522290965,47.75944048391194,0.044102855820101
2021-12-06,460.19,460.19,451.61,456.53,1250822.0,-1.9269602577873317,45.57598513677856,0.0212808901318546
2021-12-07,466.71,470.59,463.065,470.46,1093616.0,1.4075399305929714,44.36982768674014,0.0299323881477261
2021-12-08,471.35,473.41,468.84,473.0,998575.0,2.5340877067481733,51.099918867812725,0.011582455123124
2021-12-09,471.34,472.03,467.34,467.66,931019.0,2.080195577674466,40.43123731647359,0.012063038507538
2021-12-10,469.81,473.86,465.31,473.67,904299.0,3.344678622856404,47.4702567216522,0.0178010461154816
2021-12-13,475.13,481.605,473.08,478.86,1449465.0,3.307229305546576,55.30705387138649,0.0180002841910867
2021-12-14,475.77,478.03,464.84,470.34,1440345.0,3.478318262820937,54.471809998816255,0.0290554036390596
2021-12-15,471.37,479.53,469.64,478.97,1093332.0,3.0198094336781924,55.04419740297544,0.0217856578278619
2021-12-16,480.91,484.21,471.495,476.83,1377423.0,4.629934390977105,61.01357257907322,0.0264963435913323
2021-12-17,475.43,475.56,464.845,467.64,2355503.0,4.137531732953277,50.39191127680135,0.0258476565182944
2021-12-20,462.36,462.36,454.0,460.34,1675349.0,-0.1366683298262473,50.89361367763229,0.029662562286605
2021-12-21,464.71,470.9,463.045,470.49,717273.0,3.2183756746084016,56.74832121541952,0.0235507478509986
2021-12-22,470.97,473.7,468.6,473.26,814671.0,3.6646003548507258,55.47904681983805,0.0120350522723349
2021-12-23,474.31,477.42,473.47,473.74,1342569.0,0.6971899842707201,63.53091562261677,0.0090850904247147
2021-12-27,478.24,480.265,472.51,478.1,850738.0,1.0782241014799203,62.7829556650594,0.0157462364580224
2021-12-28,478.63,481.44,474.51,475.1,717583.0,1.5908993713381512,61.980433207233816,0.0147083300594673
2021-12-29,475.92,477.485,472.35,474.55,709360.0,0.1857833512783151,56.96219863085519,0.0112200082187879
2021-12-30,474.94,476.78,470.05,470.48,820420.0,-1.7499895585348526,57.32608941151279,0.0140360241876088
2021-12-31,469.58,473.93,469.02,471.93,842802.0,0.3380533231279568,51.97279387792288,0.0107929446824272
2022-01-03,472.83,472.83,458.25,461.1,1282387.0,-3.73092260475604,43.47464532212822,0.0299054440114511
2022-01-04,465.02,465.02,456.9591,459.82,1215234.0,-3.5673091038734963,44.16909926302501,0.0187553218221326
2022-01-05,461.23,463.15,455.41,455.76,1316057.0,-2.54041570438799,36.76135396206537,0.0171556421907565
2022-01-06,453.73,454.955,446.545,451.96,1452603.0,-1.8203936221054,28.020910711430695,0.0203198020849107
2022-01-07,450.08,452.08,446.13,446.75,1086373.0,-5.045803311441265,30.533898786305414,0.0139717272185525
2022-01-10,439.1,442.41,428.32,435.39,2357484.0,-8.001943963149222,29.434608031349903,0.0403870449880825
2022-01-11,435.39,441.17,430.9,441.02,1497254.0,-6.906742094819949,32.45176857078117,0.0253386733233539
2022-01-12,443.53,450.59,442.57,447.84,1910399.0,-6.329219828487774,36.44466558481306,0.0220305122647633
2022-01-13,447.83,450.07,434.7,436.27,1158011.0,-8.1730162071143,28.882418490730892,0.0341461538117181
2022-01-14,433.14,434.495,427.28,432.36,1400673.0,-8.890527868507007,23.10406709632795,0.0222315298038907
2022-01-18,426.21,427.7,420.64,424.15,1483079.0,-9.847389899676934,18.182260614901335,0.0273504163994062
2022-01-19,427.43,434.775,422.47,422.95,1535321.0,-10.37865785180006,25.111887905217195,0.0289648819423986
2022-01-20,425.29,431.44,416.42,417.98,1284152.0,-9.351550639774452,24.67039593825781,0.0354234920465905
2022-01-21,419.04,425.21,414.35,416.93,1634294.0,-9.327562959418898,23.88892995970844,0.0270473411651336
2022-01-24,409.48,418.85,400.6865,417.95,1861436.0,-8.296032999824469,23.44203186865563,0.0436688044293443
2022-01-25,410.56,413.11,399.02,399.53,2498494.0,-11.60058412248872,22.354083569721016,0.047098283144476
2022-01-26,403.14,407.51,394.21,397.54,2119699.0,-11.015109121432564,21.80359671286961,0.0349529010145455
2022-01-27,403.72,410.05,393.09,395.08,1716684.0,-9.258366062610534,21.73723084736147,0.0424005688865626
2022-01-28,395.23,406.72,390.95,406.62,1701136.0,-7.800099768717967,28.04375039570336,0.0405251781572165
2022-01-31,406.65,415.51,405.47,415.22,1788220.0,-7.283851375491235,36.33735837472093,0.0261944598496035
2022-02-01,418.45,419.4,409.22,417.46,1457600.0,-4.311550186810921,36.013561449675706,0.0249964004380071
2022-02-02,421.3,423.41,417.5,422.07,1640608.0,-2.3799611434915398,34.93106879706302,0.0152295478122783
2022-02-03,418.0,419.83,412.2,413.15,1226762.0,-2.593422138394436,34.933770847610205,0.0231524016603196
2022-02-04,409.4,420.01,408.34,414.39,1370767.0,-2.0238798912401,35.06598634062251,0.0280857867316396
2022-02-07,414.09,417.65,403.9,405.25,1471295.0,-3.045600267955409,35.166239194708496,0.0335015078576851
2022-02-08,401.34,403.08,391.75,399.78,2887766.0,-4.113400330990822,26.94111444850963,0.0343735489245804
2022-02-09,402.77,410.1,401.28,407.29,2351265.0,-2.550544323483663,34.98179213289943,0.0265923206375027
2022-02-10,399.33,406.685,394.12,396.45,2420547.0,-0.770905814331836,34.06788900086872,0.0327958640676242
2022-02-11,395.0,397.39,386.25,387.66,2731867.0,-2.4852844996729875,33.148760845320474,0.0292009185045295
2022-02-14,386.5,388.9799,375.45,380.71,3156694.0,-3.637238027741218,32.57272968649602,0.0354150739966647
2022-02-15,387.26,390.0,382.81,385.37,1430583.0,-5.226009542078599,38.48065790769234,0.0254029845721917
2022-02-16,384.41,389.29,380.61,386.55,1813065.0,-6.904773373151587,38.434252557595606,0.0230416317246768
2022-02-17,386.82,388.02,380.91,381.49,1224809.0,-8.61639438509078,32.85713727981253,0.0190636270415216
2022-02-18,382.49,383.49,376.47,378.67,1253553.0,-10.28265453597744,26.664676830089416,0.0186847880363089
2022-02-22,376.37,384.3,376.05,380.25,1648523.0,-7.963209488079385,26.813219142047707,0.0216427734563957
2022-02-23,383.92,384.76,372.76,373.37,1766791.0,-9.898887521417018,20.304922179422302,0.0312332478693593
2022-02-24,364.27,383.72,363.54,381.68,1895373.0,-5.8161628624305965,19.918194819368217,0.0533027589637321
2022-02-25,377.87,384.49,371.0,380.89,8122171.0,-4.725098804342386,39.40545885447522,0.0379013289820006
2022-02-28,379.0,389.48,372.13,375.7,5249949.0,-7.756144270667099,49.281334830122255,0.0458305678988213
2022-03-01,378.0,396.28,376.18,390.58,9770491.0,-1.480640686089041,63.70342778256972,0.0539643681756689
2022-03-02,394.0,406.56,391.98,399.12,5798528.0,2.9561987308466127,66.3554745325302,0.0420999545948107
2022-03-03,398.76,408.8,391.15,400.5,4359843.0,5.198182343516068,72.68891205095005,0.0448484997012911
2022-03-04,399.88,408.37,397.26,407.55,3580544.0,5.755507693904562,78.61087010041234,0.0295012918014158
2022-03-07,406.83,407.9899,384.675,385.64,4221979.0,-0.235415858233094,76.84878188098531,0.0577813406650736
2022-03-08,384.155,395.78,380.48,388.13,3693915.0,1.7405436577629785,71.02227094202998,0.0418095430882155
2022-03-09,401.4,402.11,390.98,391.51,3034286.0,3.3908152216969856,74.92701863422852,0.036545285426586
2022-03-10,381.28,385.74,373.84,382.75,2767338.0,0.6574621959237343,72.95469386996002,0.0462915806236686
2022-03-11,385.0,388.645,379.28,379.68,2252080.0,1.6900125880493886,75.52450470092487,0.0266551625805222
2022-03-14,383.53,386.34,373.18,377.0,2558070.0,-1.2261580381471406,71.6611907591127,0.0344818180775056
2022-03-15,380.96,388.36,375.42,387.39,1977228.0,1.706529444196487,74.66999873243334,0.0344693129495346
2022-03-16,389.92,396.39,384.07,392.23,2092213.0,4.399787064146934,77.87053824237834,0.032294924699931
2022-03-17,391.5,402.97,391.5,402.66,2393741.0,3.092836294741165,75.63414182352334,0.0295700599140887
2022-03-18,404.17,412.0,403.45,409.94,2858172.0,2.710964121066344,74.64010799547181,0.0237752311503516
2022-03-21,405.59,407.99,401.86,404.76,2207918.0,1.0636704119850164,65.2171877373684,0.0204400253344855
2022-03-22,406.46,416.53,405.54,414.28,2336366.0,1.651331125015326,62.26375137954597,0.0282936026409333
2022-03-23,411.66,412.865,404.83,405.71,2145205.0,5.204335649828854,54.271847442912375,0.0237931744990891
2022-03-24,409.61,410.62,405.99,407.67,2066784.0,5.034395692165002,52.35866464808888,0.0131650526968492
2022-03-25,408.95,413.85,407.89,413.47,2033299.0,5.609052131490904,61.65660263206293,0.0149780230072283
2022-03-28,414.35,417.61,410.23,414.5,2529935.0,8.29523187459177,71.36615486915879,0.017716100364597
2022-03-29,419.8,420.82,414.97,417.45,1527047.0,9.947850821744622,70.10120894105046,0.0154717235664273
2022-03-30,416.39,419.4199,415.67,418.95,2096129.0,11.12732095490716,78.10402442247917,0.0096077376360304
2022-03-31,422.5,423.545,410.17,410.18,2414864.0,5.882960324221074,70.42684657896224,0.0305174585584625
2022-04-01,409.98,412.195,405.64,407.88,1721945.0,3.9900058639063753,71.93779832897008,0.0174649043687763
2022-04-04,409.97,417.37,408.06,414.3,1620577.0,2.890776337356576,71.73452927466336,0.0227392158999386
2022-04-05,411.93,415.98,410.155,411.88,1263678.0,0.4732399863394637,66.68770077923227,0.01497806330366
2022-04-06,407.53,413.0,406.25,410.88,1558259.0,1.512007115327603,60.31328144059444,0.0164665372234096
2022-04-07,409.3,416.36,408.08,414.99,2172669.0,0.1713816742299981,59.374451450409616,0.0199425390097595
2022-04-08,414.04,415.82,410.77,413.09,1061931.0,1.8190332996475305,65.84874743433477,0.0129893076083362
2022-04-11,411.23,412.43,401.47,405.61,1466527.0,-0.5053106679422087,59.03346505412199,0.0274932390115231
2022-04-12,405.96,406.93,396.085,397.31,2226211.0,-3.908385130722912,58.94487946955744,0.0273907367389872
2022-04-13,396.0,398.9,390.76,396.31,2458283.0,-4.388419782870928,50.37832519192384,0.021427522191749
2022-04-14,398.21,400.17,387.0,387.59,2404958.0,-7.152952449395141,42.1644431205408,0.0328852363373754
2022-04-18,386.49,391.59,385.87,390.56,1212518.0,-6.776464971953691,34.317114248638084,0.0164656080935177
2022-04-19,391.33,397.11,389.8,395.35,1869633.0,-3.615485884245937,34.944196018282675,0.0185452432564143
2022-04-20,397.8,402.765,396.74,397.25,1768639.0,-2.606158674119838,33.85420745551648,0.0187364158160026
2022-04-21,399.23,403.48,389.24,390.83,1538070.0,-5.664977069756222,35.21810558563756,0.034961594737582
2022-04-22,388.518,389.52,379.32,379.66,1749263.0,-7.822666796154214,35.34031900001325,0.0307635750375934
2022-04-25,377.25,381.4,373.68,381.22,2197753.0,-7.218652647975071,28.01008646346421,0.0215779501956091
2022-04-26,380.25,384.205,374.71,375.5,1688501.0,-9.515891949203596,27.68358973988351,0.0249976281579686
2022-04-27,376.76,384.73,376.76,380.64,1930679.0,-7.855431019874602,34.67442237425325,0.024618474609204
2022-04-28,384.65,389.2,379.81,386.55,1690122.0,-4.6990951899608,33.04502651086681,0.0247133956550815
2022-04-29,382.33,387.26,375.365,376.5,2103126.0,-5.23772369182754,27.602391371115747,0.0310549958670698
2022-05-02,364.0,371.635,360.27,367.32,3849986.0,-7.314980696929174,25.56985570335404,0.0437773143276455
2022-05-03,367.05,372.01,356.95,359.63,2767092.0,-7.213808405789619,25.31048860047255,0.0423350131414517
2022-05-04,356.8,364.97,347.67,364.32,3722257.0,-6.718557968045885,24.51114561475352,0.0490848463979396
2022-05-05,360.22,360.41,343.98,346.9,4252202.0,-12.254963955988377,23.399198272677506,0.0582180268049313
2022-05-06,346.82,346.82,337.965,345.76,3353760.0,-12.961611076148523,22.15297871027672,0.0293267741358716
2022-05-09,337.4,342.52,327.915,328.77,4154891.0,-15.87902668679477,15.591888307463355,0.0521384253238475
2022-05-10,333.73,336.35,322.67,327.99,2959611.0,-13.60954538271085,10.12984939283618,0.0432819079721882
2022-05-11,324.72,334.16,323.07,325.81,2987956.0,-14.534914222758518,9.861523300780936,0.035141015318542
2022-05-12,322.97,332.27,322.2,329.66,3251300.0,-12.207723035952055,16.970798988949145,0.0316072555543237
2022-05-13,335.3,341.07,332.56,336.85,2811745.0,-11.50430853299705,23.33891654080352,0.0343383121635067
2022-05-16,333.34,337.575,330.91,335.36,2588057.0,-13.242788772474452,22.979991257692348,0.0214320539993092
2022-05-17,342.2,342.72,335.73,339.28,2149352.0,-9.88579017264277,22.949390636420247,0.0218997911685701
2022-05-18,332.41,335.59,329.39,330.12,2527676.0,-10.127409343351845,18.315035747971887,0.0292865247366385
2022-05-19,326.46,335.18,324.86,332.07,2581840.0,-7.663431860523316,18.247715611347264,0.031541984638402
2022-05-20,336.53,342.87,334.03,342.42,3425752.0,-6.0111989459815485,26.4253316188821,0.0324340560284042
2022-05-23,343.56,353.35,342.28,350.52,2753306.0,1.043528394349958,33.017752399327186,0.0323503162475704
2022-05-24,346.95,352.25,345.33,350.87,2049270.0,1.4779037482646962,39.53972255409847,0.0211580318982827
2022-05-25,349.83,352.34,345.89,347.66,2830160.0,5.745658058825332,41.00153186800901,0.0188757728161861
2022-05-26,349.64,354.37,347.52,352.47,2048025.0,7.463642184212938,47.80519400443789,0.0196351573144465
2022-05-27,354.25,361.24,354.25,360.64,2177787.0,10.690279610816114,56.30397896319352,0.024404605394817
2022-05-31,356.47,358.16,348.79,349.48,9048906.0,6.012255050658252,47.88273797663051,0.0331045985773304
2022-06-01,313.01,346.59,311.87,332.01,7792637.0,-1.4368413240314777,43.22632933272614,0.1126414360174292
2022-06-02,331.09,343.24,331.09,343.04,2609644.0,2.2900763358778646,42.5902510668511,0.0436010129217847
2022-06-03,336.43,338.73,331.83,335.93,2275976.0,-0.9873850506955808,37.16735921771786,0.0346749633897522
2022-06-06,336.82,344.389,336.82,338.64,1815800.0,2.580879680116316,41.66654195764868,0.0260439432596941
2022-06-07,339.14,345.6,338.17,344.46,1904709.0,3.7311410244827856,41.38291554687324,0.0223414474947056
2022-06-08,341.71,345.225,337.79,338.69,1620789.0,-1.089305531218976,42.15205325159752,0.0220407831517797
2022-06-09,338.43,342.64,336.28,336.43,1759373.0,-4.019742097455202,42.87074072206929,0.0191971718801109
2022-06-10,331.07,336.53,328.52,332.76,2505143.0,-5.161455809844106,35.9746597115704,0.023910722166093
2022-06-13,326.16,329.11,321.46,322.36,3357348.0,-7.277224874877756,29.24333079964056,0.0341301733419434
2022-06-14,319.92,322.505,314.09,317.43,2848989.0,-9.941271597582777,24.14665555174603,0.0274588193149535
2022-06-15,319.94,326.45,317.56,321.34,2489633.0,-10.897293700088737,29.80292709107855,0.0283287233019579
2022-06-16,313.45,316.85,312.26,316.03,2692492.0,-9.571363168135528,24.777257387368785,0.0290101858993581
2022-06-17,313.45,323.57,313.45,319.93,4856078.0,-3.638444625161888,28.42080772735784,0.0319880632753241
2022-06-21,322.725,326.66,318.39,320.02,3614525.0,-6.710587686567174,40.98885972610305,0.0265211274526754
2022-06-22,317.69,328.535,316.62,325.17,2001450.0,-3.203048254100554,53.05814704369249,0.0366217948025066
2022-06-23,327.17,334.57,326.76,333.74,2082923.0,-1.446964327899828,52.27993763141771,0.0296092139261228
2022-06-24,336.29,342.14,333.75,341.66,4890256.0,-0.8128665157057292,61.72741792703193,0.0255729225950805
2022-06-27,342.45,343.26,337.26,340.47,1728616.0,0.525554341728433,61.63921165621847,0.0184979281898553
2022-06-28,340.27,344.0,331.52,332.7,1963868.0,-1.1087001753708106,56.41542377129116,0.0359041640579756
2022-06-29,332.71,338.36,332.36,334.75,1745089.0,0.5980286092078402,56.26833928529249,0.0196755730276887
2022-06-30,333.52,339.79,331.82,337.06,2153517.0,4.560119121479088,61.3823728420552,0.023624185248861
2022-07-01,336.73,343.86,334.44,343.33,1912522.0,8.159279211164659,67.45623597217254,0.0277535507156139
2022-07-05,338.27,344.74,336.73,344.32,2051005.0,7.151303914856545,75.3641849087986,0.0241481448942013
2022-07-06,346.75,351.67,344.23,349.02,1757459.0,10.438882384583746,82.3810350916323,0.0218438823717046
2022-07-07,345.0,352.34,345.0,351.83,1611441.0,9.970931141187128,82.021521805739,0.0213270459600099
2022-07-08,349.18,355.869,349.17,352.48,1606948.0,10.143116055246558,89.04219700236364,0.0193801833016625
2022-07-11,354.07,356.37,348.64,351.61,1502681.0,8.131131408186487,82.84356148406607,0.0219180783267689
2022-07-12,349.84,354.4,344.131,346.05,1664436.0,3.688500029963445,75.87877965341579,0.0291201712594832
2022-07-13,341.29,344.13,339.39,342.02,2491844.0,0.1053679096177359,67.82326637112735,0.0204867810761436
2022-07-14,338.59,347.42,336.53,345.17,1505904.0,1.3804446794137482,67.2502746842096,0.031280317150046
2022-07-15,349.48,351.91,347.7674,349.45,1750538.0,5.034565674782086,63.32949501418084,0.0205951289010899
2022-07-18,351.27,355.05,344.65,345.36,1709717.0,3.169529499626591,56.55230818592137,0.0293045939031061
2022-07-19,349.76,357.54,348.63,357.14,1785953.0,5.957396309262441,63.98521797186234,0.0347254602708048
2022-07-20,358.05,362.06,356.87,358.6,1366595.0,4.44761599627182,70.37182369809811,0.0163778699671237
2022-07-21,358.0,361.915,356.69,361.62,1794664.0,5.024395910780672,70.10204836864294,0.0148057830809471
2022-07-22,363.67,364.3,359.75,361.94,1714929.0,3.701793593490349,69.99501741862876,0.0128438639113957
2022-07-25,360.51,360.51,351.78,354.03,2110975.0,0.6253019924395272,61.40973299637938,0.0274237034631022
2022-07-26,349.98,360.4,349.85,356.12,2151211.0,1.032682705401721,62.08467629770228,0.0299074103593919
2022-07-27,356.27,362.77,355.73,360.92,1627082.0,2.6478200278717905,62.17954965283938,0.0207100285679246
2022-07-28,364.44,375.87,361.88,374.59,1741187.0,8.247363097818223,62.518824051846345,0.0395390223748237
2022-07-29,373.6,378.49,372.84,376.93,1902107.0,10.207005438278472,69.16857760343841,0.0173707778872315
2022-08-01,373.41,377.0,371.96,376.08,1418468.0,8.955007677376356,69.53603339695569,0.0138972016890708
2022-08-02,370.0,375.49,363.44,369.78,2014099.0,5.817713549864068,70.3802315686733,0.0328804551912722
2022-08-03,369.0,371.98,363.18,368.16,1568168.0,6.6018068102849226,64.10946596769527,0.0250167769842067
2022-08-04,366.29,378.745,366.29,377.9,1973157.0,5.81284650277202,64.6113160966702,0.0331861727149985
2022-08-05,373.16,377.07,369.37,376.65,977925.0,5.033463469046279,70.44987006759112,0.0240109022526657
2022-08-08,380.0,380.33,374.23,378.12,872825.0,4.562800730048116,69.39568767264525,0.0170011150046312
2022-08-09,378.4,379.97,374.1,377.09,1174687.0,4.185776648063209,63.98591922062333,0.0158100938308261
2022-08-10,382.77,394.99,382.77,393.2,2141219.0,11.064034121402146,64.77526715930703,0.0445907121961881
2022-08-11,395.06,395.28,385.68,386.17,1467683.0,8.43816691003033,57.93046197851013,0.0266819751371427
2022-08-12,388.47,392.48,386.13,391.92,1257609.0,8.58916103291588,65.6187206785299,0.0173758510580998
2022-08-15,390.82,395.795,389.96,391.09,1471917.0,4.404815932085747,64.82890449554543,0.0151824165831966
2022-08-16,388.19,390.56,386.39,388.77,1381724.0,3.141166794895597,57.99217711311631,0.0124382886682041
2022-08-17,383.76,390.57,382.91,387.73,1078107.0,3.097745160604136,51.47494282817496,0.0193168451912368
2022-08-18,386.61,388.85,386.21,387.38,1633156.0,4.759586781329445,50.96091189600446,0.0079703126140295
2022-08-19,384.02,384.77,378.75,379.92,2565693.0,3.1942633637548865,48.20216028915719,0.0214386452811433
2022-08-22,375.18,378.43,374.18,376.45,1189927.0,-0.3836993913733762,50.00192515202456,0.0158946137472238
2022-08-23,374.97,376.0,371.81,372.8,2256849.0,-1.0221691225275364,48.37970595095411,0.0127899578077158
2022-08-24,372.94,376.72,371.99,375.71,1777860.0,-0.6373637998519055,47.92145528527941,0.0127221739599286
2022-08-25,374.72,379.68,371.62,379.62,2004137.0,0.6709273648200773,50.30032642753134,0.0208736721007746
2022-08-26,380.0,380.18,363.7,364.06,1358428.0,-7.410986775178023,45.51560179822291,0.0430903978161451
2022-08-29,360.55,365.115,359.51,361.0,1250347.0,-6.517854830774016,45.46567907207366,0.0180906407759254
2022-08-30,363.41,363.41,353.105,355.56,1725492.0,-9.277403551745255,36.79260965775848,0.0281754707809506
2022-08-31,356.81,359.67,352.01,352.18,1939692.0,-9.94911657163312,36.292905606685714,0.0223439022831486
2022-09-01,349.59,352.08,345.9,351.97,1572996.0,-9.465750958150052,30.378853008358263,0.0185362968277067
2022-09-02,356.14,356.14,345.55,347.63,1233582.0,-10.342248471874765,24.12084063895368,0.0295458405884726
2022-09-06,350.01,359.95,349.82,356.79,1604373.0,-7.89663895916154,30.69622170139497,0.0349041484974282
2022-09-07,356.88,363.9,355.32,363.53,1082238.0,-4.314066119182997,35.374150564795535,0.025125147637496
2022-09-08,361.14,367.52,360.475,367.06,997326.0,-2.4943551600478115,33.270331855849854,0.0200510658524108
2022-09-09,367.48,371.21,366.44,369.42,1276170.0,-0.9066523605150202,41.524071616471815,0.0136565858657146
2022-09-12,370.48,374.23,369.15,371.5,1255912.0,-1.120545101274914,47.43128070121607,0.0137518201943848
2022-09-13,364.23,365.28,355.78,356.51,1638759.0,-6.087666613982407,49.03713107432482,0.0414179913503131
2022-09-14,359.78,359.78,347.95,351.16,2616531.0,-3.543371971653018,38.83932643024213,0.0346735790383522
2022-09-15,350.66,351.14,344.3825,347.06,2074809.0,-3.861495844875346,29.24685658368994,0.0210431909638465
2022-09-16,343.95,346.345,340.69,346.07,3390043.0,-2.669029137135788,26.929538595353947,0.0189106078118131
2022-09-19,342.64,345.035,341.02,344.69,1543222.0,-2.126753364756661,26.682621353431795,0.0151814331006938
2022-09-20,342.41,342.935,335.22,339.35,1260735.0,-3.585532857914028,27.290928906825805,0.0270620433810128
2022-09-21,341.78,344.88,334.88,334.88,1307444.0,-3.667692661738055,28.12423633557541,0.0296069520391113
2022-09-22,333.59,334.25,322.22,322.37,2513871.0,-9.647131365789404,27.212011008148732,0.0384096557648478
2022-09-23,321.78,323.61,315.29,317.86,2445349.0,-12.562924655461714,26.117692795901934,0.0274812453660551
2022-09-26,317.24,319.1,312.11,315.43,2722487.0,-14.065820301858007,18.903944797604115,0.0228582497112613
2022-09-27,318.02,320.27,310.25,313.27,2833544.0,-15.199501921931686,13.770383965528485,0.0314385091122756
2022-09-28,315.31,317.28,311.06,314.77,2659339.0,-15.27052489905788,9.447586158695144,0.0210363573950843
2022-09-29,311.64,312.52,308.35,310.43,2213361.0,-12.925303638046614,4.60236421462328,0.0208401199353667
2022-09-30,310.29,315.1,305.08,305.35,2205141.0,-13.045335459619546,-2.3e-14,0.0317525965737398
2022-10-03,307.07,316.5,306.84,314.79,1479324.0,-9.298104074223472,4.522584314649206,0.0360824851850458
2022-10-04,318.84,324.34,318.311,323.55,1507363.0,-6.507354003525293,9.683500567549396,0.0308599399632655
2022-10-05,318.955,324.13,316.93,321.65,1386384.0,-6.684267022542,9.964565914327608,0.0234581312112389
2022-10-06,320.96,322.735,315.4075,316.17,1267945.0,-6.8307057610137045,10.834677560909322,0.0232524218006601
2022-10-07,312.78,313.58,302.61,304.53,2098321.0,-9.06294792164358,10.69562046596362,0.0428503580549515
2022-10-10,307.12,307.175,297.71,298.72,1551538.0,-7.33629059776033,10.647901958960578,0.0327979272374702
2022-10-11,297.27,299.51,293.1101,294.72,1612523.0,-7.279934562385951,10.606498294934813,0.0228311365010708
2022-10-12,294.9,295.885,291.06,291.17,1444874.0,-7.691088355578096,11.09986715590286,0.0171458651418331
2022-10-13,283.0,294.35,279.32,292.28,2799132.0,-6.700290484246819,11.063471029001825,0.0504762159567446
2022-10-14,295.29,300.11,286.12,286.62,1631581.0,-8.943037773612472,17.38272706236237,0.0490392635351803
2022-10-17,292.71,300.05,291.65,297.39,1780554.0,-4.2006249395999165,24.93797324971408,0.0470549012358629
2022-10-18,304.35,306.13,298.19,300.81,2270634.0,-1.486818405108898,34.36017338217652,0.0309950071924327
2022-10-19,296.84,300.14,294.55,296.87,1399206.0,-5.692684011563269,35.61993715507575,0.0221384174221172
2022-10-20,296.51,299.89,290.46,292.03,1628117.0,-9.74192551383095,36.61680886119448,0.0315268961222725
2022-10-21,291.83,296.36,287.31,295.94,1740843.0,-7.993160267371361,29.99044602462071,0.0315016066032224
2022-10-24,298.22,302.28,295.4,300.39,1870713.0,-4.990985862036255,30.703344078027463,0.0240369220750267
2022-10-25,297.13,312.97,295.52,312.03,2973888.0,2.4628115456605264,40.57717560190416,0.0558655901497552
2022-10-26,312.49,318.01,310.62,311.53,1956832.0,4.28829673272628,47.180115416570345,0.0267069876704997
2022-10-27,312.39,326.4,312.39,319.31,2563245.0,8.343512486427786,56.18909250591479,0.0458207812669408
2022-10-28,316.86,327.63,315.63,326.93,1588608.0,12.281485043101965,62.122792601089216,0.0387284343841277
2022-10-31,324.51,326.57,321.14,321.25,1845909.0,9.911728479540177,61.23427925370743,0.0199112393399986
2022-11-01,325.27,326.17,315.23,316.13,1476044.0,10.295862117088824,60.88234725806869,0.0333599478525485
2022-11-02,315.59,320.505,309.01,310.74,1855788.0,4.489054776556046,62.57108867320726,0.0368503983354219
2022-11-03,305.31,311.64,305.05,309.3,1908761.0,2.8223795751471057,55.968286666242285,0.0229891415750682
2022-11-04,313.31,318.22,309.85,316.4,1659155.0,6.578637113888225,55.93979651845214,0.0283074806716541
2022-11-07,321.37,322.28,314.785,319.25,1040183.0,9.320960175324464,53.97209535020031,0.0242187727852419
2022-11-08,321.14,325.245,316.34,319.94,1210442.0,8.109751976752044,59.08146846882899,0.0277926990473092
2022-11-09,318.55,319.495,312.6442,314.1,1731486.0,4.564066713272758,58.58190637901876,0.0237409653062742
2022-11-10,330.69,347.29,329.65,346.21,2569646.0,10.95407492869276,66.53794124748104,0.0982191650611272
2022-11-11,346.07,357.73,346.07,356.2,2042616.0,14.338907970339942,67.1758865911058,0.0395586564075855
2022-11-14,348.74,352.965,346.25,347.67,1363577.0,8.881651060098342,59.48021298588672,0.0297202979405648
2022-11-15,353.84,357.54,351.23,354.66,1413472.0,8.481938029547615,58.90714696397482,0.0285100175937464
2022-11-16,355.34,357.82,351.9,353.67,1390806.0,10.091828793774324,50.66831773245951,0.0178854207526
2022-11-17,348.94,349.99,343.525,346.77,1288457.0,9.692215227912564,44.3053929706959,0.0284732722017154
2022-11-18,351.99,353.11,340.41,345.87,1962940.0,11.305271287893412,43.8179744762727,0.036504799450445
2022-11-21,343.25,349.3,339.01,347.42,1830597.0,12.32460394439056,42.91252144565341,0.0309123335223942
2022-11-22,349.37,352.45,346.25,352.25,1405056.0,11.330594184576494,49.806648836683,0.0190885186694135
2022-11-23,353.02,362.05,351.12,358.27,2137454.0,12.222396241190284,58.40349900601387,0.0300343732977082
2022-11-25,355.05,358.31,352.53,357.91,763527.0,11.867850221916616,53.46740058802514,0.0176356409689546
2022-11-28,354.46,357.34,349.93,351.01,1946513.0,11.75103470232409,46.92927582488029,0.0223346590991617
2022-11-29,350.72,351.73,346.39,347.14,1676323.0,0.2686230900320634,41.05519731847059,0.0160451048516934
2022-11-30,347.13,353.38,340.11,352.8,6468946.0,-0.954519932622116,56.78276598863548,0.0369284537919842
2022-12-01,356.89,365.8,355.95,362.58,2677939.0,4.288549486582094,57.1794772869572,0.0368553799468697
2022-12-02,356.41,362.05,355.825,359.8,2026443.0,1.4492753623188366,49.9114294965764,0.0206087174031143
2022-12-05,354.72,357.18,348.44,350.31,2143929.0,-0.9500381711765244,48.55498956938128,0.0315121167311814
2022-12-06,351.02,352.75,348.47,351.69,1538406.0,1.4188078553508137,43.50555925984661,0.0140304310315781
2022-12-07,351.6,354.53,349.03,351.52,1770047.0,1.6335617428513538,48.93572768313058,0.0156009098834827
2022-12-08,350.91,357.21,350.91,352.81,1160423.0,1.5514363018824435,53.05700124691932,0.0177394657752732
2022-12-09,351.34,353.03,346.41,346.75,1502805.0,-1.5613910574875798,53.8658485166017,0.0189856812708041
2022-12-12,346.61,348.43,344.9,347.19,1813980.0,-3.0926396293298306,53.88080411121752,0.0110303807349431
2022-12-13,362.38,366.44,354.59,357.69,1961240.0,-0.0614679668073055,54.82136036272947,0.0514074394390718
2022-12-14,357.49,361.36,350.085,353.84,1711413.0,0.8062448363294448,48.23093654727581,0.0339520073530266
2022-12-15,348.45,350.3,342.715,344.58,2007870.0,-0.7374546292562085,46.32865061106597,0.0325968866789639
2022-12-16,339.98,341.68,337.72,339.6,4511664.0,-3.741496598639453,42.93792033092563,0.0214294306658607
2022-12-19,338.8,339.38,334.845,335.66,1476541.0,-7.424568371118087,43.26368805367238,0.0148577666766604
2022-12-20,332.19,334.64,330.75,332.11,1288271.0,-7.695942190105614,28.065599936183474,0.0148462052712995
2022-12-21,335.07,338.01,334.1466,337.45,1229265.0,-3.671034226827671,23.678459368822026,0.017499835277099
2022-12-22,334.53,334.91,328.4,332.11,1455257.0,-5.567403110694073,24.33475137468642,0.0266434907277708
2022-12-23,329.78,332.96,328.44,332.94,740068.0,-5.285616750113787,25.82208675680265,0.0149330687477521
2022-12-27,332.29,333.68,329.7737,331.32,739935.0,-6.091097191122703,29.820591446410763,0.0121260933381396
2022-12-28,331.44,335.025,329.43,329.6,840107.0,-4.945926459985574,23.063897636620887,0.0165422641665861
2022-12-29,332.02,340.22,331.55,339.81,988770.0,-2.1256372591376467,22.286510014779587,0.0307955456391512
2022-12-30,335.7,337.67,331.86,334.94,1104157.0,-6.360256087673684,22.74751240276426,0.0245776723415154
2023-01-03,342.04,343.83,332.14,335.17,1212970.0,-5.276396111236706,29.084172782768103,0.0342306990183523
2023-01-04,340.44,344.9365,337.83,341.62,1393844.0,-0.8590167740437575,26.7659940859754,0.0296018311982742
2023-01-05,338.12,340.2979,334.72,336.08,1148022.0,-1.036513545347479,27.63601163369272,0.0214312980560919
2023-01-06,339.45,349.3,335.91,347.84,1780993.0,3.6286718703449767,37.108034656913006,0.0381863614252794
2023-01-09,351.17,356.4765,350.05,350.34,1699801.0,5.489145162747271,53.46832014259867,0.0260432549861402
2023-01-10,349.16,355.4,348.0,354.39,927749.0,5.020002963401985,60.92161227549328,0.0216988121042781
2023-01-11,356.17,365.27,355.295,364.05,1597173.0,9.617295474391014,69.37407785363203,0.029882292497899
2023-01-12,366.0,368.64,360.39,367.77,1186788.0,10.461344386375918,69.48115200627436,0.0235273603579248
2023-01-13,363.95,366.72,362.93,366.38,1447094.0,10.581914765181695,68.93439867148211,0.0142624009374964
2023-01-17,366.41,369.27,365.14,367.41,1237491.0,11.47148058252427,74.07813359595761,0.0115790638405984
2023-01-18,367.72,374.36,363.825,364.1,1760504.0,7.148112180336075,75.695803214402,0.0273764866729898
2023-01-19,360.23,363.79,356.535,361.13,1150857.0,7.819310921359049,74.12323880615098,0.0217779653600129
2023-01-20,361.24,368.38,361.24,368.05,3077427.0,9.809947190977711,76.90880770949967,0.0202306086275809
2023-01-23,368.09,374.275,365.6,370.76,1192020.0,8.529945553539015,82.10395866463043,0.0234101627497123
2023-01-24,373.04,373.04,364.29,367.72,917025.0,9.414425136872188,77.34394367259014,0.0239639468525557
2023-01-25,363.17,368.6381,360.37,366.38,1048643.0,5.330036798528065,71.78750983688353,0.0230361440457044
2023-01-26,369.83,369.8984,364.52,367.38,1526629.0,4.863846549066627,77.64370748986127,0.0155076003380635
2023-01-27,364.29,375.22,362.75,373.39,1509733.0,5.361325093823189,77.48035096174658,0.0326609565873398
2023-01-30,369.63,373.8,365.6,366.14,1202753.0,0.5740969647026438,70.86943251251651,0.0233590724409019
2023-01-31,369.26,375.15,366.52,374.94,1662174.0,1.949588057753492,71.9978938171904,0.0244945278714827
2023-02-01,372.61,380.135,369.36,377.18,1465278.0,2.9477591571592368,71.8965420308561,0.0287468492957377
2023-02-02,381.5,388.42,379.895,383.16,1266649.0,4.286764105495223,72.091120096798,0.0297043457951994
2023-02-03,373.57,376.665,370.51,372.91,1554470.0,2.4196649272177977,71.60096136139826,0.0337386936337332
2023-02-06,367.32,370.0,366.31,368.66,1028391.0,2.0851217013264005,66.28313121184576,0.0194467231840326
2023-02-07,365.17,372.1,362.16,371.11,859274.0,0.8314087759815249,64.73592828884134,0.0267191862131075
2023-02-08,368.17,371.56,364.66,365.85,1152053.0,-1.3243068292156566,64.66092866122621,0.0196305944876351
2023-02-09,371.15,374.785,362.96,363.65,1483331.0,-1.106820406831298,53.33752486881729,0.0314021882138859
2023-02-10,361.46,365.38,359.32,363.86,1324785.0,-0.6878104700038162,46.39924306195457,0.0181867351130452
2023-02-13,364.75,371.45,363.73,370.6,1458233.0,0.876476672655024,52.8808565821659,0.0209483710851124
2023-02-14,370.46,370.84,363.315,364.86,1418074.0,-2.284474677950661,51.84882853184174,0.0207335376240721
2023-02-15,360.27,367.69,360.17,367.57,1011667.0,0.3905609876003733,45.07027002715149,0.0208658028269634
2023-02-16,359.84,362.62,357.78,357.82,967615.0,-4.566063903557904,38.03724378901666,0.0267725130566349
2023-02-17,354.33,361.01,353.7355,360.83,1206270.0,-4.334800360570556,38.09934342128414,0.0211291380378701
2023-02-21,356.35,357.055,350.425,350.79,1206481.0,-8.448167867209522,29.57266405647117,0.0289140273037079
2023-02-22,351.2,352.32,344.47,346.2,1674532.0,-7.16258614679146,20.86078731443324,0.0233454859468717
2023-02-23,349.08,350.67,344.59,348.13,1245809.0,-5.568816795963768,20.203980126977857,0.0181624594715809
2023-02-24,346.56,346.56,340.39,343.38,1071749.0,-7.472178060413359,20.900316137034903,0.022322608446336
2023-02-27,347.34,347.57,340.41,341.51,1383938.0,-6.652999863331975,20.579129108011426,0.0211506549965728
2023-02-28,340.27,345.1,338.74,341.2,2046759.0,-6.173518493056508,14.623470968512825,0.0189913886417416
2023-03-01,340.08,343.01,337.135,337.78,1194071.0,-7.167591930962469,14.663353774428757,0.0175685385837433
2023-03-02,332.32,340.03,330.86,339.89,1175950.0,-8.286562331354569,14.999501898492904,0.0267931854384488
2023-03-03,342.51,346.16,341.38,346.07,1045140.0,-5.149920517458757,20.953703825666597,0.0192058756439047
2023-03-06,347.06,353.07,346.49,351.32,1612683.0,-4.420926626220856,21.29345226722934,0.0201342811317957
2023-03-07,350.61,350.63,336.04,336.65,1463873.0,-5.916382538706618,21.36095517027701,0.0431674594559977
2023-03-08,336.28,339.5775,331.165,338.88,1177839.0,-6.083197073414071,21.270679295665268,0.0270177189098939
2023-03-09,339.81,344.705,333.37,333.93,1427507.0,-4.806294364149495,28.220458276574245,0.0333663925021859
2023-03-10,337.21,338.45,325.25,326.54,2448901.0,-5.678798382437888,26.682208646892292,0.0399280047966839
2023-03-13,324.73,329.96,321.145,324.79,2248041.0,-6.704392037457264,25.54953140911828,0.0285831461292423
2023-03-14,330.39,334.69,327.56,332.73,1953159.0,-3.101520181722866,34.23330384126786,0.0303086805827867
2023-03-15,326.81,334.5,325.91,333.98,2068530.0,-2.2049134725190984,27.32180790132492,0.0267162161580402
2023-03-16,333.18,341.56,332.29,339.9,1355423.0,-0.3810082063306012,33.01835624051401,0.0277899456573132
2023-03-17,339.05,340.32,331.2,334.49,3418186.0,-0.9740067499555816,30.341385037456742,0.0275592967725357
2023-03-20,334.94,335.33,331.12,334.59,1504965.0,-1.5593280178881437,31.0814579916644,0.014063957682829
2023-03-21,338.85,342.4,338.02,341.6,1067056.0,-1.29164619874591,35.7629312467262,0.0224985422052764
2023-03-22,342.1,344.75,335.59,335.72,1133804.0,-4.440396219970388,35.817291378510106,0.0268591505811119
2023-03-23,334.32,338.32,330.36,332.25,1413245.0,-1.3069953958116671,30.903710596288317,0.024346219822446
2023-03-24,328.03,335.33,327.0752,334.52,1192828.0,-1.2865911237016094,24.470952970605843,0.0251571405979893
2023-03-27,338.6,339.31,333.58,335.75,1202569.0,0.5450244063126982,29.89893388986759,0.0179027298782566
2023-03-28,334.3,335.96,331.31,334.13,960688.0,2.324370674343105,30.189103501530603,0.0143867878301192
2023-03-29,337.14,338.61,335.08,338.13,1283764.0,4.107269312478825,29.75176648790085,0.0134969397914469
2023-03-30,340.4,342.65,338.61,341.27,797121.0,2.566645628587733,35.7292933820417,0.0133793942221474
2023-03-31,343.83,346.59,342.16,344.77,1732799.0,3.230732379184371,44.83632950418447,0.0153879721644531
2023-04-03,342.5,346.7,341.06,346.27,1683531.0,1.874080611944691,44.30540184223373,0.0164322517995789
2023-04-04,348.49,352.24,345.51,346.41,1098896.0,3.5636341893629155,52.00581778564535,0.0192015248392423
2023-04-05,345.76,348.55,344.28,344.6,948716.0,2.991721211034415,46.07323409609855,0.0130207708766793
2023-04-06,343.4,343.4,334.5,340.86,1309958.0,-0.2166276346604242,51.56919325266508,0.0286330881528059
2023-04-10,337.44,338.99,329.46,338.83,893179.0,0.9263672107708676,53.40650642615229,0.0340594408544074
2023-04-11,340.73,343.8975,339.5401,341.91,752523.0,2.9074492099322877,52.51735328836286,0.0166925651492432
2023-04-12,346.47,347.81,341.7632,342.79,903075.0,2.472198971660899,58.86921186840566,0.0176020080255499
2023-04-13,344.32,348.25,343.14,347.87,732964.0,3.609828741623233,66.10374459800605,0.0160802909629479
2023-04-14,347.7,350.12,346.09,347.86,959993.0,4.109179062041726,73.2954170773104,0.0120476355071505
2023-04-17,346.59,349.86,345.59,349.01,863592.0,3.217697335344393,72.75418787957899,0.01232767739884
2023-04-18,350.0,352.86,347.58,352.17,1223874.0,3.193952002813032,79.46083652153841,0.014930468357916
2023-04-19,350.5,353.84,350.42,352.03,844982.0,2.105751660527305,78.91397524271528,0.0102297852244788
2023-04-20,350.28,355.36,349.73,352.91,859069.0,1.9175787680134124,79.04278667542673,0.015564646697987
2023-04-21,353.9,354.51,350.57,351.72,753083.0,1.5328656793972466,72.04950311663443,0.0116320947944291
2023-04-24,352.77,353.68,346.155,347.66,1022347.0,0.8879860708067331,62.86074017641646,0.0208200235505549
2023-04-25,347.35,350.82,344.08,345.21,1447594.0,1.2761837704629366,53.09160204505031,0.0197004274120381
2023-04-26,343.34,345.45,338.92,340.07,1592676.0,0.3659652333028389,50.75315649172369,0.0193064785625161
2023-04-27,345.91,357.23,345.5,355.58,1647262.0,3.998128162381901,60.91983914857361,0.0476280429336086
2023-04-28,355.03,362.95,355.02,362.58,1742693.0,5.77321392105953,68.89987418979034,0.0246359764116464
2023-05-01,361.7,365.53,361.26,362.65,1085072.0,4.248713599908004,69.67362540080053,0.012984854232024
2023-05-02,360.12,362.65,352.5,356.02,1131628.0,2.345771287299479,62.95571632614229,0.0273571015130337
2023-05-03,357.44,358.34,349.86,349.97,912463.0,0.2750637517549745,57.71529601434563,0.0245217971696079
2023-05-04,348.71,352.41,346.62,347.51,1022771.0,-1.3232245790385395,51.60710029027096,0.0174148649385309
2023-05-05,351.07,356.655,350.24,354.19,929985.0,0.613584069539535,51.84658079715537,0.0255066145159429
2023-05-08,354.46,356.15,353.25,355.18,696167.0,0.643223484741147,50.25848185224971,0.0097819498366484
2023-05-09,355.18,359.1,354.735,355.27,863669.0,1.0093255999090056,50.3506784178266,0.0120755954765986
2023-05-10,357.1,363.64,357.1,362.18,1407131.0,4.1764942760167925,52.12201128951115,0.0225155507347731
2023-05-11,362.92,363.64,358.11,360.29,892628.0,4.368355493757435,51.61293622122455,0.0160852160391625
2023-05-12,360.71,361.98,356.71,359.34,750010.0,5.666480430499598,52.40284724390742,0.0148931159799608
2023-05-15,359.57,361.83,357.36,361.48,854179.0,1.6592609258113602,59.82020658988719,0.0127251877217266
2023-05-16,359.86,362.3,358.47,358.65,683015.0,-1.0838987257984465,63.23513682939809,0.0108698326581423
2023-05-17,361.43,361.98,357.23,360.94,870675.0,-0.4715290224734536,61.24928307952181,0.0130761262340453
2023-05-18,361.29,364.57,358.765,363.8,1046803.0,2.1852704904218947,59.20435888756671,0.0158982915958806
2023-05-19,362.19,370.78,361.53,365.42,1304599.0,4.414664114066916,59.914104316508045,0.0247050312335852
2023-05-22,365.41,374.06,365.41,372.35,1231437.0,7.147995741129761,68.69241892713505,0.0237659479546173
2023-05-23,369.6,372.45,360.88,362.19,1198712.0,2.2586747226065107,67.08667369757214,0.0313064668431365
2023-05-24,361.58,362.38,354.2,356.2,1234329.0,0.2871783321132895,65.96112242086068,0.0238408579015037
2023-05-25,356.07,359.45,354.74,358.32,1069590.0,0.8585019844062295,58.81423175510106,0.0142376506050472
2023-05-26,358.76,363.6,357.71,360.78,1054463.0,-0.386548125241602,59.864143019040185,0.0162632884428808
2023-05-30,365.72,370.1,362.81,364.33,973485.0,1.1213189375225412,60.231212414524094,0.0249629512834371
2023-05-31,362.0,368.53,359.76,367.43,2540534.0,2.2513496966661197,46.87592954093477,0.0244305980132535
2023-06-01,366.53,371.54,365.42,368.99,1068403.0,2.0775699900409403,53.11867795914706,0.0174462832621001
2023-06-02,372.0,378.7,371.21,376.03,1326555.0,4.845950090617593,59.39740567445296,0.0255088223777639
2023-06-05,377.98,380.7,376.5,378.1,814190.0,4.754252784396305,59.40025848557853,0.0136091855530653
2023-06-06,376.65,381.03,375.97,379.18,737488.0,4.227597581088509,63.70058603088751,0.0134722174381382
2023-06-07,379.92,380.75,372.82,374.19,1020739.0,2.39997810738328,57.82977283241999,0.0205613998725406
2023-06-08,374.66,382.33,373.82,382.16,1035760.0,2.634617966966564,57.92401367054672,0.0225646428033796
2023-06-09,384.2,385.0,381.405,384.0,1251442.0,6.021701316988321,57.94136246124542,0.0106201276353633
2023-06-12,384.61,386.18,382.53,385.26,1159064.0,8.158338012352612,57.8687991086415,0.0096397709566108
2023-06-13,386.27,390.96,384.81,390.56,1515342.0,8.99754409466399,65.88183918722507,0.015405354770551
2023-06-14,391.29,395.48,390.495,393.09,1498495.0,8.955596208215534,73.55749361867899,0.0130058035922067
2023-06-15,394.49,401.27,392.7,399.98,1465327.0,9.785084950457014,80.1484817173266,0.0210216864760653
2023-06-16,401.84,402.92,395.0,395.21,1883531.0,7.560623792286958,70.4594994011915,0.0201389105081808
2023-06-20,387.05,392.65,384.43,391.84,1500052.0,6.192579744708518,63.28326817285357,0.0273230973286683
2023-06-21,389.31,391.42,386.44,389.11,1266729.0,3.4784458686807014,67.35145752978234,0.0151872895078832
2023-06-22,388.27,388.99,383.825,388.24,1143191.0,2.6818302036498243,61.09457713252717,0.0138982044126083
2023-06-23,385.86,392.38,385.01,390.36,1467648.0,2.948467746189147,61.50901765913014,0.0186656185272397
2023-06-26,390.26,391.35,386.93,387.01,855935.0,3.4260669713247265,56.83696423088308,0.0120816515500208
2023-06-27,389.65,392.315,386.64,391.01,711322.0,2.3157839648314757,56.8251078457609,0.0144417286823778
2023-06-28,390.24,392.1,389.19,391.52,721087.0,1.9583333333333288,61.81287642144663,0.008110218749406
2023-06-29,391.59,396.86,389.83,395.84,999704.0,2.7461973732025085,61.81878800339316,0.0171313851434264
2023-06-30,400.19,405.65,398.75,400.89,1349873.0,2.6449201147070838,62.16554782544723,0.0240871627414138
2023-07-03,398.37,399.11,394.29,396.92,713645.0,0.9743315780101354,57.030335551342375,0.0174069679671196
2023-07-05,395.43,401.335,392.91,399.6,1163032.0,-0.0950047502375107,56.20632363851001,0.0210756966744548
2023-07-06,395.36,397.52,392.55,395.36,1031465.0,0.0379545051997758,48.60277942316101,0.0182427866119098
2023-07-07,393.22,398.0699,392.0,393.25,811566.0,0.3598407513270786,41.18940880970704,0.0157351976697283
2023-07-10,393.99,400.77,393.99,398.43,840790.0,2.3952095808383214,50.01077631657971,0.0188147411393678
2023-07-11,396.98,399.875,394.97,396.42,926583.0,2.106944158252629,51.9759876076974,0.0130001262024079
2023-07-12,403.82,409.45,403.17,406.56,1952350.0,4.150015370427295,62.93979447859169,0.0310629016124216
2023-07-13,409.99,413.56,407.28,412.03,1244812.0,6.464949226118184,70.89930140898062,0.0184762918320333
2023-07-14,412.62,417.36,412.29,416.02,1282643.0,6.396255850234007,70.70652382782887,0.0134396185898981
2023-07-17,416.71,418.64,414.72,417.39,1189373.0,6.607580711074787,77.0400203762101,0.0098146566843789
2023-07-18,417.72,422.26,417.01,421.85,1024166.0,6.570836701697668,77.61091763841318,0.0123373561968108
2023-07-19,423.71,425.34,420.95,422.53,1320262.0,5.397989473421633,78.57294285081785,0.0106022978524867
2023-07-20,422.91,424.11,420.82,423.79,1085440.0,6.769626121132723,71.72472913990711,0.0080711811533075
2023-07-21,424.78,425.285,423.26,423.29,1351054.0,5.928428428428428,71.85654571093124,0.0050831013249859
2023-07-24,424.4,425.51,421.05,422.8,1442187.0,6.9405099150141645,68.42928290834988,0.0100917057600339
2023-07-25,421.42,428.65,420.51,427.53,1353892.0,8.717101080737438,68.94261509742186,0.0185151068051893
2023-07-26,428.07,428.65,425.41,428.41,1352695.0,7.524533795145952,75.39226364072066,0.0086069933787928
2023-07-27,403.5,412.43,393.77,395.68,3530218.0,-0.1866707027899725,65.37545087064734,0.0807553038074297
2023-07-28,398.01,401.835,392.02,392.16,2418822.0,-3.541912632821718,57.01013768213509,0.0301022893541119
2023-07-31,391.79,395.27,388.04,394.51,1916195.0,-4.252117564255026,54.63900039888108,0.0196748442899441
2023-08-01,394.4,398.87,393.37,398.31,1221376.0,-4.257006874669482,53.071346615814605,0.0144993017211035
2023-08-02,394.3,395.94,390.72,394.25,1589582.0,-5.543975658257263,46.74727071857028,0.0189778234979872
2023-08-03,388.78,392.97,382.7,383.72,2144597.0,-9.038757852317174,39.56504412894733,0.0291618911211439
2023-08-04,384.56,390.72,380.62,386.84,1196672.0,-8.44673750976262,34.38253421478537,0.0267744013352687
2023-08-07,387.59,390.51,386.0,390.38,715492.0,-7.883621605040238,33.29169446977926,0.0130557981430555
2023-08-08,387.9,388.95,380.67,386.51,951899.0,-8.689078409600988,27.77487139991074,0.0243756703322411
2023-08-09,386.31,392.01,386.12,387.66,927170.0,-8.311258278145692,32.14753611216122,0.016083538285009
2023-08-10,389.9,394.75,387.19,387.81,933152.0,-9.290576099922808,30.51023125524227,0.0192124104418015
2023-08-11,385.17,388.58,383.46,387.69,817384.0,-9.504913517424905,31.58357706715579,0.01388486434712
2023-08-14,388.06,390.63,386.61,388.69,847696.0,-1.7665790537808352,29.50408286883296,0.0107150563770489
2023-08-15,385.82,388.515,385.07,387.05,971887.0,-1.303039575683398,22.9519514836525,0.0095203579890103
2023-08-16,384.87,389.16,384.0301,386.75,811061.0,-1.9669970342957064,26.659462849345573,0.0130091848223155
2023-08-17,387.46,390.145,384.14,384.38,994311.0,-3.4972759910622395,29.10349235092481,0.0153938545742424
2023-08-18,380.44,384.85,380.17,382.0,1045634.0,-3.1071655041217503,30.845563681495022,0.0125906069996173
2023-08-21,382.0,383.19,376.79,378.48,1168785.0,-1.3655790680704702,22.774580210587768,0.01658604499043
2023-08-22,380.89,385.53,378.9822,383.54,1024756.0,-0.853065867025115,30.70655358797706,0.0184415860350438
2023-08-23,386.66,392.0,385.22,391.73,770596.0,0.3458168963574012,39.801207367258925,0.0217289380526579
2023-08-24,392.01,396.21,386.98,387.02,770535.0,0.1319500142299011,47.20907577229019,0.0236584142115911
2023-08-25,388.95,391.92,385.7,388.27,942354.0,0.1573543827064842,40.82893073598556,0.0168112405688384
2023-08-28,390.13,393.15,387.88,390.43,1015988.0,0.6755885614089385,48.45468263180141,0.0138798184986548
2023-08-29,389.61,393.24,388.81,392.5,661432.0,1.2406819881864382,47.39758321320406,0.0116197470207374
2023-08-30,392.12,395.43,391.48,392.38,750473.0,0.9493426638194956,46.65433663638849,0.0102289908142708
2023-08-31,393.42,395.8835,390.74,390.86,1201826.0,0.984368944580804,45.2093516778592,0.0128967125014002
2023-09-01,393.65,396.6225,392.82,394.24,769401.0,1.9366515837104097,44.92592164773916,0.0145752743480104
2023-09-05,394.45,402.94,393.365,393.55,1334327.0,2.385660023934652,53.8561366264852,0.0234534437236536
2023-09-06,393.19,395.85,391.95,394.15,1099495.0,3.180628272251303,52.635160936976064,0.0111778119350766
2023-09-07,389.53,395.16,389.53,393.58,1160924.0,3.9896427816529183,51.9270151796692,0.0141555424796481
2023-09-08,394.5,395.49,389.51,390.71,864618.0,1.8694269176617715,52.52567580720861,0.0152437970670021
2023-09-11,390.71,392.83,387.645,389.36,973309.0,-0.6050085518086449,53.16944291233676,0.0135454725361508
2023-09-12,387.13,389.935,385.28,387.29,968737.0,0.069763836494248,45.80674539180352,0.0122151539514894
2023-09-13,386.66,390.9,385.73,389.85,680884.0,0.4069333195971981,45.43442353336553,0.0132951573129833
2023-09-14,394.32,396.39,389.92,396.19,825458.0,1.4752964679968217,45.69499410477267,0.0164592715329826
2023-09-15,393.48,394.7,387.8,388.26,2472331.0,-1.080254777070066,40.97324585262861,0.021164354986284
2023-09-18,386.97,391.22,386.33,389.52,638256.0,-0.7288852642846255,35.02225207926989,0.0134309164002163
2023-09-19,387.97,389.865,386.64,389.31,848957.0,-0.3965614286445303,30.05672077512387,0.0088038037537807
2023-09-20,390.02,392.115,385.82,386.24,773508.0,-2.029220779220779,24.87279815984905,0.0156329808917686
2023-09-21,383.64,385.0,372.16,372.31,1079160.0,-5.397027061364505,25.16051076813992,0.0358149891954292
2023-09-22,372.57,375.9,371.07,371.69,1159312.0,-5.6983381961182245,19.35209130030972,0.0150890099247992
2023-09-25,370.44,372.6,369.51,371.46,946343.0,-5.6202042786726985,10.526294705612775,0.0089739335526195
2023-09-26,366.18,368.615,363.24,364.07,1852911.0,-6.818356325663532,10.087771615582678,0.021388236083244
2023-09-27,365.13,365.59,360.91,363.06,1437559.0,-6.754674337374155,9.974987843168842,0.0137327685030524
2023-09-28,363.06,370.32,362.83,368.53,1907251.0,-4.843915412223411,20.55772016196915,0.0200150484689705
2023-09-29,371.51,374.69,364.57,365.41,1142314.0,-6.269077850455303,27.081022332427384,0.0270547584627301
2023-10-02,367.26,372.01,364.59,366.72,1568553.0,-7.438350286478703,26.24415644219804,0.0209610033656553
2023-10-03,364.18,365.675,355.0,356.42,1027023.0,-8.200690259104716,21.835421157548023,0.0319183498578253
2023-10-04,357.91,362.58,356.84,362.28,1069629.0,-6.9932224276032064,22.540602497150477,0.0186134688534787
2023-10-05,361.13,362.425,357.455,361.28,714285.0,-7.199917803293013,25.208458593132228,0.0143319953837852
2023-10-06,359.66,366.1725,357.555,364.06,880437.0,-5.74254349627175,30.19133449023889,0.0232130788802865
2023-10-09,361.98,367.28,361.98,366.47,638601.0,-1.5685853186860346,34.601004797299154,0.01542090981749
2023-10-10,366.0,372.43,365.26,369.58,889932.0,-0.5676773655465613,39.93042371181162,0.0192472215358266
2023-10-11,371.93,374.045,369.22,371.9,611392.0,0.1184515156409836,45.080907340107885,0.0136298287632054
2023-10-12,372.84,373.39,363.875,365.82,861227.0,0.4806767929244376,45.99779719366269,0.0250109750329374
2023-10-13,366.51,368.4799,360.54,363.71,661951.0,0.1790337685231028,46.90676069018637,0.0222939471949588
2023-10-16,366.38,371.63,364.98,367.54,826735.0,-0.2686348465525065,56.11566345106461,0.0218227137840283
2023-10-17,364.72,371.645,362.845,367.31,728081.0,0.5199638761938582,59.00461546093156,0.02403186499193
2023-10-18,364.24,365.75,359.695,359.9,975919.0,-1.859729493891811,48.23399719945556,0.0214308187058157
2023-10-19,360.78,362.38,356.05,357.56,899885.0,0.3198473710790602,39.93984294936916,0.0181104398003869
2023-10-20,357.42,357.42,349.89,350.03,2062604.0,-3.3813624820580768,38.65135686257224,0.0215747447332168
2023-10-23,347.9,354.6646,346.11,350.2,1128590.0,-3.06687333923826,38.43129629715196,0.0244308128260888
2023-10-24,350.25,353.91,345.1,347.94,1548484.0,-4.427841564577268,29.22222205383211,0.0254290122774118
2023-10-25,346.62,353.57,345.91,349.13,1113341.0,-4.731628782710735,36.284266441803375,0.0224430815259038
2023-10-26,347.74,352.86,347.44,348.26,946222.0,-5.768710428053464,29.786030336500254,0.0162219308619304
2023-10-27,348.5,349.99,340.61,342.48,1160918.0,-7.910728690508191,24.28679989785314,0.0265100186219061
2023-10-30,344.8,346.83,340.49,345.07,1546494.0,-5.672188508009404,17.21861805791489,0.0193374778702812
2023-10-31,345.49,349.41,342.935,349.31,1748140.0,-3.959198262351868,22.70744136762657,0.018922615330879
2023-11-01,350.53,353.275,347.0,351.4,1411913.0,-4.391358763671993,30.40367873956652,0.0181598500182904
2023-11-02,365.0,379.82,365.0,375.92,3046535.0,2.344069042498166,43.12612759414257,0.0751749809324849
2023-11-03,381.41,385.53,380.0525,382.9,1888475.0,6.39066407335371,46.42380749688051,0.0300740435179968
2023-11-06,382.21,385.31,381.33,384.65,1209317.0,7.576350822239616,51.44947504573179,0.0122223259297525
2023-11-07,385.75,388.0,383.67,384.57,908868.0,9.86772562351799,56.19300103350624,0.0113708844934136
2023-11-08,383.48,386.74,382.12,386.38,781753.0,10.33123929183324,56.35807795877539,0.012025028401983
2023-11-09,389.63,390.49,385.375,387.68,1200164.0,11.421509455653275,64.9515142397582,0.0131593537157819
2023-11-10,389.75,394.1,387.055,393.97,1201242.0,12.843353478646932,70.80324076906521,0.017743166322959
2023-11-13,394.42,396.02,392.69,394.81,1164928.0,13.366450353184405,78.0556376307882,0.0093220801009731
2023-11-14,399.64,406.43,398.725,403.91,1674047.0,17.936813828544736,78.90104198089392,0.0276037151229625
2023-11-15,403.91,407.34,401.58,402.06,1243629.0,16.51548961080361,83.73919195162264,0.0155488320948343
2023-11-16,404.43,405.6,403.21,403.98,1062353.0,15.650854541811004,89.05425048428793,0.009417762937248
2023-11-17,403.5,408.42,401.79,408.12,1647151.0,16.14114968696643,96.11520123141466,0.0158572123770121
2023-11-20,407.58,413.205,407.53,411.54,1510396.0,9.475420302191957,96.12191808067712,0.0141009785693421
2023-11-21,411.03,413.88,410.94,413.76,1059374.0,8.05954557325673,96.0929343412566,0.0077858426873388
2023-11-22,415.29,417.78,413.88,415.1,977581.0,7.916287534121941,95.6828717674736,0.009540328664468
2023-11-24,416.02,416.02,412.76,415.1,404177.0,7.938736770938978,92.69802655142934,0.0080473500029834
2023-11-27,412.41,414.01,410.385,412.25,1326868.0,6.695481132563798,84.37716622496198,0.0111763148641961
2023-11-28,411.0,417.74,410.012,412.98,1134373.0,6.526000825423032,84.65769553891919,0.0181507821079513
2023-11-29,414.53,418.34,413.745,414.64,946829.0,5.246592380130456,89.35414272785009,0.0134490135984884
2023-11-30,413.13,416.12,412.11,415.83,1665998.0,5.324079937184971,79.74123881331528,0.0100684664937368
2023-12-01,417.0,424.98,416.01,422.0,1974460.0,4.478720507043642,80.74253438262164,0.0209191191378668
2023-12-04,419.55,425.595,418.03,424.19,1513456.0,5.504153608914091,81.20613077511803,0.0183533629324565
2023-12-05,426.1,426.15,419.7072,423.15,1661170.0,4.745284420020782,81.27624271626672,0.0156236708411277
2023-12-06,423.0,425.0,418.38,418.66,1475605.0,2.582573752817804,73.4265141178075,0.0158048210644761
2023-12-07,419.5,419.93,416.6,417.38,1242981.0,1.4190601156631129,67.00254319179761,0.0087034191191595
2023-12-08,415.64,418.85,413.17,415.38,1651506.0,0.3915313225058016,58.197824844331066,0.0132888271122085
2023-12-11,416.12,424.13,415.98,423.75,1380166.0,2.083835220428807,57.98612926173935,0.020358119620122
2023-12-12,423.49,427.15,422.33,426.81,1095900.0,2.821006986268364,58.143117144857406,0.0122260801353457
2023-12-13,428.9,435.99,427.37,435.26,1204913.0,5.581564584596723,58.75889245473276,0.0206645523050637
2023-12-14,440.0,441.665,435.8,437.78,1320888.0,6.005133420504614,62.84767528914272,0.0152561798039839
2023-12-15,432.59,437.35,432.56,435.78,2389754.0,5.098398610843138,59.30260210751471,0.0123575527380354
2023-12-18,435.97,439.33,435.15,436.41,899835.0,4.949137868840642,58.94591571607992,0.0098560348205856
2023-12-19,435.16,439.822,434.5,436.66,1181906.0,3.4739336492891053,59.52046086422147,0.0120310591337053
2023-12-20,436.7,437.46,427.57,427.83,1553620.0,0.8581060373889027,59.66525053336703,0.0221216557743438
2023-12-21,429.05,433.08,429.05,432.69,817512.0,2.2545196738745177,57.337553471461725,0.0131667225490875
2023-12-22,435.13,436.8599,432.6201,434.84,698506.0,3.864711221516254,55.5358591475542,0.0101063241956833
2023-12-26,434.51,438.63,434.51,436.23,535084.0,4.516268148929039,52.7488710573405,0.0095387069083599
2023-12-27,435.29,440.29,434.0,440.0,821163.0,5.927102893735857,59.63491883446583,0.0140426893167633
2023-12-28,439.66,443.47,439.02,441.84,679008.0,4.26902654867256,65.7859337002548,0.0104913467317384
2023-12-29,441.84,443.72,439.14,440.52,884265.0,3.212202150839947,68.69524830582077,0.0104351004243368
