timestamp,config,config_hash,code_hash,world,seed,agent_sharpe,agent_sharpe_gross,agent_turnover,bh_sharpe,oracle_sharpe,oracle_turnover,output_dir
20261007-221904,hpo_r1_c00,391bd889dccf,56d33a9ffe90,W-null,0,0.6959667671119049,0.6960427525873272,0.05,0.6961518190780137,0.6961518190780137,0.05,experiments/runs/hpo/20261007-221904_syn_hpo_r1_c00_391bd889dccf/W-null_s0
20261007-221904,hpo_r1_c01,7f0042d508da,56d33a9ffe90,W-null,0,0.6864788329109667,0.7021386220536048,7.114903846153847,0.6961518190780137,0.6961518190780137,0.05,experiments/runs/hpo/20261007-221904_syn_hpo_r1_c01_7f0042d508da/W-null_s0
20261007-221904,hpo_r1_c02,3a1b71934460,56d33a9ffe90,W-null,0,0.5132870306228435,0.5424545418312599,13.360576923076927,0.6961518190780137,0.6961518190780137,0.05,experiments/runs/hpo/20261007-221904_syn_hpo_r1_c02_3a1b71934460/W-null_s0
20261007-221904,hpo_r1_c03,d999ecf80569,56d33a9ffe90,W-null,0,0.6906296399799922,0.7051958427976569,6.684615384615386,0.6961518190780137,0.6961518190780137,0.05,experiments/runs/hpo/20261007-221904_syn_hpo_r1_c03_d999ecf80569/W-null_s0
20261007-221904,hpo_r1_c04,70a4541782cd,56d33a9ffe90,W-null,0,0.4776174358222312,0.5461391653491472,29.137019230769226,0.6961518190780137,0.6961518190780137,0.05,experiments/runs/hpo/20261007-221904_syn_hpo_r1_c04_70a4541782cd/W-null_s0
20261007-221904,hpo_r1_c05,926728390d6f,56d33a9ffe90,W-null,0,0.7165873873743758,0.7269349137343987,6.144230769230769,0.6961518190780137,0.6961518190780137,0.05,experiments/runs/hpo/20261007-221904_syn_hpo_r1_c05_926728390d6f/W-null_s0
20261007-221904,hpo_r1_c06,7d4a26c8a6ee,56d33a9ffe90,W-null,0,0.4348498268450999,0.5571954376819763,54.043749999999996,0.6961518190780137,0.6961518190780137,0.05,experiments/runs/hpo/20261007-221904_syn_hpo_r1_c06_7d4a26c8a6ee/W-null_s0
20261007-221904,hpo_r1_c07,398143d5dde4,56d33a9ffe90,W-null,0,0.3549034770121577,0.4528612319242683,37.91538461538462,0.6961518190780137,0.6961518190780137,0.05,experiments/runs/hpo/20261007-221904_syn_hpo_r1_c07_398143d5dde4/W-null_s0
20261007-221904,hpo_r1_c08,8044f2c1ec31,56d33a9ffe90,W-null,0,0.45436504096768815,0.5755747834876442,48.40528846153846,0.6961518190780137,0.6961518190780137,0.05,experiments/runs/hpo/20261007-221904_syn_hpo_r1_c08_8044f2c1ec31/W-null_s0
20261007-221904,hpo_r1_c09,b7c618e77f66,56d33a9ffe90,W-null,0,0.7456480476408827,0.7501001220520608,2.6634615384615388,0.6961518190780137,0.6961518190780137,0.05,experiments/runs/hpo/20261007-221904_syn_hpo_r1_c09_b7c618e77f66/W-null_s0
20261007-221904,hpo_r1_c10,97456a741e64,56d33a9ffe90,W-null,0,0.507712277238626,0.528954743448567,7.430769230769229,0.6961518190780137,0.6961518190780137,0.05,experiments/runs/hpo/20261007-221904_syn_hpo_r1_c10_97456a741e64/W-null_s0
20261007-221904,hpo_r1_c11,5b4862fbc7fc,56d33a9ffe90,W-null,0,0.46782350433355036,0.5520851832573197,34.23076923076923,0.6961518190780137,0.6961518190780137,0.05,experiments/runs/hpo/20261007-221904_syn_hpo_r1_c11_5b4862fbc7fc/W-null_s0
20261007-221904,hpo_r1_c12,5fa54ed3a4b6,56d33a9ffe90,W-null,0,0.5398776270458634,0.5789789718343711,18.047115384615385,0.6961518190780137,0.6961518190780137,0.05,experiments/runs/hpo/20261007-221904_syn_hpo_r1_c12_5fa54ed3a4b6/W-null_s0
20261007-221904,hpo_r1_c13,85225a2d54e3,56d33a9ffe90,W-null,0,0.4619284985223889,0.569032015323321,39.918749999999996,0.6961518190780137,0.6961518190780137,0.05,experiments/runs/hpo/20261007-221904_syn_hpo_r1_c13_85225a2d54e3/W-null_s0
20261007-221904,hpo_r1_c14,e59c1b1b191b,56d33a9ffe90,W-null,0,0.5802592692065869,0.6059470154412127,12.151442307692307,0.6961518190780137,0.6961518190780137,0.05,experiments/runs/hpo/20261007-221904_syn_hpo_r1_c14_e59c1b1b191b/W-null_s0
20261007-221904,hpo_r1_c15,24cc419211f6,56d33a9ffe90,W-null,0,0.5337888864457677,0.5914291607560991,30.505769230769232,0.6961518190780137,0.6961518190780137,0.05,experiments/runs/hpo/20261007-221904_syn_hpo_r1_c15_24cc419211f6/W-null_s0
20261007-221904,hpo_r1_c16,b205e72adda8,56d33a9ffe90,W-null,0,0.7384287371395124,0.7976297926799505,26.427884615384613,0.6961518190780137,0.6961518190780137,0.05,experiments/runs/hpo/20261007-221904_syn_hpo_r1_c16_b205e72adda8/W-null_s0
20261007-221904,hpo_r1_c17,c1c49183501e,56d33a9ffe90,W-null,0,0.5561342753821896,0.6110093566073138,26.786538461538463,0.6961518190780137,0.6961518190780137,0.05,experiments/runs/hpo/20261007-221904_syn_hpo_r1_c17_c1c49183501e/W-null_s0
20261007-221904,hpo_r1_c18,9418598b89e0,56d33a9ffe90,W-null,0,0.3020428999845397,0.45192570340869703,55.88076923076923,0.6961518190780137,0.6961518190780137,0.05,experiments/runs/hpo/20261007-221904_syn_hpo_r1_c18_9418598b89e0/W-null_s0
20261007-221904,hpo_r1_c19,21feb3f75a6e,56d33a9ffe90,W-null,0,0.6962632238788918,0.6963433238219334,0.05192307692307692,0.6961518190780137,0.6961518190780137,0.05,experiments/runs/hpo/20261007-221904_syn_hpo_r1_c19_21feb3f75a6e/W-null_s0
20261007-221904,hpo_r1_c20,28732343c5e9,56d33a9ffe90,W-null,0,0.08502469362622522,0.3395708143234317,83.53365384615385,0.6961518190780137,0.6961518190780137,0.05,experiments/runs/hpo/20261007-221904_syn_hpo_r1_c20_28732343c5e9/W-null_s0
20261007-221904,hpo_r1_c21,42ff888a1878,56d33a9ffe90,W-null,0,0.5823028114879878,0.603063847143863,9.942307692307692,0.6961518190780137,0.6961518190780137,0.05,experiments/runs/hpo/20261007-221904_syn_hpo_r1_c21_42ff888a1878/W-null_s0
20261007-221904,hpo_r1_c22,0ed7d4543cbc,56d33a9ffe90,W-null,0,0.695368600622286,0.6954439619887072,0.05,0.6961518190780137,0.6961518190780137,0.05,experiments/runs/hpo/20261007-221904_syn_hpo_r1_c22_0ed7d4543cbc/W-null_s0
20261007-221904,hpo_r1_c23,b7fb2d40b404,56d33a9ffe90,W-null,0,0.4983339080676289,0.5643917214187377,27.296153846153842,0.6961518190780137,0.6961518190780137,0.05,experiments/runs/hpo/20261007-221904_syn_hpo_r1_c23_b7fb2d40b404/W-null_s0
20261007-221904,hpo_r1_c24,acc297957620,56d33a9ffe90,W-null,0,0.6819135047360213,0.6882871347493414,3.4576923076923074,0.6961518190780137,0.6961518190780137,0.05,experiments/runs/hpo/20261007-221904_syn_hpo_r1_c24_acc297957620/W-null_s0
20261007-221904,hpo_r1_c25,29de735e8dee,56d33a9ffe90,W-null,0,0.7409712328268998,0.7413034573960008,0.20192307692307698,0.6961518190780137,0.6961518190780137,0.05,experiments/runs/hpo/20261007-221904_syn_hpo_r1_c25_29de735e8dee/W-null_s0
20261007-221904,hpo_r1_c26,6e9f2b365096,56d33a9ffe90,W-null,0,0.49107888486355505,0.5315375100278908,19.009615384615383,0.6961518190780137,0.6961518190780137,0.05,experiments/runs/hpo/20261007-221904_syn_hpo_r1_c26_6e9f2b365096/W-null_s0
20261007-221904,hpo_r1_c27,a1b8ff9e252d,56d33a9ffe90,W-null,0,0.6961518190780137,0.6962275748048401,0.05,0.6961518190780137,0.6961518190780137,0.05,experiments/runs/hpo/20261007-221904_syn_hpo_r1_c27_a1b8ff9e252d/W-null_s0
20261007-221904,hpo_r1_c28,4b0217db1b6c,56d33a9ffe90,W-null,0,0.5504054120733279,0.6011891482867466,27.03942307692308,0.6961518190780137,0.6961518190780137,0.05,experiments/runs/hpo/20261007-221904_syn_hpo_r1_c28_4b0217db1b6c/W-null_s0
20261007-221904,hpo_r1_c29,c141061a23dd,56d33a9ffe90,W-null,0,0.6951965150853865,0.6952735848574411,0.05,0.6961518190780137,0.6961518190780137,0.05,experiments/runs/hpo/20261007-221904_syn_hpo_r1_c29_c141061a23dd/W-null_s0
20261007-221904,hpo_r1_c30,a2661179db63,56d33a9ffe90,W-null,0,0.6942179348326384,0.6942973974125198,0.05096153846153846,0.6961518190780137,0.6961518190780137,0.05,experiments/runs/hpo/20261007-221904_syn_hpo_r1_c30_a2661179db63/W-null_s0
20261007-221904,hpo_r1_c31,75bcb79373f1,56d33a9ffe90,W-null,0,0.6987455435878687,0.6990068762515735,0.17019230769230773,0.6961518190780137,0.6961518190780137,0.05,experiments/runs/hpo/20261007-221904_syn_hpo_r1_c31_75bcb79373f1/W-null_s0
20261007-221904,hpo_r1_c00,391bd889dccf,56d33a9ffe90,W-null,1,0.6133801858001597,0.6134583811180315,0.05,0.6133801858001597,0.6133801858001597,0.05,experiments/runs/hpo/20261007-221904_syn_hpo_r1_c00_391bd889dccf/W-null_s1
20261007-221904,hpo_r1_c01,7f0042d508da,56d33a9ffe90,W-null,1,0.5521063183651602,0.6023296634459147,23.20625,0.6133801858001597,0.6133801858001597,0.05,experiments/runs/hpo/20261007-221904_syn_hpo_r1_c01_7f0042d508da/W-null_s1
20261007-221904,hpo_r1_c02,3a1b71934460,56d33a9ffe90,W-null,1,0.5938675521890397,0.6100099892987502,10.193269230769232,0.6133801858001597,0.6133801858001597,0.05,experiments/runs/hpo/20261007-221904_syn_hpo_r1_c02_3a1b71934460/W-null_s1
20261007-221904,hpo_r1_c03,d999ecf80569,56d33a9ffe90,W-null,1,0.5756597102959563,0.5913823116070839,8.927884615384617,0.6133801858001597,0.6133801858001597,0.05,experiments/runs/hpo/20261007-221904_syn_hpo_r1_c03_d999ecf80569/W-null_s1
20261007-221904,hpo_r1_c04,70a4541782cd,56d33a9ffe90,W-null,1,0.5150667200429973,0.6012278068670008,39.40192307692307,0.6133801858001597,0.6133801858001597,0.05,experiments/runs/hpo/20261007-221904_syn_hpo_r1_c04_70a4541782cd/W-null_s1
20261007-221904,hpo_r1_c05,926728390d6f,56d33a9ffe90,W-null,1,0.611747768975644,0.6120457634779931,0.19326923076923075,0.6133801858001597,0.6133801858001597,0.05,experiments/runs/hpo/20261007-221904_syn_hpo_r1_c05_926728390d6f/W-null_s1
20261007-221904,hpo_r1_c06,7d4a26c8a6ee,56d33a9ffe90,W-null,1,0.46761668222128555,0.5360612670771885,39.39855769230769,0.6133801858001597,0.6133801858001597,0.05,experiments/runs/hpo/20261007-221904_syn_hpo_r1_c06_7d4a26c8a6ee/W-null_s1
20261007-221904,hpo_r1_c07,398143d5dde4,56d33a9ffe90,W-null,1,0.46852946244856275,0.536691095863668,37.38894230769231,0.6133801858001597,0.6133801858001597,0.05,experiments/runs/hpo/20261007-221904_syn_hpo_r1_c07_398143d5dde4/W-null_s1
20261007-221904,hpo_r1_c08,8044f2c1ec31,56d33a9ffe90,W-null,1,0.5191592001186678,0.5645209885309207,27.181730769230768,0.6133801858001597,0.6133801858001597,0.05,experiments/runs/hpo/20261007-221904_syn_hpo_r1_c08_8044f2c1ec31/W-null_s1
20261007-221904,hpo_r1_c09,b7c618e77f66,56d33a9ffe90,W-null,1,0.6130667194243216,0.6132186890885762,0.09807692307692308,0.6133801858001597,0.6133801858001597,0.05,experiments/runs/hpo/20261007-221904_syn_hpo_r1_c09_b7c618e77f66/W-null_s1
20261007-221904,hpo_r1_c10,97456a741e64,56d33a9ffe90,W-null,1,0.5785874433267791,0.5919378639059575,7.672596153846154,0.6133801858001597,0.6133801858001597,0.05,experiments/runs/hpo/20261007-221904_syn_hpo_r1_c10_97456a741e64/W-null_s1
20261007-221904,hpo_r1_c11,5b4862fbc7fc,56d33a9ffe90,W-null,1,0.6127795962841385,0.6131040120907956,0.2105769230769231,0.6133801858001597,0.6133801858001597,0.05,experiments/runs/hpo/20261007-221904_syn_hpo_r1_c11_5b4862fbc7fc/W-null_s1
20261007-221904,hpo_r1_c12,5fa54ed3a4b6,56d33a9ffe90,W-null,1,0.6136407276108871,0.6178586262934737,2.7230769230769236,0.6133801858001597,0.6133801858001597,0.05,experiments/runs/hpo/20261007-221904_syn_hpo_r1_c12_5fa54ed3a4b6/W-null_s1
20261007-221904,hpo_r1_c13,85225a2d54e3,56d33a9ffe90,W-null,1,0.6133801858001597,0.6134583811180315,0.05,0.6133801858001597,0.6133801858001597,0.05,experiments/runs/hpo/20261007-221904_syn_hpo_r1_c13_85225a2d54e3/W-null_s1
20261007-221904,hpo_r1_c14,e59c1b1b191b,56d33a9ffe90,W-null,1,0.6133801858001597,0.6134583811180315,0.05,0.6133801858001597,0.6133801858001597,0.05,experiments/runs/hpo/20261007-221904_syn_hpo_r1_c14_e59c1b1b191b/W-null_s1
20261007-221904,hpo_r1_c15,24cc419211f6,56d33a9ffe90,W-null,1,0.5912849966532399,0.6061021863210991,9.483653846153848,0.6133801858001597,0.6133801858001597,0.05,experiments/runs/hpo/20261007-221904_syn_hpo_r1_c15_24cc419211f6/W-null_s1
20261007-221904,hpo_r1_c16,b205e72adda8,56d33a9ffe90,W-null,1,0.4717007185737689,0.5633699150555459,34.90336538461538,0.6133801858001597,0.6133801858001597,0.05,experiments/runs/hpo/20261007-221904_syn_hpo_r1_c16_b205e72adda8/W-null_s1
20261007-221904,hpo_r1_c17,c1c49183501e,56d33a9ffe90,W-null,1,0.5348859862802459,0.5767929591354697,25.075961538461538,0.6133801858001597,0.6133801858001597,0.05,experiments/runs/hpo/20261007-221904_syn_hpo_r1_c17_c1c49183501e/W-null_s1
20261007-221904,hpo_r1_c18,9418598b89e0,56d33a9ffe90,W-null,1,0.3114333129743566,0.4313452750952977,59.292307692307695,0.6133801858001597,0.6133801858001597,0.05,experiments/runs/hpo/20261007-221904_syn_hpo_r1_c18_9418598b89e0/W-null_s1
20261007-221904,hpo_r1_c19,21feb3f75a6e,56d33a9ffe90,W-null,1,0.6133801858001597,0.6134583811180315,0.05,0.6133801858001597,0.6133801858001597,0.05,experiments/runs/hpo/20261007-221904_syn_hpo_r1_c19_21feb3f75a6e/W-null_s1
20261007-221904,hpo_r1_c20,28732343c5e9,56d33a9ffe90,W-null,1,0.2253526021273882,0.37830556117659664,73.23509615384617,0.6133801858001597,0.6133801858001597,0.05,experiments/runs/hpo/20261007-221904_syn_hpo_r1_c20_28732343c5e9/W-null_s1
20261007-221904,hpo_r1_c21,42ff888a1878,56d33a9ffe90,W-null,1,0.6156535142291641,0.6198401826022931,2.703846153846154,0.6133801858001597,0.6133801858001597,0.05,experiments/runs/hpo/20261007-221904_syn_hpo_r1_c21_42ff888a1878/W-null_s1
20261007-221904,hpo_r1_c22,0ed7d4543cbc,56d33a9ffe90,W-null,1,0.6133801858001597,0.6134583811180315,0.05,0.6133801858001597,0.6133801858001597,0.05,experiments/runs/hpo/20261007-221904_syn_hpo_r1_c22_0ed7d4543cbc/W-null_s1
20261007-221904,hpo_r1_c23,b7fb2d40b404,56d33a9ffe90,W-null,1,0.6119636558510172,0.6122917376136083,0.21346153846153848,0.6133801858001597,0.6133801858001597,0.05,experiments/runs/hpo/20261007-221904_syn_hpo_r1_c23_b7fb2d40b404/W-null_s1
20261007-221904,hpo_r1_c24,acc297957620,56d33a9ffe90,W-null,1,0.6133801858001597,0.6134583811180315,0.05,0.6133801858001597,0.6133801858001597,0.05,experiments/runs/hpo/20261007-221904_syn_hpo_r1_c24_acc297957620/W-null_s1
20261007-221904,hpo_r1_c25,29de735e8dee,56d33a9ffe90,W-null,1,0.6134595191234881,0.6135376625526358,0.05,0.6133801858001597,0.6133801858001597,0.05,experiments/runs/hpo/20261007-221904_syn_hpo_r1_c25_29de735e8dee/W-null_s1
20261007-221904,hpo_r1_c26,6e9f2b365096,56d33a9ffe90,W-null,1,0.5843950650355817,0.5976161081946646,8.468269230769232,0.6133801858001597,0.6133801858001597,0.05,experiments/runs/hpo/20261007-221904_syn_hpo_r1_c26_6e9f2b365096/W-null_s1
20261007-221904,hpo_r1_c27,a1b8ff9e252d,56d33a9ffe90,W-null,1,0.6133801858001597,0.6134583811180315,0.05,0.6133801858001597,0.6133801858001597,0.05,experiments/runs/hpo/20261007-221904_syn_hpo_r1_c27_a1b8ff9e252d/W-null_s1
20261007-221904,hpo_r1_c28,4b0217db1b6c,56d33a9ffe90,W-null,1,0.5707915284679667,0.593278335593878,13.7625,0.6133801858001597,0.6133801858001597,0.05,experiments/runs/hpo/20261007-221904_syn_hpo_r1_c28_4b0217db1b6c/W-null_s1
20261007-221904,hpo_r1_c29,c141061a23dd,56d33a9ffe90,W-null,1,0.6133801858001597,0.6134583811180315,0.05,0.6133801858001597,0.6133801858001597,0.05,experiments/runs/hpo/20261007-221904_syn_hpo_r1_c29_c141061a23dd/W-null_s1
20261007-221904,hpo_r1_c30,a2661179db63,56d33a9ffe90,W-null,1,0.6133876087078811,0.6134657904144345,0.05,0.6133801858001597,0.6133801858001597,0.05,experiments/runs/hpo/20261007-221904_syn_hpo_r1_c30_a2661179db63/W-null_s1
20261007-221904,hpo_r1_c31,75bcb79373f1,56d33a9ffe90,W-null,1,0.6135090965475866,0.6138697019600828,0.23365384615384618,0.6133801858001597,0.6133801858001597,0.05,experiments/runs/hpo/20261007-221904_syn_hpo_r1_c31_75bcb79373f1/W-null_s1
20261007-221904,hpo_r1_c00,391bd889dccf,56d33a9ffe90,W-null,2,0.5468078250956728,0.5468973306015302,0.05,0.5468078250956728,0.5468078250956728,0.05,experiments/runs/hpo/20261007-221904_syn_hpo_r1_c00_391bd889dccf/W-null_s2
20261007-221904,hpo_r1_c01,7f0042d508da,56d33a9ffe90,W-null,2,0.448429201968669,0.4577308926845261,4.2384615384615385,0.5468078250956728,0.5468078250956728,0.05,experiments/runs/hpo/20261007-221904_syn_hpo_r1_c01_7f0042d508da/W-null_s2
20261007-221904,hpo_r1_c02,3a1b71934460,56d33a9ffe90,W-null,2,0.348965806193348,0.3995426285495205,24.142307692307693,0.5468078250956728,0.5468078250956728,0.05,experiments/runs/hpo/20261007-221904_syn_hpo_r1_c02_3a1b71934460/W-null_s2
20261007-221904,hpo_r1_c03,d999ecf80569,56d33a9ffe90,W-null,2,0.5683046004710474,0.5823321899291385,5.6000000000000005,0.5468078250956728,0.5468078250956728,0.05,experiments/runs/hpo/20261007-221904_syn_hpo_r1_c03_d999ecf80569/W-null_s2
20261007-221904,hpo_r1_c04,70a4541782cd,56d33a9ffe90,W-null,2,0.15659916996149156,0.23501479870781958,31.235576923076927,0.5468078250956728,0.5468078250956728,0.05,experiments/runs/hpo/20261007-221904_syn_hpo_r1_c04_70a4541782cd/W-null_s2
20261007-221904,hpo_r1_c05,926728390d6f,56d33a9ffe90,W-null,2,0.39691308563322303,0.4218083574635386,12.310576923076923,0.5468078250956728,0.5468078250956728,0.05,experiments/runs/hpo/20261007-221904_syn_hpo_r1_c05_926728390d6f/W-null_s2
20261007-221904,hpo_r1_c06,7d4a26c8a6ee,56d33a9ffe90,W-null,2,0.2613701431248418,0.35616780565612466,42.64759615384616,0.5468078250956728,0.5468078250956728,0.05,experiments/runs/hpo/20261007-221904_syn_hpo_r1_c06_7d4a26c8a6ee/W-null_s2
20261007-221904,hpo_r1_c07,398143d5dde4,56d33a9ffe90,W-null,2,0.25457660878617977,0.33775140402447545,34.62259615384615,0.5468078250956728,0.5468078250956728,0.05,experiments/runs/hpo/20261007-221904_syn_hpo_r1_c07_398143d5dde4/W-null_s2
20261007-221904,hpo_r1_c08,8044f2c1ec31,56d33a9ffe90,W-null,2,0.215422142855043,0.3253591131218486,41.07163461538462,0.5468078250956728,0.5468078250956728,0.05,experiments/runs/hpo/20261007-221904_syn_hpo_r1_c08_8044f2c1ec31/W-null_s2
20261007-221904,hpo_r1_c09,b7c618e77f66,56d33a9ffe90,W-null,2,0.3598439455125415,0.39979664350717314,19.03173076923077,0.5468078250956728,0.5468078250956728,0.05,experiments/runs/hpo/20261007-221904_syn_hpo_r1_c09_b7c618e77f66/W-null_s2
20261007-221904,hpo_r1_c10,97456a741e64,56d33a9ffe90,W-null,2,0.5322611553196044,0.5454087906251143,5.804807692307692,0.5468078250956728,0.5468078250956728,0.05,experiments/runs/hpo/20261007-221904_syn_hpo_r1_c10_97456a741e64/W-null_s2
20261007-221904,hpo_r1_c11,5b4862fbc7fc,56d33a9ffe90,W-null,2,0.1408642340900016,0.25499559958976037,39.531730769230776,0.5468078250956728,0.5468078250956728,0.05,experiments/runs/hpo/20261007-221904_syn_hpo_r1_c11_5b4862fbc7fc/W-null_s2
20261007-221904,hpo_r1_c12,5fa54ed3a4b6,56d33a9ffe90,W-null,2,0.5427304790409954,0.5431390035354572,0.21538461538461542,0.5468078250956728,0.5468078250956728,0.05,experiments/runs/hpo/20261007-221904_syn_hpo_r1_c12_5fa54ed3a4b6/W-null_s2
20261007-221904,hpo_r1_c13,85225a2d54e3,56d33a9ffe90,W-null,2,0.32860929686550183,0.384333933134815,25.242307692307694,0.5468078250956728,0.5468078250956728,0.05,experiments/runs/hpo/20261007-221904_syn_hpo_r1_c13_85225a2d54e3/W-null_s2
20261007-221904,hpo_r1_c14,e59c1b1b191b,56d33a9ffe90,W-null,2,0.5467248345510417,0.5469419234019374,0.11634615384615384,0.5468078250956728,0.5468078250956728,0.05,experiments/runs/hpo/20261007-221904_syn_hpo_r1_c14_e59c1b1b191b/W-null_s2
20261007-221904,hpo_r1_c15,24cc419211f6,56d33a9ffe90,W-null,2,0.44904046238961115,0.4828748929056495,16.760576923076922,0.5468078250956728,0.5468078250956728,0.05,experiments/runs/hpo/20261007-221904_syn_hpo_r1_c15_24cc419211f6/W-null_s2
20261007-221904,hpo_r1_c16,b205e72adda8,56d33a9ffe90,W-null,2,0.32053915523238025,0.35667494393991367,15.07019230769231,0.5468078250956728,0.5468078250956728,0.05,experiments/runs/hpo/20261007-221904_syn_hpo_r1_c16_b205e72adda8/W-null_s2
20261007-221904,hpo_r1_c17,c1c49183501e,56d33a9ffe90,W-null,2,0.475063901390557,0.5047874168413623,14.483653846153846,0.5468078250956728,0.5468078250956728,0.05,experiments/runs/hpo/20261007-221904_syn_hpo_r1_c17_c1c49183501e/W-null_s2
20261007-221904,hpo_r1_c18,9418598b89e0,56d33a9ffe90,W-null,2,0.16499887251975665,0.3031861615131707,55.85336538461539,0.5468078250956728,0.5468078250956728,0.05,experiments/runs/hpo/20261007-221904_syn_hpo_r1_c18_9418598b89e0/W-null_s2
20261007-221904,hpo_r1_c19,21feb3f75a6e,56d33a9ffe90,W-null,2,0.5456814682481552,0.5458487586805031,0.0903846153846154,0.5468078250956728,0.5468078250956728,0.05,experiments/runs/hpo/20261007-221904_syn_hpo_r1_c19_21feb3f75a6e/W-null_s2
20261007-221904,hpo_r1_c20,28732343c5e9,56d33a9ffe90,W-null,2,-0.009130641450996036,0.18451319179760112,74.48461538461538,0.5468078250956728,0.5468078250956728,0.05,experiments/runs/hpo/20261007-221904_syn_hpo_r1_c20_28732343c5e9/W-null_s2
20261007-221904,hpo_r1_c21,42ff888a1878,56d33a9ffe90,W-null,2,0.40831234201846595,0.43192626975355713,11.66923076923077,0.5468078250956728,0.5468078250956728,0.05,experiments/runs/hpo/20261007-221904_syn_hpo_r1_c21_42ff888a1878/W-null_s2
20261007-221904,hpo_r1_c22,0ed7d4543cbc,56d33a9ffe90,W-null,2,0.5468078250956728,0.5468973306015302,0.05,0.5468078250956728,0.5468078250956728,0.05,experiments/runs/hpo/20261007-221904_syn_hpo_r1_c22_0ed7d4543cbc/W-null_s2
20261007-221904,hpo_r1_c23,b7fb2d40b404,56d33a9ffe90,W-null,2,0.3953297686473553,0.43245124879541885,17.552884615384613,0.5468078250956728,0.5468078250956728,0.05,experiments/runs/hpo/20261007-221904_syn_hpo_r1_c23_b7fb2d40b404/W-null_s2
20261007-221904,hpo_r1_c24,acc297957620,56d33a9ffe90,W-null,2,0.5468078250956728,0.5468973306015302,0.05,0.5468078250956728,0.5468078250956728,0.05,experiments/runs/hpo/20261007-221904_syn_hpo_r1_c24_acc297957620/W-null_s2
20261007-221904,hpo_r1_c25,29de735e8dee,56d33a9ffe90,W-null,2,0.5468078250956728,0.5468973306015302,0.05,0.5468078250956728,0.5468078250956728,0.05,experiments/runs/hpo/20261007-221904_syn_hpo_r1_c25_29de735e8dee/W-null_s2
20261007-221904,hpo_r1_c26,6e9f2b365096,56d33a9ffe90,W-null,2,0.3874254281696946,0.44055183247968377,25.309615384615384,0.5468078250956728,0.5468078250956728,0.05,experiments/runs/hpo/20261007-221904_syn_hpo_r1_c26_6e9f2b365096/W-null_s2
20261007-221904,hpo_r1_c27,a1b8ff9e252d,56d33a9ffe90,W-null,2,0.5276994460384833,0.5325951204021614,2.534615384615385,0.5468078250956728,0.5468078250956728,0.05,experiments/runs/hpo/20261007-221904_syn_hpo_r1_c27_a1b8ff9e252d/W-null_s2
20261007-221904,hpo_r1_c28,4b0217db1b6c,56d33a9ffe90,W-null,2,0.48860061966036206,0.513165448052557,12.209615384615384,0.5468078250956728,0.5468078250956728,0.05,experiments/runs/hpo/20261007-221904_syn_hpo_r1_c28_4b0217db1b6c/W-null_s2
20261007-221904,hpo_r1_c29,c141061a23dd,56d33a9ffe90,W-null,2,0.5460758209201977,0.5462395328524324,0.08846153846153847,0.5468078250956728,0.5468078250956728,0.05,experiments/runs/hpo/20261007-221904_syn_hpo_r1_c29_c141061a23dd/W-null_s2
20261007-221904,hpo_r1_c30,a2661179db63,56d33a9ffe90,W-null,2,0.5453885530118565,0.5456443167645624,0.13653846153846155,0.5468078250956728,0.5468078250956728,0.05,experiments/runs/hpo/20261007-221904_syn_hpo_r1_c30_a2661179db63/W-null_s2
20261007-221904,hpo_r1_c31,75bcb79373f1,56d33a9ffe90,W-null,2,0.5453315914031337,0.5460012762845062,0.35192307692307695,0.5468078250956728,0.5468078250956728,0.05,experiments/runs/hpo/20261007-221904_syn_hpo_r1_c31_75bcb79373f1/W-null_s2
20261007-221904,hpo_r1_c00,391bd889dccf,56d33a9ffe90,W-null,3,0.5769298272891664,0.5770240564804121,0.05,0.5766065455403265,0.5766065455403265,0.05,experiments/runs/hpo/20261007-221904_syn_hpo_r1_c00_391bd889dccf/W-null_s3
20261007-221904,hpo_r1_c01,7f0042d508da,56d33a9ffe90,W-null,3,0.29067422290944744,0.33760611750207525,17.13221153846154,0.5766065455403265,0.5766065455403265,0.05,experiments/runs/hpo/20261007-221904_syn_hpo_r1_c01_7f0042d508da/W-null_s3
20261007-221904,hpo_r1_c02,3a1b71934460,56d33a9ffe90,W-null,3,0.2980296201839236,0.3267536754330418,13.583653846153846,0.5766065455403265,0.5766065455403265,0.05,experiments/runs/hpo/20261007-221904_syn_hpo_r1_c02_3a1b71934460/W-null_s3
20261007-221904,hpo_r1_c03,d999ecf80569,56d33a9ffe90,W-null,3,0.5304272485154784,0.5425182067961027,5.3038461538461545,0.5766065455403265,0.5766065455403265,0.05,experiments/runs/hpo/20261007-221904_syn_hpo_r1_c03_d999ecf80569/W-null_s3
20261007-221904,hpo_r1_c04,70a4541782cd,56d33a9ffe90,W-null,3,0.2935472234809562,0.36130539557485275,29.288461538461544,0.5766065455403265,0.5766065455403265,0.05,experiments/runs/hpo/20261007-221904_syn_hpo_r1_c04_70a4541782cd/W-null_s3
20261007-221904,hpo_r1_c05,926728390d6f,56d33a9ffe90,W-null,3,0.5699001079535018,0.5732335187043448,1.8028846153846159,0.5766065455403265,0.5766065455403265,0.05,experiments/runs/hpo/20261007-221904_syn_hpo_r1_c05_926728390d6f/W-null_s3
20261007-221904,hpo_r1_c06,7d4a26c8a6ee,56d33a9ffe90,W-null,3,0.3362317372662063,0.43666275800903576,45.848076923076924,0.5766065455403265,0.5766065455403265,0.05,experiments/runs/hpo/20261007-221904_syn_hpo_r1_c06_7d4a26c8a6ee/W-null_s3
20261007-221904,hpo_r1_c07,398143d5dde4,56d33a9ffe90,W-null,3,0.31954696205202887,0.4205591153876655,39.88461538461538,0.5766065455403265,0.5766065455403265,0.05,experiments/runs/hpo/20261007-221904_syn_hpo_r1_c07_398143d5dde4/W-null_s3
20261007-221904,hpo_r1_c08,8044f2c1ec31,56d33a9ffe90,W-null,3,0.11434491098737422,0.22551960019022987,43.19471153846154,0.5766065455403265,0.5766065455403265,0.05,experiments/runs/hpo/20261007-221904_syn_hpo_r1_c08_8044f2c1ec31/W-null_s3
20261007-221904,hpo_r1_c09,b7c618e77f66,56d33a9ffe90,W-null,3,0.5131264369603049,0.5360483780769479,12.191346153846155,0.5766065455403265,0.5766065455403265,0.05,experiments/runs/hpo/20261007-221904_syn_hpo_r1_c09_b7c618e77f66/W-null_s3
20261007-221904,hpo_r1_c10,97456a741e64,56d33a9ffe90,W-null,3,0.4619959830966608,0.47270925235588107,5.102884615384616,0.5766065455403265,0.5766065455403265,0.05,experiments/runs/hpo/20261007-221904_syn_hpo_r1_c10_97456a741e64/W-null_s3
20261007-221904,hpo_r1_c11,5b4862fbc7fc,56d33a9ffe90,W-null,3,0.38224146086111116,0.4020610510887143,9.566346153846155,0.5766065455403265,0.5766065455403265,0.05,experiments/runs/hpo/20261007-221904_syn_hpo_r1_c11_5b4862fbc7fc/W-null_s3
20261007-221904,hpo_r1_c12,5fa54ed3a4b6,56d33a9ffe90,W-null,3,0.561607049899666,0.5626877397866875,0.5701923076923077,0.5766065455403265,0.5766065455403265,0.05,experiments/runs/hpo/20261007-221904_syn_hpo_r1_c12_5fa54ed3a4b6/W-null_s3
20261007-221904,hpo_r1_c13,85225a2d54e3,56d33a9ffe90,W-null,3,0.18053999927942269,0.27470303492974785,35.721634615384616,0.5766065455403265,0.5766065455403265,0.05,experiments/runs/hpo/20261007-221904_syn_hpo_r1_c13_85225a2d54e3/W-null_s3
20261007-221904,hpo_r1_c14,e59c1b1b191b,56d33a9ffe90,W-null,3,0.3134584497998628,0.3319026719751546,8.665384615384616,0.5766065455403265,0.5766065455403265,0.05,experiments/runs/hpo/20261007-221904_syn_hpo_r1_c14_e59c1b1b191b/W-null_s3
20261007-221904,hpo_r1_c15,24cc419211f6,56d33a9ffe90,W-null,3,0.4312203102861274,0.4770501428059617,22.134134615384614,0.5766065455403265,0.5766065455403265,0.05,experiments/runs/hpo/20261007-221904_syn_hpo_r1_c15_24cc419211f6/W-null_s3
20261007-221904,hpo_r1_c16,b205e72adda8,56d33a9ffe90,W-null,3,0.16030742393239839,0.23778603708030596,29.436538461538465,0.5766065455403265,0.5766065455403265,0.05,experiments/runs/hpo/20261007-221904_syn_hpo_r1_c16_b205e72adda8/W-null_s3
20261007-221904,hpo_r1_c17,c1c49183501e,56d33a9ffe90,W-null,3,0.3878326049209107,0.4434683995502104,24.464903846153845,0.5766065455403265,0.5766065455403265,0.05,experiments/runs/hpo/20261007-221904_syn_hpo_r1_c17_c1c49183501e/W-null_s3
20261007-221904,hpo_r1_c18,9418598b89e0,56d33a9ffe90,W-null,3,0.10864765688661247,0.2570210969027614,55.55480769230769,0.5766065455403265,0.5766065455403265,0.05,experiments/runs/hpo/20261007-221904_syn_hpo_r1_c18_9418598b89e0/W-null_s3
20261007-221904,hpo_r1_c19,21feb3f75a6e,56d33a9ffe90,W-null,3,0.5847839255038899,0.585366110652011,0.3134615384615385,0.5766065455403265,0.5766065455403265,0.05,experiments/runs/hpo/20261007-221904_syn_hpo_r1_c19_21feb3f75a6e/W-null_s3
20261007-221904,hpo_r1_c20,28732343c5e9,56d33a9ffe90,W-null,3,-0.04744803718903967,0.15090504060985718,76.42692307692307,0.5766065455403265,0.5766065455403265,0.05,experiments/runs/hpo/20261007-221904_syn_hpo_r1_c20_28732343c5e9/W-null_s3
20261007-221904,hpo_r1_c21,42ff888a1878,56d33a9ffe90,W-null,3,0.3619197821181508,0.37487535182639103,6.180769230769231,0.5766065455403265,0.5766065455403265,0.05,experiments/runs/hpo/20261007-221904_syn_hpo_r1_c21_42ff888a1878/W-null_s3
20261007-221904,hpo_r1_c22,0ed7d4543cbc,56d33a9ffe90,W-null,3,0.5752976408092663,0.5753921194209619,0.05,0.5766065455403265,0.5766065455403265,0.05,experiments/runs/hpo/20261007-221904_syn_hpo_r1_c22_0ed7d4543cbc/W-null_s3
20261007-221904,hpo_r1_c23,b7fb2d40b404,56d33a9ffe90,W-null,3,0.5699669219586779,0.5745600523469931,2.4230769230769234,0.5766065455403265,0.5766065455403265,0.05,experiments/runs/hpo/20261007-221904_syn_hpo_r1_c23_b7fb2d40b404/W-null_s3
20261007-221904,hpo_r1_c24,acc297957620,56d33a9ffe90,W-null,3,0.5447450422678572,0.5479298910412134,1.6846153846153848,0.5766065455403265,0.5766065455403265,0.05,experiments/runs/hpo/20261007-221904_syn_hpo_r1_c24_acc297957620/W-null_s3
20261007-221904,hpo_r1_c25,29de735e8dee,56d33a9ffe90,W-null,3,0.5708241452609825,0.5709182356062272,0.05,0.5766065455403265,0.5766065455403265,0.05,experiments/runs/hpo/20261007-221904_syn_hpo_r1_c25_29de735e8dee/W-null_s3
20261007-221904,hpo_r1_c26,6e9f2b365096,56d33a9ffe90,W-null,3,0.2769249754700865,0.32446260938134586,22.95,0.5766065455403265,0.5766065455403265,0.05,experiments/runs/hpo/20261007-221904_syn_hpo_r1_c26_6e9f2b365096/W-null_s3
20261007-221904,hpo_r1_c27,a1b8ff9e252d,56d33a9ffe90,W-null,3,0.4659050576980755,0.4882268831450243,11.669230769230769,0.5766065455403265,0.5766065455403265,0.05,experiments/runs/hpo/20261007-221904_syn_hpo_r1_c27_a1b8ff9e252d/W-null_s3
20261007-221904,hpo_r1_c28,4b0217db1b6c,56d33a9ffe90,W-null,3,0.42588036372831994,0.47183938551648474,21.41875,0.5766065455403265,0.5766065455403265,0.05,experiments/runs/hpo/20261007-221904_syn_hpo_r1_c28_4b0217db1b6c/W-null_s3
20261007-221904,hpo_r1_c29,c141061a23dd,56d33a9ffe90,W-null,3,0.585003999507024,0.5850966801226681,0.05,0.5766065455403265,0.5766065455403265,0.05,experiments/runs/hpo/20261007-221904_syn_hpo_r1_c29_c141061a23dd/W-null_s3
20261007-221904,hpo_r1_c30,a2661179db63,56d33a9ffe90,W-null,3,0.5836158723472322,0.5837578960337136,0.07692307692307693,0.5766065455403265,0.5766065455403265,0.05,experiments/runs/hpo/20261007-221904_syn_hpo_r1_c30_a2661179db63/W-null_s3
20261007-221904,hpo_r1_c31,75bcb79373f1,56d33a9ffe90,W-null,3,0.5759073991278058,0.5760605859908853,0.08173076923076922,0.5766065455403265,0.5766065455403265,0.05,experiments/runs/hpo/20261007-221904_syn_hpo_r1_c31_75bcb79373f1/W-null_s3
20261007-221904,hpo_r1_c00,391bd889dccf,56d33a9ffe90,W-null,4,0.6350919734095365,0.6351722081970536,0.05,0.6350919734095365,0.6350919734095365,0.05,experiments/runs/hpo/20261007-221904_syn_hpo_r1_c00_391bd889dccf/W-null_s4
20261007-221904,hpo_r1_c01,7f0042d508da,56d33a9ffe90,W-null,4,0.4266750614148243,0.4682724225310521,18.330288461538462,0.6350919734095365,0.6350919734095365,0.05,experiments/runs/hpo/20261007-221904_syn_hpo_r1_c01_7f0042d508da/W-null_s4
20261007-221904,hpo_r1_c02,3a1b71934460,56d33a9ffe90,W-null,4,0.6331514398544227,0.6336394979518453,0.28942307692307695,0.6350919734095365,0.6350919734095365,0.05,experiments/runs/hpo/20261007-221904_syn_hpo_r1_c02_3a1b71934460/W-null_s4
20261007-221904,hpo_r1_c03,d999ecf80569,56d33a9ffe90,W-null,4,0.4911325759928772,0.5371150133908212,21.950961538461538,0.6350919734095365,0.6350919734095365,0.05,experiments/runs/hpo/20261007-221904_syn_hpo_r1_c03_d999ecf80569/W-null_s4
20261007-221904,hpo_r1_c04,70a4541782cd,56d33a9ffe90,W-null,4,0.3386263094271788,0.4225310944756875,37.05576923076923,0.6350919734095365,0.6350919734095365,0.05,experiments/runs/hpo/20261007-221904_syn_hpo_r1_c04_70a4541782cd/W-null_s4
20261007-221904,hpo_r1_c05,926728390d6f,56d33a9ffe90,W-null,4,0.6272636626543425,0.6316970403415764,2.586538461538462,0.6350919734095365,0.6350919734095365,0.05,experiments/runs/hpo/20261007-221904_syn_hpo_r1_c05_926728390d6f/W-null_s4
20261007-221904,hpo_r1_c06,7d4a26c8a6ee,56d33a9ffe90,W-null,4,0.4574917928540155,0.5363396798346779,40.88269230769231,0.6350919734095365,0.6350919734095365,0.05,experiments/runs/hpo/20261007-221904_syn_hpo_r1_c06_7d4a26c8a6ee/W-null_s4
20261007-221904,hpo_r1_c07,398143d5dde4,56d33a9ffe90,W-null,4,0.26268257712873144,0.36108197055441255,43.41057692307692,0.6350919734095365,0.6350919734095365,0.05,experiments/runs/hpo/20261007-221904_syn_hpo_r1_c07_398143d5dde4/W-null_s4
20261007-221904,hpo_r1_c08,8044f2c1ec31,56d33a9ffe90,W-null,4,0.45470669459666063,0.5212236186113453,35.44230769230769,0.6350919734095365,0.6350919734095365,0.05,experiments/runs/hpo/20261007-221904_syn_hpo_r1_c08_8044f2c1ec31/W-null_s4
20261007-221904,hpo_r1_c09,b7c618e77f66,56d33a9ffe90,W-null,4,0.6350919734095365,0.6351722081970536,0.05,0.6350919734095365,0.6350919734095365,0.05,experiments/runs/hpo/20261007-221904_syn_hpo_r1_c09_b7c618e77f66/W-null_s4
20261007-221904,hpo_r1_c10,97456a741e64,56d33a9ffe90,W-null,4,0.49957592593653166,0.5425310121230595,20.965384615384615,0.6350919734095365,0.6350919734095365,0.05,experiments/runs/hpo/20261007-221904_syn_hpo_r1_c10_97456a741e64/W-null_s4
20261007-221904,hpo_r1_c11,5b4862fbc7fc,56d33a9ffe90,W-null,4,0.6194834974540396,0.6289506044234747,5.435576923076923,0.6350919734095365,0.6350919734095365,0.05,experiments/runs/hpo/20261007-221904_syn_hpo_r1_c11_5b4862fbc7fc/W-null_s4
20261007-221904,hpo_r1_c12,5fa54ed3a4b6,56d33a9ffe90,W-null,4,0.6350919734095365,0.6351722081970536,0.05,0.6350919734095365,0.6350919734095365,0.05,experiments/runs/hpo/20261007-221904_syn_hpo_r1_c12_5fa54ed3a4b6/W-null_s4
20261007-221904,hpo_r1_c13,85225a2d54e3,56d33a9ffe90,W-null,4,0.5871447365940203,0.6055617040010299,10.519230769230768,0.6350919734095365,0.6350919734095365,0.05,experiments/runs/hpo/20261007-221904_syn_hpo_r1_c13_85225a2d54e3/W-null_s4
20261007-221904,hpo_r1_c14,e59c1b1b191b,56d33a9ffe90,W-null,4,0.6341619560804709,0.6348822698821723,0.4230769230769232,0.6350919734095365,0.6350919734095365,0.05,experiments/runs/hpo/20261007-221904_syn_hpo_r1_c14_e59c1b1b191b/W-null_s4
20261007-221904,hpo_r1_c15,24cc419211f6,56d33a9ffe90,W-null,4,0.5550958715796525,0.5899464236352634,18.94182692307692,0.6350919734095365,0.6350919734095365,0.05,experiments/runs/hpo/20261007-221904_syn_hpo_r1_c15_24cc419211f6/W-null_s4
20261007-221904,hpo_r1_c16,b205e72adda8,56d33a9ffe90,W-null,4,0.6341668563744561,0.6342536494115469,0.05384615384615385,0.6350919734095365,0.6350919734095365,0.05,experiments/runs/hpo/20261007-221904_syn_hpo_r1_c16_b205e72adda8/W-null_s4
20261007-221904,hpo_r1_c17,c1c49183501e,56d33a9ffe90,W-null,4,0.5363051393855511,0.578875628747205,22.361538461538462,0.6350919734095365,0.6350919734095365,0.05,experiments/runs/hpo/20261007-221904_syn_hpo_r1_c17_c1c49183501e/W-null_s4
20261007-221904,hpo_r1_c18,9418598b89e0,56d33a9ffe90,W-null,4,0.2733008854813607,0.38497482430479096,53.18365384615386,0.6350919734095365,0.6350919734095365,0.05,experiments/runs/hpo/20261007-221904_syn_hpo_r1_c18_9418598b89e0/W-null_s4
20261007-221904,hpo_r1_c19,21feb3f75a6e,56d33a9ffe90,W-null,4,0.6350919734095365,0.6351722081970536,0.05,0.6350919734095365,0.6350919734095365,0.05,experiments/runs/hpo/20261007-221904_syn_hpo_r1_c19_21feb3f75a6e/W-null_s4
20261007-221904,hpo_r1_c20,28732343c5e9,56d33a9ffe90,W-null,4,0.29410691806114275,0.4503961847725775,70.24807692307692,0.6350919734095365,0.6350919734095365,0.05,experiments/runs/hpo/20261007-221904_syn_hpo_r1_c20_28732343c5e9/W-null_s4
20261007-221904,hpo_r1_c21,42ff888a1878,56d33a9ffe90,W-null,4,0.6350919734095365,0.6351722081970536,0.05,0.6350919734095365,0.6350919734095365,0.05,experiments/runs/hpo/20261007-221904_syn_hpo_r1_c21_42ff888a1878/W-null_s4
20261007-221904,hpo_r1_c22,0ed7d4543cbc,56d33a9ffe90,W-null,4,0.6350919734095365,0.6351722081970536,0.05,0.6350919734095365,0.6350919734095365,0.05,experiments/runs/hpo/20261007-221904_syn_hpo_r1_c22_0ed7d4543cbc/W-null_s4
20261007-221904,hpo_r1_c23,b7fb2d40b404,56d33a9ffe90,W-null,4,0.6317260444396027,0.6333317686019171,0.9423076923076924,0.6350919734095365,0.6350919734095365,0.05,experiments/runs/hpo/20261007-221904_syn_hpo_r1_c23_b7fb2d40b404/W-null_s4
20261007-221904,hpo_r1_c24,acc297957620,56d33a9ffe90,W-null,4,0.6345725448472314,0.634677344077589,0.06442307692307693,0.6350919734095365,0.6350919734095365,0.05,experiments/runs/hpo/20261007-221904_syn_hpo_r1_c24_acc297957620/W-null_s4
20261007-221904,hpo_r1_c25,29de735e8dee,56d33a9ffe90,W-null,4,0.6350919734095365,0.6351722081970536,0.05,0.6350919734095365,0.6350919734095365,0.05,experiments/runs/hpo/20261007-221904_syn_hpo_r1_c25_29de735e8dee/W-null_s4
20261007-221904,hpo_r1_c26,6e9f2b365096,56d33a9ffe90,W-null,4,0.6114765526647242,0.6188842046119153,4.307692307692308,0.6350919734095365,0.6350919734095365,0.05,experiments/runs/hpo/20261007-221904_syn_hpo_r1_c26_6e9f2b365096/W-null_s4
20261007-221904,hpo_r1_c27,a1b8ff9e252d,56d33a9ffe90,W-null,4,0.6350919734095365,0.6351722081970536,0.05,0.6350919734095365,0.6350919734095365,0.05,experiments/runs/hpo/20261007-221904_syn_hpo_r1_c27_a1b8ff9e252d/W-null_s4
20261007-221904,hpo_r1_c28,4b0217db1b6c,56d33a9ffe90,W-null,4,0.5560559895313602,0.5912253609154081,19.114903846153844,0.6350919734095365,0.6350919734095365,0.05,experiments/runs/hpo/20261007-221904_syn_hpo_r1_c28_4b0217db1b6c/W-null_s4
20261007-221904,hpo_r1_c29,c141061a23dd,56d33a9ffe90,W-null,4,0.6350919734095365,0.6351722081970536,0.05,0.6350919734095365,0.6350919734095365,0.05,experiments/runs/hpo/20261007-221904_syn_hpo_r1_c29_c141061a23dd/W-null_s4
20261007-221904,hpo_r1_c30,a2661179db63,56d33a9ffe90,W-null,4,0.6353196004523797,0.6354475112100175,0.07788461538461539,0.6350919734095365,0.6350919734095365,0.05,experiments/runs/hpo/20261007-221904_syn_hpo_r1_c30_a2661179db63/W-null_s4
20261007-221904,hpo_r1_c31,75bcb79373f1,56d33a9ffe90,W-null,4,0.6333855666745057,0.6343367184512356,0.5596153846153847,0.6350919734095365,0.6350919734095365,0.05,experiments/runs/hpo/20261007-221904_syn_hpo_r1_c31_75bcb79373f1/W-null_s4
20261007-221904,hpo_r1_c00,391bd889dccf,56d33a9ffe90,W-regime,0,0.7249961222295398,0.7293122282913578,2.4600961538461537,0.5416305482266095,0.7674208878590341,5.9,experiments/runs/hpo/20261007-221904_syn_hpo_r1_c00_391bd889dccf/W-regime_s0
20261007-221904,hpo_r1_c01,7f0042d508da,56d33a9ffe90,W-regime,0,0.6821369456544585,0.7323234340971286,19.551923076923078,0.5416305482266095,0.7674208878590341,5.9,experiments/runs/hpo/20261007-221904_syn_hpo_r1_c01_7f0042d508da/W-regime_s0
20261007-221904,hpo_r1_c02,3a1b71934460,56d33a9ffe90,W-regime,0,0.7544644279215776,0.850407020050076,37.85384615384615,0.5416305482266095,0.7674208878590341,5.9,experiments/runs/hpo/20261007-221904_syn_hpo_r1_c02_3a1b71934460/W-regime_s0
20261007-221904,hpo_r1_c03,d999ecf80569,56d33a9ffe90,W-regime,0,0.44888625870287596,0.47531120138891875,9.68173076923077,0.5416305482266095,0.7674208878590341,5.9,experiments/runs/hpo/20261007-221904_syn_hpo_r1_c03_d999ecf80569/W-regime_s0
20261007-221904,hpo_r1_c04,70a4541782cd,56d33a9ffe90,W-regime,0,0.6184050611312222,0.7165973133378644,39.54375,0.5416305482266095,0.7674208878590341,5.9,experiments/runs/hpo/20261007-221904_syn_hpo_r1_c04_70a4541782cd/W-regime_s0
20261007-221904,hpo_r1_c05,926728390d6f,56d33a9ffe90,W-regime,0,0.7964046946269555,0.8856216326374575,33.291826923076925,0.5416305482266095,0.7674208878590341,5.9,experiments/runs/hpo/20261007-221904_syn_hpo_r1_c05_926728390d6f/W-regime_s0
20261007-221904,hpo_r1_c06,7d4a26c8a6ee,56d33a9ffe90,W-regime,0,0.6121433455252562,0.7519893665580473,55.713942307692314,0.5416305482266095,0.7674208878590341,5.9,experiments/runs/hpo/20261007-221904_syn_hpo_r1_c06_7d4a26c8a6ee/W-regime_s0
20261007-221904,hpo_r1_c07,398143d5dde4,56d33a9ffe90,W-regime,0,0.6447315689430861,0.742976972311032,40.05336538461538,0.5416305482266095,0.7674208878590341,5.9,experiments/runs/hpo/20261007-221904_syn_hpo_r1_c07_398143d5dde4/W-regime_s0
20261007-221904,hpo_r1_c08,8044f2c1ec31,56d33a9ffe90,W-regime,0,0.5979091657913769,0.7110224926287532,43.90721153846154,0.5416305482266095,0.7674208878590341,5.9,experiments/runs/hpo/20261007-221904_syn_hpo_r1_c08_8044f2c1ec31/W-regime_s0
20261007-221904,hpo_r1_c09,b7c618e77f66,56d33a9ffe90,W-regime,0,0.8409129639418896,0.9300626558733734,33.0375,0.5416305482266095,0.7674208878590341,5.9,experiments/runs/hpo/20261007-221904_syn_hpo_r1_c09_b7c618e77f66/W-regime_s0
20261007-221904,hpo_r1_c10,97456a741e64,56d33a9ffe90,W-regime,0,0.9907451920412015,1.0205958702629851,10.704807692307693,0.5416305482266095,0.7674208878590341,5.9,experiments/runs/hpo/20261007-221904_syn_hpo_r1_c10_97456a741e64/W-regime_s0
20261007-221904,hpo_r1_c11,5b4862fbc7fc,56d33a9ffe90,W-regime,0,0.6485120566611497,0.7396423606237318,36.660576923076924,0.5416305482266095,0.7674208878590341,5.9,experiments/runs/hpo/20261007-221904_syn_hpo_r1_c11_5b4862fbc7fc/W-regime_s0
20261007-221904,hpo_r1_c12,5fa54ed3a4b6,56d33a9ffe90,W-regime,0,0.8747387468686764,0.9411050724459202,25.134615384615383,0.5416305482266095,0.7674208878590341,5.9,experiments/runs/hpo/20261007-221904_syn_hpo_r1_c12_5fa54ed3a4b6/W-regime_s0
20261007-221904,hpo_r1_c13,85225a2d54e3,56d33a9ffe90,W-regime,0,0.7475261825832052,0.8383564679559316,36.25048076923077,0.5416305482266095,0.7674208878590341,5.9,experiments/runs/hpo/20261007-221904_syn_hpo_r1_c13_85225a2d54e3/W-regime_s0
20261007-221904,hpo_r1_c14,e59c1b1b191b,56d33a9ffe90,W-regime,0,0.8227621383254936,0.9137860841853177,35.92980769230769,0.5416305482266095,0.7674208878590341,5.9,experiments/runs/hpo/20261007-221904_syn_hpo_r1_c14_e59c1b1b191b/W-regime_s0
20261007-221904,hpo_r1_c15,24cc419211f6,56d33a9ffe90,W-regime,0,0.6911725754707893,0.8000225035989266,42.176923076923075,0.5416305482266095,0.7674208878590341,5.9,experiments/runs/hpo/20261007-221904_syn_hpo_r1_c15_24cc419211f6/W-regime_s0
20261007-221904,hpo_r1_c16,b205e72adda8,56d33a9ffe90,W-regime,0,0.7753281510798236,0.8650897837966259,33.771153846153844,0.5416305482266095,0.7674208878590341,5.9,experiments/runs/hpo/20261007-221904_syn_hpo_r1_c16_b205e72adda8/W-regime_s0
20261007-221904,hpo_r1_c17,c1c49183501e,56d33a9ffe90,W-regime,0,0.35474677411614075,0.43261777430618353,37.315865384615385,0.5416305482266095,0.7674208878590341,5.9,experiments/runs/hpo/20261007-221904_syn_hpo_r1_c17_c1c49183501e/W-regime_s0
20261007-221904,hpo_r1_c18,9418598b89e0,56d33a9ffe90,W-regime,0,0.48391156394297113,0.6344040650979754,57.446634615384625,0.5416305482266095,0.7674208878590341,5.9,experiments/runs/hpo/20261007-221904_syn_hpo_r1_c18_9418598b89e0/W-regime_s0
20261007-221904,hpo_r1_c19,21feb3f75a6e,56d33a9ffe90,W-regime,0,0.8017690701962684,0.8119897638235394,5.19326923076923,0.5416305482266095,0.7674208878590341,5.9,experiments/runs/hpo/20261007-221904_syn_hpo_r1_c19_21feb3f75a6e/W-regime_s0
20261007-221904,hpo_r1_c20,28732343c5e9,56d33a9ffe90,W-regime,0,0.3091826248186228,0.5348394128745897,78.44423076923076,0.5416305482266095,0.7674208878590341,5.9,experiments/runs/hpo/20261007-221904_syn_hpo_r1_c20_28732343c5e9/W-regime_s0
20261007-221904,hpo_r1_c21,42ff888a1878,56d33a9ffe90,W-regime,0,0.8376697581857241,0.9120898186569621,30.171153846153842,0.5416305482266095,0.7674208878590341,5.9,experiments/runs/hpo/20261007-221904_syn_hpo_r1_c21_42ff888a1878/W-regime_s0
20261007-221904,hpo_r1_c22,0ed7d4543cbc,56d33a9ffe90,W-regime,0,0.5518509147577141,0.5526438367413488,0.48942307692307696,0.5416305482266095,0.7674208878590341,5.9,experiments/runs/hpo/20261007-221904_syn_hpo_r1_c22_0ed7d4543cbc/W-regime_s0
20261007-221904,hpo_r1_c23,b7fb2d40b404,56d33a9ffe90,W-regime,0,0.8203211609880959,0.9187909101208707,38.54230769230769,0.5416305482266095,0.7674208878590341,5.9,experiments/runs/hpo/20261007-221904_syn_hpo_r1_c23_b7fb2d40b404/W-regime_s0
20261007-221904,hpo_r1_c24,acc297957620,56d33a9ffe90,W-regime,0,0.6947176775303986,0.7919402090771367,36.785576923076924,0.5416305482266095,0.7674208878590341,5.9,experiments/runs/hpo/20261007-221904_syn_hpo_r1_c24_acc297957620/W-regime_s0
20261007-221904,hpo_r1_c25,29de735e8dee,56d33a9ffe90,W-regime,0,0.7370120444468016,0.74412673024681,3.8177884615384614,0.5416305482266095,0.7674208878590341,5.9,experiments/runs/hpo/20261007-221904_syn_hpo_r1_c25_29de735e8dee/W-regime_s0
20261007-221904,hpo_r1_c26,6e9f2b365096,56d33a9ffe90,W-regime,0,0.7123321567412766,0.8119124426931381,37.625,0.5416305482266095,0.7674208878590341,5.9,experiments/runs/hpo/20261007-221904_syn_hpo_r1_c26_6e9f2b365096/W-regime_s0
20261007-221904,hpo_r1_c27,a1b8ff9e252d,56d33a9ffe90,W-regime,0,0.6826172461340395,0.7607390147299818,32.99230769230769,0.5416305482266095,0.7674208878590341,5.9,experiments/runs/hpo/20261007-221904_syn_hpo_r1_c27_a1b8ff9e252d/W-regime_s0
20261007-221904,hpo_r1_c28,4b0217db1b6c,56d33a9ffe90,W-regime,0,0.2369628731690586,0.3514406990255559,52.87548076923076,0.5416305482266095,0.7674208878590341,5.9,experiments/runs/hpo/20261007-221904_syn_hpo_r1_c28_4b0217db1b6c/W-regime_s0
20261007-221904,hpo_r1_c29,c141061a23dd,56d33a9ffe90,W-regime,0,0.7828086971961873,0.8581302115600274,28.58846153846154,0.5416305482266095,0.7674208878590341,5.9,experiments/runs/hpo/20261007-221904_syn_hpo_r1_c29_c141061a23dd/W-regime_s0
20261007-221904,hpo_r1_c30,a2661179db63,56d33a9ffe90,W-regime,0,0.7609542515754597,0.8369721412940532,29.653846153846153,0.5416305482266095,0.7674208878590341,5.9,experiments/runs/hpo/20261007-221904_syn_hpo_r1_c30_a2661179db63/W-regime_s0
20261007-221904,hpo_r1_c31,75bcb79373f1,56d33a9ffe90,W-regime,0,0.544273189232798,0.5521414970922901,4.802884615384616,0.5416305482266095,0.7674208878590341,5.9,experiments/runs/hpo/20261007-221904_syn_hpo_r1_c31_75bcb79373f1/W-regime_s0
20261007-221904,hpo_r1_c00,391bd889dccf,56d33a9ffe90,W-regime,1,0.5936812325036873,0.5937675391413743,0.05,0.5936812325036873,0.7329502380010681,5.550000000000001,experiments/runs/hpo/20261007-221904_syn_hpo_r1_c00_391bd889dccf/W-regime_s1
20261007-221904,hpo_r1_c01,7f0042d508da,56d33a9ffe90,W-regime,1,0.5932656171547734,0.599051870698142,3.2423076923076923,0.5936812325036873,0.7329502380010681,5.550000000000001,experiments/runs/hpo/20261007-221904_syn_hpo_r1_c01_7f0042d508da/W-regime_s1
20261007-221904,hpo_r1_c02,3a1b71934460,56d33a9ffe90,W-regime,1,0.5540630539324344,0.5720995495433393,10.174038461538462,0.5936812325036873,0.7329502380010681,5.550000000000001,experiments/runs/hpo/20261007-221904_syn_hpo_r1_c02_3a1b71934460/W-regime_s1
20261007-221904,hpo_r1_c03,d999ecf80569,56d33a9ffe90,W-regime,1,0.555332723014264,0.5673263211184411,6.482211538461539,0.5936812325036873,0.7329502380010681,5.550000000000001,experiments/runs/hpo/20261007-221904_syn_hpo_r1_c03_d999ecf80569/W-regime_s1
20261007-221904,hpo_r1_c04,70a4541782cd,56d33a9ffe90,W-regime,1,0.4486631653030229,0.5279616694653848,35.681730769230775,0.5936812325036873,0.7329502380010681,5.550000000000001,experiments/runs/hpo/20261007-221904_syn_hpo_r1_c04_70a4541782cd/W-regime_s1
20261007-221904,hpo_r1_c05,926728390d6f,56d33a9ffe90,W-regime,1,0.591346157452248,0.5923216078760031,0.5759615384615385,0.5936812325036873,0.7329502380010681,5.550000000000001,experiments/runs/hpo/20261007-221904_syn_hpo_r1_c05_926728390d6f/W-regime_s1
20261007-221904,hpo_r1_c06,7d4a26c8a6ee,56d33a9ffe90,W-regime,1,0.39285367222119333,0.4608801938498571,35.604326923076925,0.5936812325036873,0.7329502380010681,5.550000000000001,experiments/runs/hpo/20261007-221904_syn_hpo_r1_c06_7d4a26c8a6ee/W-regime_s1
20261007-221904,hpo_r1_c07,398143d5dde4,56d33a9ffe90,W-regime,1,0.5438799874246957,0.5776087687108624,18.291346153846156,0.5936812325036873,0.7329502380010681,5.550000000000001,experiments/runs/hpo/20261007-221904_syn_hpo_r1_c07_398143d5dde4/W-regime_s1
20261007-221904,hpo_r1_c08,8044f2c1ec31,56d33a9ffe90,W-regime,1,0.48392210605950176,0.5230387585344571,21.71153846153846,0.5936812325036873,0.7329502380010681,5.550000000000001,experiments/runs/hpo/20261007-221904_syn_hpo_r1_c08_8044f2c1ec31/W-regime_s1
20261007-221904,hpo_r1_c09,b7c618e77f66,56d33a9ffe90,W-regime,1,0.5936442849180644,0.5937321517943891,0.05096153846153846,0.5936812325036873,0.7329502380010681,5.550000000000001,experiments/runs/hpo/20261007-221904_syn_hpo_r1_c09_b7c618e77f66/W-regime_s1
20261007-221904,hpo_r1_c10,97456a741e64,56d33a9ffe90,W-regime,1,0.6245463268873012,0.6456617536151195,10.313461538461539,0.5936812325036873,0.7329502380010681,5.550000000000001,experiments/runs/hpo/20261007-221904_syn_hpo_r1_c10_97456a741e64/W-regime_s1
20261007-221904,hpo_r1_c11,5b4862fbc7fc,56d33a9ffe90,W-regime,1,0.5936812325036873,0.5937675391413743,0.05,0.5936812325036873,0.7329502380010681,5.550000000000001,experiments/runs/hpo/20261007-221904_syn_hpo_r1_c11_5b4862fbc7fc/W-regime_s1
20261007-221904,hpo_r1_c12,5fa54ed3a4b6,56d33a9ffe90,W-regime,1,0.5950620133211201,0.5955305141147459,0.275,0.5936812325036873,0.7329502380010681,5.550000000000001,experiments/runs/hpo/20261007-221904_syn_hpo_r1_c12_5fa54ed3a4b6/W-regime_s1
20261007-221904,hpo_r1_c13,85225a2d54e3,56d33a9ffe90,W-regime,1,0.5936812325036873,0.5937675391413743,0.05,0.5936812325036873,0.7329502380010681,5.550000000000001,experiments/runs/hpo/20261007-221904_syn_hpo_r1_c13_85225a2d54e3/W-regime_s1
20261007-221904,hpo_r1_c14,e59c1b1b191b,56d33a9ffe90,W-regime,1,0.5936812325036873,0.5937675391413743,0.05,0.5936812325036873,0.7329502380010681,5.550000000000001,experiments/runs/hpo/20261007-221904_syn_hpo_r1_c14_e59c1b1b191b/W-regime_s1
20261007-221904,hpo_r1_c15,24cc419211f6,56d33a9ffe90,W-regime,1,0.5710661389091767,0.5815563960058041,6.115384615384617,0.5936812325036873,0.7329502380010681,5.550000000000001,experiments/runs/hpo/20261007-221904_syn_hpo_r1_c15_24cc419211f6/W-regime_s1
20261007-221904,hpo_r1_c16,b205e72adda8,56d33a9ffe90,W-regime,1,0.5936812325036873,0.5937675391413743,0.05,0.5936812325036873,0.7329502380010681,5.550000000000001,experiments/runs/hpo/20261007-221904_syn_hpo_r1_c16_b205e72adda8/W-regime_s1
20261007-221904,hpo_r1_c17,c1c49183501e,56d33a9ffe90,W-regime,1,0.513490141773083,0.5415176199121767,15.910096153846153,0.5936812325036873,0.7329502380010681,5.550000000000001,experiments/runs/hpo/20261007-221904_syn_hpo_r1_c17_c1c49183501e/W-regime_s1
20261007-221904,hpo_r1_c18,9418598b89e0,56d33a9ffe90,W-regime,1,0.3091743299924622,0.42591128732394606,54.57307692307692,0.5936812325036873,0.7329502380010681,5.550000000000001,experiments/runs/hpo/20261007-221904_syn_hpo_r1_c18_9418598b89e0/W-regime_s1
20261007-221904,hpo_r1_c19,21feb3f75a6e,56d33a9ffe90,W-regime,1,0.5936812325036873,0.5937675391413743,0.05,0.5936812325036873,0.7329502380010681,5.550000000000001,experiments/runs/hpo/20261007-221904_syn_hpo_r1_c19_21feb3f75a6e/W-regime_s1
20261007-221904,hpo_r1_c20,28732343c5e9,56d33a9ffe90,W-regime,1,0.33951584142229785,0.4474292303559261,52.635576923076925,0.5936812325036873,0.7329502380010681,5.550000000000001,experiments/runs/hpo/20261007-221904_syn_hpo_r1_c20_28732343c5e9/W-regime_s1
20261007-221904,hpo_r1_c21,42ff888a1878,56d33a9ffe90,W-regime,1,0.5936812325036873,0.5937675391413743,0.05,0.5936812325036873,0.7329502380010681,5.550000000000001,experiments/runs/hpo/20261007-221904_syn_hpo_r1_c21_42ff888a1878/W-regime_s1
20261007-221904,hpo_r1_c22,0ed7d4543cbc,56d33a9ffe90,W-regime,1,0.5936812325036873,0.5937675391413743,0.05,0.5936812325036873,0.7329502380010681,5.550000000000001,experiments/runs/hpo/20261007-221904_syn_hpo_r1_c22_0ed7d4543cbc/W-regime_s1
20261007-221904,hpo_r1_c23,b7fb2d40b404,56d33a9ffe90,W-regime,1,0.5938620202884337,0.5939776073492049,0.06730769230769232,0.5936812325036873,0.7329502380010681,5.550000000000001,experiments/runs/hpo/20261007-221904_syn_hpo_r1_c23_b7fb2d40b404/W-regime_s1
20261007-221904,hpo_r1_c24,acc297957620,56d33a9ffe90,W-regime,1,0.5936812325036873,0.5937675391413743,0.05,0.5936812325036873,0.7329502380010681,5.550000000000001,experiments/runs/hpo/20261007-221904_syn_hpo_r1_c24_acc297957620/W-regime_s1
20261007-221904,hpo_r1_c25,29de735e8dee,56d33a9ffe90,W-regime,1,0.5936812325036873,0.5937675391413743,0.05,0.5936812325036873,0.7329502380010681,5.550000000000001,experiments/runs/hpo/20261007-221904_syn_hpo_r1_c25_29de735e8dee/W-regime_s1
20261007-221904,hpo_r1_c26,6e9f2b365096,56d33a9ffe90,W-regime,1,0.5814380252755834,0.5867354006604222,3.108653846153846,0.5936812325036873,0.7329502380010681,5.550000000000001,experiments/runs/hpo/20261007-221904_syn_hpo_r1_c26_6e9f2b365096/W-regime_s1
20261007-221904,hpo_r1_c27,a1b8ff9e252d,56d33a9ffe90,W-regime,1,0.5936812325036873,0.5937675391413743,0.05,0.5936812325036873,0.7329502380010681,5.550000000000001,experiments/runs/hpo/20261007-221904_syn_hpo_r1_c27_a1b8ff9e252d/W-regime_s1
20261007-221904,hpo_r1_c28,4b0217db1b6c,56d33a9ffe90,W-regime,1,0.5776148258603766,0.5886493473100369,6.431730769230769,0.5936812325036873,0.7329502380010681,5.550000000000001,experiments/runs/hpo/20261007-221904_syn_hpo_r1_c28_4b0217db1b6c/W-regime_s1
20261007-221904,hpo_r1_c29,c141061a23dd,56d33a9ffe90,W-regime,1,0.5936812325036873,0.5937675391413743,0.05,0.5936812325036873,0.7329502380010681,5.550000000000001,experiments/runs/hpo/20261007-221904_syn_hpo_r1_c29_c141061a23dd/W-regime_s1
20261007-221904,hpo_r1_c30,a2661179db63,56d33a9ffe90,W-regime,1,0.5936812325036873,0.5937675391413743,0.05,0.5936812325036873,0.7329502380010681,5.550000000000001,experiments/runs/hpo/20261007-221904_syn_hpo_r1_c30_a2661179db63/W-regime_s1
20261007-221904,hpo_r1_c31,75bcb79373f1,56d33a9ffe90,W-regime,1,0.5934240511416551,0.5936434589803309,0.12884615384615386,0.5936812325036873,0.7329502380010681,5.550000000000001,experiments/runs/hpo/20261007-221904_syn_hpo_r1_c31_75bcb79373f1/W-regime_s1
20261007-221904,hpo_r1_c00,391bd889dccf,56d33a9ffe90,W-regime,2,1.0453070656276588,1.0558037435618874,5.444230769230769,0.7809764935772378,1.2382125811026115,6.8500000000000005,experiments/runs/hpo/20261007-221904_syn_hpo_r1_c00_391bd889dccf/W-regime_s2
20261007-221904,hpo_r1_c01,7f0042d508da,56d33a9ffe90,W-regime,2,1.166802335104223,1.1773485681758853,5.162019230769231,0.7809764935772378,1.2382125811026115,6.8500000000000005,experiments/runs/hpo/20261007-221904_syn_hpo_r1_c01_7f0042d508da/W-regime_s2
20261007-221904,hpo_r1_c02,3a1b71934460,56d33a9ffe90,W-regime,2,1.1342151735153327,1.1498160224253957,7.888461538461538,0.7809764935772378,1.2382125811026115,6.8500000000000005,experiments/runs/hpo/20261007-221904_syn_hpo_r1_c02_3a1b71934460/W-regime_s2
20261007-221904,hpo_r1_c03,d999ecf80569,56d33a9ffe90,W-regime,2,0.932915072133333,0.9424318234886869,4.645673076923077,0.7809764935772378,1.2382125811026115,6.8500000000000005,experiments/runs/hpo/20261007-221904_syn_hpo_r1_c03_d999ecf80569/W-regime_s2
20261007-221904,hpo_r1_c04,70a4541782cd,56d33a9ffe90,W-regime,2,0.9365610996117814,0.9955443926573668,26.79230769230769,0.7809764935772378,1.2382125811026115,6.8500000000000005,experiments/runs/hpo/20261007-221904_syn_hpo_r1_c04_70a4541782cd/W-regime_s2
20261007-221904,hpo_r1_c05,926728390d6f,56d33a9ffe90,W-regime,2,1.201918227015167,1.2204623484179407,9.263461538461538,0.7809764935772378,1.2382125811026115,6.8500000000000005,experiments/runs/hpo/20261007-221904_syn_hpo_r1_c05_926728390d6f/W-regime_s2
20261007-221904,hpo_r1_c06,7d4a26c8a6ee,56d33a9ffe90,W-regime,2,0.9932268587555738,1.0632329076842317,32.75240384615385,0.7809764935772378,1.2382125811026115,6.8500000000000005,experiments/runs/hpo/20261007-221904_syn_hpo_r1_c06_7d4a26c8a6ee/W-regime_s2
20261007-221904,hpo_r1_c07,398143d5dde4,56d33a9ffe90,W-regime,2,0.9447735027080756,0.997089668519663,24.41346153846154,0.7809764935772378,1.2382125811026115,6.8500000000000005,experiments/runs/hpo/20261007-221904_syn_hpo_r1_c07_398143d5dde4/W-regime_s2
20261007-221904,hpo_r1_c08,8044f2c1ec31,56d33a9ffe90,W-regime,2,0.8784627014133206,0.9622548596584485,36.13894230769231,0.7809764935772378,1.2382125811026115,6.8500000000000005,experiments/runs/hpo/20261007-221904_syn_hpo_r1_c08_8044f2c1ec31/W-regime_s2
20261007-221904,hpo_r1_c09,b7c618e77f66,56d33a9ffe90,W-regime,2,1.0166441149953211,1.031905261335685,8.078846153846154,0.7809764935772378,1.2382125811026115,6.8500000000000005,experiments/runs/hpo/20261007-221904_syn_hpo_r1_c09_b7c618e77f66/W-regime_s2
20261007-221904,hpo_r1_c10,97456a741e64,56d33a9ffe90,W-regime,2,1.2078040476851404,1.215925123298121,3.855769230769231,0.7809764935772378,1.2382125811026115,6.8500000000000005,experiments/runs/hpo/20261007-221904_syn_hpo_r1_c10_97456a741e64/W-regime_s2
20261007-221904,hpo_r1_c11,5b4862fbc7fc,56d33a9ffe90,W-regime,2,0.9145062916830572,0.9625461376786411,22.60192307692308,0.7809764935772378,1.2382125811026115,6.8500000000000005,experiments/runs/hpo/20261007-221904_syn_hpo_r1_c11_5b4862fbc7fc/W-regime_s2
20261007-221904,hpo_r1_c12,5fa54ed3a4b6,56d33a9ffe90,W-regime,2,1.193730741944497,1.2080905516414253,7.225,0.7809764935772378,1.2382125811026115,6.8500000000000005,experiments/runs/hpo/20261007-221904_syn_hpo_r1_c12_5fa54ed3a4b6/W-regime_s2
20261007-221904,hpo_r1_c13,85225a2d54e3,56d33a9ffe90,W-regime,2,0.8742678053155282,0.9486060109690128,32.35673076923077,0.7809764935772378,1.2382125811026115,6.8500000000000005,experiments/runs/hpo/20261007-221904_syn_hpo_r1_c13_85225a2d54e3/W-regime_s2
20261007-221904,hpo_r1_c14,e59c1b1b191b,56d33a9ffe90,W-regime,2,1.1336929863634544,1.1453370650618981,5.9375,0.7809764935772378,1.2382125811026115,6.8500000000000005,experiments/runs/hpo/20261007-221904_syn_hpo_r1_c14_e59c1b1b191b/W-regime_s2
20261007-221904,hpo_r1_c15,24cc419211f6,56d33a9ffe90,W-regime,2,1.1154949718397493,1.1364003304087575,10.516346153846156,0.7809764935772378,1.2382125811026115,6.8500000000000005,experiments/runs/hpo/20261007-221904_syn_hpo_r1_c15_24cc419211f6/W-regime_s2
20261007-221904,hpo_r1_c16,b205e72adda8,56d33a9ffe90,W-regime,2,1.0282538567278092,1.0779071118504187,22.89423076923077,0.7809764935772378,1.2382125811026115,6.8500000000000005,experiments/runs/hpo/20261007-221904_syn_hpo_r1_c16_b205e72adda8/W-regime_s2
20261007-221904,hpo_r1_c17,c1c49183501e,56d33a9ffe90,W-regime,2,0.7082624226962119,0.7321001731371318,13.487499999999999,0.7809764935772378,1.2382125811026115,6.8500000000000005,experiments/runs/hpo/20261007-221904_syn_hpo_r1_c17_c1c49183501e/W-regime_s2
20261007-221904,hpo_r1_c18,9418598b89e0,56d33a9ffe90,W-regime,2,0.8964045904015043,0.9864668215166668,40.38557692307692,0.7809764935772378,1.2382125811026115,6.8500000000000005,experiments/runs/hpo/20261007-221904_syn_hpo_r1_c18_9418598b89e0/W-regime_s2
20261007-221904,hpo_r1_c19,21feb3f75a6e,56d33a9ffe90,W-regime,2,1.180721638892338,1.1904150381839211,4.901442307692307,0.7809764935772378,1.2382125811026115,6.8500000000000005,experiments/runs/hpo/20261007-221904_syn_hpo_r1_c19_21feb3f75a6e/W-regime_s2
20261007-221904,hpo_r1_c20,28732343c5e9,56d33a9ffe90,W-regime,2,0.7918344920681993,0.9205095791938345,55.21826923076924,0.7809764935772378,1.2382125811026115,6.8500000000000005,experiments/runs/hpo/20261007-221904_syn_hpo_r1_c20_28732343c5e9/W-regime_s2
20261007-221904,hpo_r1_c21,42ff888a1878,56d33a9ffe90,W-regime,2,1.1929420711148524,1.2053847505441861,6.2682692307692305,0.7809764935772378,1.2382125811026115,6.8500000000000005,experiments/runs/hpo/20261007-221904_syn_hpo_r1_c21_42ff888a1878/W-regime_s2
20261007-221904,hpo_r1_c22,0ed7d4543cbc,56d33a9ffe90,W-regime,2,0.7809764935772378,0.781055291895404,0.05,0.7809764935772378,1.2382125811026115,6.8500000000000005,experiments/runs/hpo/20261007-221904_syn_hpo_r1_c22_0ed7d4543cbc/W-regime_s2
20261007-221904,hpo_r1_c23,b7fb2d40b404,56d33a9ffe90,W-regime,2,1.1547857330788085,1.177887772858572,11.581730769230768,0.7809764935772378,1.2382125811026115,6.8500000000000005,experiments/runs/hpo/20261007-221904_syn_hpo_r1_c23_b7fb2d40b404/W-regime_s2
20261007-221904,hpo_r1_c24,acc297957620,56d33a9ffe90,W-regime,2,1.1560195268830202,1.1758960127772367,9.960576923076925,0.7809764935772378,1.2382125811026115,6.8500000000000005,experiments/runs/hpo/20261007-221904_syn_hpo_r1_c24_acc297957620/W-regime_s2
20261007-221904,hpo_r1_c25,29de735e8dee,56d33a9ffe90,W-regime,2,1.159633666038269,1.1686142506532506,4.532692307692308,0.7809764935772378,1.2382125811026115,6.8500000000000005,experiments/runs/hpo/20261007-221904_syn_hpo_r1_c25_29de735e8dee/W-regime_s2
20261007-221904,hpo_r1_c26,6e9f2b365096,56d33a9ffe90,W-regime,2,1.1515422233267256,1.1714399478090167,10.01778846153846,0.7809764935772378,1.2382125811026115,6.8500000000000005,experiments/runs/hpo/20261007-221904_syn_hpo_r1_c26_6e9f2b365096/W-regime_s2
20261007-221904,hpo_r1_c27,a1b8ff9e252d,56d33a9ffe90,W-regime,2,0.7809764935772378,0.781055291895404,0.05,0.7809764935772378,1.2382125811026115,6.8500000000000005,experiments/runs/hpo/20261007-221904_syn_hpo_r1_c27_a1b8ff9e252d/W-regime_s2
20261007-221904,hpo_r1_c28,4b0217db1b6c,56d33a9ffe90,W-regime,2,0.7598403601443428,0.7827114656400416,13.020192307692307,0.7809764935772378,1.2382125811026115,6.8500000000000005,experiments/runs/hpo/20261007-221904_syn_hpo_r1_c28_4b0217db1b6c/W-regime_s2
20261007-221904,hpo_r1_c29,c141061a23dd,56d33a9ffe90,W-regime,2,1.087543030321972,1.1059973739349618,9.419230769230769,0.7809764935772378,1.2382125811026115,6.8500000000000005,experiments/runs/hpo/20261007-221904_syn_hpo_r1_c29_c141061a23dd/W-regime_s2
20261007-221904,hpo_r1_c30,a2661179db63,56d33a9ffe90,W-regime,2,1.0262547470571193,1.0449354965480397,9.7375,0.7809764935772378,1.2382125811026115,6.8500000000000005,experiments/runs/hpo/20261007-221904_syn_hpo_r1_c30_a2661179db63/W-regime_s2
20261007-221904,hpo_r1_c31,75bcb79373f1,56d33a9ffe90,W-regime,2,0.7807629649057827,0.7808464532211932,0.05288461538461539,0.7809764935772378,1.2382125811026115,6.8500000000000005,experiments/runs/hpo/20261007-221904_syn_hpo_r1_c31_75bcb79373f1/W-regime_s2
20261007-221904,hpo_r1_c00,391bd889dccf,56d33a9ffe90,W-regime,3,0.5023172937487441,0.5024030115238853,0.05,0.5023172937487441,1.4752307676823602,6.15,experiments/runs/hpo/20261007-221904_syn_hpo_r1_c00_391bd889dccf/W-regime_s3
20261007-221904,hpo_r1_c01,7f0042d508da,56d33a9ffe90,W-regime,3,0.5095334026786241,0.5550809390176237,18.49903846153846,0.5023172937487441,1.4752307676823602,6.15,experiments/runs/hpo/20261007-221904_syn_hpo_r1_c01_7f0042d508da/W-regime_s3
20261007-221904,hpo_r1_c02,3a1b71934460,56d33a9ffe90,W-regime,3,0.7923241538362908,0.8314489514766875,20.363942307692305,0.5023172937487441,1.4752307676823602,6.15,experiments/runs/hpo/20261007-221904_syn_hpo_r1_c02_3a1b71934460/W-regime_s3
20261007-221904,hpo_r1_c03,d999ecf80569,56d33a9ffe90,W-regime,3,0.5060653541136971,0.5171947272622548,5.592788461538461,0.5023172937487441,1.4752307676823602,6.15,experiments/runs/hpo/20261007-221904_syn_hpo_r1_c03_d999ecf80569/W-regime_s3
20261007-221904,hpo_r1_c04,70a4541782cd,56d33a9ffe90,W-regime,3,0.5140459437938975,0.6017836969975069,35.558653846153845,0.5023172937487441,1.4752307676823602,6.15,experiments/runs/hpo/20261007-221904_syn_hpo_r1_c04_70a4541782cd/W-regime_s3
20261007-221904,hpo_r1_c05,926728390d6f,56d33a9ffe90,W-regime,3,0.900209579686993,0.9405760819294432,19.984134615384615,0.5023172937487441,1.4752307676823602,6.15,experiments/runs/hpo/20261007-221904_syn_hpo_r1_c05_926728390d6f/W-regime_s3
20261007-221904,hpo_r1_c06,7d4a26c8a6ee,56d33a9ffe90,W-regime,3,0.7219007078570973,0.8136655041683009,43.55625,0.5023172937487441,1.4752307676823602,6.15,experiments/runs/hpo/20261007-221904_syn_hpo_r1_c06_7d4a26c8a6ee/W-regime_s3
20261007-221904,hpo_r1_c07,398143d5dde4,56d33a9ffe90,W-regime,3,0.6463734452058516,0.7138969840544066,31.458653846153847,0.5023172937487441,1.4752307676823602,6.15,experiments/runs/hpo/20261007-221904_syn_hpo_r1_c07_398143d5dde4/W-regime_s3
20261007-221904,hpo_r1_c08,8044f2c1ec31,56d33a9ffe90,W-regime,3,0.5476202364491851,0.6386539287098779,39.45528846153846,0.5023172937487441,1.4752307676823602,6.15,experiments/runs/hpo/20261007-221904_syn_hpo_r1_c08_8044f2c1ec31/W-regime_s3
20261007-221904,hpo_r1_c09,b7c618e77f66,56d33a9ffe90,W-regime,3,0.7651705796615721,0.7759346552005608,6.118269230769231,0.5023172937487441,1.4752307676823602,6.15,experiments/runs/hpo/20261007-221904_syn_hpo_r1_c09_b7c618e77f66/W-regime_s3
20261007-221904,hpo_r1_c10,97456a741e64,56d33a9ffe90,W-regime,3,0.8261157259250236,0.8391860013414572,6.360096153846154,0.5023172937487441,1.4752307676823602,6.15,experiments/runs/hpo/20261007-221904_syn_hpo_r1_c10_97456a741e64/W-regime_s3
20261007-221904,hpo_r1_c11,5b4862fbc7fc,56d33a9ffe90,W-regime,3,0.47278075620192594,0.5564844282286903,33.42403846153846,0.5023172937487441,1.4752307676823602,6.15,experiments/runs/hpo/20261007-221904_syn_hpo_r1_c11_5b4862fbc7fc/W-regime_s3
20261007-221904,hpo_r1_c12,5fa54ed3a4b6,56d33a9ffe90,W-regime,3,0.7982657930621189,0.8369848856092681,19.617307692307694,0.5023172937487441,1.4752307676823602,6.15,experiments/runs/hpo/20261007-221904_syn_hpo_r1_c12_5fa54ed3a4b6/W-regime_s3
20261007-221904,hpo_r1_c13,85225a2d54e3,56d33a9ffe90,W-regime,3,0.46120051465055556,0.5414569576172953,33.210576923076914,0.5023172937487441,1.4752307676823602,6.15,experiments/runs/hpo/20261007-221904_syn_hpo_r1_c13_85225a2d54e3/W-regime_s3
20261007-221904,hpo_r1_c14,e59c1b1b191b,56d33a9ffe90,W-regime,3,0.7584417648050849,0.8063630421688294,23.453365384615385,0.5023172937487441,1.4752307676823602,6.15,experiments/runs/hpo/20261007-221904_syn_hpo_r1_c14_e59c1b1b191b/W-regime_s3
20261007-221904,hpo_r1_c15,24cc419211f6,56d33a9ffe90,W-regime,3,0.6720926809885507,0.7218606877026204,26.220673076923077,0.5023172937487441,1.4752307676823602,6.15,experiments/runs/hpo/20261007-221904_syn_hpo_r1_c15_24cc419211f6/W-regime_s3
20261007-221904,hpo_r1_c16,b205e72adda8,56d33a9ffe90,W-regime,3,0.44478403900118096,0.5195587055081118,31.266346153846154,0.5023172937487441,1.4752307676823602,6.15,experiments/runs/hpo/20261007-221904_syn_hpo_r1_c16_b205e72adda8/W-regime_s3
20261007-221904,hpo_r1_c17,c1c49183501e,56d33a9ffe90,W-regime,3,0.46726687660809296,0.5131206385352056,25.065384615384616,0.5023172937487441,1.4752307676823602,6.15,experiments/runs/hpo/20261007-221904_syn_hpo_r1_c17_c1c49183501e/W-regime_s3
20261007-221904,hpo_r1_c18,9418598b89e0,56d33a9ffe90,W-regime,3,0.5819878634179052,0.7055493843665219,52.81490384615385,0.5023172937487441,1.4752307676823602,6.15,experiments/runs/hpo/20261007-221904_syn_hpo_r1_c18_9418598b89e0/W-regime_s3
20261007-221904,hpo_r1_c19,21feb3f75a6e,56d33a9ffe90,W-regime,3,0.9804133752326518,0.9866627020702976,3.3192307692307694,0.5023172937487441,1.4752307676823602,6.15,experiments/runs/hpo/20261007-221904_syn_hpo_r1_c19_21feb3f75a6e/W-regime_s3
20261007-221904,hpo_r1_c20,28732343c5e9,56d33a9ffe90,W-regime,3,0.3664077584067008,0.5582269226349704,75.35913461538462,0.5023172937487441,1.4752307676823602,6.15,experiments/runs/hpo/20261007-221904_syn_hpo_r1_c20_28732343c5e9/W-regime_s3
20261007-221904,hpo_r1_c21,42ff888a1878,56d33a9ffe90,W-regime,3,0.764255853412765,0.7960856877068874,16.254807692307693,0.5023172937487441,1.4752307676823602,6.15,experiments/runs/hpo/20261007-221904_syn_hpo_r1_c21_42ff888a1878/W-regime_s3
20261007-221904,hpo_r1_c22,0ed7d4543cbc,56d33a9ffe90,W-regime,3,0.5023172937487441,0.5024030115238853,0.05,0.5023172937487441,1.4752307676823602,6.15,experiments/runs/hpo/20261007-221904_syn_hpo_r1_c22_0ed7d4543cbc/W-regime_s3
20261007-221904,hpo_r1_c23,b7fb2d40b404,56d33a9ffe90,W-regime,3,0.7647493674986443,0.8141504419120495,24.526923076923076,0.5023172937487441,1.4752307676823602,6.15,experiments/runs/hpo/20261007-221904_syn_hpo_r1_c23_b7fb2d40b404/W-regime_s3
20261007-221904,hpo_r1_c24,acc297957620,56d33a9ffe90,W-regime,3,0.7052427009057303,0.74509274353533,21.56875,0.5023172937487441,1.4752307676823602,6.15,experiments/runs/hpo/20261007-221904_syn_hpo_r1_c24_acc297957620/W-regime_s3
20261007-221904,hpo_r1_c25,29de735e8dee,56d33a9ffe90,W-regime,3,0.6211275337839437,0.6215350552366292,0.24375000000000002,0.5023172937487441,1.4752307676823602,6.15,experiments/runs/hpo/20261007-221904_syn_hpo_r1_c25_29de735e8dee/W-regime_s3
20261007-221904,hpo_r1_c26,6e9f2b365096,56d33a9ffe90,W-regime,3,0.7451042012568415,0.7865482652398361,22.142307692307693,0.5023172937487441,1.4752307676823602,6.15,experiments/runs/hpo/20261007-221904_syn_hpo_r1_c26_6e9f2b365096/W-regime_s3
20261007-221904,hpo_r1_c27,a1b8ff9e252d,56d33a9ffe90,W-regime,3,0.5023172937487441,0.5024030115238853,0.05,0.5023172937487441,1.4752307676823602,6.15,experiments/runs/hpo/20261007-221904_syn_hpo_r1_c27_a1b8ff9e252d/W-regime_s3
20261007-221904,hpo_r1_c28,4b0217db1b6c,56d33a9ffe90,W-regime,3,0.45291477003351005,0.4878383904049083,19.724519230769232,0.5023172937487441,1.4752307676823602,6.15,experiments/runs/hpo/20261007-221904_syn_hpo_r1_c28_4b0217db1b6c/W-regime_s3
20261007-221904,hpo_r1_c29,c141061a23dd,56d33a9ffe90,W-regime,3,0.5030304381014166,0.5031160461290821,0.05,0.5023172937487441,1.4752307676823602,6.15,experiments/runs/hpo/20261007-221904_syn_hpo_r1_c29_c141061a23dd/W-regime_s3
20261007-221904,hpo_r1_c30,a2661179db63,56d33a9ffe90,W-regime,3,0.5094371748739036,0.5097275489268279,0.17596153846153847,0.5023172937487441,1.4752307676823602,6.15,experiments/runs/hpo/20261007-221904_syn_hpo_r1_c30_a2661179db63/W-regime_s3
20261007-221904,hpo_r1_c31,75bcb79373f1,56d33a9ffe90,W-regime,3,0.5016539069286958,0.5017671414835878,0.06730769230769232,0.5023172937487441,1.4752307676823602,6.15,experiments/runs/hpo/20261007-221904_syn_hpo_r1_c31_75bcb79373f1/W-regime_s3
20261007-221904,hpo_r1_c00,391bd889dccf,56d33a9ffe90,W-regime,4,0.9946880627508132,1.0050094665426612,5.476923076923078,0.6761323453012155,1.0808032431127579,6.2875000000000005,experiments/runs/hpo/20261007-221904_syn_hpo_r1_c00_391bd889dccf/W-regime_s4
20261007-221904,hpo_r1_c01,7f0042d508da,56d33a9ffe90,W-regime,4,0.6859986589081163,0.7225520647995949,15.90625,0.6761323453012155,1.0808032431127579,6.2875000000000005,experiments/runs/hpo/20261007-221904_syn_hpo_r1_c01_7f0042d508da/W-regime_s4
20261007-221904,hpo_r1_c02,3a1b71934460,56d33a9ffe90,W-regime,4,0.9079401422734605,0.9339810934661349,13.569230769230769,0.6761323453012155,1.0808032431127579,6.2875000000000005,experiments/runs/hpo/20261007-221904_syn_hpo_r1_c02_3a1b71934460/W-regime_s4
20261007-221904,hpo_r1_c03,d999ecf80569,56d33a9ffe90,W-regime,4,0.5547194236368017,0.5970231209653206,20.376442307692308,0.6761323453012155,1.0808032431127579,6.2875000000000005,experiments/runs/hpo/20261007-221904_syn_hpo_r1_c03_d999ecf80569/W-regime_s4
20261007-221904,hpo_r1_c04,70a4541782cd,56d33a9ffe90,W-regime,4,0.6812690668033364,0.7451180132589565,28.360576923076916,0.6761323453012155,1.0808032431127579,6.2875000000000005,experiments/runs/hpo/20261007-221904_syn_hpo_r1_c04_70a4541782cd/W-regime_s4
20261007-221904,hpo_r1_c05,926728390d6f,56d33a9ffe90,W-regime,4,0.676000985161389,0.676107633375983,0.06442307692307693,0.6761323453012155,1.0808032431127579,6.2875000000000005,experiments/runs/hpo/20261007-221904_syn_hpo_r1_c05_926728390d6f/W-regime_s4
20261007-221904,hpo_r1_c06,7d4a26c8a6ee,56d33a9ffe90,W-regime,4,0.8343234947661408,0.9119738629157982,36.81826923076923,0.6761323453012155,1.0808032431127579,6.2875000000000005,experiments/runs/hpo/20261007-221904_syn_hpo_r1_c06_7d4a26c8a6ee/W-regime_s4
20261007-221904,hpo_r1_c07,398143d5dde4,56d33a9ffe90,W-regime,4,0.8073277981534679,0.8556300024391025,23.626923076923077,0.6761323453012155,1.0808032431127579,6.2875000000000005,experiments/runs/hpo/20261007-221904_syn_hpo_r1_c07_398143d5dde4/W-regime_s4
20261007-221904,hpo_r1_c08,8044f2c1ec31,56d33a9ffe90,W-regime,4,0.6747229003045918,0.7479571084468806,33.59519230769231,0.6761323453012155,1.0808032431127579,6.2875000000000005,experiments/runs/hpo/20261007-221904_syn_hpo_r1_c08_8044f2c1ec31/W-regime_s4
20261007-221904,hpo_r1_c09,b7c618e77f66,56d33a9ffe90,W-regime,4,0.9540550897462218,0.9696837366703014,8.34326923076923,0.6761323453012155,1.0808032431127579,6.2875000000000005,experiments/runs/hpo/20261007-221904_syn_hpo_r1_c09_b7c618e77f66/W-regime_s4
20261007-221904,hpo_r1_c10,97456a741e64,56d33a9ffe90,W-regime,4,0.7572107924094996,0.799184294894719,19.61730769230769,0.6761323453012155,1.0808032431127579,6.2875000000000005,experiments/runs/hpo/20261007-221904_syn_hpo_r1_c10_97456a741e64/W-regime_s4
20261007-221904,hpo_r1_c11,5b4862fbc7fc,56d33a9ffe90,W-regime,4,0.9775210968505109,1.015780107909468,18.440384615384616,0.6761323453012155,1.0808032431127579,6.2875000000000005,experiments/runs/hpo/20261007-221904_syn_hpo_r1_c11_5b4862fbc7fc/W-regime_s4
20261007-221904,hpo_r1_c12,5fa54ed3a4b6,56d33a9ffe90,W-regime,4,0.7625098226198652,0.7657888467071676,1.843269230769231,0.6761323453012155,1.0808032431127579,6.2875000000000005,experiments/runs/hpo/20261007-221904_syn_hpo_r1_c12_5fa54ed3a4b6/W-regime_s4
20261007-221904,hpo_r1_c13,85225a2d54e3,56d33a9ffe90,W-regime,4,0.9259080436676937,0.9726112994267458,22.65,0.6761323453012155,1.0808032431127579,6.2875000000000005,experiments/runs/hpo/20261007-221904_syn_hpo_r1_c13_85225a2d54e3/W-regime_s4
20261007-221904,hpo_r1_c14,e59c1b1b191b,56d33a9ffe90,W-regime,4,0.6910756791715493,0.6918137564653997,0.4302884615384615,0.6761323453012155,1.0808032431127579,6.2875000000000005,experiments/runs/hpo/20261007-221904_syn_hpo_r1_c14_e59c1b1b191b/W-regime_s4
20261007-221904,hpo_r1_c15,24cc419211f6,56d33a9ffe90,W-regime,4,0.603029300372313,0.636688293873428,18.673557692307693,0.6761323453012155,1.0808032431127579,6.2875000000000005,experiments/runs/hpo/20261007-221904_syn_hpo_r1_c15_24cc419211f6/W-regime_s4
20261007-221904,hpo_r1_c16,b205e72adda8,56d33a9ffe90,W-regime,4,0.9565257332894238,0.9992097807784985,18.951923076923077,0.6761323453012155,1.0808032431127579,6.2875000000000005,experiments/runs/hpo/20261007-221904_syn_hpo_r1_c16_b205e72adda8/W-regime_s4
20261007-221904,hpo_r1_c17,c1c49183501e,56d33a9ffe90,W-regime,4,0.5939975398439612,0.6320147404774578,20.625,0.6761323453012155,1.0808032431127579,6.2875000000000005,experiments/runs/hpo/20261007-221904_syn_hpo_r1_c17_c1c49183501e/W-regime_s4
20261007-221904,hpo_r1_c18,9418598b89e0,56d33a9ffe90,W-regime,4,0.531254205417873,0.6403291124025309,45.49855769230769,0.6761323453012155,1.0808032431127579,6.2875000000000005,experiments/runs/hpo/20261007-221904_syn_hpo_r1_c18_9418598b89e0/W-regime_s4
20261007-221904,hpo_r1_c19,21feb3f75a6e,56d33a9ffe90,W-regime,4,1.056579401278684,1.0702592004271507,6.859615384615384,0.6761323453012155,1.0808032431127579,6.2875000000000005,experiments/runs/hpo/20261007-221904_syn_hpo_r1_c19_21feb3f75a6e/W-regime_s4
20261007-221904,hpo_r1_c20,28732343c5e9,56d33a9ffe90,W-regime,4,0.5466075188483139,0.6824602061491982,59.75048076923076,0.6761323453012155,1.0808032431127579,6.2875000000000005,experiments/runs/hpo/20261007-221904_syn_hpo_r1_c20_28732343c5e9/W-regime_s4
20261007-221904,hpo_r1_c21,42ff888a1878,56d33a9ffe90,W-regime,4,0.9748054428581427,0.9941018088950494,10.010576923076924,0.6761323453012155,1.0808032431127579,6.2875000000000005,experiments/runs/hpo/20261007-221904_syn_hpo_r1_c21_42ff888a1878/W-regime_s4
20261007-221904,hpo_r1_c22,0ed7d4543cbc,56d33a9ffe90,W-regime,4,0.6761323453012155,0.6762148754258003,0.05,0.6761323453012155,1.0808032431127579,6.2875000000000005,experiments/runs/hpo/20261007-221904_syn_hpo_r1_c22_0ed7d4543cbc/W-regime_s4
20261007-221904,hpo_r1_c23,b7fb2d40b404,56d33a9ffe90,W-regime,4,0.8830744698681551,0.9158488648073535,16.84423076923077,0.6761323453012155,1.0808032431127579,6.2875000000000005,experiments/runs/hpo/20261007-221904_syn_hpo_r1_c23_b7fb2d40b404/W-regime_s4
20261007-221904,hpo_r1_c24,acc297957620,56d33a9ffe90,W-regime,4,0.676816333018919,0.6774290809678264,0.36250000000000004,0.6761323453012155,1.0808032431127579,6.2875000000000005,experiments/runs/hpo/20261007-221904_syn_hpo_r1_c24_acc297957620/W-regime_s4
20261007-221904,hpo_r1_c25,29de735e8dee,56d33a9ffe90,W-regime,4,0.6761323453012155,0.6762148754258003,0.05,0.6761323453012155,1.0808032431127579,6.2875000000000005,experiments/runs/hpo/20261007-221904_syn_hpo_r1_c25_29de735e8dee/W-regime_s4
20261007-221904,hpo_r1_c26,6e9f2b365096,56d33a9ffe90,W-regime,4,0.7990045539969021,0.8339842128344302,18.15721153846154,0.6761323453012155,1.0808032431127579,6.2875000000000005,experiments/runs/hpo/20261007-221904_syn_hpo_r1_c26_6e9f2b365096/W-regime_s4
20261007-221904,hpo_r1_c27,a1b8ff9e252d,56d33a9ffe90,W-regime,4,0.6761323453012155,0.6762148754258003,0.05,0.6761323453012155,1.0808032431127579,6.2875000000000005,experiments/runs/hpo/20261007-221904_syn_hpo_r1_c27_a1b8ff9e252d/W-regime_s4
20261007-221904,hpo_r1_c28,4b0217db1b6c,56d33a9ffe90,W-regime,4,0.603421473869658,0.6355780469036552,17.908653846153847,0.6761323453012155,1.0808032431127579,6.2875000000000005,experiments/runs/hpo/20261007-221904_syn_hpo_r1_c28_4b0217db1b6c/W-regime_s4
20261007-221904,hpo_r1_c29,c141061a23dd,56d33a9ffe90,W-regime,4,0.6821067370228376,0.6823005270008053,0.11490384615384618,0.6761323453012155,1.0808032431127579,6.2875000000000005,experiments/runs/hpo/20261007-221904_syn_hpo_r1_c29_c141061a23dd/W-regime_s4
20261007-221904,hpo_r1_c30,a2661179db63,56d33a9ffe90,W-regime,4,0.6803488487707028,0.6808535649183217,0.29711538461538467,0.6761323453012155,1.0808032431127579,6.2875000000000005,experiments/runs/hpo/20261007-221904_syn_hpo_r1_c30_a2661179db63/W-regime_s4
20261007-221904,hpo_r1_c31,75bcb79373f1,56d33a9ffe90,W-regime,4,0.6760515067926137,0.6761629349103443,0.0673076923076923,0.6761323453012155,1.0808032431127579,6.2875000000000005,experiments/runs/hpo/20261007-221904_syn_hpo_r1_c31_75bcb79373f1/W-regime_s4
20261007-221904,hpo_r1_c00,391bd889dccf,56d33a9ffe90,W-swing,0,0.7499441157474028,0.7709193840527631,11.005288461538461,0.5706567812908876,0.8541667610295255,17.484615384615385,experiments/runs/hpo/20261007-221904_syn_hpo_r1_c00_391bd889dccf/W-swing_s0
20261007-221904,hpo_r1_c01,7f0042d508da,56d33a9ffe90,W-swing,0,0.7584490566077536,0.804630938814151,19.2375,0.5706567812908876,0.8541667610295255,17.484615384615385,experiments/runs/hpo/20261007-221904_syn_hpo_r1_c01_7f0042d508da/W-swing_s0
20261007-221904,hpo_r1_c02,3a1b71934460,56d33a9ffe90,W-swing,0,0.6752415529496234,0.7303166922693304,28.527884615384618,0.5706567812908876,0.8541667610295255,17.484615384615385,experiments/runs/hpo/20261007-221904_syn_hpo_r1_c02_3a1b71934460/W-swing_s0
20261007-221904,hpo_r1_c03,d999ecf80569,56d33a9ffe90,W-swing,0,0.6446030349842352,0.658546256876949,6.896634615384616,0.5706567812908876,0.8541667610295255,17.484615384615385,experiments/runs/hpo/20261007-221904_syn_hpo_r1_c03_d999ecf80569/W-swing_s0
20261007-221904,hpo_r1_c04,70a4541782cd,56d33a9ffe90,W-swing,0,0.6993662066017912,0.763584951825272,30.556730769230768,0.5706567812908876,0.8541667610295255,17.484615384615385,experiments/runs/hpo/20261007-221904_syn_hpo_r1_c04_70a4541782cd/W-swing_s0
20261007-221904,hpo_r1_c05,926728390d6f,56d33a9ffe90,W-swing,0,0.5947970932518873,0.6326404251780422,20.940384615384616,0.5706567812908876,0.8541667610295255,17.484615384615385,experiments/runs/hpo/20261007-221904_syn_hpo_r1_c05_926728390d6f/W-swing_s0
20261007-221904,hpo_r1_c06,7d4a26c8a6ee,56d33a9ffe90,W-swing,0,0.4471502867785885,0.5689410660715184,57.65096153846154,0.5706567812908876,0.8541667610295255,17.484615384615385,experiments/runs/hpo/20261007-221904_syn_hpo_r1_c06_7d4a26c8a6ee/W-swing_s0
20261007-221904,hpo_r1_c07,398143d5dde4,56d33a9ffe90,W-swing,0,0.545023233281388,0.6024029442185195,31.163461538461537,0.5706567812908876,0.8541667610295255,17.484615384615385,experiments/runs/hpo/20261007-221904_syn_hpo_r1_c07_398143d5dde4/W-swing_s0
20261007-221904,hpo_r1_c08,8044f2c1ec31,56d33a9ffe90,W-swing,0,0.5250369360215098,0.6072823067882337,42.55817307692308,0.5706567812908876,0.8541667610295255,17.484615384615385,experiments/runs/hpo/20261007-221904_syn_hpo_r1_c08_8044f2c1ec31/W-swing_s0
20261007-221904,hpo_r1_c09,b7c618e77f66,56d33a9ffe90,W-swing,0,0.5712945771505702,0.5715714994228318,0.17211538461538464,0.5706567812908876,0.8541667610295255,17.484615384615385,experiments/runs/hpo/20261007-221904_syn_hpo_r1_c09_b7c618e77f66/W-swing_s0
20261007-221904,hpo_r1_c10,97456a741e64,56d33a9ffe90,W-swing,0,0.6909839834075981,0.7071434587063666,7.555769230769232,0.5706567812908876,0.8541667610295255,17.484615384615385,experiments/runs/hpo/20261007-221904_syn_hpo_r1_c10_97456a741e64/W-swing_s0
20261007-221904,hpo_r1_c11,5b4862fbc7fc,56d33a9ffe90,W-swing,0,0.5019939773385813,0.5898504941635057,37.97596153846153,0.5706567812908876,0.8541667610295255,17.484615384615385,experiments/runs/hpo/20261007-221904_syn_hpo_r1_c11_5b4862fbc7fc/W-swing_s0
20261007-221904,hpo_r1_c12,5fa54ed3a4b6,56d33a9ffe90,W-swing,0,0.7843991851981831,0.8331152280827155,23.372115384615384,0.5706567812908876,0.8541667610295255,17.484615384615385,experiments/runs/hpo/20261007-221904_syn_hpo_r1_c12_5fa54ed3a4b6/W-swing_s0
20261007-221904,hpo_r1_c13,85225a2d54e3,56d33a9ffe90,W-swing,0,0.4935670076107304,0.6047188535595408,45.93557692307693,0.5706567812908876,0.8541667610295255,17.484615384615385,experiments/runs/hpo/20261007-221904_syn_hpo_r1_c13_85225a2d54e3/W-swing_s0
20261007-221904,hpo_r1_c14,e59c1b1b191b,56d33a9ffe90,W-swing,0,0.8176686479579859,0.8741543849971446,26.660096153846155,0.5706567812908876,0.8541667610295255,17.484615384615385,experiments/runs/hpo/20261007-221904_syn_hpo_r1_c14_e59c1b1b191b/W-swing_s0
20261007-221904,hpo_r1_c15,24cc419211f6,56d33a9ffe90,W-swing,0,0.581365271400336,0.6600729074563958,40.18221153846154,0.5706567812908876,0.8541667610295255,17.484615384615385,experiments/runs/hpo/20261007-221904_syn_hpo_r1_c15_24cc419211f6/W-swing_s0
20261007-221904,hpo_r1_c16,b205e72adda8,56d33a9ffe90,W-swing,0,0.6722086347065785,0.7439727628738858,30.67932692307692,0.5706567812908876,0.8541667610295255,17.484615384615385,experiments/runs/hpo/20261007-221904_syn_hpo_r1_c16_b205e72adda8/W-swing_s0
20261007-221904,hpo_r1_c17,c1c49183501e,56d33a9ffe90,W-swing,0,0.48152105568719106,0.5399096112095428,30.88461538461538,0.5706567812908876,0.8541667610295255,17.484615384615385,experiments/runs/hpo/20261007-221904_syn_hpo_r1_c17_c1c49183501e/W-swing_s0
20261007-221904,hpo_r1_c18,9418598b89e0,56d33a9ffe90,W-swing,0,0.4554381151231783,0.5792753717760334,52.167788461538464,0.5706567812908876,0.8541667610295255,17.484615384615385,experiments/runs/hpo/20261007-221904_syn_hpo_r1_c18_9418598b89e0/W-swing_s0
20261007-221904,hpo_r1_c19,21feb3f75a6e,56d33a9ffe90,W-swing,0,0.7182616405352154,0.7337598911821094,8.56971153846154,0.5706567812908876,0.8541667610295255,17.484615384615385,experiments/runs/hpo/20261007-221904_syn_hpo_r1_c19_21feb3f75a6e/W-swing_s0
20261007-221904,hpo_r1_c20,28732343c5e9,56d33a9ffe90,W-swing,0,0.28355785399052563,0.4842947276317721,81.06538461538462,0.5706567812908876,0.8541667610295255,17.484615384615385,experiments/runs/hpo/20261007-221904_syn_hpo_r1_c20_28732343c5e9/W-swing_s0
20261007-221904,hpo_r1_c21,42ff888a1878,56d33a9ffe90,W-swing,0,0.7805281100590671,0.8332809470311284,25.304807692307694,0.5706567812908876,0.8541667610295255,17.484615384615385,experiments/runs/hpo/20261007-221904_syn_hpo_r1_c21_42ff888a1878/W-swing_s0
20261007-221904,hpo_r1_c22,0ed7d4543cbc,56d33a9ffe90,W-swing,0,0.5706567812908876,0.5707330252957843,0.05,0.5706567812908876,0.8541667610295255,17.484615384615385,experiments/runs/hpo/20261007-221904_syn_hpo_r1_c22_0ed7d4543cbc/W-swing_s0
20261007-221904,hpo_r1_c23,b7fb2d40b404,56d33a9ffe90,W-swing,0,0.756260930210676,0.8077194813679688,24.19519230769231,0.5706567812908876,0.8541667610295255,17.484615384615385,experiments/runs/hpo/20261007-221904_syn_hpo_r1_c23_b7fb2d40b404/W-swing_s0
20261007-221904,hpo_r1_c24,acc297957620,56d33a9ffe90,W-swing,0,0.5721052017929967,0.5734078133683828,0.7942307692307692,0.5706567812908876,0.8541667610295255,17.484615384615385,experiments/runs/hpo/20261007-221904_syn_hpo_r1_c24_acc297957620/W-swing_s0
20261007-221904,hpo_r1_c25,29de735e8dee,56d33a9ffe90,W-swing,0,0.8271295149227242,0.843874144215449,8.378846153846155,0.5706567812908876,0.8541667610295255,17.484615384615385,experiments/runs/hpo/20261007-221904_syn_hpo_r1_c25_29de735e8dee/W-swing_s0
20261007-221904,hpo_r1_c26,6e9f2b365096,56d33a9ffe90,W-swing,0,0.7164720418574108,0.7971819131732526,38.589903846153845,0.5706567812908876,0.8541667610295255,17.484615384615385,experiments/runs/hpo/20261007-221904_syn_hpo_r1_c26_6e9f2b365096/W-swing_s0
20261007-221904,hpo_r1_c27,a1b8ff9e252d,56d33a9ffe90,W-swing,0,0.5706567812908876,0.5707330252957843,0.05,0.5706567812908876,0.8541667610295255,17.484615384615385,experiments/runs/hpo/20261007-221904_syn_hpo_r1_c27_a1b8ff9e252d/W-swing_s0
20261007-221904,hpo_r1_c28,4b0217db1b6c,56d33a9ffe90,W-swing,0,0.46766094361529015,0.5094746856626363,23.771634615384613,0.5706567812908876,0.8541667610295255,17.484615384615385,experiments/runs/hpo/20261007-221904_syn_hpo_r1_c28_4b0217db1b6c/W-swing_s0
20261007-221904,hpo_r1_c29,c141061a23dd,56d33a9ffe90,W-swing,0,0.5681299504108205,0.5682139402302965,0.049999999999999996,0.5706567812908876,0.8541667610295255,17.484615384615385,experiments/runs/hpo/20261007-221904_syn_hpo_r1_c29_c141061a23dd/W-swing_s0
20261007-221904,hpo_r1_c30,a2661179db63,56d33a9ffe90,W-swing,0,0.5753954268081826,0.5757871770751012,0.23750000000000002,0.5706567812908876,0.8541667610295255,17.484615384615385,experiments/runs/hpo/20261007-221904_syn_hpo_r1_c30_a2661179db63/W-swing_s0
20261007-221904,hpo_r1_c31,75bcb79373f1,56d33a9ffe90,W-swing,0,0.5706545059154892,0.5707338899563995,0.05192307692307692,0.5706567812908876,0.8541667610295255,17.484615384615385,experiments/runs/hpo/20261007-221904_syn_hpo_r1_c31_75bcb79373f1/W-swing_s0
20261007-221904,hpo_r1_c00,391bd889dccf,56d33a9ffe90,W-swing,1,0.9263885136200987,0.9580498003803825,13.67596153846154,0.5244036843584847,0.7437746319580776,17.55,experiments/runs/hpo/20261007-221904_syn_hpo_r1_c00_391bd889dccf/W-swing_s1
20261007-221904,hpo_r1_c01,7f0042d508da,56d33a9ffe90,W-swing,1,0.9060913324043927,0.9417374605367625,14.660576923076924,0.5244036843584847,0.7437746319580776,17.55,experiments/runs/hpo/20261007-221904_syn_hpo_r1_c01_7f0042d508da/W-swing_s1
20261007-221904,hpo_r1_c02,3a1b71934460,56d33a9ffe90,W-swing,1,0.6056773195526297,0.6626358076571737,28.746153846153852,0.5244036843584847,0.7437746319580776,17.55,experiments/runs/hpo/20261007-221904_syn_hpo_r1_c02_3a1b71934460/W-swing_s1
20261007-221904,hpo_r1_c03,d999ecf80569,56d33a9ffe90,W-swing,1,0.47702414948456406,0.49343638224717634,8.533653846153845,0.5244036843584847,0.7437746319580776,17.55,experiments/runs/hpo/20261007-221904_syn_hpo_r1_c03_d999ecf80569/W-swing_s1
20261007-221904,hpo_r1_c04,70a4541782cd,56d33a9ffe90,W-swing,1,0.6085210959913432,0.7024756857312225,39.35865384615386,0.5244036843584847,0.7437746319580776,17.55,experiments/runs/hpo/20261007-221904_syn_hpo_r1_c04_70a4541782cd/W-swing_s1
20261007-221904,hpo_r1_c05,926728390d6f,56d33a9ffe90,W-swing,1,0.6842508854903994,0.7360230633122871,25.58605769230769,0.5244036843584847,0.7437746319580776,17.55,experiments/runs/hpo/20261007-221904_syn_hpo_r1_c05_926728390d6f/W-swing_s1
20261007-221904,hpo_r1_c06,7d4a26c8a6ee,56d33a9ffe90,W-swing,1,0.4684568525811046,0.5824617220033889,51.96153846153847,0.5244036843584847,0.7437746319580776,17.55,experiments/runs/hpo/20261007-221904_syn_hpo_r1_c06_7d4a26c8a6ee/W-swing_s1
20261007-221904,hpo_r1_c07,398143d5dde4,56d33a9ffe90,W-swing,1,0.5589268203594473,0.6303382571235613,34.925000000000004,0.5244036843584847,0.7437746319580776,17.55,experiments/runs/hpo/20261007-221904_syn_hpo_r1_c07_398143d5dde4/W-swing_s1
20261007-221904,hpo_r1_c08,8044f2c1ec31,56d33a9ffe90,W-swing,1,0.4939485632121987,0.5700797429425275,38.55625,0.5244036843584847,0.7437746319580776,17.55,experiments/runs/hpo/20261007-221904_syn_hpo_r1_c08_8044f2c1ec31/W-swing_s1
20261007-221904,hpo_r1_c09,b7c618e77f66,56d33a9ffe90,W-swing,1,0.5323616353880326,0.533462379448787,0.651923076923077,0.5244036843584847,0.7437746319580776,17.55,experiments/runs/hpo/20261007-221904_syn_hpo_r1_c09_b7c618e77f66/W-swing_s1
20261007-221904,hpo_r1_c10,97456a741e64,56d33a9ffe90,W-swing,1,0.738184551338996,0.7886542437983983,18.764903846153846,0.5244036843584847,0.7437746319580776,17.55,experiments/runs/hpo/20261007-221904_syn_hpo_r1_c10_97456a741e64/W-swing_s1
20261007-221904,hpo_r1_c11,5b4862fbc7fc,56d33a9ffe90,W-swing,1,0.7178001895297088,0.7639830019440049,22.037980769230767,0.5244036843584847,0.7437746319580776,17.55,experiments/runs/hpo/20261007-221904_syn_hpo_r1_c11_5b4862fbc7fc/W-swing_s1
20261007-221904,hpo_r1_c12,5fa54ed3a4b6,56d33a9ffe90,W-swing,1,0.810363024218743,0.8542018854073148,20.619230769230768,0.5244036843584847,0.7437746319580776,17.55,experiments/runs/hpo/20261007-221904_syn_hpo_r1_c12_5fa54ed3a4b6/W-swing_s1
20261007-221904,hpo_r1_c13,85225a2d54e3,56d33a9ffe90,W-swing,1,0.49859681136973166,0.6044274884715424,42.612500000000004,0.5244036843584847,0.7437746319580776,17.55,experiments/runs/hpo/20261007-221904_syn_hpo_r1_c13_85225a2d54e3/W-swing_s1
20261007-221904,hpo_r1_c14,e59c1b1b191b,56d33a9ffe90,W-swing,1,0.6764805297600105,0.7383759134823825,29.938461538461542,0.5244036843584847,0.7437746319580776,17.55,experiments/runs/hpo/20261007-221904_syn_hpo_r1_c14_e59c1b1b191b/W-swing_s1
20261007-221904,hpo_r1_c15,24cc419211f6,56d33a9ffe90,W-swing,1,0.4851253021184047,0.5427060235600335,30.11105769230769,0.5244036843584847,0.7437746319580776,17.55,experiments/runs/hpo/20261007-221904_syn_hpo_r1_c15_24cc419211f6/W-swing_s1
20261007-221904,hpo_r1_c16,b205e72adda8,56d33a9ffe90,W-swing,1,0.7979021369444337,0.8249487276840312,13.358653846153846,0.5244036843584847,0.7437746319580776,17.55,experiments/runs/hpo/20261007-221904_syn_hpo_r1_c16_b205e72adda8/W-swing_s1
20261007-221904,hpo_r1_c17,c1c49183501e,56d33a9ffe90,W-swing,1,0.38310077220188327,0.43287072315241565,26.96586538461538,0.5244036843584847,0.7437746319580776,17.55,experiments/runs/hpo/20261007-221904_syn_hpo_r1_c17_c1c49183501e/W-swing_s1
20261007-221904,hpo_r1_c18,9418598b89e0,56d33a9ffe90,W-swing,1,0.6252588794327992,0.7827366213684689,58.705288461538466,0.5244036843584847,0.7437746319580776,17.55,experiments/runs/hpo/20261007-221904_syn_hpo_r1_c18_9418598b89e0/W-swing_s1
20261007-221904,hpo_r1_c19,21feb3f75a6e,56d33a9ffe90,W-swing,1,0.7514480080810599,0.775998105637562,12.01153846153846,0.5244036843584847,0.7437746319580776,17.55,experiments/runs/hpo/20261007-221904_syn_hpo_r1_c19_21feb3f75a6e/W-swing_s1
20261007-221904,hpo_r1_c20,28732343c5e9,56d33a9ffe90,W-swing,1,0.3376768231601054,0.5002829915279763,70.02932692307694,0.5244036843584847,0.7437746319580776,17.55,experiments/runs/hpo/20261007-221904_syn_hpo_r1_c20_28732343c5e9/W-swing_s1
20261007-221904,hpo_r1_c21,42ff888a1878,56d33a9ffe90,W-swing,1,0.7166185051718517,0.7695430872545842,25.60769230769231,0.5244036843584847,0.7437746319580776,17.55,experiments/runs/hpo/20261007-221904_syn_hpo_r1_c21_42ff888a1878/W-swing_s1
20261007-221904,hpo_r1_c22,0ed7d4543cbc,56d33a9ffe90,W-swing,1,0.5244036843584847,0.5244897217633935,0.05,0.5244036843584847,0.7437746319580776,17.55,experiments/runs/hpo/20261007-221904_syn_hpo_r1_c22_0ed7d4543cbc/W-swing_s1
20261007-221904,hpo_r1_c23,b7fb2d40b404,56d33a9ffe90,W-swing,1,0.8384862835321917,0.9073900493841336,30.148557692307698,0.5244036843584847,0.7437746319580776,17.55,experiments/runs/hpo/20261007-221904_syn_hpo_r1_c23_b7fb2d40b404/W-swing_s1
20261007-221904,hpo_r1_c24,acc297957620,56d33a9ffe90,W-swing,1,0.6085520339508039,0.6353247673066854,14.208653846153844,0.5244036843584847,0.7437746319580776,17.55,experiments/runs/hpo/20261007-221904_syn_hpo_r1_c24_acc297957620/W-swing_s1
20261007-221904,hpo_r1_c25,29de735e8dee,56d33a9ffe90,W-swing,1,0.8033022715620163,0.8228378268244736,9.496153846153845,0.5244036843584847,0.7437746319580776,17.55,experiments/runs/hpo/20261007-221904_syn_hpo_r1_c25_29de735e8dee/W-swing_s1
20261007-221904,hpo_r1_c26,6e9f2b365096,56d33a9ffe90,W-swing,1,0.609748424407584,0.6760177130722153,32.583653846153844,0.5244036843584847,0.7437746319580776,17.55,experiments/runs/hpo/20261007-221904_syn_hpo_r1_c26_6e9f2b365096/W-swing_s1
20261007-221904,hpo_r1_c27,a1b8ff9e252d,56d33a9ffe90,W-swing,1,0.5501377785152701,0.5598087005173672,5.603846153846155,0.5244036843584847,0.7437746319580776,17.55,experiments/runs/hpo/20261007-221904_syn_hpo_r1_c27_a1b8ff9e252d/W-swing_s1
20261007-221904,hpo_r1_c28,4b0217db1b6c,56d33a9ffe90,W-swing,1,0.4258058996357394,0.46014880791904705,19.357692307692307,0.5244036843584847,0.7437746319580776,17.55,experiments/runs/hpo/20261007-221904_syn_hpo_r1_c28_4b0217db1b6c/W-swing_s1
20261007-221904,hpo_r1_c29,c141061a23dd,56d33a9ffe90,W-swing,1,0.5244036843584847,0.5244897217633935,0.05,0.5244036843584847,0.7437746319580776,17.55,experiments/runs/hpo/20261007-221904_syn_hpo_r1_c29_c141061a23dd/W-swing_s1
20261007-221904,hpo_r1_c30,a2661179db63,56d33a9ffe90,W-swing,1,0.6680444955410335,0.6946635205096832,13.73173076923077,0.5244036843584847,0.7437746319580776,17.55,experiments/runs/hpo/20261007-221904_syn_hpo_r1_c30_a2661179db63/W-swing_s1
20261007-221904,hpo_r1_c31,75bcb79373f1,56d33a9ffe90,W-swing,1,0.5224833569390712,0.5232160738845466,0.43365384615384617,0.5244036843584847,0.7437746319580776,17.55,experiments/runs/hpo/20261007-221904_syn_hpo_r1_c31_75bcb79373f1/W-swing_s1
20261007-221904,hpo_r1_c00,391bd889dccf,56d33a9ffe90,W-swing,2,0.9354547192659606,0.9677657626923911,16.006730769230767,0.7563392828173399,1.0780839261925315,16.675,experiments/runs/hpo/20261007-221904_syn_hpo_r1_c00_391bd889dccf/W-swing_s2
20261007-221904,hpo_r1_c01,7f0042d508da,56d33a9ffe90,W-swing,2,0.9808595273252675,1.0020346618424825,9.647596153846155,0.7563392828173399,1.0780839261925315,16.675,experiments/runs/hpo/20261007-221904_syn_hpo_r1_c01_7f0042d508da/W-swing_s2
20261007-221904,hpo_r1_c02,3a1b71934460,56d33a9ffe90,W-swing,2,0.8246107632150899,0.874151156883086,24.990384615384613,0.7563392828173399,1.0780839261925315,16.675,experiments/runs/hpo/20261007-221904_syn_hpo_r1_c02_3a1b71934460/W-swing_s2
20261007-221904,hpo_r1_c03,d999ecf80569,56d33a9ffe90,W-swing,2,0.9398862409332371,0.9573759287126091,8.076442307692309,0.7563392828173399,1.0780839261925315,16.675,experiments/runs/hpo/20261007-221904_syn_hpo_r1_c03_d999ecf80569/W-swing_s2
20261007-221904,hpo_r1_c04,70a4541782cd,56d33a9ffe90,W-swing,2,0.8292251111135914,0.8968484514798166,30.753846153846155,0.7563392828173399,1.0780839261925315,16.675,experiments/runs/hpo/20261007-221904_syn_hpo_r1_c04_70a4541782cd/W-swing_s2
20261007-221904,hpo_r1_c05,926728390d6f,56d33a9ffe90,W-swing,2,0.8130299491860158,0.8518611667899763,20.7625,0.7563392828173399,1.0780839261925315,16.675,experiments/runs/hpo/20261007-221904_syn_hpo_r1_c05_926728390d6f/W-swing_s2
20261007-221904,hpo_r1_c06,7d4a26c8a6ee,56d33a9ffe90,W-swing,2,0.6977939267613288,0.8092477071461669,51.28557692307693,0.7563392828173399,1.0780839261925315,16.675,experiments/runs/hpo/20261007-221904_syn_hpo_r1_c06_7d4a26c8a6ee/W-swing_s2
20261007-221904,hpo_r1_c07,398143d5dde4,56d33a9ffe90,W-swing,2,0.6861885612168701,0.7305695540309532,23.725,0.7563392828173399,1.0780839261925315,16.675,experiments/runs/hpo/20261007-221904_syn_hpo_r1_c07_398143d5dde4/W-swing_s2
20261007-221904,hpo_r1_c08,8044f2c1ec31,56d33a9ffe90,W-swing,2,0.44162986161788503,0.5593487389379153,47.60096153846154,0.7563392828173399,1.0780839261925315,16.675,experiments/runs/hpo/20261007-221904_syn_hpo_r1_c08_8044f2c1ec31/W-swing_s2
20261007-221904,hpo_r1_c09,b7c618e77f66,56d33a9ffe90,W-swing,2,0.7325840152698189,0.77088875546141,20.490384615384613,0.7563392828173399,1.0780839261925315,16.675,experiments/runs/hpo/20261007-221904_syn_hpo_r1_c09_b7c618e77f66/W-swing_s2
20261007-221904,hpo_r1_c10,97456a741e64,56d33a9ffe90,W-swing,2,1.0035016237316006,1.0249463044302018,9.56875,0.7563392828173399,1.0780839261925315,16.675,experiments/runs/hpo/20261007-221904_syn_hpo_r1_c10_97456a741e64/W-swing_s2
20261007-221904,hpo_r1_c11,5b4862fbc7fc,56d33a9ffe90,W-swing,2,0.8912387523235006,0.9250142623478366,17.01105769230769,0.7563392828173399,1.0780839261925315,16.675,experiments/runs/hpo/20261007-221904_syn_hpo_r1_c11_5b4862fbc7fc/W-swing_s2
20261007-221904,hpo_r1_c12,5fa54ed3a4b6,56d33a9ffe90,W-swing,2,1.0022612128233301,1.0411204348426568,18.28173076923077,0.7563392828173399,1.0780839261925315,16.675,experiments/runs/hpo/20261007-221904_syn_hpo_r1_c12_5fa54ed3a4b6/W-swing_s2
20261007-221904,hpo_r1_c13,85225a2d54e3,56d33a9ffe90,W-swing,2,0.7969870343609485,0.8481606509583406,25.358653846153846,0.7563392828173399,1.0780839261925315,16.675,experiments/runs/hpo/20261007-221904_syn_hpo_r1_c13_85225a2d54e3/W-swing_s2
20261007-221904,hpo_r1_c14,e59c1b1b191b,56d33a9ffe90,W-swing,2,0.8846835927786295,0.9209157624768484,18.485096153846154,0.7563392828173399,1.0780839261925315,16.675,experiments/runs/hpo/20261007-221904_syn_hpo_r1_c14_e59c1b1b191b/W-swing_s2
20261007-221904,hpo_r1_c15,24cc419211f6,56d33a9ffe90,W-swing,2,0.7212765743059226,0.767753587857469,24.721634615384616,0.7563392828173399,1.0780839261925315,16.675,experiments/runs/hpo/20261007-221904_syn_hpo_r1_c15_24cc419211f6/W-swing_s2
20261007-221904,hpo_r1_c16,b205e72adda8,56d33a9ffe90,W-swing,2,0.9509407032039491,0.9714118752538438,10.295192307692307,0.7563392828173399,1.0780839261925315,16.675,experiments/runs/hpo/20261007-221904_syn_hpo_r1_c16_b205e72adda8/W-swing_s2
20261007-221904,hpo_r1_c17,c1c49183501e,56d33a9ffe90,W-swing,2,0.6086830563505553,0.6338010659188515,14.151923076923078,0.7563392828173399,1.0780839261925315,16.675,experiments/runs/hpo/20261007-221904_syn_hpo_r1_c17_c1c49183501e/W-swing_s2
20261007-221904,hpo_r1_c18,9418598b89e0,56d33a9ffe90,W-swing,2,0.7900934089275307,0.9005448765701536,48.845673076923084,0.7563392828173399,1.0780839261925315,16.675,experiments/runs/hpo/20261007-221904_syn_hpo_r1_c18_9418598b89e0/W-swing_s2
20261007-221904,hpo_r1_c19,21feb3f75a6e,56d33a9ffe90,W-swing,2,0.9459110209694436,0.9677709693875596,11.301442307692305,0.7563392828173399,1.0780839261925315,16.675,experiments/runs/hpo/20261007-221904_syn_hpo_r1_c19_21feb3f75a6e/W-swing_s2
20261007-221904,hpo_r1_c20,28732343c5e9,56d33a9ffe90,W-swing,2,0.48059621953297604,0.6430591562494633,70.42884615384615,0.7563392828173399,1.0780839261925315,16.675,experiments/runs/hpo/20261007-221904_syn_hpo_r1_c20_28732343c5e9/W-swing_s2
20261007-221904,hpo_r1_c21,42ff888a1878,56d33a9ffe90,W-swing,2,0.9398110305529278,0.974414818290645,17.49326923076923,0.7563392828173399,1.0780839261925315,16.675,experiments/runs/hpo/20261007-221904_syn_hpo_r1_c21_42ff888a1878/W-swing_s2
20261007-221904,hpo_r1_c22,0ed7d4543cbc,56d33a9ffe90,W-swing,2,0.7563392828173399,0.756417232026858,0.05,0.7563392828173399,1.0780839261925315,16.675,experiments/runs/hpo/20261007-221904_syn_hpo_r1_c22_0ed7d4543cbc/W-swing_s2
20261007-221904,hpo_r1_c23,b7fb2d40b404,56d33a9ffe90,W-swing,2,0.9746159828056383,1.0191977417319407,21.871153846153845,0.7563392828173399,1.0780839261925315,16.675,experiments/runs/hpo/20261007-221904_syn_hpo_r1_c23_b7fb2d40b404/W-swing_s2
20261007-221904,hpo_r1_c24,acc297957620,56d33a9ffe90,W-swing,2,0.8238618752221533,0.8319479184750901,4.6134615384615385,0.7563392828173399,1.0780839261925315,16.675,experiments/runs/hpo/20261007-221904_syn_hpo_r1_c24_acc297957620/W-swing_s2
20261007-221904,hpo_r1_c25,29de735e8dee,56d33a9ffe90,W-swing,2,0.9756531873538701,0.9977251610436447,11.089903846153847,0.7563392828173399,1.0780839261925315,16.675,experiments/runs/hpo/20261007-221904_syn_hpo_r1_c25_29de735e8dee/W-swing_s2
20261007-221904,hpo_r1_c26,6e9f2b365096,56d33a9ffe90,W-swing,2,0.8653841720943078,0.929250850019066,30.927403846153844,0.7563392828173399,1.0780839261925315,16.675,experiments/runs/hpo/20261007-221904_syn_hpo_r1_c26_6e9f2b365096/W-swing_s2
20261007-221904,hpo_r1_c27,a1b8ff9e252d,56d33a9ffe90,W-swing,2,0.7927019403126326,0.8074914071334292,8.375,0.7563392828173399,1.0780839261925315,16.675,experiments/runs/hpo/20261007-221904_syn_hpo_r1_c27_a1b8ff9e252d/W-swing_s2
20261007-221904,hpo_r1_c28,4b0217db1b6c,56d33a9ffe90,W-swing,2,0.655389184354953,0.6759662646614758,11.894230769230768,0.7563392828173399,1.0780839261925315,16.675,experiments/runs/hpo/20261007-221904_syn_hpo_r1_c28_4b0217db1b6c/W-swing_s2
20261007-221904,hpo_r1_c29,c141061a23dd,56d33a9ffe90,W-swing,2,0.7779999592338686,0.7804403761759083,1.4269230769230772,0.7563392828173399,1.0780839261925315,16.675,experiments/runs/hpo/20261007-221904_syn_hpo_r1_c29_c141061a23dd/W-swing_s2
20261007-221904,hpo_r1_c30,a2661179db63,56d33a9ffe90,W-swing,2,0.9185927493497742,0.9453405851000635,13.660096153846155,0.7563392828173399,1.0780839261925315,16.675,experiments/runs/hpo/20261007-221904_syn_hpo_r1_c30_a2661179db63/W-swing_s2
20261007-221904,hpo_r1_c31,75bcb79373f1,56d33a9ffe90,W-swing,2,0.7563266373490762,0.7564078480356695,0.05192307692307693,0.7563392828173399,1.0780839261925315,16.675,experiments/runs/hpo/20261007-221904_syn_hpo_r1_c31_75bcb79373f1/W-swing_s2
20261007-221904,hpo_r1_c00,391bd889dccf,56d33a9ffe90,W-swing,3,1.1827843199267598,1.2084978610907335,11.939423076923077,0.8596360115731788,1.229737897854705,16.701923076923077,experiments/runs/hpo/20261007-221904_syn_hpo_r1_c00_391bd889dccf/W-swing_s3
20261007-221904,hpo_r1_c01,7f0042d508da,56d33a9ffe90,W-swing,3,0.9555304406147834,1.0076483657971216,18.666346153846153,0.8596360115731788,1.229737897854705,16.701923076923077,experiments/runs/hpo/20261007-221904_syn_hpo_r1_c01_7f0042d508da/W-swing_s3
20261007-221904,hpo_r1_c02,3a1b71934460,56d33a9ffe90,W-swing,3,1.0308589959085979,1.108179044950521,32.9125,0.8596360115731788,1.229737897854705,16.701923076923077,experiments/runs/hpo/20261007-221904_syn_hpo_r1_c02_3a1b71934460/W-swing_s3
20261007-221904,hpo_r1_c03,d999ecf80569,56d33a9ffe90,W-swing,3,1.0297457817425586,1.0490819093100576,8.903846153846155,0.8596360115731788,1.229737897854705,16.701923076923077,experiments/runs/hpo/20261007-221904_syn_hpo_r1_c03_d999ecf80569/W-swing_s3
20261007-221904,hpo_r1_c04,70a4541782cd,56d33a9ffe90,W-swing,3,0.5376743831993787,0.6402764095746916,40.675000000000004,0.8596360115731788,1.229737897854705,16.701923076923077,experiments/runs/hpo/20261007-221904_syn_hpo_r1_c04_70a4541782cd/W-swing_s3
20261007-221904,hpo_r1_c05,926728390d6f,56d33a9ffe90,W-swing,3,0.9512032377037727,1.018679745504107,31.516346153846154,0.8596360115731788,1.229737897854705,16.701923076923077,experiments/runs/hpo/20261007-221904_syn_hpo_r1_c05_926728390d6f/W-swing_s3
20261007-221904,hpo_r1_c06,7d4a26c8a6ee,56d33a9ffe90,W-swing,3,0.8220758519612379,0.961477651368579,58.413461538461526,0.8596360115731788,1.229737897854705,16.701923076923077,experiments/runs/hpo/20261007-221904_syn_hpo_r1_c06_7d4a26c8a6ee/W-swing_s3
20261007-221904,hpo_r1_c07,398143d5dde4,56d33a9ffe90,W-swing,3,0.7628842810404676,0.8675253128125037,46.04182692307692,0.8596360115731788,1.229737897854705,16.701923076923077,experiments/runs/hpo/20261007-221904_syn_hpo_r1_c07_398143d5dde4/W-swing_s3
20261007-221904,hpo_r1_c08,8044f2c1ec31,56d33a9ffe90,W-swing,3,0.7584468119532732,0.8690430598613923,51.18269230769231,0.8596360115731788,1.229737897854705,16.701923076923077,experiments/runs/hpo/20261007-221904_syn_hpo_r1_c08_8044f2c1ec31/W-swing_s3
20261007-221904,hpo_r1_c09,b7c618e77f66,56d33a9ffe90,W-swing,3,0.8810603620619287,0.9306072868126458,25.40625,0.8596360115731788,1.229737897854705,16.701923076923077,experiments/runs/hpo/20261007-221904_syn_hpo_r1_c09_b7c618e77f66/W-swing_s3
20261007-221904,hpo_r1_c10,97456a741e64,56d33a9ffe90,W-swing,3,1.0089633004356329,1.0266149831959246,8.518749999999999,0.8596360115731788,1.229737897854705,16.701923076923077,experiments/runs/hpo/20261007-221904_syn_hpo_r1_c10_97456a741e64/W-swing_s3
20261007-221904,hpo_r1_c11,5b4862fbc7fc,56d33a9ffe90,W-swing,3,0.9484586957704643,0.9974027573220635,23.00769230769231,0.8596360115731788,1.229737897854705,16.701923076923077,experiments/runs/hpo/20261007-221904_syn_hpo_r1_c11_5b4862fbc7fc/W-swing_s3
20261007-221904,hpo_r1_c12,5fa54ed3a4b6,56d33a9ffe90,W-swing,3,1.0683045228500412,1.1258202679831588,24.298076923076923,0.8596360115731788,1.229737897854705,16.701923076923077,experiments/runs/hpo/20261007-221904_syn_hpo_r1_c12_5fa54ed3a4b6/W-swing_s3
20261007-221904,hpo_r1_c13,85225a2d54e3,56d33a9ffe90,W-swing,3,0.6179967565248644,0.7187194350381614,43.39038461538462,0.8596360115731788,1.229737897854705,16.701923076923077,experiments/runs/hpo/20261007-221904_syn_hpo_r1_c13_85225a2d54e3/W-swing_s3
20261007-221904,hpo_r1_c14,e59c1b1b191b,56d33a9ffe90,W-swing,3,1.1029276518881768,1.1734406780925886,28.703846153846154,0.8596360115731788,1.229737897854705,16.701923076923077,experiments/runs/hpo/20261007-221904_syn_hpo_r1_c14_e59c1b1b191b/W-swing_s3
20261007-221904,hpo_r1_c15,24cc419211f6,56d33a9ffe90,W-swing,3,0.8830836515346725,0.9550680455621648,34.862500000000004,0.8596360115731788,1.229737897854705,16.701923076923077,experiments/runs/hpo/20261007-221904_syn_hpo_r1_c15_24cc419211f6/W-swing_s3
20261007-221904,hpo_r1_c16,b205e72adda8,56d33a9ffe90,W-swing,3,1.133858673713302,1.1700742256951178,16.174999999999997,0.8596360115731788,1.229737897854705,16.701923076923077,experiments/runs/hpo/20261007-221904_syn_hpo_r1_c16_b205e72adda8/W-swing_s3
20261007-221904,hpo_r1_c17,c1c49183501e,56d33a9ffe90,W-swing,3,0.7456814034001618,0.7949960798582324,25.552884615384617,0.8596360115731788,1.229737897854705,16.701923076923077,experiments/runs/hpo/20261007-221904_syn_hpo_r1_c17_c1c49183501e/W-swing_s3
20261007-221904,hpo_r1_c18,9418598b89e0,56d33a9ffe90,W-swing,3,0.7467944619968554,0.9043361723225637,58.49375,0.8596360115731788,1.229737897854705,16.701923076923077,experiments/runs/hpo/20261007-221904_syn_hpo_r1_c18_9418598b89e0/W-swing_s3
20261007-221904,hpo_r1_c19,21feb3f75a6e,56d33a9ffe90,W-swing,3,1.1553028022301821,1.1898913715107464,15.296153846153846,0.8596360115731788,1.229737897854705,16.701923076923077,experiments/runs/hpo/20261007-221904_syn_hpo_r1_c19_21feb3f75a6e/W-swing_s3
20261007-221904,hpo_r1_c20,28732343c5e9,56d33a9ffe90,W-swing,3,0.5717801950238037,0.785550201653198,81.4375,0.8596360115731788,1.229737897854705,16.701923076923077,experiments/runs/hpo/20261007-221904_syn_hpo_r1_c20_28732343c5e9/W-swing_s3
20261007-221904,hpo_r1_c21,42ff888a1878,56d33a9ffe90,W-swing,3,1.015434847559176,1.0693654674716118,22.778846153846153,0.8596360115731788,1.229737897854705,16.701923076923077,experiments/runs/hpo/20261007-221904_syn_hpo_r1_c21_42ff888a1878/W-swing_s3
20261007-221904,hpo_r1_c22,0ed7d4543cbc,56d33a9ffe90,W-swing,3,0.8610584996647547,0.8611463321405555,0.05,0.8596360115731788,1.229737897854705,16.701923076923077,experiments/runs/hpo/20261007-221904_syn_hpo_r1_c22_0ed7d4543cbc/W-swing_s3
20261007-221904,hpo_r1_c23,b7fb2d40b404,56d33a9ffe90,W-swing,3,1.0657551016631002,1.1482993481002708,32.55528846153846,0.8596360115731788,1.229737897854705,16.701923076923077,experiments/runs/hpo/20261007-221904_syn_hpo_r1_c23_b7fb2d40b404/W-swing_s3
20261007-221904,hpo_r1_c24,acc297957620,56d33a9ffe90,W-swing,3,1.1846549412676555,1.2390910031191973,24.11057692307692,0.8596360115731788,1.229737897854705,16.701923076923077,experiments/runs/hpo/20261007-221904_syn_hpo_r1_c24_acc297957620/W-swing_s3
20261007-221904,hpo_r1_c25,29de735e8dee,56d33a9ffe90,W-swing,3,1.181666412616291,1.2046473710271033,10.30096153846154,0.8596360115731788,1.229737897854705,16.701923076923077,experiments/runs/hpo/20261007-221904_syn_hpo_r1_c25_29de735e8dee/W-swing_s3
20261007-221904,hpo_r1_c26,6e9f2b365096,56d33a9ffe90,W-swing,3,1.021132440416131,1.1044100158483476,35.02307692307693,0.8596360115731788,1.229737897854705,16.701923076923077,experiments/runs/hpo/20261007-221904_syn_hpo_r1_c26_6e9f2b365096/W-swing_s3
20261007-221904,hpo_r1_c27,a1b8ff9e252d,56d33a9ffe90,W-swing,3,1.0680017080295137,1.1280622580804198,28.040384615384617,0.8596360115731788,1.229737897854705,16.701923076923077,experiments/runs/hpo/20261007-221904_syn_hpo_r1_c27_a1b8ff9e252d/W-swing_s3
20261007-221904,hpo_r1_c28,4b0217db1b6c,56d33a9ffe90,W-swing,3,0.7850502617243151,0.8269987522361137,22.380288461538463,0.8596360115731788,1.229737897854705,16.701923076923077,experiments/runs/hpo/20261007-221904_syn_hpo_r1_c28_4b0217db1b6c/W-swing_s3
20261007-221904,hpo_r1_c29,c141061a23dd,56d33a9ffe90,W-swing,3,1.0191246784671029,1.0356767645399367,8.525,0.8596360115731788,1.229737897854705,16.701923076923077,experiments/runs/hpo/20261007-221904_syn_hpo_r1_c29_c141061a23dd/W-swing_s3
20261007-221904,hpo_r1_c30,a2661179db63,56d33a9ffe90,W-swing,3,1.0901812183898736,1.1102442716837273,9.893269230769231,0.8596360115731788,1.229737897854705,16.701923076923077,experiments/runs/hpo/20261007-221904_syn_hpo_r1_c30_a2661179db63/W-swing_s3
20261007-221904,hpo_r1_c31,75bcb79373f1,56d33a9ffe90,W-swing,3,0.8336355557059761,0.8375309005660067,2.3326923076923083,0.8596360115731788,1.229737897854705,16.701923076923077,experiments/runs/hpo/20261007-221904_syn_hpo_r1_c31_75bcb79373f1/W-swing_s3
20261007-221904,hpo_r1_c00,391bd889dccf,56d33a9ffe90,W-swing,4,0.8385185929244395,0.871339584982146,15.50769230769231,0.4955607164879871,0.9855654038094397,16.97307692307692,experiments/runs/hpo/20261007-221904_syn_hpo_r1_c00_391bd889dccf/W-swing_s4
20261007-221904,hpo_r1_c01,7f0042d508da,56d33a9ffe90,W-swing,4,0.7477848431046871,0.7730130258084525,11.686538461538461,0.4955607164879871,0.9855654038094397,16.97307692307692,experiments/runs/hpo/20261007-221904_syn_hpo_r1_c01_7f0042d508da/W-swing_s4
20261007-221904,hpo_r1_c02,3a1b71934460,56d33a9ffe90,W-swing,4,0.6623429425708091,0.7047629004519824,22.71057692307692,0.4955607164879871,0.9855654038094397,16.97307692307692,experiments/runs/hpo/20261007-221904_syn_hpo_r1_c02_3a1b71934460/W-swing_s4
20261007-221904,hpo_r1_c03,d999ecf80569,56d33a9ffe90,W-swing,4,0.3594743332797115,0.41560611592903557,26.39230769230769,0.4955607164879871,0.9855654038094397,16.97307692307692,experiments/runs/hpo/20261007-221904_syn_hpo_r1_c03_d999ecf80569/W-swing_s4
20261007-221904,hpo_r1_c04,70a4541782cd,56d33a9ffe90,W-swing,4,0.49507050496507643,0.5710892455007343,35.246153846153845,0.4955607164879871,0.9855654038094397,16.97307692307692,experiments/runs/hpo/20261007-221904_syn_hpo_r1_c04_70a4541782cd/W-swing_s4
20261007-221904,hpo_r1_c05,926728390d6f,56d33a9ffe90,W-swing,4,0.49550452405496376,0.4955871945080532,0.05096153846153846,0.4955607164879871,0.9855654038094397,16.97307692307692,experiments/runs/hpo/20261007-221904_syn_hpo_r1_c05_926728390d6f/W-swing_s4
20261007-221904,hpo_r1_c06,7d4a26c8a6ee,56d33a9ffe90,W-swing,4,0.5164304069879222,0.623075111631167,49.73413461538461,0.4955607164879871,0.9855654038094397,16.97307692307692,experiments/runs/hpo/20261007-221904_syn_hpo_r1_c06_7d4a26c8a6ee/W-swing_s4
20261007-221904,hpo_r1_c07,398143d5dde4,56d33a9ffe90,W-swing,4,0.5357824070248185,0.5969697537575094,32.15432692307692,0.4955607164879871,0.9855654038094397,16.97307692307692,experiments/runs/hpo/20261007-221904_syn_hpo_r1_c07_398143d5dde4/W-swing_s4
20261007-221904,hpo_r1_c08,8044f2c1ec31,56d33a9ffe90,W-swing,4,0.43158112406460014,0.5327023323187892,45.98365384615384,0.4955607164879871,0.9855654038094397,16.97307692307692,experiments/runs/hpo/20261007-221904_syn_hpo_r1_c08_8044f2c1ec31/W-swing_s4
20261007-221904,hpo_r1_c09,b7c618e77f66,56d33a9ffe90,W-swing,4,0.5225703533792231,0.5310695216553476,5.0769230769230775,0.4955607164879871,0.9855654038094397,16.97307692307692,experiments/runs/hpo/20261007-221904_syn_hpo_r1_c09_b7c618e77f66/W-swing_s4
20261007-221904,hpo_r1_c10,97456a741e64,56d33a9ffe90,W-swing,4,0.6888660904449672,0.7335226048519374,20.860096153846154,0.4955607164879871,0.9855654038094397,16.97307692307692,experiments/runs/hpo/20261007-221904_syn_hpo_r1_c10_97456a741e64/W-swing_s4
20261007-221904,hpo_r1_c11,5b4862fbc7fc,56d33a9ffe90,W-swing,4,0.7132458754592289,0.7406765220899797,14.667788461538464,0.4955607164879871,0.9855654038094397,16.97307692307692,experiments/runs/hpo/20261007-221904_syn_hpo_r1_c11_5b4862fbc7fc/W-swing_s4
20261007-221904,hpo_r1_c12,5fa54ed3a4b6,56d33a9ffe90,W-swing,4,0.7969609498535576,0.8175939709413151,10.61346153846154,0.4955607164879871,0.9855654038094397,16.97307692307692,experiments/runs/hpo/20261007-221904_syn_hpo_r1_c12_5fa54ed3a4b6/W-swing_s4
20261007-221904,hpo_r1_c13,85225a2d54e3,56d33a9ffe90,W-swing,4,0.4782841125362394,0.5710423229497539,39.598076923076924,0.4955607164879871,0.9855654038094397,16.97307692307692,experiments/runs/hpo/20261007-221904_syn_hpo_r1_c13_85225a2d54e3/W-swing_s4
20261007-221904,hpo_r1_c14,e59c1b1b191b,56d33a9ffe90,W-swing,4,0.7527647356755915,0.7955517937777018,22.07019230769231,0.4955607164879871,0.9855654038094397,16.97307692307692,experiments/runs/hpo/20261007-221904_syn_hpo_r1_c14_e59c1b1b191b/W-swing_s4
20261007-221904,hpo_r1_c15,24cc419211f6,56d33a9ffe90,W-swing,4,0.4972412450003018,0.553621741432633,30.423076923076927,0.4955607164879871,0.9855654038094397,16.97307692307692,experiments/runs/hpo/20261007-221904_syn_hpo_r1_c15_24cc419211f6/W-swing_s4
20261007-221904,hpo_r1_c16,b205e72adda8,56d33a9ffe90,W-swing,4,0.5155872371068961,0.5730625035203165,25.450961538461538,0.4955607164879871,0.9855654038094397,16.97307692307692,experiments/runs/hpo/20261007-221904_syn_hpo_r1_c16_b205e72adda8/W-swing_s4
20261007-221904,hpo_r1_c17,c1c49183501e,56d33a9ffe90,W-swing,4,0.44710186687115777,0.5021221679198652,29.42788461538462,0.4955607164879871,0.9855654038094397,16.97307692307692,experiments/runs/hpo/20261007-221904_syn_hpo_r1_c17_c1c49183501e/W-swing_s4
20261007-221904,hpo_r1_c18,9418598b89e0,56d33a9ffe90,W-swing,4,0.42745041691926555,0.5407587062208101,48.245192307692314,0.4955607164879871,0.9855654038094397,16.97307692307692,experiments/runs/hpo/20261007-221904_syn_hpo_r1_c18_9418598b89e0/W-swing_s4
20261007-221904,hpo_r1_c19,21feb3f75a6e,56d33a9ffe90,W-swing,4,0.724592257259815,0.747834826110448,12.090865384615384,0.4955607164879871,0.9855654038094397,16.97307692307692,experiments/runs/hpo/20261007-221904_syn_hpo_r1_c19_21feb3f75a6e/W-swing_s4
20261007-221904,hpo_r1_c20,28732343c5e9,56d33a9ffe90,W-swing,4,0.28329822621737305,0.43635064526941436,68.88221153846155,0.4955607164879871,0.9855654038094397,16.97307692307692,experiments/runs/hpo/20261007-221904_syn_hpo_r1_c20_28732343c5e9/W-swing_s4
20261007-221904,hpo_r1_c21,42ff888a1878,56d33a9ffe90,W-swing,4,0.8023411421829749,0.8389999995755635,18.597115384615385,0.4955607164879871,0.9855654038094397,16.97307692307692,experiments/runs/hpo/20261007-221904_syn_hpo_r1_c21_42ff888a1878/W-swing_s4
20261007-221904,hpo_r1_c22,0ed7d4543cbc,56d33a9ffe90,W-swing,4,0.4955607164879871,0.49564182152005665,0.05,0.4955607164879871,0.9855654038094397,16.97307692307692,experiments/runs/hpo/20261007-221904_syn_hpo_r1_c22_0ed7d4543cbc/W-swing_s4
20261007-221904,hpo_r1_c23,b7fb2d40b404,56d33a9ffe90,W-swing,4,0.7350446582451988,0.7955737622893181,28.987980769230774,0.4955607164879871,0.9855654038094397,16.97307692307692,experiments/runs/hpo/20261007-221904_syn_hpo_r1_c23_b7fb2d40b404/W-swing_s4
20261007-221904,hpo_r1_c24,acc297957620,56d33a9ffe90,W-swing,4,0.6332471301491778,0.65050142534257,9.668269230769232,0.4955607164879871,0.9855654038094397,16.97307692307692,experiments/runs/hpo/20261007-221904_syn_hpo_r1_c24_acc297957620/W-swing_s4
20261007-221904,hpo_r1_c25,29de735e8dee,56d33a9ffe90,W-swing,4,0.7844436786993394,0.8062059776025106,10.941346153846155,0.4955607164879871,0.9855654038094397,16.97307692307692,experiments/runs/hpo/20261007-221904_syn_hpo_r1_c25_29de735e8dee/W-swing_s4
20261007-221904,hpo_r1_c26,6e9f2b365096,56d33a9ffe90,W-swing,4,0.699591121397963,0.7468784323402994,24.689903846153847,0.4955607164879871,0.9855654038094397,16.97307692307692,experiments/runs/hpo/20261007-221904_syn_hpo_r1_c26_6e9f2b365096/W-swing_s4
20261007-221904,hpo_r1_c27,a1b8ff9e252d,56d33a9ffe90,W-swing,4,0.5701566658901194,0.5770479105155529,4.038461538461539,0.4955607164879871,0.9855654038094397,16.97307692307692,experiments/runs/hpo/20261007-221904_syn_hpo_r1_c27_a1b8ff9e252d/W-swing_s4
20261007-221904,hpo_r1_c28,4b0217db1b6c,56d33a9ffe90,W-swing,4,0.4548062576848651,0.49328044158933376,21.564903846153847,0.4955607164879871,0.9855654038094397,16.97307692307692,experiments/runs/hpo/20261007-221904_syn_hpo_r1_c28_4b0217db1b6c/W-swing_s4
20261007-221904,hpo_r1_c29,c141061a23dd,56d33a9ffe90,W-swing,4,0.49421876847858953,0.49589074965708585,1.0057692307692307,0.4955607164879871,0.9855654038094397,16.97307692307692,experiments/runs/hpo/20261007-221904_syn_hpo_r1_c29_c141061a23dd/W-swing_s4
20261007-221904,hpo_r1_c30,a2661179db63,56d33a9ffe90,W-swing,4,0.7512954662892529,0.7663646061493921,8.11346153846154,0.4955607164879871,0.9855654038094397,16.97307692307692,experiments/runs/hpo/20261007-221904_syn_hpo_r1_c30_a2661179db63/W-swing_s4
20261007-221904,hpo_r1_c31,75bcb79373f1,56d33a9ffe90,W-swing,4,0.49493459980490506,0.4960135584501931,0.6572115384615386,0.4955607164879871,0.9855654038094397,16.97307692307692,experiments/runs/hpo/20261007-221904_syn_hpo_r1_c31_75bcb79373f1/W-swing_s4
