ticker,fold,seed,gap_median,td_sd,action_gap_ratio,q_minus_G_median,q_over_G,q_bias_sd,q_G_corr,reproduced,strategy
^GDAXI,F1,0,0.26475048065185547,0.39186749073005606,0.6756122590282257,10.789932953875239,5.0708274060099034,3.6747941387142764,0.469747366011643,1.0,m2_dqn_base
^GDAXI,F5,0,0.13796234130859375,0.5079087780894398,0.27162818848604225,9.190247051087324,16.805425555275647,2.855123820403498,0.6914348464146312,1.0,m2_dqn_base
^GDAXI,F2,0,0.19813919067382812,0.3379280018401892,0.5863355199772137,9.13885535841497,5.720662793620322,3.2280700980662784,0.6453534978154492,1.0,m2_dqn_base
^GDAXI,F4,0,0.18121695518493652,0.5654259400823199,0.32049635918464103,4.5421126441351936,3.5540612797852176,1.8940529000401067,0.6717075317497195,1.0,m2_dqn_base
^GDAXI,F5,1,0.17789602279663086,0.46417424126777257,0.38325268181783123,7.6668631953038915,4.056839630390109,2.214761076747601,0.5668179901517174,1.0,m2_dqn_base
^GDAXI,F1,1,0.22977304458618164,0.4488957853820317,0.511862779889176,7.68094469303737,6.173181071657937,3.3987220683572557,0.27024882614955753,1.0,m2_dqn_base
^GDAXI,F3,0,0.19996225833892822,0.564092659780358,0.3544847727974123,4.443450947054362,-25.788332908573736,1.561346917997644,0.5432654966629961,1.0,m2_dqn_base
^GDAXI,F3,1,0.18533563613891602,0.48236351103798963,0.3842239968361112,9.69617210749798,18.99269135976356,2.900467144855351,0.42528331838972006,1.0,m2_dqn_base
^GDAXI,F4,1,0.17184925079345703,0.538696255456932,0.31900955139866594,5.059894062636235,4.149510014168642,1.7813073459888005,0.7765897807559707,1.0,m2_dqn_base
^GDAXI,F2,1,0.21452021598815918,0.6565382254692645,0.3267444417799582,0.9470631161608587,1.0633697841619894,0.04585360840278986,0.7737246129667891,1.0,m2_dqn_base
^GDAXI,F1,2,0.2678651809692383,0.3620073023030395,0.739944137218,12.073663873607032,12.538689553183307,3.626911968416006,0.34430288905015,1.0,m2_dqn_base
^GDAXI,F2,2,0.20004653930664062,0.31244529868988763,0.6402609997508507,7.0577914394487715,4.564570287143896,1.913656303752611,0.5299011395032794,1.0,m2_dqn_base
^GDAXI,F5,2,0.18252944946289062,0.4157695722782441,0.439015891573559,7.702147776895284,11.213252299088197,2.1093839612720138,0.5239867349748417,1.0,m2_dqn_base
^GDAXI,F3,2,0.19338607788085938,0.6606481391527792,0.2927217476595928,4.2403340593957175,-1.3562580301688325,1.2908276036762842,0.4718313641142159,1.0,m2_dqn_base
^GDAXI,F4,2,0.17946362495422363,0.6977397112343775,0.25720712475535173,0.5843596696501756,1.2248531649204788,0.15468339903049302,0.7871214283080793,1.0,m2_dqn_base
^GDAXI,F1,3,0.2072010040283203,0.4851585064417218,0.42707898815994416,4.186613418605621,4.704347465412992,1.619957310817364,0.6277067863425836,1.0,m2_dqn_base
^GDAXI,F5,3,0.16692280769348145,0.7140958491837333,0.2337540652060744,0.11244847974760619,1.5338261458611495,0.24189127171990127,0.5404205335358905,1.0,m2_dqn_base
^GDAXI,F3,3,0.2480001449584961,0.39130763765711635,0.6337728198799085,10.704563285268076,109.15461919327628,3.402793825876516,0.38464715135495675,1.0,m2_dqn_base
^GDAXI,F2,3,0.16019058227539062,0.35535147564172226,0.45079475746120257,7.718007855323549,3.362237627586661,2.9686752619445684,0.48984677920150776,1.0,m2_dqn_base
^GDAXI,F1,4,0.19056034088134766,0.4002432539842353,0.47611131226924663,10.040356827055213,12.286398135641331,3.0567680381842233,0.2618061211090953,1.0,m2_dqn_base
^GDAXI,F4,3,0.1826181411743164,0.4323343811998211,0.42240022796131016,7.6540592104146805,5.64075064687974,2.1162862324077363,0.6535056471183792,1.0,m2_dqn_base
^GDAXI,F2,4,0.1365809440612793,0.6428112155331971,0.21247442602255867,0.010418157732472899,0.8658407555921293,-0.12356772394792805,0.657554511701342,1.0,m2_dqn_base
^GDAXI,F4,4,0.19246208667755127,0.5705391365131721,0.33733371535873224,2.761072747635559,2.5561101174762593,0.9145295730485047,0.7794347954713785,1.0,m2_dqn_base
^GDAXI,F3,4,0.20958194136619568,0.6611413600476921,0.3170001969791714,3.952459197899643,-1.6463239630148196,1.379597321649338,0.3604466253452188,1.0,m2_dqn_base
^GDAXI,F5,4,0.1255350112915039,0.43712445031848146,0.28718368693410135,8.70389469101676,13.503320967780434,2.945544168279678,0.6319763374355956,1.0,m2_dqn_base
^GDAXI,F1,5,0.17679345607757568,0.6257442154138695,0.2825331049375244,1.548221565536739,1.629927442849599,0.3977451140329844,0.47080508537337307,1.0,m2_dqn_base
^GDAXI,F2,5,0.15826416015625,0.42152436341358746,0.37545673249962497,6.774721299207088,3.3669723717637186,1.849043058673865,0.759687546905995,1.0,m2_dqn_base
^GDAXI,F3,5,0.15225791931152344,0.5580153263795314,0.27285616024095716,5.896659262649463,-1.8810203724607006,2.0563115878106126,0.6482961049357521,1.0,m2_dqn_base
^GDAXI,F5,5,0.14029788970947266,0.45105317544900864,0.31104512138687573,9.76974124055356,-13.378290458765308,2.5770146054027028,0.6060842487333029,1.0,m2_dqn_base
^GDAXI,F1,6,0.19790363311767578,0.33848872905430805,0.584668309844738,11.443107063088444,12.706478267663503,3.807385954383496,0.09201920530896095,1.0,m2_dqn_base
^GDAXI,F3,6,0.19725123047828674,0.6722995531325205,0.2933978307128303,3.138023429588639,-2.30795662824691,0.953535932038401,0.4388854013728985,1.0,m2_dqn_base
^GDAXI,F5,6,0.13136959075927734,0.42043945613219014,0.3124578077609669,8.033720700012815,9.503464354137257,3.276119159582744,0.7213595340244042,1.0,m2_dqn_base
^GDAXI,F2,6,0.15944194793701172,0.3307954017042552,0.48199565990206666,6.786604673225911,3.5155940121454425,1.950652378537131,0.6698548550157373,1.0,m2_dqn_base
^GDAXI,F4,5,0.1673121452331543,0.3690984606242383,0.45329949344732406,5.69186938940913,6.065465168601795,1.3700045025126828,0.5856493301369124,1.0,m2_dqn_base
^GDAXI,F4,6,0.16194844245910645,0.5980308441625656,0.27080282570690156,3.3215809169650687,4.698679205959378,1.078283550389331,0.733272392302341,1.0,m2_dqn_base
^GDAXI,F1,7,0.20875060558319092,0.6181129091331165,0.33772244924629863,1.8801445646989636,2.45003561099092,0.5237699671590754,0.6042427431917506,1.0,m2_dqn_base
^GDAXI,F5,7,0.17745757102966309,0.7136102681998059,0.24867575333147562,2.6258085188813896,-16.052815649735166,0.8524105440817896,0.5995565618151539,1.0,m2_dqn_base
^GDAXI,F2,7,0.19556903839111328,0.3453160352620162,0.5663479781433287,7.73004459484018,4.40282332267265,1.857818233055525,0.594261091542929,1.0,m2_dqn_base
^GDAXI,F3,7,0.2082831859588623,0.49890889982428294,0.4174773912275772,6.653994748516306,4.72921401054606,1.653902403424917,0.4303771136977016,1.0,m2_dqn_base
^GDAXI,F5,8,0.1507244110107422,0.47473115371106867,0.31749424876058635,7.725025346112266,-12.111934633935007,1.7013463480615743,0.5919139657612871,1.0,m2_dqn_base
^GDAXI,F4,7,0.16751813888549805,0.47548754002413807,0.3523081569645211,6.613501786033672,3.740745006734024,2.035828953693725,0.7548694991725368,1.0,m2_dqn_base
^GDAXI,F1,8,0.26691412925720215,0.4892074047198232,0.545605251846235,6.481399075232471,14.075945593524544,1.8591863116148624,0.49617979315517724,1.0,m2_dqn_base
^GDAXI,F3,8,0.20089438557624817,0.6552475752430933,0.3065931003280973,3.402396565889041,-4.9714779975608225,0.9525235685210576,0.37425849149021495,1.0,m2_dqn_base
^GDAXI,F2,8,0.19980362057685852,0.636949700197617,0.31368822454091494,-0.19639032309813298,0.9369646283926844,-0.07799348896472685,0.7179071805410396,1.0,m2_dqn_base
^GDAXI,F2,9,0.14169025421142578,0.44816370193433164,0.316157363034696,5.7871844077920205,2.924616914485543,1.8439434094165623,0.6086082821326306,1.0,m2_dqn_base
^GDAXI,F4,8,0.16891193389892578,0.68160534831444,0.2478148598989615,0.7201308476377775,1.320453420403345,0.19248254612235408,0.7877120319912957,1.0,m2_dqn_base
^GDAXI,F1,9,0.19506454467773438,0.44672182911644176,0.4366577408217255,6.445889812190434,6.160439322681462,2.5680146379493025,0.25559346408797,1.0,m2_dqn_base
^GDAXI,F3,9,0.20136189460754395,0.3494800369455127,0.5761756704831131,11.46250779604673,20.023422857443467,3.173585941697391,0.4054221518572075,1.0,m2_dqn_base
^GDAXI,F5,9,0.13751888275146484,0.4378007285903137,0.31411296000869066,7.196519040788157,5.280569653759427,2.7042219621430217,0.4429714288293368,1.0,m2_dqn_base
^GDAXI,F4,9,0.17994976043701172,0.5532146768170985,0.3252801633397481,3.9103545565209883,3.9026258605074258,1.4192557302447653,0.7586415877049173,1.0,m2_dqn_base
^GDAXI,F5,0,0.0011030733585357666,0.004252691746552736,0.25938239220604836,0.10625845193862915,,,,1.0,legacy
^GDAXI,F4,0,0.0003158152103424072,0.003938972162512626,0.08017706074392571,0.0837573618776839,2.5574742917443776,2.13264577632487,0.5217414130973893,1.0,legacy
^GDAXI,F2,0,0.001038089394569397,0.0035392106996430537,0.2933109901238978,0.05962640338364894,2.2522060927293466,2.2372972540074567,-0.605894085970896,1.0,legacy
^GDAXI,F1,0,0.001199794001877308,0.01034516069939269,0.11597635230042791,-0.031881797529188516,0.3076176025402206,-1.476664860224214,0.03744311126008428,1.0,legacy
^GDAXI,F3,0,0.0015321224927902222,0.004994173485154231,0.3067819925248165,0.1622292656431293,-3.8847738870658284,10.662180243857678,-0.1211681677716472,1.0,legacy
^GDAXI,F2,1,0.0016286298632621765,0.0038705183556994693,0.4207782300951923,0.06491782860292347,2.3511517097233696,5.544589360488656,-0.3485879147925192,1.0,legacy
^GDAXI,F5,1,0.0010023191571235657,0.0033931593159448404,0.29539407490050773,0.08544537494364075,117.02180761618288,189.3802820434337,-0.24827222029289567,1.0,legacy
^GDAXI,F1,1,0.0011297240853309631,0.004048880852962731,0.2790213212879055,0.07319594667864195,4.34820299723182,8.748167785011729,0.14898218893235168,1.0,legacy
^GDAXI,F3,1,0.0038502179086208344,0.012703265210380166,0.3030888393540522,0.09308083604993295,-980.7528999585346,13.051167562350152,0.27956742616046626,1.0,legacy
^GDAXI,F4,1,0.0005623325705528259,0.003777785377199863,0.14885243983066956,0.09769598170239335,4.431026733034717,7.548980729677972,-0.6352788469029058,1.0,legacy
^GDAXI,F2,2,0.0029019713401794434,0.010021795379954398,0.28956601388848635,0.15570920705795288,89.35701310201608,49.8051649384111,-0.3525986577455566,1.0,legacy
^GDAXI,F1,2,0.0014474093914031982,0.004073529446808576,0.3553207139664051,0.07629464515349946,2.843738278414262,6.065198669746348,-0.18770055381515796,1.0,legacy
^GDAXI,F3,2,0.0014970973134040833,0.0047347311682040165,0.3161947870362329,0.11279262612451466,5.0554431547251735,14.184075953457532,0.1949730548516668,1.0,legacy
^GDAXI,F5,2,0.0005255043506622314,0.004086147114034985,0.12860632179816622,0.0801819840875043,2.3214652181938007,4.375034710803836,0.14893469535704826,1.0,legacy
^GDAXI,F5,3,0.002843230962753296,0.003119772273202583,0.9113584947130113,0.07840236817449223,3.6149571782659145,7.949212307232718,-0.4461678073770674,1.0,legacy
^GDAXI,F1,3,0.004146590828895569,0.011443781829536322,0.3623444496462915,0.00586976207336818,1.1467113285794321,0.24380428273898744,0.4283099000258928,1.0,legacy
^GDAXI,F4,2,0.0007940605282783508,0.0037421057552152566,0.21219617515397401,0.11124769182869718,6.171591033307004,9.562424896287757,-0.3748716930967592,1.0,legacy
^GDAXI,F3,3,0.0009250231087207794,0.004232524314383464,0.21855116238251876,0.03753686137497425,312.8305165665302,44.09084982958323,-0.10675503771482558,1.0,legacy
^GDAXI,F4,3,0.0005408897995948792,0.003066940261359688,0.17636137436699947,0.07597942158382778,2.9210865770604375,3.251729208541547,0.18599863105177572,1.0,legacy
^GDAXI,F1,4,0.003042057156562805,0.006963326421362115,0.43686838336780714,0.21638000625118128,6.648936589513473,9.818792380140602,0.3109326036456803,1.0,legacy
^GDAXI,F2,3,0.0023844242095947266,0.006842021138866602,0.3484970538968128,0.012966656438864098,1.355684995236185,0.7377926721053736,-0.6463731309265754,1.0,legacy
^GDAXI,F3,4,0.0008285641670227051,0.004497848613891379,0.18421344027980985,0.10138597043109783,52.0128910420132,13.061288762111978,0.4345555094172109,1.0,legacy
^GDAXI,F2,4,0.0015365630388259888,0.006245113640309965,0.24604244651498836,0.21645570753036616,17.903406860447554,31.05923151910797,0.37434409493381043,1.0,legacy
^GDAXI,F4,4,0.008304893970489502,0.01410765549599788,0.5886799527281815,0.3071818649344799,10.65961197113753,22.858625078721133,0.7117522115846182,1.0,legacy
^GDAXI,F5,4,0.0010768435895442963,0.0026390897015986445,0.4080359939610964,0.05091591663009757,57.29272422404409,60.51112430100857,-0.7371793957718598,1.0,legacy
^GDAXI,F1,5,0.0010196417570114136,0.00499335997892841,0.2041995292376721,0.02025752974416594,1.365319296752699,1.1436635874563397,0.15682669218177614,1.0,legacy
^GDAXI,F2,5,0.016904041171073914,0.014937141671415455,1.1316784390833239,0.06587255001068115,-69.21192276459048,15.716016606484837,0.3557227949450338,1.0,legacy
^GDAXI,F3,5,0.0026894696056842804,0.004151203416150379,0.6478770939580604,0.1056275706687774,78.71595236220476,19.772324958320773,0.47196570829930407,1.0,legacy
^GDAXI,F5,5,0.001346677541732788,0.004368730443416773,0.30825374995660176,0.09246113151311874,,,,1.0,legacy
^GDAXI,F4,5,0.001037798821926117,0.004002232877427589,0.25930495643550755,0.0614688056927252,2.4834502656649327,4.560023038838757,-0.1486793382714286,1.0,legacy
^GDAXI,F1,6,0.001837208867073059,0.0032109760793290927,0.5721652300371322,0.11185755500054892,4.249842509585496,8.760255027176012,0.2408575895449692,1.0,legacy
^GDAXI,F5,6,0.0011439695954322815,0.00324536472259547,0.35249338463178814,0.07359517504352399,84.78930135817187,197.36490006002364,-0.7926328283410179,1.0,legacy
^GDAXI,F2,6,0.00238095223903656,0.004936062765661497,0.48235858255288644,0.04330989718384372,2.480760378339221,3.381510775793046,-0.24140119989454656,1.0,legacy
^GDAXI,F3,6,0.0012390799820423126,0.0034329564967788048,0.3609366979176579,0.10291136677529658,4.1156471093272256,15.793236922937485,0.2612129783146915,1.0,legacy
^GDAXI,F4,6,0.0021129101514816284,0.004337546277885531,0.4871210624896505,0.051252047660178886,3.241283846443629,4.649329596324387,-0.14962479020927147,1.0,legacy
^GDAXI,F1,7,0.003558918833732605,0.01686484838245422,0.21102584221481754,-0.11202805882197873,-1.4451364842917824,-11.141785482449816,0.33892637369382766,1.0,legacy
^GDAXI,F2,7,0.00037986040115356445,0.00389748050387834,0.09746306640291581,0.10332223773002625,6.448557144113108,6.0192995258288,0.3246426345560376,1.0,legacy
^GDAXI,F3,7,0.00034785643219947815,0.0037950927048284416,0.09165953489275913,0.1216793157935849,16.106238364233224,28.78662659480052,-2.113373252982072e-05,1.0,legacy
^GDAXI,F5,7,0.0008562207221984863,0.003906725619600065,0.2191658195555946,0.07474084573235174,304.2931650335402,714.404157039732,-0.44874152179465593,1.0,legacy
^GDAXI,F4,7,0.00042734295129776,0.003827876800164337,0.1116396826771994,0.0530852136252596,3.7748883379058658,5.943808524621395,-0.680977414980551,1.0,legacy
^GDAXI,F5,8,0.001099810004234314,0.0036658321440024228,0.30001646584764824,0.146199514828077,94.25703306644402,219.66605178356636,-0.35208699988930764,1.0,legacy
^GDAXI,F1,8,0.012125909328460693,0.013658408449380993,0.8877981188950493,0.19032493824419316,13.937489322240468,27.88150663266087,0.5211177659591398,1.0,legacy
^GDAXI,F2,8,0.0016596466302871704,0.003742125690502993,0.4435037108719058,0.09486027564819859,3.112583346481018,3.421260664584407,0.022953966969600805,1.0,legacy
^GDAXI,F3,8,0.0034374669194221497,0.004523849895853176,0.7598543273005436,0.14137758314609528,,,,1.0,legacy
^GDAXI,F4,8,0.0010715946555137634,0.004288012888258425,0.24990471890792082,0.10008290682452739,6.470689341216728,10.09600359440995,-0.4186277462827281,1.0,legacy
^GDAXI,F1,9,0.007827281951904297,0.01668711830444142,0.46906133276594547,0.08783888859258165,3.0029410752672483,4.027379880922047,0.15436053219979554,1.0,legacy
^GDAXI,F3,9,0.0019818786531686783,0.006382911971670665,0.3104975694424219,0.032803711858451365,37.887420559059926,7.797305916526115,0.08389786114420793,1.0,legacy
^GDAXI,F2,9,0.0009581446647644043,0.0037467063907086996,0.2557298503935262,0.09338022721992523,3.045358287170987,4.823114125055321,0.6177631833045257,1.0,legacy
^GDAXI,F5,9,0.0005658715963363647,0.0025183254345303076,0.2247015372109385,0.08556062030689973,22.81706966234599,28.06045372225909,-0.6658163813647657,1.0,legacy
^GDAXI,F4,9,0.0068118274211883545,0.018922523320905296,0.3599851513282459,0.15653010667240053,5.66655789625503,9.601937581242904,0.38971442969854997,1.0,legacy
^GDAXI,F5,0,0.12779641151428223,0.38836749400720155,0.3290605251115905,8.217715015668176,-6.691394955395926,2.0003601409267704,0.590386557486461,1.0,m2_dqn_dueling
^GDAXI,F1,0,0.2236928939819336,0.48197224608863215,0.46411986540153943,4.9991043715818595,6.439092839521705,1.8477866891888595,0.47519733010504,1.0,m2_dqn_dueling
^GDAXI,F1,1,0.26725006103515625,0.40904789262465857,0.6533466272625057,11.241409201913184,9.883111144073098,3.7648444238180803,0.275281437199519,1.0,m2_dqn_dueling
^GDAXI,F4,0,0.15604639053344727,0.670143669742347,0.23285512880162412,0.7634778197020704,1.155130477089176,0.08637265548169482,0.809302592177634,1.0,m2_dqn_dueling
^GDAXI,F5,1,0.18682384490966797,0.3684490011444406,0.507054828020632,6.820919286997114,14.535149468966011,1.6407060615547095,0.4951550780446654,1.0,m2_dqn_dueling
^GDAXI,F2,0,0.1508331298828125,0.6349750715329109,0.2375418132851768,-1.9805835655586774,0.520534192691968,-0.9446663430937154,0.5399763748375251,1.0,m2_dqn_dueling
^GDAXI,F3,0,0.14679455757141113,0.5082349741104161,0.28883206597175154,6.494529956886268,-5.06168920339659,1.9893856557121725,0.5628717088540812,1.0,m2_dqn_dueling
^GDAXI,F3,1,0.1847372055053711,0.5664104942232286,0.32615427748865844,4.069278020821967,192.0203541773258,1.4190500265874884,0.589060800322915,1.0,m2_dqn_dueling
^GDAXI,F4,1,0.16959238052368164,0.41290698187496616,0.410727810301441,3.984865675273343,1.955490773677231,2.1065914872293257,0.5173510090903155,1.0,m2_dqn_dueling
^GDAXI,F2,1,0.15813493728637695,0.3184563094982854,0.4965671351762882,8.314320196347683,4.013268436187738,3.0247093124204896,0.5454792140855996,1.0,m2_dqn_dueling
^GDAXI,F1,2,0.22233200073242188,0.43591517405641395,0.5100350113154097,6.442406700693082,4.35709461401248,2.245876427747679,0.5557629350049711,1.0,m2_dqn_dueling
^GDAXI,F2,2,0.13117027282714844,0.3331397214856292,0.39373951638729093,6.227619155904868,2.5586793582941674,1.359701588906753,0.6848346494687144,1.0,m2_dqn_dueling
^GDAXI,F5,2,0.13256549835205078,0.4945507805005162,0.2680523488768661,6.042359039472548,6.880164177914705,1.4729086634952226,0.5279145103932924,1.0,m2_dqn_dueling
^GDAXI,F5,3,0.1959528923034668,0.3928992434765095,0.4987357332877693,4.7619177462954205,3.6020923645816727,1.3599509148315387,0.3252741039034705,1.0,m2_dqn_dueling
^GDAXI,F3,2,0.16084450483322144,0.6269745312004296,0.25654073144767514,2.5934367500265987,25.608419628066653,0.8097118658584597,0.3856379841623844,1.0,m2_dqn_dueling
^GDAXI,F4,2,0.15669536590576172,0.6641908897049841,0.2359191737413948,1.0515887107853534,1.7440851680844258,0.3414087098215982,0.8201524341312302,1.0,m2_dqn_dueling
^GDAXI,F1,3,0.18341779708862305,0.42099767552517137,0.43567413254674026,7.33669151995859,6.519884026325462,2.831782343371575,0.32289503504370315,1.0,m2_dqn_dueling
^GDAXI,F3,3,0.17928242683410645,0.43098648345549845,0.4159815532883603,10.084829466167875,-14.717274242517181,2.833031770859663,0.29751429159147,1.0,m2_dqn_dueling
^GDAXI,F2,3,0.16543197631835938,0.3614032845235145,0.4577489563673172,8.726504310400244,5.766070869026973,2.920166240441881,0.6076739029475313,1.0,m2_dqn_dueling
^GDAXI,F1,4,0.16405296325683594,0.4321022605042997,0.37966235831622897,6.197355302837019,6.739657778560487,2.3119252055515087,0.47798091909695867,1.0,m2_dqn_dueling
^GDAXI,F4,3,0.17082786560058594,0.3704480803237425,0.4611384824866573,5.850349617279549,3.2319109120664575,1.8719913908802595,0.2546657653975699,1.0,m2_dqn_dueling
^GDAXI,F3,4,0.1479177474975586,0.5189308379558155,0.28504327875413926,5.221278768906203,25.756619852273246,1.788051740818209,0.5397279322929076,1.0,m2_dqn_dueling
^GDAXI,F2,4,0.1390986442565918,0.4376335825923754,0.3178427108647014,6.070370156892272,3.3558540733821687,2.106762824258202,0.5269260852465631,1.0,m2_dqn_dueling
^GDAXI,F4,4,0.10113143920898438,0.4840113875601459,0.20894433851810404,5.356705398487361,3.4433126821432314,1.817245354339203,0.7760365868425475,1.0,m2_dqn_dueling
^GDAXI,F5,4,0.10838842391967773,0.46435064662566766,0.23341934528854902,4.682725026892848,2.5176844758754493,1.312965192532091,0.6484746276085721,1.0,m2_dqn_dueling
^GDAXI,F5,5,0.14131450653076172,0.48960100586685595,0.28863197754375397,7.209161918194354,21.18004253671977,2.109423625478628,0.566892300170601,1.0,m2_dqn_dueling
^GDAXI,F1,5,0.22664690017700195,0.44842330091026367,0.5054306939825088,6.9794107805271475,6.679276988060914,2.861024477630269,0.5522839433878916,1.0,m2_dqn_dueling
^GDAXI,F3,5,0.16112828254699707,0.500268979935945,0.322083297204692,9.581151237888763,-3.676266774652437,3.7689289192643716,0.2695024155206265,1.0,m2_dqn_dueling
^GDAXI,F2,5,0.1540207862854004,0.4554220235624483,0.33819353987451767,5.221573717741976,2.5481707042718678,1.8442827760169145,0.7290766465978623,1.0,m2_dqn_dueling
^GDAXI,F4,5,0.18123579025268555,0.647010251800107,0.2801127026170802,1.1070892566158756,1.2483663289162235,0.12164371106707055,0.7908006886832384,1.0,m2_dqn_dueling
^GDAXI,F1,6,0.1628822684288025,0.5972560775100567,0.2727176408281251,1.0656840819679472,1.679399818454661,0.37156679967199563,0.4076735022859077,1.0,m2_dqn_dueling
^GDAXI,F5,6,0.14479875564575195,0.5400655002196514,0.26811332252636116,4.860175414302814,45.275825481515696,1.5364111232085753,0.6936775485494291,1.0,m2_dqn_dueling
^GDAXI,F2,6,0.11306571960449219,0.45711818792273357,0.24734460931929408,4.828301740849064,3.1468786415510444,1.8055078845880914,0.7620696143730064,1.0,m2_dqn_dueling
^GDAXI,F1,7,0.18474054336547852,0.6010169229957876,0.3073799360667475,1.560562570027846,1.4165993592765296,0.22673425498583757,0.18970630061818633,1.0,m2_dqn_dueling
^GDAXI,F4,6,0.14363455772399902,0.6697805948767425,0.21445016296781727,-0.664215485260852,0.761894380737911,-0.2117565784139577,0.7790442781577611,1.0,m2_dqn_dueling
^GDAXI,F3,6,0.1767563819885254,0.6467819900402831,0.2732858748548589,3.5278537975815305,-1.3220091892191292,1.1693449988724036,0.5003170297312198,1.0,m2_dqn_dueling
^GDAXI,F2,7,0.13917922973632812,0.5200406689023112,0.26763143357634733,2.742130624405603,1.9719873884225945,1.0014230364019905,0.7944325117108573,1.0,m2_dqn_dueling
^GDAXI,F5,7,0.15489083528518677,0.6070428838183628,0.25515633147844075,3.306552717681588,16.232731059435867,1.098225818263013,0.5778847444949384,1.0,m2_dqn_dueling
^GDAXI,F3,7,0.18375015258789062,0.49610758762531193,0.3703836771927564,7.314566904131676,22.61619943635062,2.713634593531053,0.5751109701185669,1.0,m2_dqn_dueling
^GDAXI,F4,7,0.14769840240478516,0.5404694831294432,0.2732779685350175,5.768254228189136,11.39003430526347,1.9162934061135146,0.6723139013530666,1.0,m2_dqn_dueling
^GDAXI,F5,8,0.17297887802124023,0.4732950156597242,0.36547792032021637,6.376770575748626,3.751066364101676,1.9259437829150348,0.6235757060486201,1.0,m2_dqn_dueling
^GDAXI,F2,8,0.15569114685058594,0.4143714997117353,0.37572841510310234,7.962581673081872,5.013334342211962,3.239920985844258,0.7944619217116231,1.0,m2_dqn_dueling
^GDAXI,F3,8,0.196252703666687,0.6406804534432885,0.3063191683341387,2.1822589473361536,17.251125096657354,0.7971149299381349,0.3368730895944779,1.0,m2_dqn_dueling
^GDAXI,F1,8,0.18530702590942383,0.4396435561432452,0.42149378358919215,8.129913758508854,9.05012049434115,3.1170149581116138,0.4623741296815542,1.0,m2_dqn_dueling
^GDAXI,F1,9,0.1935884952545166,0.482413328023688,0.40129176374043046,6.930372551587985,8.852579450052598,3.034555817052479,0.4141200930668948,1.0,m2_dqn_dueling
^GDAXI,F2,9,0.14588546752929688,0.42142625823118407,0.3461708061135282,6.308812890223279,3.237053217039744,1.930224657086726,0.7057943929340138,1.0,m2_dqn_dueling
^GDAXI,F4,8,0.1479816436767578,0.5755264205623867,0.25712397969871603,2.3082983751810864,2.0749147377646397,0.6696120143938374,0.7715196346641264,1.0,m2_dqn_dueling
^GDAXI,F3,9,0.1652732491493225,0.6420473285711159,0.25741599068271204,3.0543043263083507,-1.9994776214121415,0.9436619468966049,0.5100140865707619,1.0,m2_dqn_dueling
^GDAXI,F5,9,0.1346445083618164,0.45629003637811616,0.29508535717891476,8.372013232087546,-54.78161912143885,2.036877985022631,0.5921034272334555,1.0,m2_dqn_dueling
^GDAXI,F4,9,0.1528034210205078,0.41252302365220966,0.3704118613009428,5.022361443153723,2.674897469125697,2.188520708726111,0.5020551142473274,1.0,m2_dqn_dueling
^GDAXI,F5,0,0.20591449737548828,0.8381304896444661,0.24568310056687825,5.9927114159467925,137.39129868077245,1.9391816144223202,0.4583121490540467,1.0,m2_dqn_nstep
^GDAXI,F1,0,0.2652454376220703,0.7790457133583688,0.3404748053597912,8.090931433005437,13.91151350979313,3.101971819515201,0.4069827176100579,1.0,m2_dqn_nstep
^GDAXI,F5,1,0.21430110931396484,0.855466534604051,0.2505078815422665,4.331089043059962,3.5133960671069877,1.532407502132583,0.6240057350294027,1.0,m2_dqn_nstep
^GDAXI,F1,1,0.3061518669128418,0.8338081226986636,0.36717304446731136,6.279901396748897,6.255584861893322,2.58650481448784,0.33825420020525027,1.0,m2_dqn_nstep
^GDAXI,F3,0,0.26934731006622314,0.9015199221478204,0.29877022509332724,3.3818174948932036,4.899991008956528,1.246065425416708,0.671365751312105,1.0,m2_dqn_nstep
^GDAXI,F2,1,0.31734561920166016,0.9009067096192607,0.35225136611067764,2.013240614799864,1.6363149961644499,0.8393678939288689,0.8570152182032232,1.0,m2_dqn_nstep
^GDAXI,F4,0,0.23633193969726562,0.9279395315097456,0.25468463372042854,5.291450920065007,8.02815247148112,1.2703168874650306,0.7378601551345895,1.0,m2_dqn_nstep
^GDAXI,F2,0,0.3027172088623047,0.5806980188722828,0.5212988490130935,5.223407210899873,2.626818447823736,1.350658865949181,0.3253503968248846,1.0,m2_dqn_nstep
^GDAXI,F4,1,0.26610851287841797,0.8501327112744144,0.31301996658792347,4.271227535827011,2.874340550885202,0.9641530938483852,0.7686289158211342,1.0,m2_dqn_nstep
^GDAXI,F3,1,0.30268311500549316,0.8830333276302922,0.34277654708432514,5.75057385714026,7.833526776993819,1.7094948759519584,0.5741482203029203,1.0,m2_dqn_nstep
^GDAXI,F2,2,0.24642324447631836,0.5645043048268064,0.4365303193780296,4.617906165083664,2.446467568584841,1.041028674151611,0.38659298500932054,1.0,m2_dqn_nstep
^GDAXI,F1,2,0.3618655204772949,0.7974195100995689,0.45379566952420186,3.9436067981111207,2.8501463129324955,1.6702930008589982,0.20839128108919322,1.0,m2_dqn_nstep
^GDAXI,F3,2,0.19994166493415833,1.1091618561049572,0.18026374043937402,4.078649027489721,-2.390048977381005,1.2951895020328619,0.5289537635053762,1.0,m2_dqn_nstep
^GDAXI,F5,2,0.22967529296875,0.7286521090725062,0.31520569296245,6.5492972171162105,-3.4530143711886785,1.2420500470700913,0.742060197295311,1.0,m2_dqn_nstep
^GDAXI,F2,3,0.21426963806152344,0.5739888889920229,0.37329927838464005,5.05550288504053,3.1407584156919923,1.2845489373942836,0.6471585816207529,1.0,m2_dqn_nstep
^GDAXI,F4,2,0.23018121719360352,0.8251231867094716,0.2789658815813293,4.680647587612087,2.721667597491201,1.1399249839633339,0.6926694096666293,1.0,m2_dqn_nstep
^GDAXI,F5,3,0.2746467590332031,0.6575208440253052,0.41770046003687317,4.400115445615334,4.33190138816621,1.1589508791037608,0.6055797369956594,1.0,m2_dqn_nstep
^GDAXI,F3,3,0.2724918723106384,1.1256349246885604,0.24207837402169377,3.7689854461772825,-3.169573586893038,1.1580683336176076,0.7116708165665222,1.0,m2_dqn_nstep
^GDAXI,F1,3,0.270679235458374,1.0518878880394498,0.2573270769025363,1.1707610174441514,1.6135948937152234,0.528393044731603,0.6133751910683869,1.0,m2_dqn_nstep
^GDAXI,F1,4,0.24195170402526855,0.8331201100106235,0.29041635307804936,3.0699749218039756,3.1632160173421093,1.1423694818893553,0.5344498567884964,1.0,m2_dqn_nstep
^GDAXI,F4,3,0.2366650104522705,1.1679605132050983,0.20263100316877855,1.813139263246386,2.412595260465985,0.6742516802824958,0.819503943500055,1.0,m2_dqn_nstep
^GDAXI,F3,4,0.262898325920105,0.7216050922921711,0.36432437731974865,8.643133632523451,-7.805051079874545,2.5615834472755785,0.20628062967918206,1.0,m2_dqn_nstep
^GDAXI,F2,4,0.3222312927246094,1.0599019404737333,0.3040199101631845,0.07277906170504611,0.9286473719074575,-0.08349795246934164,0.6840564754164121,1.0,m2_dqn_nstep
^GDAXI,F4,4,0.2130727767944336,0.787410497589084,0.27059936011372204,3.294518079347556,2.6439596160842442,1.1127309349321646,0.7211875371969352,1.0,m2_dqn_nstep
^GDAXI,F5,4,0.2536489963531494,0.6977288471718893,0.36353520050269844,3.5672033164332366,5.060647539934605,0.9720701782924005,0.5875348991231971,1.0,m2_dqn_nstep
^GDAXI,F5,5,0.2884488105773926,0.6750748149158564,0.4272842123629598,4.948606882041927,15.843777745246742,1.604106372312346,0.521575542270404,1.0,m2_dqn_nstep
^GDAXI,F3,5,0.20685124397277832,0.7787071515882843,0.26563419065932004,5.823444398332018,4.6517360134034025,1.565359035799534,0.5578961185917701,1.0,m2_dqn_nstep
^GDAXI,F2,5,0.24275779724121094,0.626930466969842,0.38721646184231245,4.200188122024964,2.24252819713022,1.2214207236911718,0.6422013243804708,1.0,m2_dqn_nstep
^GDAXI,F1,5,0.23946857452392578,1.0406608111356341,0.23011203262531113,1.5271348932205413,1.9301979798249245,0.599522567856424,0.6389009573059741,1.0,m2_dqn_nstep
^GDAXI,F1,6,0.25530195236206055,0.7890748583602848,0.3235459217298898,4.644514805875641,4.68869161215126,1.7251212186752494,0.2592118325622646,1.0,m2_dqn_nstep
^GDAXI,F4,5,0.21132588386535645,1.0940461237941337,0.19315994021575783,-0.34403667607534594,1.0282349975211371,0.018735427388655895,0.5969623451866977,1.0,m2_dqn_nstep
^GDAXI,F2,6,0.26030826568603516,0.5725307174881946,0.45466253204379836,5.3969108777106385,3.616678402604094,1.8756070573027248,0.18777245406156534,1.0,m2_dqn_nstep
^GDAXI,F5,6,0.2181835174560547,0.7922493228611367,0.2753975436269288,5.07981287557125,-115.14501040169333,1.492369436736851,0.5832662128599373,1.0,m2_dqn_nstep
^GDAXI,F4,6,0.2205967903137207,0.7805606279534887,0.28261326848126067,3.4836754145064397,3.195548989789501,1.0923718121253263,0.5731151821656757,1.0,m2_dqn_nstep
^GDAXI,F3,6,0.26630082726478577,1.0957505242727925,0.24303052689983368,3.609978120153751,-4.755403633169937,1.190548283023954,0.7810830532778876,1.0,m2_dqn_nstep
^GDAXI,F1,7,0.29343223571777344,0.7479963993659207,0.3922909735481575,9.149376519044978,9.081214307306082,3.440423004467093,0.052199391395083464,1.0,m2_dqn_nstep
^GDAXI,F2,7,0.1806325912475586,1.0909122652670276,0.16557939350268863,-0.47914110540426424,0.8486449647990529,-0.22515512454325942,0.8562376251873831,1.0,m2_dqn_nstep
^GDAXI,F5,7,0.32201552391052246,0.677711928970604,0.4751510341564167,8.607339169394056,-3.920832832072822,2.302610928603683,0.39012998995325954,1.0,m2_dqn_nstep
^GDAXI,F3,7,0.29031968116760254,0.7055198944666712,0.4114975118980394,10.39107951548344,-10.357456098664631,3.1282209201457847,0.42203291875218313,1.0,m2_dqn_nstep
^GDAXI,F4,7,0.19497227668762207,0.8352934930625147,0.23341768888055978,2.8818914785872085,2.7193614133741053,1.0682068264046745,0.7080660508690322,1.0,m2_dqn_nstep
^GDAXI,F1,8,0.290985107421875,0.7235780707898908,0.40214749336477595,8.632434258633712,7.284934552403121,2.6125952301854727,0.6183200174878786,1.0,m2_dqn_nstep
^GDAXI,F2,8,0.19495177268981934,0.8757164587056021,0.22261974267102147,2.7485385277996315,2.9044569352640526,1.2319605941990148,0.8065313158275089,1.0,m2_dqn_nstep
^GDAXI,F5,8,0.25066614151000977,0.7800974441675675,0.32132670525217855,7.444608556276142,-32.42982555386665,2.252572475682871,0.7888352950544628,1.0,m2_dqn_nstep
^GDAXI,F3,8,0.27477049827575684,0.8247474546321921,0.33315713402024943,7.492204554970158,-7.188342020898463,2.1736684327000955,0.48670279813256623,1.0,m2_dqn_nstep
^GDAXI,F1,9,0.24624252319335938,0.7977665295432044,0.30866489640065015,5.729231728642251,4.028751563818327,1.9063957376616385,0.5453956186071238,1.0,m2_dqn_nstep
^GDAXI,F4,8,0.2738301753997803,1.1319007745476317,0.2419206537862981,0.5089878341032911,1.2156319754748515,0.1560053981005527,0.7916926891451176,1.0,m2_dqn_nstep
^GDAXI,F2,9,0.3264131546020508,0.5530003512350199,0.5902584941819111,3.4779043435737016,2.0764171979264567,1.114542820970498,0.5590897656095377,1.0,m2_dqn_nstep
^GDAXI,F3,9,0.2578318119049072,1.0572902076719473,0.24386096649152594,2.8371816002919754,-4.916348879828071,0.8667651898469825,0.6812221449470538,1.0,m2_dqn_nstep
^GDAXI,F5,9,0.24483942985534668,0.7121291167371856,0.3438132553505824,5.868417240125801,-5.485797408794487,1.3487850612604728,0.5794059605798778,1.0,m2_dqn_nstep
^GDAXI,F4,9,0.2998485565185547,0.6409191027329694,0.46784150330354984,3.4531522390606106,2.6303811918874436,1.016664457957158,0.784500841759811,1.0,m2_dqn_nstep
^GDAXI,F5,0,0.19401931762695312,0.7887806120033115,0.24597374057431648,10.211967494666608,-25.520853188788433,2.4121885254168554,0.6313840212943989,1.0,m2_dqn_per
^GDAXI,F1,0,0.28618717193603516,0.7775893419511384,0.3680441030967968,14.082845743836037,37.240106542649286,3.4513866253659735,0.48001032771933005,1.0,m2_dqn_per
^GDAXI,F5,1,0.20029735565185547,0.886357366408519,0.225978102335237,9.362212530209705,15.997149606596466,3.1469352669100816,0.690159046136056,1.0,m2_dqn_per
^GDAXI,F3,0,0.24739933013916016,0.7478342653946157,0.3308210676982192,11.916475802130368,20.518682827935258,3.493587597634325,0.2684020760948043,1.0,m2_dqn_per
^GDAXI,F3,1,0.32058191299438477,0.7460612369322469,0.42969919508564175,12.734860082347254,-16.650310263353884,3.8437042772764793,0.3469353535727755,1.0,m2_dqn_per
^GDAXI,F2,0,0.18886280059814453,0.8054836210952244,0.23447131096389748,9.940401467119678,6.32626807734652,3.1076988496705304,0.775388824285023,1.0,m2_dqn_per
^GDAXI,F2,1,0.19826996326446533,1.0980323503143985,0.18056841695756495,1.3019098943414702,1.5464403306064822,0.5121514298006384,0.5845540172783676,1.0,m2_dqn_per
^GDAXI,F4,1,0.21334171295166016,0.8977044637366506,0.2376525032120658,6.457023147627845,4.572434517483994,2.1371444370450123,0.751691927508669,1.0,m2_dqn_per
^GDAXI,F1,1,0.23820114135742188,0.7576314069553789,0.3144024114769187,15.389689283636525,12.065426403261862,5.330623071805582,0.19019495597352898,1.0,m2_dqn_per
^GDAXI,F4,0,0.2263500690460205,1.1687799107877619,0.19366355201421948,1.7953289761041495,2.232247995394364,0.5191905394662716,0.8196046932192016,1.0,m2_dqn_per
^GDAXI,F2,2,0.14830636978149414,0.8547444965448928,0.17350959307838587,5.584987870467548,2.966297321581619,2.379283327037068,0.675108151773215,1.0,m2_dqn_per
^GDAXI,F1,2,0.2448282241821289,0.779798261249279,0.3139635420447089,9.675498537317978,4.853430680651066,3.2019167807096878,0.2225277672887974,1.0,m2_dqn_per
^GDAXI,F5,2,0.16942214965820312,0.8116705473495174,0.20873265663198623,10.23149162045866,-28.113221959542916,3.002319246769598,0.5817482817630527,1.0,m2_dqn_per
^GDAXI,F3,2,0.21048855781555176,0.9298750065233564,0.22636220603727428,7.1387185448601045,-2.6825844537049757,2.2530521997465547,0.5533693794896998,1.0,m2_dqn_per
^GDAXI,F4,2,0.2232494354248047,0.8599405207715064,0.2596103219144897,6.4235148297009275,2.8831805228605356,2.596705937005975,0.7016641552917277,1.0,m2_dqn_per
^GDAXI,F5,3,0.1914501190185547,0.876776686512192,0.21835676286072472,7.894694958704294,15.011619849722063,2.0545204325215054,0.5837439429581491,1.0,m2_dqn_per
^GDAXI,F4,3,0.21487092971801758,0.7795886129033275,0.27562091872763483,8.458834858452615,6.928237121850399,2.6741815998965133,0.7657348075155503,1.0,m2_dqn_per
^GDAXI,F2,3,0.17837142944335938,0.7752822296344026,0.2300728981334622,6.646101786161385,2.7447281119715767,2.766179096554595,0.29885038585448126,1.0,m2_dqn_per
^GDAXI,F1,3,0.2311868667602539,0.7891870829976175,0.29294304448334696,8.742230709539939,7.713866420109348,3.7044567248722506,0.2531009926752127,1.0,m2_dqn_per
^GDAXI,F1,4,0.25270557403564453,0.7693688999100543,0.32845826503409215,11.497366134350555,6.3759415895223785,2.8599172602730345,0.3617341267279363,1.0,m2_dqn_per
^GDAXI,F2,4,0.1579141616821289,0.8701091074087499,0.1814877701400105,5.042101210464933,3.328222023471508,2.3763328029830517,0.7303219832364388,1.0,m2_dqn_per
^GDAXI,F4,4,0.1757512092590332,0.9025185412699799,0.19473418131856296,4.6854240896043375,3.368043519685135,1.6720741975318387,0.8009888841662839,1.0,m2_dqn_per
^GDAXI,F3,3,0.20768976211547852,0.7985998942009164,0.26006735490904875,12.441445132756847,-19.616537691511688,3.794207080022386,0.4334226573652081,1.0,m2_dqn_per
^GDAXI,F3,4,0.1676802635192871,0.8767148698536522,0.1912597462243084,8.145631299388073,-16.46676272790951,2.5154590268826187,0.4943695380942718,1.0,m2_dqn_per
^GDAXI,F1,5,0.20224952697753906,0.8997793242833777,0.2247768108459473,4.058849978584246,4.8547999700722295,1.4610220101491673,0.6494296194543837,1.0,m2_dqn_per
^GDAXI,F5,4,0.15215301513671875,0.8822871741364544,0.1724529377701084,8.481853986794624,15.043180949449088,2.5348425143101236,0.610982824349958,1.0,m2_dqn_per
^GDAXI,F2,5,0.17772960662841797,1.0573867524807836,0.1680838219425753,1.597473902776259,1.8255100262513306,0.4533736577538132,0.7291687375477124,1.0,m2_dqn_per
^GDAXI,F3,5,0.20250415802001953,0.8693745946979489,0.23293084391357968,7.457972857890441,9.154658290318503,2.7417217164223637,0.360672891699466,1.0,m2_dqn_per
^GDAXI,F5,5,0.1679248809814453,0.8767145289972345,0.19153883667641947,8.925000996984036,11.139014325316358,3.0813419239397195,0.7644726707505967,1.0,m2_dqn_per
^GDAXI,F4,5,0.15395879745483398,0.840345637841891,0.18320889705600038,7.532696785402628,4.698626862493265,2.247145749557498,0.7452620721417493,1.0,m2_dqn_per
^GDAXI,F3,6,0.2371898740530014,1.1411751385814584,0.20784703945429542,2.7631906353849174,-22.494723559076053,0.8260988036475797,0.5101339642785543,1.0,m2_dqn_per
^GDAXI,F5,6,0.16999244689941406,0.9073394894192587,0.18735263799464683,6.845857132156302,-10.429176541835124,1.9182065225747225,0.4888911677421993,1.0,m2_dqn_per
^GDAXI,F2,6,0.17784738540649414,0.877011087049186,0.20278806965244195,3.5699884813507903,2.7799333987974126,1.1860650459621556,0.7436843983387286,1.0,m2_dqn_per
^GDAXI,F4,6,0.1900186538696289,0.8934171218421147,0.2126874997401372,7.318323073599452,5.4265961995615015,2.6357536469857945,0.7248845746931177,1.0,m2_dqn_per
^GDAXI,F1,6,0.1910114288330078,1.05523125959487,0.1810138082019499,1.572310869810992,2.289124162471482,0.6746815288714006,0.38465083915066367,1.0,m2_dqn_per
^GDAXI,F1,7,0.26804637908935547,0.7867686300082178,0.3406927638771715,8.827956174431105,14.599595241781614,2.995407528532055,0.42812958250997446,1.0,m2_dqn_per
^GDAXI,F5,7,0.1958622932434082,0.8758625685855205,0.2236221757480939,10.148719240245777,-12.512594026248989,2.2495540224856563,0.6645106582279473,1.0,m2_dqn_per
^GDAXI,F2,7,0.16708087921142578,0.804276659605913,0.20774055446703332,8.252128374704823,3.5158024494934215,2.705439060811868,0.6970120791851478,1.0,m2_dqn_per
^GDAXI,F3,7,0.1997222900390625,0.8732266589130246,0.22871758208535786,9.365790229518746,-28.18379856942589,2.805763748825956,0.648160064563387,1.0,m2_dqn_per
^GDAXI,F4,7,0.20534563064575195,0.9244588616625202,0.2221252228319433,3.38586118318201,2.9761703541658284,1.0321592398571764,0.6460902118744029,1.0,m2_dqn_per
^GDAXI,F1,8,0.2710127830505371,0.8069706711189422,0.3358396937459349,8.216619870825308,10.44692698134492,3.0260512852933394,0.47445522867314455,1.0,m2_dqn_per
^GDAXI,F2,8,0.20450210571289062,0.758979286322679,0.26944359272796653,9.345255116310135,7.060283642376863,2.559930034700788,0.7242305973315313,1.0,m2_dqn_per
^GDAXI,F5,8,0.18097448348999023,0.8513632512008876,0.2125702316076214,10.073486948439712,13.729274484610006,3.3911309716567617,0.6949189396714258,1.0,m2_dqn_per
^GDAXI,F3,8,0.2644476890563965,0.7836686839157144,0.3374483305049848,13.474589739661537,27.913011457915175,3.6940161427583935,0.3118306767861468,1.0,m2_dqn_per
^GDAXI,F4,8,0.2433319091796875,0.7770234668548848,0.3131590222938938,8.521302139837633,4.967537936682109,2.4844890807165667,0.6995684572255062,1.0,m2_dqn_per
^GDAXI,F1,9,0.23363399505615234,0.817778773870013,0.2856933959663873,8.471464340413638,10.833706375306193,3.07177119865515,0.10607806432195163,1.0,m2_dqn_per
^GDAXI,F3,9,0.22341322898864746,0.8550449222280111,0.2612882939606193,8.20295115519611,-14.757551208144768,2.4534373378991226,0.686830970938313,1.0,m2_dqn_per
^GDAXI,F2,9,0.19356679916381836,0.8829023422192707,0.2192391954440479,3.7768306554283146,2.96649154359335,2.3314748110266685,0.5198181495468448,1.0,m2_dqn_per
^GDAXI,F5,9,0.15652084350585938,0.7907837792883129,0.19793127730404955,6.08890864141711,9.511161459127496,1.4179724393319213,0.41766877401719144,1.0,m2_dqn_per
^GDAXI,F4,9,0.17908382415771484,0.8262347108670205,0.21674691440860772,8.35521884203838,4.0835759296152245,2.516008770868296,0.8021090673000052,1.0,m2_dqn_per
^GDAXI,F2,0,0.16510844230651855,0.5240525357317934,0.3150608594536406,1.4792296402470213,1.442874646929409,0.6680687420538628,0.536013764086918,1.0,m3_dqn_base_100k
^GDAXI,F1,0,0.19213485717773438,0.43859695688603034,0.43806700926942527,6.1323384389275475,6.4189361009004555,2.3923206803291497,0.39534737534281317,1.0,m3_dqn_base_100k
^GDAXI,F5,0,0.17252111434936523,0.5231360880767563,0.32978247588236037,4.147621386013786,2.5075787036743447,1.5417584298075526,0.7306821384399348,1.0,m3_dqn_base_100k
^GDAXI,F5,1,0.2153315544128418,0.4875607301147085,0.44165073418070544,9.230414442710542,-159.8051166244651,2.4540321411568766,0.6532151659331382,1.0,m3_dqn_base_100k
^GDAXI,F4,0,0.21105194091796875,0.6408477472791444,0.32933242227039844,2.425548649101462,7.545862284932183,0.6576297024412503,0.82347543391,1.0,m3_dqn_base_100k
^GDAXI,F3,0,0.18939678370952606,0.7215171770642207,0.2624979553226468,3.219928308644881,-0.4813086594765767,1.0072519152366761,0.4834164790920629,1.0,m3_dqn_base_100k
^GDAXI,F1,1,0.19544172286987305,0.4321788663033659,0.4522241555714658,8.34029898027362,8.165279901881163,3.0536623713357107,-0.025120059238700754,1.0,m3_dqn_base_100k
^GDAXI,F2,1,0.1625920534133911,0.6058188885323275,0.2683839287469079,1.6718738261574388,1.5270465825152686,0.26952732757781345,0.729973105332533,1.0,m3_dqn_base_100k
^GDAXI,F3,1,0.1714872121810913,0.7275469642368949,0.23570603770020507,0.8573365698443534,2.679659932065009,0.226091615812089,0.3132057770576151,1.0,m3_dqn_base_100k
^GDAXI,F4,1,0.2554677724838257,0.5682415390119481,0.4495760252374899,3.4993066381382247,2.8464017114072475,0.9851747718487138,0.7033533475708925,1.0,m3_dqn_base_100k
^GDAXI,F2,2,0.1474010944366455,0.5523133853350574,0.2668794534958185,0.6330619362049723,1.145747737693628,0.1640029443087919,0.6373394738824973,1.0,m3_dqn_base_100k
^GDAXI,F1,2,0.2222900390625,0.41341188094193904,0.537696300735293,6.360653057015451,3.6738239598409455,2.368565705690139,0.3912146515986225,1.0,m3_dqn_base_100k
^GDAXI,F5,2,0.138472318649292,0.5241989701828005,0.26415984487913713,6.468317625624516,-2708.839984636317,2.026938573952439,0.7688019573183826,1.0,m3_dqn_base_100k
^GDAXI,F3,2,0.1883871853351593,0.7209072970518344,0.26131957063768485,2.161237921172637,-0.9814982186633879,0.7756514248086775,0.4321456313553593,1.0,m3_dqn_base_100k
^GDAXI,F4,2,0.2083284854888916,0.5983513328032424,0.3481708388830428,3.0940638210765568,3.9746553228893085,0.7791933403818525,0.8751078187399987,1.0,m3_dqn_base_100k
^GDAXI,F5,3,0.16705989837646484,0.4974010718722426,0.33586557774723524,6.012338581339531,22.720140907209153,2.1993222340357956,0.7159280842628462,1.0,m3_dqn_base_100k
^GDAXI,F1,3,0.22401762008666992,0.38335052672620595,0.5843675812832945,9.047466926616798,19.121563626029385,2.7121367050384735,0.27335188644873937,1.0,m3_dqn_base_100k
^GDAXI,F3,3,0.24281835556030273,0.45107307839200433,0.5383126752452334,9.79106276795622,-17.687641205431063,3.0456999241212563,0.6198924641843481,1.0,m3_dqn_base_100k
^GDAXI,F2,3,0.16304969787597656,0.4988551515452281,0.3268477780993585,2.089064143668501,1.549104388459988,0.6965471408942787,0.7580858117384149,1.0,m3_dqn_base_100k
^GDAXI,F4,3,0.1762375831604004,0.5539523277257349,0.31814575792821054,0.8745784949473574,1.4874185194787868,0.4357796137579182,0.7325904461299003,1.0,m3_dqn_base_100k
^GDAXI,F3,4,0.19287073612213135,0.5236410819945649,0.3683262118920861,5.670048472693214,-13.486652602477767,2.1026179220563765,0.6307734042771918,1.0,m3_dqn_base_100k
^GDAXI,F2,4,0.13691329956054688,0.5862281049636517,0.2335495320017726,0.6956089263756087,1.1343601847142966,0.10587085397929714,0.7230696978778318,1.0,m3_dqn_base_100k
^GDAXI,F4,4,0.1921626329421997,0.5763410576296353,0.3334182605912593,3.5322701663013367,-49.27127507850739,1.4227610349644444,0.6432996447678934,1.0,m3_dqn_base_100k
^GDAXI,F1,4,0.17840003967285156,0.42042061049550267,0.42433704537603767,6.859970285782597,6.559551147875675,1.7096770729280506,0.48574061556146686,1.0,m3_dqn_base_100k
^GDAXI,F5,4,0.1742534637451172,0.4834880960293809,0.3604090052602413,5.600037504480532,4.5234830060929525,1.6655268164774806,0.5805728179274435,1.0,m3_dqn_base_100k
^GDAXI,F2,5,0.1594853401184082,0.556445490154874,0.2866144895414986,1.1374201033574975,1.372839282607935,0.2978598715152534,0.747135869750382,1.0,m3_dqn_base_100k
^GDAXI,F5,5,0.1600651741027832,0.4723789567907702,0.33884907827018323,7.725044160517915,13.155496583337575,2.528341091299342,0.7489199655695352,1.0,m3_dqn_base_100k
^GDAXI,F1,5,0.21553611755371094,0.3983802150232604,0.5410311793248225,6.285476891186321,7.0586576434143025,2.287917170886035,0.37988971790946424,1.0,m3_dqn_base_100k
^GDAXI,F4,5,0.11982674896717072,0.7257890034925574,0.16509860082001018,1.047426732237462,1.554925793427437,0.1635576411687664,0.8069867578508838,1.0,m3_dqn_base_100k
^GDAXI,F3,5,0.17830944061279297,0.4415425243797027,0.403832996296992,9.938017854002975,-13.753512137336331,2.9120961129056178,0.19114835930883586,1.0,m3_dqn_base_100k
^GDAXI,F5,6,0.14737176895141602,0.4834312723032998,0.30484533664788754,5.367130315590545,3.7691200018836604,1.8949733680738712,0.5621547377666728,1.0,m3_dqn_base_100k
^GDAXI,F1,6,0.21971940994262695,0.4243631688473685,0.5177626761045652,6.11896162569486,3.7589192082341727,2.1711197699083664,0.27140423578252215,1.0,m3_dqn_base_100k
^GDAXI,F2,6,0.16220784187316895,0.5570264309284926,0.2912031330412616,0.14995544181691045,1.0550189247045583,0.0840188946351452,0.6590514518033285,1.0,m3_dqn_base_100k
^GDAXI,F4,6,0.14151644706726074,0.5708386124777381,0.24790973135647804,1.9499021176476639,1.9195348979841913,0.6137081273238967,0.7389753678466838,1.0,m3_dqn_base_100k
^GDAXI,F3,6,0.15374651551246643,0.7315924284172157,0.21015323497140842,0.8352826046605786,43.53401614818494,0.23590168169679013,0.2267426853496107,1.0,m3_dqn_base_100k
^GDAXI,F1,7,0.24988842010498047,0.45179428016216766,0.5531022216909988,5.198063254144797,2.7177378847777818,1.974939551014211,0.4381956678143838,1.0,m3_dqn_base_100k
^GDAXI,F2,7,0.1396922916173935,0.7247484942909919,0.19274588732199008,-0.027447809935659873,0.5782948668325584,-0.30281151024109343,0.6088118642554001,1.0,m3_dqn_base_100k
^GDAXI,F5,7,0.1454010009765625,0.5789006510532259,0.2511674511196808,5.72234891881806,-3.1060177794943096,1.6971117506011193,0.5635469971277606,1.0,m3_dqn_base_100k
^GDAXI,F3,7,0.180260568857193,0.718773049318838,0.2507892707274168,1.3249780927765402,-0.5935358685993115,0.3865471857599227,0.6309332303420332,1.0,m3_dqn_base_100k
^GDAXI,F4,7,0.17717647552490234,0.5718318801810321,0.30984014999095766,3.2533595027967834,3.3427686195300357,0.8582732819401622,0.8052316439293287,1.0,m3_dqn_base_100k
^GDAXI,F5,8,0.19376659393310547,0.4807457248584278,0.4030542216265506,6.349771234787696,6.231086997541306,1.9280118078612662,0.6168869716293855,1.0,m3_dqn_base_100k
^GDAXI,F1,8,0.2316303253173828,0.4260726208259076,0.5436404828556832,9.137821137588965,-8.591316486020945,2.4354136453206308,0.44371411766265073,1.0,m3_dqn_base_100k
^GDAXI,F4,8,0.19417619705200195,0.525257067539665,0.36967840901510324,5.430161251214823,7.447759059337751,1.7801403113591325,0.7991658397299501,1.0,m3_dqn_base_100k
^GDAXI,F2,8,0.19249308109283447,0.5270822783259168,0.3652049955164837,1.653210094856861,1.8126176111513805,0.7158509933377829,0.7418117974666891,1.0,m3_dqn_base_100k
^GDAXI,F3,8,0.19597792625427246,0.4970206248934099,0.3943054200141121,7.209730930577697,-11.56648062580488,2.277217593315587,0.6862273643076698,1.0,m3_dqn_base_100k
^GDAXI,F2,9,0.14336204528808594,0.4896635793748547,0.292776615061128,3.417217961053964,2.5349507638325353,1.7313710360734385,0.6506795867495062,1.0,m3_dqn_base_100k
^GDAXI,F1,9,0.1759967803955078,0.4892105729185214,0.3597566981137595,6.627527408304649,13.17621046343256,2.2133747062791986,0.5697930538543143,1.0,m3_dqn_base_100k
^GDAXI,F3,9,0.17853116989135742,0.4988725601136881,0.35786929201051254,7.790613706200885,-3.9192373936923692,2.3646057140148042,0.6432172495670483,1.0,m3_dqn_base_100k
^GDAXI,F5,9,0.18412542343139648,0.48316644440704554,0.3810807343158112,6.384614008852878,8.51977185197079,1.8296997161170225,0.7012023479364631,1.0,m3_dqn_base_100k
^GDAXI,F4,9,0.19332456588745117,0.5965177749342699,0.3240885251219103,1.0225688227954988,1.727896589038289,0.5268383986576788,0.5937693921520699,1.0,m3_dqn_base_100k
^GDAXI,F1,0,0.17875099182128906,0.4245894471288259,0.4209972551839088,5.7217168728126335,4.176480571153342,1.7663197414781038,0.2876044189094635,1.0,nb_dqn_base
^GDAXI,F5,0,0.16492682695388794,0.641838317056231,0.25696008258017233,-0.1525338915309873,1.4174101249270956,0.18917225277225092,0.6326867712091693,1.0,nb_dqn_base
^GDAXI,F5,1,0.2219233512878418,0.501517426896411,0.442503768336011,8.65614724321744,-59.30268775436135,2.00046600186873,0.5906553192201145,1.0,nb_dqn_base
^GDAXI,F2,0,0.16024160385131836,0.5038709493827258,0.3180211203833533,3.516824710078552,2.137866415521027,1.184289917344284,0.7720608013612039,1.0,nb_dqn_base
^GDAXI,F3,0,0.2346789836883545,0.47791722560256233,0.4910452503411425,7.834954154872213,19.87268602961916,2.889133994821973,0.3754885212358082,1.0,nb_dqn_base
^GDAXI,F2,2,0.15883469581604004,0.4869380183089325,0.32619078782891237,4.263693502266701,2.6163070575709626,1.8144097083055246,0.7027111486269925,1.0,nb_dqn_base
^GDAXI,F4,0,0.19287395477294922,0.5742863644757414,0.33584978976302415,5.066674928048376,85.86614191207742,1.7597441797902544,0.7202554134958526,1.0,nb_dqn_base
^GDAXI,F2,1,0.15303170680999756,0.7097613144825654,0.21561009833504619,0.8194140209732441,1.4107873920351897,0.12307180207338647,0.7417216517623585,1.0,nb_dqn_base
^GDAXI,F3,1,0.2281150221824646,0.5681718141080113,0.4014895081351205,4.97365066464398,-16.30663289844651,1.7572397195191203,0.6377440658519201,1.0,nb_dqn_base
^GDAXI,F4,1,0.20692729949951172,0.48525755045093,0.4264277790365604,7.3634480586607305,4.825756982501551,1.545316982897547,0.748197185214395,1.0,nb_dqn_base
^GDAXI,F1,2,0.222031831741333,0.5335233782556689,0.4161613919660958,1.506812661360562,1.8706707758437429,0.6954766492153717,0.6046578265882857,1.0,nb_dqn_base
^GDAXI,F1,1,0.2133636474609375,0.49386550433043097,0.4320278407584064,6.1873785341602385,8.894663287964594,2.5226938793897746,0.2871531334455806,1.0,nb_dqn_base
^GDAXI,F3,2,0.1755816787481308,0.7212126119194074,0.24345342253630936,2.280558689441384,-0.8663052149062576,0.817790440126121,0.42733849253053696,1.0,nb_dqn_base
^GDAXI,F5,2,0.18524789810180664,0.5164433081289285,0.35869938710786836,7.8074168668922415,-5.448454853088158,2.0132125289145275,0.6460391622288074,1.0,nb_dqn_base
^GDAXI,F4,2,0.21935701370239258,0.5164222014461298,0.4247629421975473,6.204857521909624,3.231824934332901,1.7592626663312074,0.7333387910049448,1.0,nb_dqn_base
^GDAXI,F1,3,0.1894216537475586,0.41494032474592696,0.4565033631367204,6.948924983828025,7.7993186409563835,2.887089502079542,0.33888665040743454,1.0,nb_dqn_base
^GDAXI,F5,3,0.15240907669067383,0.4839416998136524,0.3149327217500802,7.60583988539855,-6.089655211064405,2.148226999543344,0.49825803526993995,1.0,nb_dqn_base
^GDAXI,F3,3,0.2349938154220581,0.5205159338474815,0.4514632504812323,7.163686300471946,-3.3296512113947516,1.9661419879701254,0.5299980420995447,1.0,nb_dqn_base
^GDAXI,F2,3,0.18847155570983887,0.5540802036847678,0.3401521195965084,1.1089508289415377,1.330157318664599,0.3176606021343787,0.6468372775128245,1.0,nb_dqn_base
^GDAXI,F1,4,0.1991863250732422,0.6661329995409094,0.2990188524071303,0.9546691410493788,1.9494478369699435,0.21901649512000226,0.38147155434392127,1.0,nb_dqn_base
^GDAXI,F2,4,0.15394830703735352,0.5276746652355391,0.2917485283638458,1.8935018492445308,1.9482332579321595,1.1910663662056868,0.6524588657529343,1.0,nb_dqn_base
^GDAXI,F3,4,0.1875121146440506,0.7153770844279416,0.2621164679799557,2.1037902174223015,-1.7895847578302753,0.6351113137793005,0.38299513758517567,1.0,nb_dqn_base
^GDAXI,F4,3,0.15846848487854004,0.6540270888030043,0.24229651583479198,-0.9208121408617873,0.6264467747528737,-0.2874275544094849,0.7187904239111618,1.0,nb_dqn_base
^GDAXI,F4,4,0.14915990829467773,0.5104949558782866,0.2921868405889612,4.92445859251424,5.861907454677166,1.6286404551327012,0.7909806280109597,1.0,nb_dqn_base
^GDAXI,F5,4,0.1626300811767578,0.5024729022975276,0.3236594061752214,6.464233808060838,7.336037869340461,2.0271841216118784,0.5745924924474609,1.0,nb_dqn_base
^GDAXI,F1,5,0.21388721466064453,0.4627024981833395,0.4622564509601906,5.273790891422118,6.036580633281952,1.8351956891233465,0.5738130727247489,1.0,nb_dqn_base
^GDAXI,F5,5,0.1725020408630371,0.4921500048771487,0.35050703881654405,7.46298119878386,38.34149418198307,2.4441352378177252,0.7378220452618108,1.0,nb_dqn_base
^GDAXI,F2,5,0.14221692085266113,0.5575172307926127,0.2550897317567634,0.6582157674428504,1.2538386569755717,0.29756439110509386,0.7476579477216205,1.0,nb_dqn_base
^GDAXI,F3,5,0.1846609115600586,0.4366035410922956,0.42294872620151813,10.393307739060962,-7.53063753089614,3.1044976278237644,0.2657421638644902,1.0,nb_dqn_base
^GDAXI,F5,6,0.14631175994873047,0.49815733186195726,0.29370592499735493,8.486695845761016,-5.60099107634585,3.1338161630545374,0.49903068975453324,1.0,nb_dqn_base
^GDAXI,F4,5,0.1349007785320282,0.7251353860169507,0.18603529924669096,1.0248130217129165,5.98763219702806,0.3258865512830614,0.7952095651576058,1.0,nb_dqn_base
^GDAXI,F1,6,0.16256356239318848,0.557452096797619,0.291618891250142,0.45038170511372577,1.1161102116056376,0.09783983987061087,0.23969387422186655,1.0,nb_dqn_base
^GDAXI,F2,6,0.16080474853515625,0.5571459460892713,0.28862230742928274,0.2748569888560848,1.0612764595443445,0.09115337494301762,0.7050362314522995,1.0,nb_dqn_base
^GDAXI,F3,6,0.15721069276332855,0.7309244212548033,0.21508474500474278,1.259067357413167,-48.48833349522021,0.28212264103495777,0.26858569295947227,1.0,nb_dqn_base
^GDAXI,F4,6,0.17615443468093872,0.64964085814775,0.2711566436618359,-0.5111829555189296,0.8658819823195436,-0.11147855549672626,0.671556149592972,1.0,nb_dqn_base
^GDAXI,F1,7,0.20137500762939453,0.48337903847019614,0.4165985522804394,5.636642919581932,5.316191649623979,1.7404156818563892,0.5478141000967977,1.0,nb_dqn_base
^GDAXI,F2,7,0.16411876678466797,0.5248385099327658,0.3127033624222665,2.7345771591525887,1.952253512046402,0.6926365892518994,0.770519059802323,1.0,nb_dqn_base
^GDAXI,F5,7,0.15038180351257324,0.553011587320161,0.27193246391329423,4.777487355921382,42.765199143887266,1.291297511213084,0.5529863231140779,1.0,nb_dqn_base
^GDAXI,F3,7,0.1871621310710907,0.7185818240874609,0.26046043024922183,0.8873987545968327,-1.390495885603345,0.26207698372060984,0.6279777144994114,1.0,nb_dqn_base
^GDAXI,F4,7,0.18977469205856323,0.6262024090462964,0.3030564707465582,1.055450413652849,3.181361240820931,0.8979103485437389,0.36268565194954416,1.0,nb_dqn_base
^GDAXI,F1,8,0.2684464454650879,0.42693656422173604,0.6287736117295077,7.103792945149204,6.305666808956375,2.3634668994019985,0.49297549464751533,1.0,nb_dqn_base
^GDAXI,F5,8,0.18295907974243164,0.5031549956718814,0.3636236971037516,5.766145355775052,9.13816700927807,2.100200374493226,0.6300179968201802,1.0,nb_dqn_base
^GDAXI,F2,8,0.19680118560791016,0.5266609134271149,0.37367721923253316,1.1428832357116967,1.4178542448968134,0.6332451857871667,0.6806522168302537,1.0,nb_dqn_base
^GDAXI,F4,8,0.1688671112060547,0.5739778139971727,0.29420494501358285,2.363045382975208,2.2341850876317864,0.716382909709814,0.7745716752825481,1.0,nb_dqn_base
^GDAXI,F3,8,0.16526150703430176,0.5923235315442635,0.2790054729101236,4.043009781223939,-2.693523268031789,0.984531488771425,0.34567730656115064,1.0,nb_dqn_base
^GDAXI,F1,9,0.17424726486206055,0.47076824619819296,0.37013385305665375,6.422676554824289,6.092044212391885,1.9406234920349539,0.4341928737973857,1.0,nb_dqn_base
^GDAXI,F2,9,0.14055347442626953,0.46004013178372105,0.30552437649580544,4.860362057008302,3.161908099560783,1.953252024343051,0.8208899507260083,1.0,nb_dqn_base
^GDAXI,F3,9,0.18034255504608154,0.562116248753628,0.3208278633573614,2.6346793818682004,7.7414680185497335,0.9635380642306073,0.6496344124770919,1.0,nb_dqn_base
^GDAXI,F4,9,0.16919612884521484,0.4727565720945286,0.3578927059556218,5.729032879266225,5.605642703394265,1.9611189195802772,0.6608900564016726,1.0,nb_dqn_base
^GDAXI,F5,9,0.17415261268615723,0.5070103990069064,0.34348923222733535,7.700139879397173,-10.137210722142681,2.3700737850306353,0.46942691099715805,1.0,nb_dqn_base
^GDAXI,F5,0,0.21396446228027344,0.527670235327243,0.40548897389973115,7.330987786118651,17.933416455541497,1.7676874462116874,0.5890669599763668,1.0,nb_dqn_k2
^GDAXI,F5,1,0.23367881774902344,0.4917379737727155,0.4752100309768456,9.49340825497751,-14.52490623335834,1.955859632702537,0.45237965608974434,1.0,nb_dqn_k2
^GDAXI,F1,0,0.22607684135437012,0.5778123631467016,0.39126342005418663,-0.2546080974340552,0.9588851384098807,-0.046084254709958215,0.6585655901244659,1.0,nb_dqn_k2
^GDAXI,F3,0,0.20488962531089783,0.7153437380803387,0.28642121878459376,1.6802324449832362,-2.3745404444987224,0.4192764586374617,0.2829118664749006,1.0,nb_dqn_k2
^GDAXI,F2,0,0.24654293060302734,0.43090262305035415,0.5721546294096636,10.14946522866247,8.82162708908351,2.361154224828484,0.6062973788949187,1.0,nb_dqn_k2
^GDAXI,F3,1,0.3393840789794922,0.4893372301074385,0.6935586709905095,12.244554267849306,14.851538172549793,3.034832058354152,0.2238241340723789,1.0,nb_dqn_k2
^GDAXI,F4,0,0.24051499366760254,0.6170250190368393,0.3897977978964945,1.9488437477879903,1.6216431211136082,0.41228102825628815,0.8466197206261444,1.0,nb_dqn_k2
^GDAXI,F2,1,0.2208804488182068,0.6133705807252942,0.36010929731422986,2.1345811786589577,4.197320450221241,1.0564767832398665,0.6033183361735315,1.0,nb_dqn_k2
^GDAXI,F4,1,0.29549551010131836,0.5322638758726289,0.5551673211278209,7.4466740212074605,13.49289329528555,2.1763639403290207,0.7324982613671475,1.0,nb_dqn_k2
^GDAXI,F1,1,0.2869987487792969,0.5125139400568591,0.5599823270123282,6.37581291516508,-40.08767765667244,2.304423991176995,0.5820186755388211,1.0,nb_dqn_k2
^GDAXI,F1,2,0.23982542753219604,0.5767106503619992,0.4158505263976979,1.7957164915410464,2.9161470410201105,0.6385035935952125,0.4624195370580529,1.0,nb_dqn_k2
^GDAXI,F2,2,0.2345442771911621,0.5867507351755941,0.39973410024100126,-0.5196980078881752,0.754773263417938,-0.29154966802951815,0.7513502583647188,1.0,nb_dqn_k2
^GDAXI,F5,2,0.2839975357055664,0.5214992100681667,0.5445790333382178,4.801389689176667,2.5375870697037453,1.2056710352084195,0.5730268190718119,1.0,nb_dqn_k2
^GDAXI,F3,2,0.28717613220214844,0.5438667621716851,0.5280266274325001,8.601801270431128,-2.839462342965697,2.9721762472435946,0.5469317879878797,1.0,nb_dqn_k2
^GDAXI,F3,3,0.18169894814491272,0.7364737833040021,0.2467147538229625,0.7576669592626794,-1.8878161614014772,0.3831308203768831,0.45985594804993424,1.0,nb_dqn_k2
^GDAXI,F5,3,0.2832341194152832,0.5143336189409664,0.550681715106381,8.875505699592878,9.136041433687062,2.484765996922664,0.6341783801455398,1.0,nb_dqn_k2
^GDAXI,F1,3,0.30210256576538086,0.47849282744771454,0.631362788397057,2.783035853785929,2.0856388838139086,1.2928854464153807,0.3005317971212329,1.0,nb_dqn_k2
^GDAXI,F4,2,0.21297883987426758,0.6575120263626255,0.3239162651555932,3.0194324476651584,-8.115305616682097,1.1646991038070231,0.5080981581737976,1.0,nb_dqn_k2
^GDAXI,F2,3,0.2771425247192383,0.5081507667978832,0.5453942861597051,3.687401403980026,2.455978223732475,1.2503288756726654,0.6658045680219995,1.0,nb_dqn_k2
^GDAXI,F1,4,0.2921268939971924,0.532276037098922,0.5488259354852404,3.032816883001045,3.0874255528932477,0.8671336077817208,0.5407872967613099,1.0,nb_dqn_k2
^GDAXI,F4,3,0.28116846084594727,0.5222060265440808,0.5384243891375564,8.529612504089895,14.919172195043839,2.1706954676280583,0.6920253359070794,1.0,nb_dqn_k2
^GDAXI,F3,4,0.25588321685791016,0.5265471604340682,0.48596447970010587,6.0409620390135155,9.550607705517852,2.4243873475650313,0.4991290865369665,1.0,nb_dqn_k2
^GDAXI,F2,4,0.24863052368164062,0.5086434761691185,0.4888109949904747,5.8129513592796265,5.296161365641854,1.6391100673146477,0.7048771039998466,1.0,nb_dqn_k2
^GDAXI,F4,4,0.2412581443786621,0.498639247974534,0.4838330423420328,11.00282279629875,-6.81304364034493,3.581616442221308,0.48691108550512996,1.0,nb_dqn_k2
^GDAXI,F5,4,0.25486040115356445,0.5266557486769652,0.4839221859702668,5.681589811481391,5.218728202996936,1.8078021034227116,0.41770763189386845,1.0,nb_dqn_k2
^GDAXI,F1,5,0.2579836845397949,0.680701613256137,0.37899672854560995,0.7872273305308535,1.917699965154129,0.20737510233769127,0.4318122308460135,1.0,nb_dqn_k2
^GDAXI,F5,5,0.22169017791748047,0.5005935897658786,0.44285460790890707,7.0665239399688256,8.793512291152835,1.9754804328757782,0.7590460451107475,1.0,nb_dqn_k2
^GDAXI,F4,5,0.20233702659606934,0.6281561713488616,0.32211261438629823,0.6535668407555475,1.4617542283745344,0.18262768175579977,0.6796157004925392,1.0,nb_dqn_k2
^GDAXI,F2,5,0.2628183364868164,0.44446010070968645,0.5913204268890825,7.817052008679917,4.521848633929263,1.6439713159971716,0.6685336061355073,1.0,nb_dqn_k2
^GDAXI,F2,6,0.21600186824798584,0.5956406575738552,0.3626378849419008,-0.37848850609162277,0.7914982973777113,-0.21022891284887352,0.5275796438504875,1.0,nb_dqn_k2
^GDAXI,F3,5,0.21765528619289398,0.7047395659858583,0.3088449928143549,2.34949056647731,-0.46349917887184044,0.9198353325708761,0.16987463370215286,1.0,nb_dqn_k2
^GDAXI,F1,6,0.32308149337768555,0.4480435882055394,0.7210938888148363,8.122702079797252,30.83049191299722,2.1702120725438694,0.2134171281344426,1.0,nb_dqn_k2
^GDAXI,F5,6,0.2286663055419922,0.5199976313496607,0.439744898353644,10.586620952035535,-7.332351177345389,3.7057321470167968,0.42195068045979667,1.0,nb_dqn_k2
^GDAXI,F3,6,0.3589754104614258,0.478517581446578,0.7501822804007088,13.452222116744924,-42.742182025570365,4.820471616429905,0.5854773329124963,1.0,nb_dqn_k2
^GDAXI,F4,6,0.18416213989257812,0.576075147072758,0.3196842301362439,3.53894809665861,7.8332002777160294,1.0005213379448594,0.7198531083442993,1.0,nb_dqn_k2
^GDAXI,F1,7,0.2925729751586914,0.4596231356261171,0.6365497131908661,4.921234418396487,5.5752915789314885,1.7106795381109778,0.5566993378615839,1.0,nb_dqn_k2
^GDAXI,F2,7,0.228790283203125,0.546137251532627,0.41892451496591737,1.855700455744365,1.618581536210028,0.5234842159763563,0.8526336708289237,1.0,nb_dqn_k2
^GDAXI,F5,7,0.20089316368103027,0.7405995661292273,0.2712574687708856,0.6744435944938161,-1.600997763202872,0.49946224887674084,0.5602219674000554,1.0,nb_dqn_k2
^GDAXI,F3,7,0.2530721426010132,0.5774365138299942,0.4382683403971945,2.170558747376922,2.822469460683193,0.47041837859067437,0.5594111094610573,1.0,nb_dqn_k2
^GDAXI,F1,8,0.2038564682006836,0.6663272327771341,0.3059404721476651,0.17426719071220154,0.9698619378152158,-0.017078164017630876,0.41825662394118984,1.0,nb_dqn_k2
^GDAXI,F2,8,0.17190861701965332,0.683236730009558,0.2516091560493951,-0.764728219755082,0.4958907488526465,-0.44173373419428436,0.6242256152315456,1.0,nb_dqn_k2
^GDAXI,F5,8,0.23272991180419922,0.5348498104423285,0.4351313345548879,4.787771500875989,8.973387143852136,1.4810942933507447,0.6751320551542592,1.0,nb_dqn_k2
^GDAXI,F4,7,0.2493267059326172,0.6068801820269407,0.41083349451267637,0.2112930326588065,1.1562002067015649,0.12304563402555534,0.7927355318713425,1.0,nb_dqn_k2
^GDAXI,F3,8,0.2569390535354614,0.5428939250859272,0.47327671514245456,7.296757838290081,-6.165072473417281,1.8922625680902572,0.7205109986158494,1.0,nb_dqn_k2
^GDAXI,F4,8,0.20448678731918335,0.7102826511015227,0.28789494858428616,-0.48664400693006304,0.78981287719542,-0.10585659058446839,0.6941712074049273,1.0,nb_dqn_k2
^GDAXI,F1,9,0.3311166763305664,0.4499261326877202,0.7359356398184238,6.2548037958464775,3.948388738401282,1.6999827331080297,0.46931994303828223,1.0,nb_dqn_k2
^GDAXI,F3,9,0.29251211881637573,0.5755451447463775,0.5082348821572903,3.606216932134687,-12.929787634041661,1.2807557366062026,0.6329091396194148,1.0,nb_dqn_k2
^GDAXI,F2,9,0.2650566101074219,0.43505671070366875,0.6092461134060303,8.91035294181788,3.505718548860406,3.6146554740458945,0.5170117259520358,1.0,nb_dqn_k2
^GDAXI,F4,9,0.2335042953491211,0.48344314490575324,0.48300259877434504,10.44149264994909,221.39472064272593,3.1488093632782825,0.8592874022945115,1.0,nb_dqn_k2
^GDAXI,F5,9,0.2415294647216797,0.5441818548404219,0.4438396145944755,4.830120944580623,4.029481099986426,1.2102970324339402,0.4078964708317969,1.0,nb_dqn_k2
^GDAXI,F2,0,0.23928165435791016,0.335530571910665,0.7131441197603267,19.350269208161247,-1.6689540711934177,3.897855186338775,-0.2803027766942769,1.0,m3_mean_variance
^GDAXI,F5,0,0.21197175979614258,0.46787762561366975,0.4530495757691336,17.438784227342,-0.49225151189237126,3.726632411543267,0.10753369687959022,1.0,m3_mean_variance
^GDAXI,F3,0,0.1573994755744934,0.6254095598965806,0.2516742398381652,19.907348190540326,-0.023358666776512965,5.486320416466708,0.3360104166444644,1.0,m3_mean_variance
^GDAXI,F5,1,0.3515033721923828,0.4554100629594557,0.771839273616746,20.77483723323141,-1.1363491956845357,2.0184920434738065,0.3667323235713897,1.0,m3_mean_variance
^GDAXI,F1,0,0.31275272369384766,0.2795900939439904,1.1186116048750305,46.70144325866164,-0.3279417695985023,3.627562040387591,0.04671201566826505,1.0,m3_mean_variance
^GDAXI,F1,1,0.29342079162597656,0.31360559830417295,0.9356363317895279,32.45486986245194,-0.47550260927487387,5.568734498612918,0.07689392693665788,1.0,m3_mean_variance
^GDAXI,F2,1,0.16509032249450684,0.5122920569317023,0.32225821240190794,7.545418066546082,-0.3300478368483003,4.319468222715187,0.27917328660001967,1.0,m3_mean_variance
^GDAXI,F4,0,0.2810630798339844,0.4241396020283644,0.6626664392804995,14.14195081950711,-1.438467433558165,2.007801945446046,0.4184284128912389,1.0,m3_mean_variance
^GDAXI,F1,2,0.23303461074829102,0.3853295141965654,0.6047670945584893,16.200822469284287,-0.6876504157869081,2.2183477363924484,0.2765826580744696,1.0,m3_mean_variance
^GDAXI,F2,2,0.17317312955856323,0.6164724721974586,0.2809097524521666,5.908961402454392,-0.1713950580065432,1.576130952514152,-0.31040579549699293,1.0,m3_mean_variance
^GDAXI,F3,1,0.22921907901763916,0.4783924729476248,0.4791444096210402,28.081418654218425,-0.14378527543064396,4.045166256574636,0.14933769495900706,1.0,m3_mean_variance
^GDAXI,F4,1,0.273590087890625,0.45091193595818374,0.6067483827174558,7.9936496776333295,-3.1830452576109582,1.1217136647550543,0.39755082106939693,1.0,m3_mean_variance
^GDAXI,F5,2,0.2606163024902344,0.4699416159572938,0.5545716609058902,8.476219989266497,-2.808530959810711,3.93309451155252,-0.3013443318987883,1.0,m3_mean_variance
^GDAXI,F3,2,0.16010437905788422,0.6605090142297486,0.24239544897746723,31.19222450912988,-0.019371869400405025,5.796895023678986,0.2197127331651904,1.0,m3_mean_variance
^GDAXI,F5,3,0.31967973709106445,0.4415347511680704,0.724019425980308,12.500601307972493,-1.3421812767243062,4.103206494671787,0.1985539876285084,1.0,m3_mean_variance
^GDAXI,F4,2,0.24437165260314941,0.5261382170578912,0.4644628439455503,6.212652489297712,-1.0613869206981728,4.164260262074426,0.4980558476714512,1.0,m3_mean_variance
^GDAXI,F2,3,0.21909427642822266,0.38206963447493103,0.5734406942057004,14.889524348773563,-0.6296290557909804,3.376303503497925,-0.32579009857590197,1.0,m3_mean_variance
^GDAXI,F1,3,0.15575015544891357,0.6255546225252608,0.24897930546844316,14.036392067278049,-0.054661790727692554,1.6987648345468138,0.2804302667817982,1.0,m3_mean_variance
^GDAXI,F4,3,0.2517983913421631,0.5063290068877828,0.49730192802872325,0.256308089835259,1.459255550273128,0.3903159695930223,0.2037432706833517,1.0,m3_mean_variance
^GDAXI,F3,3,0.3171815872192383,0.38404283007550893,0.8259015984151438,38.47748285050292,-0.5349197360677003,5.424817127244783,0.08267323343663809,1.0,m3_mean_variance
^GDAXI,F1,4,0.23319482803344727,0.3555198457809468,0.6559263309793683,37.061776897312654,-0.21468777962827507,3.9330376868752226,0.14464488622965113,1.0,m3_mean_variance
^GDAXI,F2,4,0.20582294464111328,0.39168447163860026,0.5254815024452186,21.00046616710679,-0.4807761497124458,5.576314222182935,0.01596047966072727,1.0,m3_mean_variance
^GDAXI,F3,4,0.18692724406719208,0.6567888695461883,0.2846078134611971,38.61575954144389,-0.01695137376481599,6.862542732880656,0.27513451857255244,1.0,m3_mean_variance
^GDAXI,F4,4,0.3093118667602539,0.44781321827252746,0.6907162498540067,11.639617590411007,-2.33901168120885,4.016173839915233,0.16284643842191446,1.0,m3_mean_variance
^GDAXI,F5,4,0.29288196563720703,0.43980333410554806,0.6659384841473678,13.980252947745079,-1.1521644656633958,2.3076335530424283,0.3342706803303014,1.0,m3_mean_variance
^GDAXI,F5,5,0.14270925521850586,0.5538621006982214,0.2576620697437154,8.765053286703608,-0.33186761270412835,2.33020120310846,0.39576598916192346,1.0,m3_mean_variance
^GDAXI,F3,5,0.20552009344100952,0.47894768066035426,0.4291076076569501,14.526227917612465,-0.2122842858432112,3.7997381420754497,0.10007248978456143,1.0,m3_mean_variance
^GDAXI,F1,5,0.19634246826171875,0.42208581789464106,0.46517191513581907,31.303198603854675,-0.20218349095437166,3.143954594405418,0.4430253524824985,1.0,m3_mean_variance
^GDAXI,F2,5,0.27090930938720703,0.35776916626108596,0.7572181588994397,14.167407731220472,-1.0039703896988714,3.6829289057906958,-0.055631724543196315,1.0,m3_mean_variance
^GDAXI,F2,6,0.13557082414627075,0.6250253552499035,0.21690451916477138,6.424971447918518,-0.07393370286107714,2.041657689662377,-0.2632583553838108,1.0,m3_mean_variance
^GDAXI,F4,5,0.1274537593126297,0.6364549960080476,0.20025572917494724,11.992577674691203,-0.07578971729750512,3.2323817736705074,0.23538397793163962,1.0,m3_mean_variance
^GDAXI,F3,6,0.34456586837768555,0.4008070077595121,0.8596802493643729,29.159289103470368,-0.6466646577899638,3.735411751334634,-0.06367266407021611,1.0,m3_mean_variance
^GDAXI,F5,6,0.15781140327453613,0.6626120806674565,0.23816559926823394,5.93819578286186,-0.03616904603230007,1.2228546194380212,0.3075040547710652,1.0,m3_mean_variance
^GDAXI,F1,6,0.3451862335205078,0.26229819110069963,1.3160069159149725,41.07816522442196,-0.35227864169525963,3.864911583268346,-0.04791685026491744,1.0,m3_mean_variance
^GDAXI,F4,6,0.17500090599060059,0.5367956260123339,0.32601030543154913,3.7270134868399634,-0.5067978206915924,1.0235498864767743,0.10726879190881247,1.0,m3_mean_variance
^GDAXI,F1,7,0.24755287170410156,0.3572528368578668,0.6929346562546418,27.340119278094313,-0.2668982067900491,3.1334613744092,0.45985905737693616,1.0,m3_mean_variance
^GDAXI,F5,7,0.16450095176696777,0.6742863787914809,0.24396303550103113,22.475215458267854,-0.029970919656027193,4.037963721133256,0.4417090404707275,1.0,m3_mean_variance
^GDAXI,F5,8,0.23836255073547363,0.4740698916032251,0.5028004413639756,18.883053486939225,-0.5059006845367294,3.29872395062618,0.47652094475547935,1.0,m3_mean_variance
^GDAXI,F3,7,0.31825363636016846,0.43402035458968785,0.7332689192907499,14.611789445485948,-0.5178605618551758,1.7943793115912647,0.2578378044614093,1.0,m3_mean_variance
^GDAXI,F2,7,0.13777267932891846,0.6533801863512223,0.21086142831833474,7.412137979063194,-0.09899655092790548,3.2407841151870436,0.11382368879044982,1.0,m3_mean_variance
^GDAXI,F4,7,0.14177513122558594,0.6831345009933993,0.2075361894611085,15.593815156527867,-0.051296924964676256,3.0635308947976405,0.6652576648218813,1.0,m3_mean_variance
^GDAXI,F3,8,0.2111126184463501,0.47214062360081877,0.44713927989564334,13.691052816943175,-0.30746102072862236,3.6671593257023893,0.27277652465527696,1.0,m3_mean_variance
^GDAXI,F2,8,0.13231050968170166,0.6159989875524999,0.2147901414698757,10.537699204456063,-0.11432046785171641,3.2507391759947706,-0.24041140481292078,1.0,m3_mean_variance
^GDAXI,F1,8,0.34748315811157227,0.3374867442327497,1.0296201674573875,36.47925874759167,-0.2282767541241658,3.1327742696088534,0.21251160174085224,1.0,m3_mean_variance
^GDAXI,F1,9,0.3201122283935547,0.3130458034923712,1.022573134098428,46.118981161278874,-0.2902647076626734,3.7956446492200615,0.33589429739499105,1.0,m3_mean_variance
^GDAXI,F2,9,0.20523738861083984,0.3833723755419048,0.5353473586111481,11.859072862298087,-1.016748089949515,5.142367133038509,0.20165386637289526,1.0,m3_mean_variance
^GDAXI,F4,8,0.1302633434534073,0.6570116216505234,0.1982664220248706,19.060819286739864,-0.037716712913945634,1.3605053624407868,0.4567630812689351,1.0,m3_mean_variance
^GDAXI,F3,9,0.29106616973876953,0.38157314276880694,0.7628057038467325,16.936972123630007,-0.5918680135632595,2.1152098989610386,0.09238175854968904,1.0,m3_mean_variance
^GDAXI,F5,9,0.23398876190185547,0.4629044130747782,0.5054796525866272,28.267015256532776,-0.37182295139581806,4.5587601291900235,0.22242512511823237,1.0,m3_mean_variance
^GDAXI,F4,9,0.17607998847961426,0.5279572714519244,0.3335118162031945,9.853536976773164,-0.313092583713614,2.156709510398016,0.5122386335521034,1.0,m3_mean_variance
^GDAXI,F5,0,0.2510213851928711,0.4467388271003827,0.5618973994764648,10.579702530614767,6.134982644529472,4.126248921753067,0.4498141450782013,1.0,m3_vol_scaled_pnl
^GDAXI,F2,0,0.24461936950683594,0.33271643609085,0.7352187718193799,10.177708197064621,3.2629210289386212,3.1645573230033044,-0.06653448558029762,1.0,m3_vol_scaled_pnl
^GDAXI,F1,0,0.30426692962646484,0.35981056308631615,0.8456308981497945,10.663627471040444,10.563135188270474,1.9283300501880098,0.1514413852916787,1.0,m3_vol_scaled_pnl
^GDAXI,F5,1,0.2238152027130127,0.6731188450697151,0.3325047342714526,5.485538143816898,-1.3016834601930427,0.8280501293083635,0.5943396817492391,1.0,m3_vol_scaled_pnl
^GDAXI,F3,1,0.21927452087402344,0.5273964642454648,0.4157679008859776,11.28556560664014,-1.2895864893757898,3.2556151819502706,0.4796241386699384,1.0,m3_vol_scaled_pnl
^GDAXI,F3,0,0.18906085193157196,0.6927088100989107,0.2729297638131328,13.845041259937279,-0.0908158153909254,2.6442693256119414,0.2973262921264484,1.0,m3_vol_scaled_pnl
^GDAXI,F2,1,0.188512921333313,0.6788322322053709,0.2777017831355437,-0.5921623564132454,0.6258749889477513,-0.33821170057101796,0.23365510480887033,1.0,m3_vol_scaled_pnl
^GDAXI,F1,2,0.31310057640075684,0.47483166195064014,0.6593927943105538,3.7388262149189155,3.936480289523267,0.6438213439246376,0.5001850803370786,1.0,m3_vol_scaled_pnl
^GDAXI,F4,0,0.2896547317504883,0.5528776913473339,0.5239038150456296,1.2951905180318466,1.80880775066892,0.379186569633627,0.5681608529327676,1.0,m3_vol_scaled_pnl
^GDAXI,F1,1,0.2919797897338867,0.42141142532943865,0.6928615888988566,7.699217581751145,12.2851599857155,1.2091276272667593,0.5141495035125453,1.0,m3_vol_scaled_pnl
^GDAXI,F4,1,0.27201879024505615,0.595150424469065,0.457058886394519,1.372362172782692,2.741680769617132,0.4121115038286946,0.3884608454229279,1.0,m3_vol_scaled_pnl
^GDAXI,F2,2,0.2030048370361328,0.4842912591112194,0.4191792298888301,-2.93109629666667,0.7003322590539485,-0.9581331001069162,0.26363711331136497,1.0,m3_vol_scaled_pnl
^GDAXI,F5,2,0.22296524047851562,0.48010483106553137,0.4644094915347399,13.95683723087738,-44.79241975969589,2.304015734967084,0.38334578727604934,1.0,m3_vol_scaled_pnl
^GDAXI,F3,2,0.23619210720062256,0.5277119208688934,0.4475777367540328,14.916617350111892,-0.4668413566994159,3.9081897003124517,0.2999667062848311,1.0,m3_vol_scaled_pnl
^GDAXI,F5,3,0.19913434982299805,0.4862249236444677,0.4095519175166903,14.173938687829569,-1.2308225805324424,3.777205581317105,0.33668474250761854,1.0,m3_vol_scaled_pnl
^GDAXI,F4,2,0.1949911117553711,0.6485364569391056,0.3006633006811517,0.012047220948597115,1.191085357767909,0.0882698355443828,0.5990910337472792,1.0,m3_vol_scaled_pnl
^GDAXI,F1,3,0.1736498475074768,0.6871487308689387,0.252710715608667,0.925895949954656,2.2805367671583254,0.14039374417059372,0.32609210580867903,1.0,m3_vol_scaled_pnl
^GDAXI,F3,3,0.3103480339050293,0.39494799089221116,0.7857946895841513,27.226091998875994,-1.4889210950504532,5.336698978208478,0.4126398063835457,1.0,m3_vol_scaled_pnl
^GDAXI,F2,3,0.25488948822021484,0.4183247390356638,0.6093100991535777,-1.2003125386712856,1.0393773974381306,0.09697461708345287,-0.1970495205823536,1.0,m3_vol_scaled_pnl
^GDAXI,F4,3,0.22026348114013672,0.5468631530395648,0.40277623371747073,-2.9113599003313766,1.3036514026355157,0.1059747589627084,0.26616628516276936,1.0,m3_vol_scaled_pnl
^GDAXI,F2,4,0.16713809967041016,0.5608960657884036,0.29798408272926363,-5.066142556945316,0.3508071199198541,-1.1832901225814074,0.11861808121356858,1.0,m3_vol_scaled_pnl
^GDAXI,F1,4,0.2563447952270508,0.3499067753604294,0.7326088354905304,14.083670579515662,-5.053536454377696,2.368070269648929,0.2592812188012379,1.0,m3_vol_scaled_pnl
^GDAXI,F3,4,0.2507736086845398,0.7097218795434986,0.353340675992461,13.377179204841521,-0.1056415666187164,2.2818027592098376,0.30896252984576317,1.0,m3_vol_scaled_pnl
^GDAXI,F4,4,0.20325851440429688,0.40528456138515795,0.5015204963880484,6.712895507775185,-71.51880818141049,1.025831427232404,0.1962908927462294,1.0,m3_vol_scaled_pnl
^GDAXI,F5,4,0.1764993667602539,0.4382476901865209,0.40273884087132256,6.600064255523785,3.719009103743507,1.2048945994498852,0.43689680754274673,1.0,m3_vol_scaled_pnl
^GDAXI,F1,5,0.27729129791259766,0.4797561754094943,0.577983801200509,6.41152450741404,-4.092395543701476,1.1007965052743571,0.5436363739419029,1.0,m3_vol_scaled_pnl
^GDAXI,F3,5,0.19677233695983887,0.4472873228371838,0.43992379598798864,14.273593877305512,-1.1161016620171185,2.781214827543065,0.10878681729594647,1.0,m3_vol_scaled_pnl
^GDAXI,F2,5,0.1526392698287964,0.538081175150545,0.28367331339196317,2.4170948878446854,-5.5575591488353115,1.1071988512363125,0.10048587381553979,1.0,m3_vol_scaled_pnl
^GDAXI,F5,5,0.18793487548828125,0.48778762711914175,0.3852801199534696,10.21999509985664,-4.676065118897909,1.3328000580736377,0.6967148602197066,1.0,m3_vol_scaled_pnl
^GDAXI,F4,5,0.17608517408370972,0.5978538820107666,0.2945287793256123,2.6601236297081563,3.0922450175377953,0.39543258643536067,0.6703497495253116,1.0,m3_vol_scaled_pnl
^GDAXI,F1,6,0.173470139503479,0.6680950620423763,0.2596488873502197,-5.145026656127052,0.22032919664624448,-1.1708843347026021,0.40213264219613265,1.0,m3_vol_scaled_pnl
^GDAXI,F5,6,0.18551278114318848,0.5637010211798148,0.3290978269915389,7.061171264377299,-2.712052409705146,1.1077687340948608,0.2847745691822673,1.0,m3_vol_scaled_pnl
^GDAXI,F3,6,0.21535034477710724,0.5140452853088447,0.4189326328471666,13.033009977687465,-0.8776677355531693,3.229042966916038,0.5002752365349304,1.0,m3_vol_scaled_pnl
^GDAXI,F1,7,0.3043985366821289,0.37241639545967925,0.8173607295307317,7.240138524026542,3.7150424921136302,1.173664780850121,0.4560421082946834,1.0,m3_vol_scaled_pnl
^GDAXI,F2,6,0.22156715393066406,0.507896600562877,0.4362446090111885,-0.9734750016446849,0.8586840312331381,-0.2554760046247001,0.14108356218390608,1.0,m3_vol_scaled_pnl
^GDAXI,F4,6,0.2114872932434082,0.5701262659822035,0.3709481668574971,2.615641917418351,23.4347480923698,0.5317612407675638,0.15906676821043964,1.0,m3_vol_scaled_pnl
^GDAXI,F2,7,0.1714158058166504,0.7178396227292126,0.23879401524943794,-5.896270329649285,0.15746339841695553,-2.1189483039738914,-0.027305134434567134,1.0,m3_vol_scaled_pnl
^GDAXI,F5,7,0.17555785179138184,0.5768822427179099,0.304321816120154,6.393085989385427,-3.0830304026695527,0.8875563247285856,0.4919194104122051,1.0,m3_vol_scaled_pnl
^GDAXI,F3,7,0.2560403048992157,0.7140247760189045,0.3585874237120825,2.4532907184736024,-0.2923168518102052,0.4298740363446658,0.6016388805801748,1.0,m3_vol_scaled_pnl
^GDAXI,F4,7,0.2057023048400879,0.5175794575117167,0.3974313544610323,1.4707363252602956,2.256556954109255,0.554300407024763,0.4080579273137179,1.0,m3_vol_scaled_pnl
^GDAXI,F1,8,0.29108715057373047,0.3268842042868091,0.8904901085961615,14.358884981879081,-6.685877922157424,2.839896123441546,0.2428995136509215,1.0,m3_vol_scaled_pnl
^GDAXI,F3,8,0.25325608253479004,0.6958586070326679,0.36394761805813325,8.92365266284669,-0.18912952321232732,1.7319175056551896,0.19706642119144507,1.0,m3_vol_scaled_pnl
^GDAXI,F2,8,0.24138736724853516,0.39311885877802877,0.6140315119932531,4.964207663302455,1.726382136648477,0.6969216465500772,0.15311490969230532,1.0,m3_vol_scaled_pnl
^GDAXI,F4,8,0.23419708013534546,0.7186172868405604,0.3258995913736024,-4.407092780285617,0.8231412904116171,-0.025750126690076928,0.3935080176266783,1.0,m3_vol_scaled_pnl
^GDAXI,F5,8,0.22836875915527344,0.46359704891372433,0.4926018396587615,11.829616942084849,-11.204751368192932,2.6658784815771184,0.2966900706033465,1.0,m3_vol_scaled_pnl
^GDAXI,F1,9,0.23617839813232422,0.4157815008335021,0.5680348876967011,9.86271289945379,-12.171116764226229,1.8786332350392614,0.17004695426166164,1.0,m3_vol_scaled_pnl
^GDAXI,F2,9,0.2295989990234375,0.3206070051969122,0.7161384352235881,9.743992688181368,2.621079538370425,3.3379682173079264,0.3597274147785598,1.0,m3_vol_scaled_pnl
^GDAXI,F3,9,0.24672222137451172,0.38951196406507815,0.6334137180271319,9.912921262746032,10.448195258945312,2.20910279910569,0.2881408391286588,1.0,m3_vol_scaled_pnl
^GDAXI,F5,9,0.19104290008544922,0.490208243158806,0.38971784491914324,10.446743598172414,-17.076609361477203,3.776209187733416,0.1741451093793423,1.0,m3_vol_scaled_pnl
^GDAXI,F4,9,0.23522065579891205,0.6268002110817961,0.3752721387775925,2.1798675064036432,-0.972073597174752,0.5039782965627064,0.4592675149724099,1.0,m3_vol_scaled_pnl
^GDAXI,F1,0,0.34183502197265625,0.4018409410199389,0.8506724603645968,3.5591674028342593,-0.11164738493033549,1.6978401201037931,-0.4018862222739725,1.0,m3_active_return
^GDAXI,F5,0,0.24251365661621094,0.5983406541693945,0.40531034441051633,9.353029518243774,21.17142191075219,2.594530978608846,-0.10146169418059295,1.0,m3_active_return
^GDAXI,F2,0,0.31577253341674805,0.4294849100110486,0.7352354554403896,12.666497720814775,-1.1785475009361503,3.6894522786904593,-0.2339081087361922,1.0,m3_active_return
^GDAXI,F5,1,0.21906578540802002,0.6325211952785992,0.34633746195893195,-0.5664755240155062,0.6699243305884369,-0.398798280670075,0.08184992848353681,1.0,m3_active_return
^GDAXI,F3,0,0.2691211700439453,0.46200371162962883,0.582508675297591,10.761143766250111,-5.128710723805268,3.927947491451822,-0.26200835009043194,1.0,m3_active_return
^GDAXI,F2,1,0.17995095252990723,0.7366384215555061,0.24428667751258185,5.991054060657232,-0.04117619103100038,2.617568820584025,0.2679345626238482,1.0,m3_active_return
^GDAXI,F1,1,0.21443428099155426,0.5389711892962588,0.39785852240366265,-3.713481413593003,0.04125053903739182,-1.1150859434953475,0.09601963485015835,1.0,m3_active_return
^GDAXI,F4,0,0.20015841722488403,0.7318939551080985,0.27348007976827904,5.297605196728688,-0.20468002560484683,0.8170861107134698,-0.4614640182263507,1.0,m3_active_return
^GDAXI,F3,1,0.19746707379817963,0.7442005943586965,0.2653411933490108,3.200281567871463,-0.5796772242454414,0.8916404223817718,0.11309564617256865,1.0,m3_active_return
^GDAXI,F1,2,0.19074583053588867,0.49151748356610986,0.38807537252178553,-2.332309388771966,0.09238722936816608,-0.6020468551597955,0.22146087296124303,1.0,m3_active_return
^GDAXI,F4,1,0.2826423645019531,0.5507986707506705,0.5131500483048489,10.342573556763844,-41.0526063369545,2.669852509389751,-0.2032076116183158,1.0,m3_active_return
^GDAXI,F2,2,0.2769286632537842,0.5057385432605725,0.5475727862630034,8.000469979973095,-0.5664378036973027,4.163097797593526,-0.09441610890669196,1.0,m3_active_return
^GDAXI,F3,2,0.29275989532470703,0.4346177771919627,0.6736031305857062,10.202104319201833,5.377855943461788,5.505477015913171,0.3870334319465848,1.0,m3_active_return
^GDAXI,F5,2,0.18294137716293335,0.6445295487980692,0.2838370676784111,-0.44223558112776096,1.1550889879185822,0.034609076658142376,-0.039363753434028384,1.0,m3_active_return
^GDAXI,F5,3,0.13808757066726685,0.74451004680544,0.18547442208439768,1.2430959987304668,-0.24309219716973413,0.7292506226595002,-0.2108440415811164,1.0,m3_active_return
^GDAXI,F4,2,0.2612037658691406,0.5312635388424907,0.4916651469028867,13.342344689417589,-2.605626807333991,4.059863782858259,-0.4393577557631439,1.0,m3_active_return
^GDAXI,F3,3,0.27310436964035034,0.5339694156669268,0.5114606972372069,0.705176165530461,1.4695137317064049,0.48856374929505036,0.10525580312830891,1.0,m3_active_return
^GDAXI,F1,3,0.27000272274017334,0.4551416693829508,0.5932278692615074,2.4138620060026943,0.31018168750938846,1.5944431210988461,-0.28570364356952965,1.0,m3_active_return
^GDAXI,F2,3,0.21128696203231812,0.5738307954556601,0.3682042924596651,3.179369896524598,-0.15393691165898754,1.522956856029644,-0.05766620618744682,1.0,m3_active_return
^GDAXI,F1,4,0.34228992462158203,0.2815117512145374,1.2158992409546916,6.572103328583105,-1.4963238042634615,3.476165136682422,-0.2803914378525837,1.0,m3_active_return
^GDAXI,F2,4,0.22991657257080078,0.5118365053922033,0.44919924653405363,3.0627688299706026,-1.4216216525978267,0.979729123720143,0.19281238716402177,1.0,m3_active_return
^GDAXI,F4,3,0.2628927230834961,0.5698509823967611,0.4613359127289456,17.088589181986666,-2.3730679078137182,8.718588737061467,-0.36513724484042104,1.0,m3_active_return
^GDAXI,F3,4,0.21466749906539917,0.5488792735102691,0.39110148520006544,1.7596186857534106,-1.3078083638538296,0.9053701421626842,0.0428209627635292,1.0,m3_active_return
^GDAXI,F4,4,0.23069190979003906,0.5605326211113651,0.41155840195820786,13.264181703411122,-2.2187508517563272,3.2388253633883823,-0.18904007812041088,1.0,m3_active_return
^GDAXI,F5,4,0.1892244815826416,0.6163140779801364,0.307026057562716,-1.7504744607516658,0.8893157076096009,-0.14281723532468701,-0.06428490809791819,1.0,m3_active_return
^GDAXI,F1,5,0.30398011207580566,0.3989839805370632,0.7618855064472138,4.550919992547243,-0.3188636424247515,2.131479569283635,-0.33813580922243325,1.0,m3_active_return
^GDAXI,F5,5,0.21456289291381836,0.6030335559164907,0.35580589306962457,7.010691636833414,-88.49356955525352,5.0496015279308395,0.22265910544528913,1.0,m3_active_return
^GDAXI,F2,5,0.20991942286491394,0.6891750895823375,0.3045951979955223,1.3517008453075263,-0.10462543824923959,1.082521495101644,0.04444785643005176,1.0,m3_active_return
^GDAXI,F3,5,0.1554715931415558,0.7216520834445966,0.2154384317709682,-2.4756797918382762,0.20002026893625682,-0.5866761194894081,0.21768279131133664,1.0,m3_active_return
^GDAXI,F4,5,0.1408899575471878,0.7251114967541152,0.19430109462871126,1.9744975204898592,0.23654331144431434,-0.20860410176813096,-0.2690055306069453,1.0,m3_active_return
^GDAXI,F3,6,0.2558174133300781,0.4760948551270913,0.5373244650202927,6.426187895862707,3.479606200007176,1.7483223552577483,0.507295246848981,1.0,m3_active_return
^GDAXI,F5,6,0.2578744888305664,0.6340598751140627,0.4067036867522593,5.499565160575536,-2.481430294930172,4.189396042839708,-0.21879210589641696,1.0,m3_active_return
^GDAXI,F2,6,0.2597670555114746,0.4011605861716868,0.6475388272573237,8.642055504264427,-1.9163740074541826,5.227328539221678,-0.22860160756978246,1.0,m3_active_return
^GDAXI,F1,6,0.3590829372406006,0.38858172351330944,0.924086017206369,7.136275690812921,-0.2880818192646598,3.307471137557171,-0.04150223732526521,1.0,m3_active_return
^GDAXI,F4,6,0.1524873971939087,0.7307137059508716,0.2086828205794746,-0.24300858844510564,-0.4015566956206952,0.33416229355917054,-0.42162123336191737,1.0,m3_active_return
^GDAXI,F1,7,0.2781639099121094,0.32046708157560955,0.8679952666104979,4.965827578368317,-1.929459137975876,1.799074057521854,-0.46007174805906736,1.0,m3_active_return
^GDAXI,F2,7,0.24484014511108398,0.4266341895582555,0.5738877734215247,12.357779284875821,-1.4644639420965817,5.477926308024124,0.09706665981051735,1.0,m3_active_return
^GDAXI,F5,7,0.24320268630981445,0.6421206846701359,0.3787491854973496,5.9118794676654804,-40.25448576370071,3.308354077530175,0.3050119781594087,1.0,m3_active_return
^GDAXI,F3,7,0.15455502271652222,0.7127190578145051,0.2168526588729823,-0.9750592669722544,0.26664525281157886,-0.5757177411413902,0.3064619790849373,1.0,m3_active_return
^GDAXI,F5,8,0.16495418548583984,0.5730266466183762,0.28786477288497875,3.293614917414059,1.8846272889483877,1.2736329312543726,0.040516977333609754,1.0,m3_active_return
^GDAXI,F4,7,0.2938804626464844,0.5561572475413066,0.528412537903064,10.69603497968298,-3.4087379178099084,5.457244017003858,-0.3638385569276697,1.0,m3_active_return
^GDAXI,F3,8,0.20476019382476807,0.5325771411780474,0.384470488860719,1.4292214414200972,2.540560650516007,1.0815149950609395,0.2628661214287527,1.0,m3_active_return
^GDAXI,F1,8,0.2978248596191406,0.2947640355934593,1.010383980594915,5.797781930001561,-1.095257315659249,3.635119919368778,-0.4626848497231288,1.0,m3_active_return
^GDAXI,F2,8,0.2344827651977539,0.3731896734239498,0.6283206152153559,10.697188479482094,-1.238776042371151,4.005752377943732,-0.25769617152712204,1.0,m3_active_return
^GDAXI,F4,8,0.2908264994621277,0.7177416731090527,0.40519661928274286,1.8530711249044973,2.6828763939910845,0.19752559288744284,-0.25424559944452185,1.0,m3_active_return
^GDAXI,F1,9,0.19004857540130615,0.5140922964220037,0.36967792889333767,3.748822658902759,0.05993298742949946,2.073381770636078,-0.2347143886296719,1.0,m3_active_return
^GDAXI,F2,9,0.23366786539554596,0.48470072860810737,0.4820868870293617,1.0890369573537817,3.496904454014156,0.6081146550881296,-0.09976175396577229,1.0,m3_active_return
^GDAXI,F3,9,0.22501105070114136,0.4813033723524892,0.46750358220293414,0.5455075055263157,1.1093133971199587,0.20337667209916316,0.5429744988275442,1.0,m3_active_return
^GDAXI,F4,9,0.2076864242553711,0.5503273264760411,0.3773870826754464,21.07848551647843,-0.8105289515265062,5.738514298786082,-0.4624648429790587,1.0,m3_active_return
^GDAXI,F5,9,0.2274489402770996,0.6473256571919822,0.35136710209161903,9.42577497471252,-2.5174775087486028,2.315882468366984,0.27703750704973606,1.0,m3_active_return
^GDAXI,F3,0,0.2399430274963379,0.4438207153267109,0.5406305276212896,8.99409608812347,-14.925664539046794,3.297204208781602,0.5339131328863504,1.0,m3_diff_sharpe_shadow3
^GDAXI,F5,0,0.18404340744018555,0.48786537743319996,0.3772421982647976,5.559663038474435,3.9126443211259354,2.025063731175995,0.5788554653197281,1.0,m3_diff_sharpe_shadow3
^GDAXI,F1,0,0.2256159782409668,0.4186763157119746,0.5388792481783892,6.8618059771033995,6.1521006462111165,2.6215001324284377,0.3796649443547633,1.0,m3_diff_sharpe_shadow3
^GDAXI,F5,1,0.22204828262329102,0.5169976352087581,0.42949574137535523,5.4647609340337135,13.757144408667928,1.6352316602073984,0.5387238652742758,1.0,m3_diff_sharpe_shadow3
^GDAXI,F2,0,0.1535654067993164,0.525566371057822,0.29219032125330063,1.9002964461607839,1.516122603146091,0.5286672850440451,0.7656886260153857,1.0,m3_diff_sharpe_shadow3
^GDAXI,F2,1,0.18285322189331055,0.4376582188886503,0.41779912726792034,3.6355383468855407,2.0364287275867836,1.7697975659506404,0.711461104370806,1.0,m3_diff_sharpe_shadow3
^GDAXI,F3,1,0.27142858505249023,0.5537261397157982,0.4901856090662468,5.117769414012317,9.865805409473529,1.8373529265090498,0.5789481316006027,1.0,m3_diff_sharpe_shadow3
^GDAXI,F4,1,0.18007731437683105,0.552591745084678,0.32587767728820555,3.549063228029917,3.3802678839698292,1.0210410012978444,0.7077167565190933,1.0,m3_diff_sharpe_shadow3
^GDAXI,F4,0,0.25576353073120117,0.6034982036638434,0.42380164378031004,3.611690198109099,7.735643146075103,1.2431902394195906,0.8077828669415297,1.0,m3_diff_sharpe_shadow3
^GDAXI,F1,1,0.22601604461669922,0.4855050338144307,0.46552770594565424,4.0402900713727625,1.9994627097772173,2.0574008803936112,0.514501693935655,1.0,m3_diff_sharpe_shadow3
^GDAXI,F1,2,0.16542768478393555,0.4858648842147785,0.3404808418111723,4.996519894016869,5.761317364376939,1.847350799237672,0.6203602015720298,1.0,m3_diff_sharpe_shadow3
^GDAXI,F2,2,0.20064496994018555,0.7052408685425104,0.2845055907704973,-0.9150457933007774,0.44924565130225,-0.6339136501276865,0.7092452690643937,1.0,m3_diff_sharpe_shadow3
^GDAXI,F5,2,0.1687183380126953,0.6132839242486892,0.275106408861745,3.4976652568782365,-3.564222865550046,0.9341905363564649,0.5623820089668412,1.0,m3_diff_sharpe_shadow3
^GDAXI,F4,2,0.21833181381225586,0.5197806089918064,0.4200460925923028,4.370608951057251,3.4258948533535483,1.3413303075368854,0.7409623429767993,1.0,m3_diff_sharpe_shadow3
^GDAXI,F5,3,0.2132568359375,0.46811500537978296,0.4555650502262455,5.1108427824014235,3.7558930249022477,2.0523030873079624,0.44119582335452323,1.0,m3_diff_sharpe_shadow3
^GDAXI,F3,2,0.20863747596740723,0.7231968755973058,0.28849333149439904,2.450631441388874,-0.6523934505477506,0.8516026033454631,0.4233738494484813,1.0,m3_diff_sharpe_shadow3
^GDAXI,F2,3,0.19106052815914154,0.5537333326019734,0.3450406845861253,0.5298481170525235,1.1177659338719574,0.12906433227079472,0.7276428276804735,1.0,m3_diff_sharpe_shadow3
^GDAXI,F3,3,0.2300485372543335,0.5483746265745524,0.41950981337583465,4.605109109498198,-3.436848528502408,1.3960176077983417,0.6872767780393145,1.0,m3_diff_sharpe_shadow3
^GDAXI,F1,3,0.21046972274780273,0.4741915574732759,0.4438495781521041,3.4134943522337204,5.231126976201745,1.3150522836420848,0.471264436075331,1.0,m3_diff_sharpe_shadow3
^GDAXI,F4,3,0.22213460505008698,0.7699406379189696,0.2885087422460028,-1.8693602585844364,0.27924608781360544,-0.6169817202282128,0.62019258533909,1.0,m3_diff_sharpe_shadow3
^GDAXI,F1,4,0.19720029830932617,0.39617762876086543,0.4977572785371916,6.183852088581256,6.748523437432265,2.0184818767734134,0.469733678650411,1.0,m3_diff_sharpe_shadow3
^GDAXI,F2,4,0.18572187423706055,0.587904960078297,0.31590458806866706,0.8024054119378221,1.275316477583129,0.24853421505919057,0.6546955858156067,1.0,m3_diff_sharpe_shadow3
^GDAXI,F4,4,0.1790614128112793,0.4833874098763254,0.3704304438899063,4.3465620661531,3.9425897142929256,1.821015214155578,0.662329393653567,1.0,m3_diff_sharpe_shadow3
^GDAXI,F3,4,0.18575692176818848,0.4715710880855338,0.3939107516584982,7.2399210288180065,-3.754436481738305,2.522981639962471,0.4159050320660668,1.0,m3_diff_sharpe_shadow3
^GDAXI,F5,4,0.17438983917236328,0.4717345975993922,0.36967786560454724,5.503783485929024,7.134305923358588,1.6287916131868114,0.7115073935176119,1.0,m3_diff_sharpe_shadow3
^GDAXI,F5,5,0.14910268783569336,0.48526752588726063,0.3072587384929061,6.0043833644974525,42.41522563264342,2.057076348784655,0.7923659298031859,1.0,m3_diff_sharpe_shadow3
^GDAXI,F1,5,0.22225141525268555,0.568020486528213,0.3912735905197788,2.585817998288781,4.510006835980024,0.7697796867385582,0.45888135782405287,1.0,m3_diff_sharpe_shadow3
^GDAXI,F3,5,0.20979279279708862,0.7078647772423265,0.29637410921107227,0.9213432555717007,-12.180658332334444,0.37506716427911013,0.35149160533166035,1.0,m3_diff_sharpe_shadow3
^GDAXI,F2,5,0.15923583507537842,0.6966753870699224,0.22856532329223306,-1.0677215726887241,0.4631676282343421,-0.6147340295824838,0.686233600579751,1.0,m3_diff_sharpe_shadow3
^GDAXI,F4,5,0.16908323764801025,0.7224592998999962,0.2340384263465291,-0.2702472331022967,0.6168289279630993,-0.2651041441001714,0.767157982782596,1.0,m3_diff_sharpe_shadow3
^GDAXI,F5,6,0.1284031867980957,0.5248450281581012,0.2446497154573717,4.011845869488273,4.495254360877765,1.428535519267518,0.781069835715901,1.0,m3_diff_sharpe_shadow3
^GDAXI,F2,6,0.17521250247955322,0.7269007784591133,0.24104046614308114,-1.7436361524341184,0.3433115406981126,-0.9094829427783703,0.15315469191175796,1.0,m3_diff_sharpe_shadow3
^GDAXI,F1,6,0.18803489208221436,0.5595483947836705,0.33604759451577265,-0.6782172722356229,0.8097516642192674,-0.17742632904967243,0.42164214322820337,1.0,m3_diff_sharpe_shadow3
^GDAXI,F3,6,0.23497359454631805,0.5386134804614939,0.43625643076179293,5.159120029986752,-7.722283242446869,1.8103142730947026,0.6130321447747664,1.0,m3_diff_sharpe_shadow3
^GDAXI,F4,6,0.1678304672241211,0.47307343884815867,0.3547662021202363,3.2809212346988748,2.268758428174855,1.29279729794369,0.7824330013390179,1.0,m3_diff_sharpe_shadow3
^GDAXI,F1,7,0.26749277114868164,0.465922814774969,0.5741139147218517,5.258709639622548,11.416624468519345,1.860636013021862,0.5489799689058097,1.0,m3_diff_sharpe_shadow3
^GDAXI,F2,7,0.18014025688171387,0.7235039718109374,0.24898309325216428,-1.158219590748571,0.37779391168838,-0.6467487450361371,0.664659072094275,1.0,m3_diff_sharpe_shadow3
^GDAXI,F5,7,0.20441412925720215,0.4975407930624238,0.4108489838571998,6.182649621547701,-12.264021258994083,1.588988734117492,0.5902891911503126,1.0,m3_diff_sharpe_shadow3
^GDAXI,F3,7,0.22134172916412354,0.497766375766105,0.4446699092992364,8.107950530351019,-8.09182301875083,2.8331171906987063,0.7289085115543815,1.0,m3_diff_sharpe_shadow3
^GDAXI,F4,7,0.1686556339263916,0.4861235721834311,0.3469398391213007,4.802726268417857,4.422944780830849,1.4760634718527927,0.7708719263869179,1.0,m3_diff_sharpe_shadow3
^GDAXI,F2,8,0.14861321449279785,0.499705251514983,0.2974017464139896,2.4689898183953076,2.1467659346996038,1.1562914485947717,0.7202990240204075,1.0,m3_diff_sharpe_shadow3
^GDAXI,F1,8,0.32378149032592773,0.40625776620559667,0.796985355750886,5.507760077385472,4.121116207496501,2.1743624641963653,0.4152677053508194,1.0,m3_diff_sharpe_shadow3
^GDAXI,F5,8,0.18116188049316406,0.4826539129815953,0.3753453056539752,7.474416233483188,-29.573610864195953,2.876391240788053,0.584042040459334,1.0,m3_diff_sharpe_shadow3
^GDAXI,F3,8,0.2722955644130707,0.7190330100531834,0.37869688958081393,2.8034944371414148,-1.0098423272594808,0.9206617620382974,0.2515183928131199,1.0,m3_diff_sharpe_shadow3
^GDAXI,F1,9,0.19262218475341797,0.4398369536582204,0.43793997560081527,6.055109797267202,5.459124809671887,2.4044357670718317,0.4725239030200373,1.0,m3_diff_sharpe_shadow3
^GDAXI,F4,8,0.2446732521057129,0.4852590031620378,0.5042116694618266,3.122714697823434,2.1649311582444732,1.8371933528121733,0.6882043940406147,1.0,m3_diff_sharpe_shadow3
^GDAXI,F2,9,0.21224403381347656,0.4405388308087956,0.4817828054426275,5.289545470746052,3.4648232420138454,2.4748910915444635,0.7553139666845418,1.0,m3_diff_sharpe_shadow3
^GDAXI,F3,9,0.24796921014785767,0.5580539798170358,0.4443462803171069,3.7901704658677415,-5.603998612279967,1.2449780804184676,0.7189932105052728,1.0,m3_diff_sharpe_shadow3
^GDAXI,F5,9,0.1800374984741211,0.48299282797897125,0.37275397903415586,6.050448160977652,10.389670525298817,1.8976909085496838,0.44884115653584694,1.0,m3_diff_sharpe_shadow3
^GDAXI,F4,9,0.24187813699245453,0.7328554100935594,0.33004892051158546,-0.14906337241844536,0.7773599281989444,-0.12723301197607856,0.6790596388201661,1.0,m3_diff_sharpe_shadow3
DBC,F1,0,0.25946664810180664,0.6815563375421702,0.38069728621040455,32.4352677300401,-0.5263819995048946,3.4828490286594396,-0.010972765795302132,1.0,m4_cross_resid
DIA,F1,0,0.25408124923706055,0.6815563375421702,0.3727956666844723,8.179736011501841,11.520923059234653,2.052810599640049,-0.2369211336159974,1.0,m4_cross_resid
EFA,F1,0,0.24860739707946777,0.6815563375421702,0.3647642658213645,20.926711764944272,-0.9648491419820985,3.390787880962136,0.1926176232058037,1.0,m4_cross_resid
EWA,F1,0,0.23688626289367676,0.6815563375421702,0.34756666447844425,15.84828866425433,-1.8922629963509765,3.3405193086219582,-0.02409646018683949,1.0,m4_cross_resid
EWC,F1,0,0.2712826728820801,0.6815563375421702,0.3980341138934753,6.99920820552296,-114.56698063168636,1.1355402715036929,0.14946209834488638,1.0,m4_cross_resid
EWG,F1,0,0.27195096015930176,0.6815563375421702,0.39901464512825435,11.634370429230056,-3.4986600046621557,3.6114681177757597,0.25627925654962647,1.0,m4_cross_resid
EWJ,F1,0,0.2692070007324219,0.6815563375421702,0.3949886251564129,7.146321987438718,3.8663386442178997,1.8103504407991295,-0.09904352516371041,1.0,m4_cross_resid
EWU,F1,0,0.26278209686279297,0.6815563375421702,0.3855618125574744,23.574289428533643,-0.9342073170964122,2.7286281635143235,-0.15102923265760548,1.0,m4_cross_resid
FXI,F1,0,0.24384641647338867,0.6815563375421702,0.357778811584011,7.871881258571749,16.91634095096415,1.8318111335473188,0.10452567672446414,1.0,m4_cross_resid
GLD,F1,0,0.2629718780517578,0.6815563375421702,0.38584026523777554,21.243436224673296,-1.0717186636772715,4.1724962393416405,-0.4065733689202953,1.0,m4_cross_resid
IWM,F1,0,0.24558067321777344,0.6815563375421702,0.36032336534847137,6.076117676920001,3.6221685463402546,1.6822776246481121,-0.012750732942263884,1.0,m4_cross_resid
IYR,F1,0,0.21650385856628418,0.6815563375421702,0.31766098654007213,0.3683537885605812,1.051043029417954,0.1793270343962899,0.02157742567829639,1.0,m4_cross_resid
LQD,F1,0,0.2686607837677002,0.6815563375421702,0.39418719916323464,8.016918061334117,4.284118850001983,2.6754975231261637,0.35715595008523576,1.0,m4_cross_resid
MDY,F1,0,0.24613451957702637,0.6815563375421702,0.3611359854192497,6.3994152087250145,2.8872317662545757,1.965179071008927,-0.06405194913347814,1.0,m4_cross_resid
SPY,F1,0,0.2427215576171875,0.6815563375421702,0.35612838476785424,7.55577574189725,6.830673785050539,1.4324153620939366,-0.30646117570874554,1.0,m4_cross_resid
TIP,F1,0,0.27835512161254883,0.6815563375421702,0.4084110238287177,16.627215225301537,-2.131415437498487,2.2489083461000554,0.5340442269484741,1.0,m4_cross_resid
TLT,F1,0,0.2609598636627197,0.6815563375421702,0.3828881770856885,0.5036546945841289,1.042985533014266,0.16920424549413648,0.2157381856476014,1.0,m4_cross_resid
USO,F1,0,0.24297285079956055,0.6815563375421702,0.3564970896988057,24.82571166686977,-0.808539050405556,3.395307663799237,0.30250417249155714,1.0,m4_cross_resid
XLB,F1,0,0.2607913017272949,0.6815563375421702,0.3826408579337125,10.576821039833895,-25.84565697478449,1.494941617888647,-0.34536330858570125,1.0,m4_cross_resid
XLI,F1,0,0.2593233585357666,0.6815563375421702,0.3804870474404787,8.261164023415237,7.358264562121401,2.3006993847970563,0.150038805484329,1.0,m4_cross_resid
XLK,F1,0,0.2587761878967285,0.6815563375421702,0.3796842221876004,4.814169515677664,2.7648483441562757,1.1586586240510528,-0.35176351154242,1.0,m4_cross_resid
XLP,F1,0,0.25190305709838867,0.6815563375421702,0.36959975752965923,6.684733060636928,3.32179788700765,1.6829086774321482,0.07484851326996599,1.0,m4_cross_resid
XLU,F1,0,0.23802638053894043,0.6815563375421702,0.3492394794498011,7.963134836576819,8.471610781932753,1.5455496002804479,-0.12883596875619752,1.0,m4_cross_resid
XLV,F1,0,0.23562097549438477,0.6815563375421702,0.3457101966714617,2.587141829432843,1.4659376904127381,0.6334287884083912,-0.20813867549523693,1.0,m4_cross_resid
XLY,F1,0,0.24846744537353516,0.6815563375421702,0.3645589244603886,6.681034972517762,2.9391832804471387,2.2140801819602527,-0.5166411400927544,1.0,m4_cross_resid
^GDAXI,F1,0,0.2155923843383789,0.6815563375421702,0.3163236440817917,10.97940998278215,-3.794600688280411,2.7026971512189917,-0.06924634091190456,1.0,m4_cross_resid
DBC,F2,0,0.25906896591186523,0.6853916355180186,0.3779867633138841,9.107321310874509,-117.08885685471634,1.7688889034651096,-0.2580037293627348,1.0,m4_cross_resid
DIA,F2,0,0.24489402770996094,0.6853916355180186,0.35730524713052586,-0.5843085661216652,0.9121540492965916,-0.24668887698903386,0.23800719843251011,1.0,m4_cross_resid
EFA,F2,0,0.2482438087463379,0.6853916355180186,0.3621926441496698,0.46846791721877157,1.0267171371067556,0.1012118790977359,0.04808450992224669,1.0,m4_cross_resid
EWA,F2,0,0.25825977325439453,0.6853916355180186,0.3768061351656297,5.124051579231498,2.285339280655143,1.9712997796631937,0.48144356342989564,1.0,m4_cross_resid
EWC,F2,0,0.2552328109741211,0.6853916355180186,0.3723897371190068,3.2530502699614,1.5192368318917753,1.198469271297255,0.3872624426376869,1.0,m4_cross_resid
EWG,F2,0,0.25957489013671875,0.6853916355180186,0.37872491679962245,5.150735376802804,2.194840575368928,1.180965177923261,0.0689328212668435,1.0,m4_cross_resid
EWJ,F2,0,0.22849369049072266,0.6853916355180186,0.3333768296107484,1.0791923888977433,1.246425887315549,0.40657056484376963,0.04400949598278089,1.0,m4_cross_resid
EWU,F2,0,0.25838279724121094,0.6853916355180186,0.37698562960419757,3.1385129600266035,1.6787477601330107,1.3722186110361378,0.17112950133774082,1.0,m4_cross_resid
FXI,F2,0,0.24139976501464844,0.6853916355180186,0.3522070485032964,2.2749372593494392,1.6959041758920335,0.8327645157859452,0.04736894823949869,1.0,m4_cross_resid
GLD,F2,0,0.2727360725402832,0.6853916355180186,0.3979273431519914,7.687577155131129,-4.024872601168954,1.9179314639713536,-0.22516062624193278,1.0,m4_cross_resid
IWM,F2,0,0.2812328338623047,0.6853916355180186,0.4103242865661018,2.8180085770280088,1.432679977211166,0.8577670393606172,0.32282810366860726,1.0,m4_cross_resid
IYR,F2,0,0.25589942932128906,0.6853916355180186,0.37336234651868844,0.744774809003049,1.1714619296669462,0.24892677993224696,-0.2612229878849665,1.0,m4_cross_resid
LQD,F2,0,0.2770400047302246,0.6853916355180186,0.4042068656423534,7.767075787436723,-5.501926379152089,1.4782945071525249,0.6347819258609886,1.0,m4_cross_resid
MDY,F2,0,0.2943916320800781,0.6853916355180186,0.4295232343440799,2.7330492397851245,1.312846623656496,0.6430660570988271,0.3176577794826409,1.0,m4_cross_resid
SPY,F2,0,0.2587294578552246,0.6853916355180186,0.3774914143206271,2.8162087218919565,1.3871440046785337,0.8281255013071119,0.2652462136329437,1.0,m4_cross_resid
TIP,F2,0,0.2851076126098633,0.6853916355180186,0.4159776656661109,17.15043078815396,-0.8090672485445571,4.095202791923324,0.03838310961160998,1.0,m4_cross_resid
TLT,F2,0,0.2642555236816406,0.6853916355180186,0.3855540540437387,10.162462087418808,-2.5112413884247333,2.4138518386627688,-0.38115872558954195,1.0,m4_cross_resid
USO,F2,0,0.26541805267333984,0.6853916355180186,0.3872502069167171,9.74111872665685,-3.557119535846741,2.828745331707199,-0.13349564140129055,1.0,m4_cross_resid
XLB,F2,0,0.2439260482788086,0.6853916355180186,0.3558929459278408,-1.6172974877242652,0.7953243392877165,-0.6708265429571799,0.41779660037878996,1.0,m4_cross_resid
XLI,F2,0,0.2697620391845703,0.6853916355180186,0.3935881694568454,1.9541916969501472,1.2328412671965785,0.43964945609983314,0.27732261456738355,1.0,m4_cross_resid
XLK,F2,0,0.2676725387573242,0.6853916355180186,0.39053954686070463,-0.6864059006980554,0.8777227683027721,-0.3639658301504184,0.15927791559931842,1.0,m4_cross_resid
XLP,F2,0,0.25173377990722656,0.6853916355180186,0.3672845813429957,4.396627472728933,2.2117486136642004,1.8509142695840868,-0.055725691330213184,1.0,m4_cross_resid
XLU,F2,0,0.27701377868652344,0.6853916355180186,0.4041686013240541,4.070679481276871,1.995143576820174,0.8627904013391436,-0.04941089162473789,1.0,m4_cross_resid
XLV,F2,0,0.2660398483276367,0.6853916355180186,0.3881574191178507,6.95485934742912,4.750781348488388,1.8713252408943768,-0.2540863252067645,1.0,m4_cross_resid
XLY,F2,0,0.26793909072875977,0.6853916355180186,0.39092845147760164,5.276989657383316,2.409505288642563,1.31668575811364,0.4713444188947559,1.0,m4_cross_resid
^GDAXI,F2,0,0.24227523803710938,0.6853916355180186,0.35348438101961643,2.218225862587812,1.3676203372291,0.6661802889951844,0.4806488028585123,1.0,m4_cross_resid
DBC,F3,0,0.3827786445617676,0.6487135323112926,0.5900580541274834,6.862858124938041,-1.615044464696928,1.2135346723661804,0.430270948189455,1.0,m4_cross_resid
DIA,F3,0,0.3567073345184326,0.6487135323112926,0.5498688045669787,-1.5907481435584252,0.9769144638217949,-0.020526710949253128,0.0304425362491942,1.0,m4_cross_resid
EFA,F3,0,0.36371922492980957,0.6487135323112926,0.5606777210796255,12.162749515165565,-0.5283365281326338,2.9077060106344006,0.2544490295635381,1.0,m4_cross_resid
EWA,F3,0,0.39370012283325195,0.6487135323112926,0.6068936490819656,7.878034414155791,-1.1375520659700737,2.0325915407983093,0.2806787906915981,1.0,m4_cross_resid
EWC,F3,0,0.34511613845825195,0.6487135323112926,0.5320008312893403,13.10534764111861,-0.4611562606665221,2.987112404957245,0.3262064773260982,1.0,m4_cross_resid
EWG,F3,0,0.3909430503845215,0.6487135323112926,0.6026435875194954,13.792289701893552,-0.438871509496856,3.9712012349018773,0.32875702261087436,1.0,m4_cross_resid
EWJ,F3,0,0.37508344650268555,0.6487135323112926,0.5781958103545426,12.81713714294385,-0.5383266462475279,3.401481675849517,0.454344296618526,1.0,m4_cross_resid
EWU,F3,0,0.3475015163421631,0.6487135323112926,0.5356779210448327,14.816563750759391,-0.3778174538694107,3.6690267290894547,0.28096198804432654,1.0,m4_cross_resid
FXI,F3,0,0.4000082015991211,0.6487135323112926,0.6166176311660053,9.821486479520019,-0.8298558517370519,1.9988415101596846,-0.008878952654987358,1.0,m4_cross_resid
GLD,F3,0,0.3889193534851074,0.6487135323112926,0.5995240335120372,13.368864173022626,-1.4089194452837899,1.0386241136818997,-0.34295373299349596,1.0,m4_cross_resid
IWM,F3,0,0.39894866943359375,0.6487135323112926,0.6149843491196877,12.909998520961214,-0.500102883991118,1.837793811314274,0.3307657166367819,1.0,m4_cross_resid
IYR,F3,0,0.37316441535949707,0.6487135323112926,0.5752375999155662,0.6801557134197402,1.6361680281703461,0.3131714857201118,0.10902189213950009,1.0,m4_cross_resid
LQD,F3,0,0.3515329360961914,0.6487135323112926,0.541892404870482,3.728341897145521,-3.5450182677789615,0.7410446143881568,0.04275913750209278,1.0,m4_cross_resid
MDY,F3,0,0.3443450927734375,0.6487135323112926,0.5308122547506834,8.871109653555042,-1.060549790412648,1.5215135597970824,0.4099068853950644,1.0,m4_cross_resid
SPY,F3,0,0.3572969436645508,0.6487135323112926,0.5507776944185863,3.0336089744377994,12.597952865202043,0.690965895197292,0.3216481384011521,1.0,m4_cross_resid
TIP,F3,0,0.38974952697753906,0.6487135323112926,0.6008037563035039,16.4052716799086,-0.4702778435933304,2.9282624823046586,0.3924371352652425,1.0,m4_cross_resid
TLT,F3,0,0.37996912002563477,0.6487135323112926,0.5857271370181657,2.8332543186269907,2.0895686531414097,0.49229189194643763,0.5799370864951249,1.0,m4_cross_resid
USO,F3,0,0.3787398338317871,0.6487135323112926,0.5838321770202328,3.561125929803776,5.725573479322495,0.6190744816767375,0.56305204927405,1.0,m4_cross_resid
XLB,F3,0,0.35762453079223633,0.6487135323112926,0.5512826740611696,8.955793509650054,-0.7400157312630482,2.3647400532178557,0.22196433156783338,1.0,m4_cross_resid
XLI,F3,0,0.35286402702331543,0.6487135323112926,0.5439442981343414,8.373225327209003,-0.8660409699477168,1.908206621941963,0.3053795311773195,1.0,m4_cross_resid
XLK,F3,0,0.33758091926574707,0.6487135323112926,0.5203851969342841,3.559603397653806,13.521799262677147,0.7193258274561489,0.45848507328163024,1.0,m4_cross_resid
XLP,F3,0,0.28430795669555664,0.6487135323112926,0.4382642607787134,-0.22940680232308353,1.6885371379554825,0.17592936900747488,0.0689499515890155,1.0,m4_cross_resid
XLU,F3,0,0.38670873641967773,0.6487135323112926,0.5961163397376319,-0.2214283131952155,0.9090358573278373,-0.09772910567018138,0.188891066766546,1.0,m4_cross_resid
XLV,F3,0,0.32062196731567383,0.6487135323112926,0.4942427610124521,0.9402369519927705,1.5275946586540252,0.20293707567656158,-0.07473260196025874,1.0,m4_cross_resid
XLY,F3,0,0.3570690155029297,0.6487135323112926,0.5504263403150129,6.488766299651077,-1.6233641720754235,1.1494695893025766,0.16900688178838513,1.0,m4_cross_resid
^GDAXI,F3,0,0.3574267625808716,0.6487135323112926,0.5509778118970335,10.275572435760749,-0.6532888064205902,2.2154673635762308,0.6389229827515687,1.0,m4_cross_resid
DBC,F5,0,0.2631998062133789,0.7642198901433095,0.3444032399680446,14.111465066110814,10.319292115878886,1.14396332794135,0.5746375973270631,1.0,m4_cross_resid
DIA,F5,0,0.23937368392944336,0.7642198901433095,0.31322618923796275,9.421037803688161,17.92125255119638,1.683504893931256,0.20061652368927638,1.0,m4_cross_resid
EFA,F5,0,0.25045299530029297,0.7642198901433095,0.3277237330911749,13.613940374920212,-2.894136917977611,2.1111550440121807,-0.1412773722872107,1.0,m4_cross_resid
EWA,F5,0,0.24325132369995117,0.7642198901433095,0.31830017359838114,10.681570776199246,-10.760420667628495,3.4578501018023853,0.20133924937835365,1.0,m4_cross_resid
EWC,F5,0,0.23837947845458984,0.7642198901433095,0.31192524760103796,17.126030522709225,-1.346272928426119,4.439348752060311,0.1533685660019839,1.0,m4_cross_resid
EWG,F5,0,0.25502967834472656,0.7642198901433095,0.33371243229079317,16.30090063665086,-1.5821127640250723,3.0844511314931307,-0.015232933189411326,1.0,m4_cross_resid
EWJ,F5,0,0.2388467788696289,0.7642198901433095,0.3125367213680338,17.619212467756284,-1.457297992751323,2.6435968118942803,-0.025913704970817627,1.0,m4_cross_resid
EWU,F5,0,0.22224092483520508,0.7642198901433095,0.29080756429086085,14.652274426877252,-2.3257103963010515,4.26165945707878,-0.46966614921756517,1.0,m4_cross_resid
FXI,F5,0,0.2656545639038086,0.7642198901433095,0.34761534910324304,14.43917530611899,-3.593270732035255,2.4560329650890993,0.5238187955461526,1.0,m4_cross_resid
GLD,F5,0,0.2369375228881836,0.7642198901433095,0.3100384142628794,13.329997788813927,-6.388307035740306,2.1372933509342493,0.1487008497502383,1.0,m4_cross_resid
IWM,F5,0,0.22975373268127441,0.7642198901433095,0.3006382530009656,7.132359440924985,3.7863018970015743,1.5587481918966195,-0.34925021125352756,1.0,m4_cross_resid
IYR,F5,0,0.23956990242004395,0.7642198901433095,0.31348294582481867,11.346845074742625,-2.7130746868297653,5.238659530120612,0.3231774013684565,1.0,m4_cross_resid
LQD,F5,0,0.24918889999389648,0.7642198901433095,0.32606963415616885,22.991547124341466,-0.8578489193794733,2.816086108799599,-0.3666130791971085,1.0,m4_cross_resid
MDY,F5,0,0.23882389068603516,0.7642198901433095,0.31250677163250745,8.988498786626758,4.609629197408207,1.656176548561903,-0.32540359648022865,1.0,m4_cross_resid
SPY,F5,0,0.2326364517211914,0.7642198901433095,0.304410359795224,13.033015154116795,-5.199415487042904,2.4988621942987566,-0.06754309718188344,1.0,m4_cross_resid
TIP,F5,0,0.24652910232543945,0.7642198901433095,0.3225892253068804,20.731496838366393,-0.8906000680461676,8.27648092412568,-0.419098648429426,1.0,m4_cross_resid
TLT,F5,0,0.2574341297149658,0.7642198901433095,0.33685871440311604,18.853836551130577,-1.3425096999605115,4.028613300033359,-0.216280060811757,1.0,m4_cross_resid
USO,F5,0,0.27695131301879883,0.7642198901433095,0.3623974154439553,12.601699125899504,23.724856912961744,1.595489370490398,0.37665238207799673,1.0,m4_cross_resid
XLB,F5,0,0.2315382957458496,0.7642198901433095,0.3029733964427838,12.638800539466619,-2.208844348187723,4.484389387741893,0.19245476907945605,1.0,m4_cross_resid
XLI,F5,0,0.22403669357299805,0.7642198901433095,0.29315737062403047,7.397325918168649,2.274641508691656,0.8821420665202098,-0.34712879525265866,1.0,m4_cross_resid
XLK,F5,0,0.24008750915527344,0.7642198901433095,0.31416024661469005,9.293525533994952,59.12013722955993,1.8401591127265702,-0.18402073711618086,1.0,m4_cross_resid
XLP,F5,0,0.2292342185974121,0.7642198901433095,0.29995845639980034,13.049847693072913,-2.917610756615446,4.425228318808134,0.11019559620763306,1.0,m4_cross_resid
XLU,F5,0,0.2531776428222656,0.7642198901433095,0.3312889995244546,6.9609288420202375,2.191641602844871,0.9655882999851033,0.6817113295566016,1.0,m4_cross_resid
XLV,F5,0,0.24503707885742188,0.7642198901433095,0.320636876922258,9.154171941881005,-40.821408652582804,2.83651192977722,-0.1297939008552354,1.0,m4_cross_resid
XLY,F5,0,0.23460960388183594,0.7642198901433095,0.3069922765787227,9.965881650161776,14.835440835294488,1.5951109941877633,-0.05309350766375095,1.0,m4_cross_resid
^GDAXI,F5,0,0.2567901611328125,0.7642198901433095,0.33601606611502643,11.34945376642349,-16.352303686373972,2.3314315282580735,0.24568821255645285,1.0,m4_cross_resid
DBC,F4,0,0.24467754364013672,0.716896352181142,0.3413011419233903,-0.07699445966510687,4.181146212037699,0.5382427951907366,-0.27263786987525346,1.0,m4_cross_resid
DIA,F4,0,0.2666196823120117,0.716896352181142,0.37190827028318246,2.360614532293962,2.374526478027131,0.7706426746019539,0.004223882166191573,1.0,m4_cross_resid
EFA,F4,0,0.28195858001708984,0.716896352181142,0.39330452604373956,3.8663253556991988,8.42943674518177,0.8659545580731374,-0.19339148765825975,1.0,m4_cross_resid
EWA,F4,0,0.24896478652954102,0.716896352181142,0.34728142467467005,3.9757209868251406,8.059589131144278,0.8462282711973678,-0.08866788586030497,1.0,m4_cross_resid
EWC,F4,0,0.24785470962524414,0.716896352181142,0.3457329764214191,1.2957007229728355,2.6409234710312166,0.5991654347765002,-0.18003589771425768,1.0,m4_cross_resid
EWG,F4,0,0.2852144241333008,0.716896352181142,0.39784610880714055,6.945837122747872,-13.800709556855153,1.1287866562791549,-0.07762702828906994,1.0,m4_cross_resid
EWJ,F4,0,0.27953338623046875,0.716896352181142,0.38992161890626775,1.5921597741153413,3.078416168167033,0.642865668818339,-0.10030720235965647,1.0,m4_cross_resid
EWU,F4,0,0.28253650665283203,0.716896352181142,0.3941106769384733,4.330461317361451,325.09327460461566,0.7859291674395914,-0.3117921081312145,1.0,m4_cross_resid
FXI,F4,0,0.27888965606689453,0.716896352181142,0.38902367855322273,5.4802994900518875,2.620681368440782,1.380306456825464,0.15330765502833427,1.0,m4_cross_resid
GLD,F4,0,0.26038551330566406,0.716896352181142,0.3632122168196932,11.746553305196567,-4.31089944336026,2.0274555364399145,0.467791471197131,1.0,m4_cross_resid
IWM,F4,0,0.2881345748901367,0.716896352181142,0.40191943230495364,1.2040819640070204,1.5733720523635535,0.46713876403507104,0.06286634711866125,1.0,m4_cross_resid
IYR,F4,0,0.28455352783203125,0.716896352181142,0.39692422337801436,4.676243623334231,5.100865531321561,0.9554477663720429,-0.30686561510624594,1.0,m4_cross_resid
LQD,F4,0,0.2640361785888672,0.716896352181142,0.3683045363329618,11.55345657004808,-4.29198500945176,3.2679974584799028,0.4134479267375315,1.0,m4_cross_resid
MDY,F4,0,0.23529434204101562,0.716896352181142,0.3282124972810052,-0.16468756823143238,1.533735508851733,0.3431870275733214,-0.1493810323184454,1.0,m4_cross_resid
SPY,F4,0,0.2732992172241211,0.716896352181142,0.38122556544277847,0.5519217110490136,1.4062899298139977,0.5557350542994842,0.1912902673786041,1.0,m4_cross_resid
TIP,F4,0,0.26613521575927734,0.716896352181142,0.3712324870248908,10.823184369031312,11.616467856813944,1.5720562468488788,0.40822660445627695,1.0,m4_cross_resid
TLT,F4,0,0.2838258743286133,0.716896352181142,0.39590921820857233,14.800925218079954,-3.9841291260226703,1.6286363860305362,0.2863141864991031,1.0,m4_cross_resid
USO,F4,0,0.2558565139770508,0.716896352181142,0.3568947075802698,3.983639528699692,-36.652043621294105,0.8385238846432247,-0.38340922423823487,1.0,m4_cross_resid
XLB,F4,0,0.2763643264770508,0.716896352181142,0.38550109180527725,3.857767260382431,2.329216478029143,1.1348083403250497,-0.04331364483450952,1.0,m4_cross_resid
XLI,F4,0,0.27571678161621094,0.716896352181142,0.3845978303242142,1.7299997427635159,2.2834179742881844,0.6084768572015307,-0.23400797481061142,1.0,m4_cross_resid
XLK,F4,0,0.2557554244995117,0.716896352181142,0.3567536976877916,3.4589026902062345,1.5799088514847681,1.6369668943426043,0.45560864106024374,1.0,m4_cross_resid
XLP,F4,0,0.2942466735839844,0.716896352181142,0.41044520967186554,1.3380853746197934,1.3997312738060157,1.1356495039070496,-0.13152665317427872,1.0,m4_cross_resid
XLU,F4,0,0.2684812545776367,0.716896352181142,0.3745049807559882,5.286460768103857,2.550666548998205,1.1768830655519484,-0.25675382493409293,1.0,m4_cross_resid
XLV,F4,0,0.23775291442871094,0.716896352181142,0.3316419642886349,4.325340804358028,2.1878444680704825,1.296384920326594,0.22168285371611027,1.0,m4_cross_resid
XLY,F4,0,0.25684547424316406,0.716896352181142,0.3582742100189478,1.084205078002622,1.896264220621326,0.7194420512834694,-0.06754616891419979,1.0,m4_cross_resid
^GDAXI,F4,0,0.25972461700439453,0.716896352181142,0.36229033139056693,8.564390256940799,-3.9545125261268397,1.3268222965931558,-0.01619330955177784,1.0,m4_cross_resid
DBC,F1,1,0.3219475746154785,0.6243705809183124,0.515635400601297,36.64049139863665,-0.09951306600245823,2.6720717886369068,-0.3664624642899201,1.0,m4_cross_resid
DIA,F1,1,0.3135901391506195,0.6243705809183124,0.5022500238390429,-0.9800890454754903,0.7338846827385164,-0.27070895984045756,-0.03761346464676409,1.0,m4_cross_resid
EFA,F1,1,0.3419734239578247,0.6243705809183124,0.5477090599862291,13.507396344308107,-0.26890532820603796,1.9503750936385198,0.1833576533058694,1.0,m4_cross_resid
EWA,F1,1,0.32002729177474976,0.6243705809183124,0.5125598507605206,11.643642022539137,-0.26647098596414126,1.3112101871866344,-0.21053692227765783,1.0,m4_cross_resid
EWC,F1,1,0.29069286584854126,0.6243705809183124,0.46557745469204476,4.616207627247462,-0.4156512295731388,0.7837503286797498,-0.5651165317382083,1.0,m4_cross_resid
EWG,F1,1,0.34560108184814453,0.6243705809183124,0.553519163795067,11.144815164412226,-0.37911190820655677,1.7913121664936589,0.39925344696826576,1.0,m4_cross_resid
EWJ,F1,1,0.29292380809783936,0.6243705809183124,0.46915056066064575,2.310617298021634,1.943748476726093,0.24647347891232826,0.02853973181007245,1.0,m4_cross_resid
EWU,F1,1,0.3213855028152466,0.6243705809183124,0.5147351791344155,15.542282991398181,-0.24420513235799027,2.4352466678544853,0.20677002239319225,1.0,m4_cross_resid
FXI,F1,1,0.3000667691230774,0.6243705809183124,0.48059081944851545,-3.000252735963462,0.49014106470410385,-0.6688192458565079,0.12207884198403049,1.0,m4_cross_resid
GLD,F1,1,0.31209659576416016,0.6243705809183124,0.4998579454290341,14.571275675204213,-0.24879044503219483,2.2996417949826347,-0.22917119138839967,1.0,m4_cross_resid
IWM,F1,1,0.30847686529159546,0.6243705809183124,0.4940605382750313,6.304136881617332,-0.839391514694338,1.8562858810103287,0.38405855516529275,1.0,m4_cross_resid
IYR,F1,1,0.3192497491836548,0.6243705809183124,0.5113145284874061,-3.450808772987712,0.5021605196034646,-0.4248738532950819,-0.0939708751017926,1.0,m4_cross_resid
LQD,F1,1,0.3337754011154175,0.6243705809183124,0.5345790005424453,1.4714855868929253,1.442892557308951,0.1554359388825139,0.03881883507353554,1.0,m4_cross_resid
MDY,F1,1,0.30992186069488525,0.6243705809183124,0.4963748616071213,4.000192689409618,-2.0043928648402707,0.9863387387891677,0.0030277576499413484,1.0,m4_cross_resid
SPY,F1,1,0.31364572048187256,0.6243705809183124,0.5023390436182441,-2.601738949261743,0.5815419364362242,-0.46023383237423576,-0.21496982466161238,1.0,m4_cross_resid
TIP,F1,1,0.33082115650177,0.6243705809183124,0.5298474441496018,6.6280316373606585,-0.676906988281572,1.0480094063114422,0.0612851637284973,1.0,m4_cross_resid
TLT,F1,1,0.33208465576171875,0.6243705809183124,0.5318710809104665,-6.964989661635181,0.28178679750633184,-2.1615356343033105,0.20439742719141635,1.0,m4_cross_resid
USO,F1,1,0.3422682285308838,0.6243705809183124,0.5481812228043835,30.463887626794808,-0.1212641838614921,1.9618302451020402,-0.07258818484612449,1.0,m4_cross_resid
XLB,F1,1,0.3017820119857788,0.6243705809183124,0.48333797460784195,2.906656065642613,-2.1779048877946767,0.8105763094485761,-0.13266815933273735,1.0,m4_cross_resid
XLI,F1,1,0.3017963171005249,0.6243705809183124,0.4833608858646873,1.5435854489562058,2.644343919545403,0.4343074723493477,0.06710637922998054,1.0,m4_cross_resid
XLK,F1,1,0.29843783378601074,0.6243705809183124,0.47798189553882253,-6.344281484892867,0.3028648782333642,-1.6205663424475636,0.017901382367365257,1.0,m4_cross_resid
XLP,F1,1,0.35407447814941406,0.6243705809183124,0.5670902649331235,-6.98744734081253,0.29138029481622524,-1.665476462472651,0.1469304267237853,1.0,m4_cross_resid
XLU,F1,1,0.31671246886253357,0.6243705809183124,0.5072507874998192,-0.45945314176736485,0.5166162510082803,-0.4361590183646969,-0.36185293570248805,1.0,m4_cross_resid
XLV,F1,1,0.32986027002334595,0.6243705809183124,0.5283084759345863,-6.973984591240067,0.2712369654736534,-1.8781289998657298,0.17153710083404505,1.0,m4_cross_resid
XLY,F1,1,0.3354606628417969,0.6243705809183124,0.5372781375259669,-1.0254388249818067,0.7802388902702067,-0.1839808962175153,0.037639841969731754,1.0,m4_cross_resid
^GDAXI,F1,1,0.29101669788360596,0.6243705809183124,0.46609610826888115,5.8216260597088425,-1.4029871128326352,0.8195082633007285,0.3242921872809596,1.0,m4_cross_resid
DBC,F5,1,0.3145866394042969,0.7276346646777908,0.43234146842578103,20.654342545911035,-2.041204644519144,1.8889164015359858,0.4195031383348648,1.0,m4_cross_resid
DIA,F5,1,0.3301200866699219,0.7276346646777908,0.45368933435311903,12.121513010865879,-3.1850294303203053,4.482854427778632,0.3125390443520704,1.0,m4_cross_resid
EFA,F5,1,0.3119354248046875,0.7276346646777908,0.4286978616429962,14.624436272812774,-2.1088905021051687,1.950655763663857,0.002633301494781931,1.0,m4_cross_resid
EWA,F5,1,0.2698521614074707,0.7276346646777908,0.3708621572158961,11.847256439412568,-3.943346236083527,2.4407151846277366,-0.2957738952863091,1.0,m4_cross_resid
EWC,F5,1,0.2791128158569336,0.7276346646777908,0.3835892232821667,14.100016116135993,-1.8784903117371041,5.442965201186572,-0.07693646976660769,1.0,m4_cross_resid
EWG,F5,1,0.286226749420166,0.7276346646777908,0.39336601637431906,12.107687251416177,-3.614471694931026,2.519015307707248,0.09455122154086845,1.0,m4_cross_resid
EWJ,F5,1,0.3139841556549072,0.7276346646777908,0.4315134653376428,13.296010496962595,-2.8167233152073674,2.2065038513176893,-0.39312207425466966,1.0,m4_cross_resid
EWU,F5,1,0.30671215057373047,0.7276346646777908,0.42151943202094133,13.912806530205014,-2.4596398108694313,5.484402506934586,-0.24580228347382094,1.0,m4_cross_resid
FXI,F5,1,0.29694151878356934,0.7276346646777908,0.4080914959089534,16.87016564747848,-1.614126760640351,4.972724440957261,0.1515931473432919,1.0,m4_cross_resid
GLD,F5,1,0.28386640548706055,0.7276346646777908,0.39012215781770304,17.732541706433643,-1.8652121025392814,2.549634757998965,0.17867608119412842,1.0,m4_cross_resid
IWM,F5,1,0.28133487701416016,0.7276346646777908,0.38664303760011226,14.095530365530536,-1.9905400622473859,4.474386207350683,0.2476800079066917,1.0,m4_cross_resid
IYR,F5,1,0.2692995071411133,0.7276346646777908,0.3701026355861753,15.329777298687276,-1.6814008166635745,5.159807336475939,0.585401586395397,1.0,m4_cross_resid
LQD,F5,1,0.3112483024597168,0.7276346646777908,0.4277535383742924,20.00662163172123,-1.0302495312551645,2.597080852618642,-0.17955038207130475,1.0,m4_cross_resid
MDY,F5,1,0.24347925186157227,0.7276346646777908,0.33461744427664,10.176808134575381,-11.152091797110169,4.041882925496092,0.2573443515933738,1.0,m4_cross_resid
SPY,F5,1,0.306424617767334,0.7276346646777908,0.421124271069499,9.217466483440818,28.711680817610056,2.3697128849503635,-0.03498554146285319,1.0,m4_cross_resid
TIP,F5,1,0.25666141510009766,0.7276346646777908,0.35273390282161965,20.28878718949983,-1.0645966576951171,7.117598709354761,-0.08952325457543032,1.0,m4_cross_resid
TLT,F5,1,0.3093442916870117,0.7276346646777908,0.42513682580528883,19.843084185519086,-1.096444390738895,4.587084466165469,-0.535698390156084,1.0,m4_cross_resid
USO,F5,1,0.35936450958251953,0.7276346646777908,0.4938804142071108,12.709818403489464,18.027158246099628,1.5969393910790777,0.19928177468461136,1.0,m4_cross_resid
XLB,F5,1,0.25998497009277344,0.7276346646777908,0.35730151779931935,14.193468709724272,-2.2833422115092983,4.171858827615623,0.2066431871756934,1.0,m4_cross_resid
XLI,F5,1,0.29620361328125,0.7276346646777908,0.4070773805319103,12.704232151166952,-4.9196727556508275,3.159931119249721,0.033824657363293195,1.0,m4_cross_resid
XLK,F5,1,0.27349090576171875,0.7276346646777908,0.3758629419927722,11.021349088493913,-5.896007589595497,3.3959050011960428,-0.3074647936099985,1.0,m4_cross_resid
XLP,F5,1,0.32958030700683594,0.7276346646777908,0.4529475064973434,13.202341879310236,-2.390117018728427,4.460026185582552,0.18105844518839245,1.0,m4_cross_resid
XLU,F5,1,0.32922887802124023,0.7276346646777908,0.4524645320011361,13.14350850916863,-3.010067788569677,3.3694018128725207,-0.3312133474245558,1.0,m4_cross_resid
XLV,F5,1,0.31170082092285156,0.7276346646777908,0.4283754417622174,10.186393190719128,-11.561228876073946,2.9108897360753745,0.26898526072734386,1.0,m4_cross_resid
XLY,F5,1,0.2739264965057373,0.7276346646777908,0.3764615813445841,11.9485908181412,24.76693936595309,1.8891542264857932,-0.3176173947277042,1.0,m4_cross_resid
^GDAXI,F5,1,0.2783479690551758,0.7276346646777908,0.3825380820448309,13.97378195479757,-3.241960637004727,2.535582362387762,0.052196414866894435,1.0,m4_cross_resid
DBC,F2,1,0.27076244354248047,0.7626108205740294,0.3550466846755115,10.072163268589716,6.873424738245342,2.083586083500204,-0.4889843346950937,1.0,m4_cross_resid
DIA,F2,1,0.2759590148925781,0.7626108205740294,0.3618608698534586,3.28629780839959,1.2187235783365558,0.5176534847360941,0.04027015353226151,1.0,m4_cross_resid
EFA,F2,1,0.26780033111572266,0.7626108205740294,0.3511625115863751,11.334690449033069,7.432827538268528,4.067029899715752,0.5851623011527917,1.0,m4_cross_resid
EWA,F2,1,0.29892826080322266,0.7626108205740294,0.39198009356622365,8.710424953414885,2.905741009685365,2.823929394487766,-0.2707484355521281,1.0,m4_cross_resid
EWC,F2,1,0.31893253326416016,0.7626108205740294,0.41821139257386164,9.729227321412711,3.2518141563064007,2.2013532564527076,-0.2464364731717777,1.0,m4_cross_resid
EWG,F2,1,0.2776803970336914,0.7626108205740294,0.3641180921412535,8.500491852704585,2.6637268798465925,1.9454693648070707,0.48532003953427094,1.0,m4_cross_resid
EWJ,F2,1,0.27115345001220703,0.7626108205740294,0.35555940552758675,7.9020216686585405,2.9729851336000634,4.642386045296165,0.17137237476956582,1.0,m4_cross_resid
EWU,F2,1,0.3138723373413086,0.7626108205740294,0.41157603442480906,12.510116871278463,15.53852809309022,4.80918836594464,0.15379012564592043,1.0,m4_cross_resid
FXI,F2,1,0.26287269592285156,0.7626108205740294,0.3447009783115627,4.963037663210672,1.7285229603940735,1.66784596116818,-0.16268856689071393,1.0,m4_cross_resid
GLD,F2,1,0.3084278106689453,0.7626108205740294,0.40443670919432634,10.326992193736762,9.410116768757632,2.3424295944818825,0.05166268486618226,1.0,m4_cross_resid
IWM,F2,1,0.27879810333251953,0.7626108205740294,0.36558372345499074,9.02534685454571,3.7569242093520754,2.706005392519033,-0.40624906203999234,1.0,m4_cross_resid
IYR,F2,1,0.2719717025756836,0.7626108205740294,0.35663236770095413,10.494091112620506,18.210795841554432,1.8238239610402565,-0.36222872938322326,1.0,m4_cross_resid
LQD,F2,1,0.31990909576416016,0.7626108205740294,0.41949194416538627,14.688496403342457,-89.14446976540326,1.5024029979430744,0.6231099161771406,1.0,m4_cross_resid
MDY,F2,1,0.3003101348876953,0.7626108205740294,0.3937921240897776,6.75175575429326,2.0732953941569128,1.506146029137698,-0.5139278680295326,1.0,m4_cross_resid
SPY,F2,1,0.2734365463256836,0.7626108205740294,0.3585531950882411,5.555970354415951,1.8013175576123845,2.044077716797607,-0.22396954392423266,1.0,m4_cross_resid
TIP,F2,1,0.3211946487426758,0.7626108205740294,0.4211776702839168,18.79001999644659,-1.6859207327359407,3.3636858068702002,0.003460873831252397,1.0,m4_cross_resid
TLT,F2,1,0.29195308685302734,0.7626108205740294,0.3828336537806657,14.99694264462408,-3.1602649128829077,2.3718813624003445,0.20120470789220857,1.0,m4_cross_resid
USO,F2,1,0.263580322265625,0.7626108205740294,0.3456288779999527,13.785281021284954,-11.254597167243775,3.483432682859836,-0.4649932895320658,1.0,m4_cross_resid
XLB,F2,1,0.3205404281616211,0.7626108205740294,0.42031980076068837,6.507229532217304,1.902071407535757,1.5690504921936657,0.235485611175853,1.0,m4_cross_resid
XLI,F2,1,0.2813911437988281,0.7626108205740294,0.3689839380813145,4.491019354187948,1.4740383121887521,1.036999300421786,0.16474716757621352,1.0,m4_cross_resid
XLK,F2,1,0.26050758361816406,0.7626108205740294,0.34159964242583896,2.3339644992630877,1.2849582378275615,1.3627853247377664,-0.07850367843617882,1.0,m4_cross_resid
XLP,F2,1,0.2729473114013672,0.7626108205740294,0.3579116687538152,13.845553260320902,-6.983489492309842,4.138137416826983,-0.30767776066251323,1.0,m4_cross_resid
XLU,F2,1,0.2988004684448242,0.7626108205740294,0.3918125213853015,15.123346621398383,-4.370964396646123,3.2013979369536774,-0.3156282849890635,1.0,m4_cross_resid
XLV,F2,1,0.28701305389404297,0.7626108205740294,0.37635586350322653,15.022128657508047,-6.865447459592999,4.322559082480043,-0.34374631252067905,1.0,m4_cross_resid
XLY,F2,1,0.2919034957885742,0.7626108205740294,0.3827686257701586,7.422880038361227,2.306388734648162,2.9723239700279653,0.009784092456781857,1.0,m4_cross_resid
^GDAXI,F2,1,0.27864646911621094,0.7626108205740294,0.36538488780747863,3.9086921869490565,1.5982275699747488,1.3516568234623136,0.40848741853512716,1.0,m4_cross_resid
DBC,F3,1,0.32646656036376953,0.6388451745885595,0.5110261035845287,9.54207394098642,-0.8727812216844387,1.8087609768286346,-0.04654145049590284,1.0,m4_cross_resid
DIA,F3,1,0.3226485252380371,0.6388451745885595,0.5050496396812185,-2.7404407119638563,0.775842305262158,-0.26983293013034293,-0.23057456963761283,1.0,m4_cross_resid
EFA,F3,1,0.3316764831542969,0.6388451745885595,0.5191813233431858,12.105021365082344,-0.5305479633463196,2.639789633231045,0.060910282624245235,1.0,m4_cross_resid
EWA,F3,1,0.3468482494354248,0.6388451745885595,0.5429300607284202,3.8867099636362203,-4.490817436129614,1.0214705235577461,-0.28236111105866374,1.0,m4_cross_resid
EWC,F3,1,0.285597562789917,0.6388451745885595,0.44705286061501937,9.647028858872739,-0.7548690517771344,1.8246826705288925,0.0459822644951552,1.0,m4_cross_resid
EWG,F3,1,0.2945685386657715,0.6388451745885595,0.46109534889339154,12.652487954389464,-0.48800861599561235,3.14380576960244,0.03133448688704936,1.0,m4_cross_resid
EWJ,F3,1,0.33376264572143555,0.6388451745885595,0.5224468447091134,11.03189100915102,-0.6108619968367085,2.6354792392801514,0.04545503744059463,1.0,m4_cross_resid
EWU,F3,1,0.32590174674987793,0.6388451745885595,0.5101419869998565,16.248568248617936,-0.358292778274372,3.7210849242276485,0.14422632251919304,1.0,m4_cross_resid
FXI,F3,1,0.29631948471069336,0.6388451745885595,0.4638361476261198,12.164726686789635,-0.7221014538111689,2.325248208226231,-0.300127949973736,1.0,m4_cross_resid
GLD,F3,1,0.3104984760284424,0.6388451745885595,0.4860308700436145,10.432136785135171,-1.2787396340609016,1.3622925128271737,0.021517910577081974,1.0,m4_cross_resid
IWM,F3,1,0.29792356491088867,0.6388451745885595,0.46634705365468676,16.210238610319138,-0.3655749584583674,2.7125399505029137,0.389378966360156,1.0,m4_cross_resid
IYR,F3,1,0.29800939559936523,0.6388451745885595,0.46648140653374204,7.396261704189466,-1.1961266486511306,2.0994031095703023,0.5064440974220735,1.0,m4_cross_resid
LQD,F3,1,0.31348562240600586,0.6388451745885595,0.49070672343718097,9.986506662591994,-1.0039518921188781,1.9337692794244619,-0.24929259995782627,1.0,m4_cross_resid
MDY,F3,1,0.3031158447265625,0.6388451745885595,0.4744746564326491,11.60206039979952,-0.5718123466100244,2.618140936028981,0.415030890200324,1.0,m4_cross_resid
SPY,F3,1,0.32001805305480957,0.6388451745885595,0.5009320971406153,6.39075838276092,-1.4265250264696785,1.3803485110152087,0.02362040127955197,1.0,m4_cross_resid
TIP,F3,1,0.33902430534362793,0.6388451745885595,0.5306830493976454,13.613721356457553,-0.5253347028279318,2.59420127709504,0.3293044567239565,1.0,m4_cross_resid
TLT,F3,1,0.35735440254211426,0.6388451745885595,0.5593755995296733,0.7279309998955914,1.1242728756420435,0.11368677990588494,0.31338928066282545,1.0,m4_cross_resid
USO,F3,1,0.32108545303344727,0.6388451745885595,0.5026029244726447,10.465327204158768,-0.6608253230591581,1.7970259004457647,0.038630658475462154,1.0,m4_cross_resid
XLB,F3,1,0.2990865707397461,0.6388451745885595,0.4681675351658861,15.992214614074639,-0.34548446506589714,3.048605549099667,0.43361671495097937,1.0,m4_cross_resid
XLI,F3,1,0.33329224586486816,0.6388451745885595,0.5217105162914019,10.69745935916313,-0.703728919287805,2.7041897012935374,0.27746907620107536,1.0,m4_cross_resid
XLK,F3,1,0.32882213592529297,0.6388451745885595,0.5147133437097132,3.276696177903634,2.8047772694482838,0.8075058572166578,0.24477127469247165,1.0,m4_cross_resid
XLP,F3,1,0.27930593490600586,0.6388451745885595,0.4372044213778236,-1.6752508742370154,0.9701374166475666,-0.018702495503437243,0.07050780459593337,1.0,m4_cross_resid
XLU,F3,1,0.320634126663208,0.6388451745885595,0.5018964522502789,-3.547845540657125,0.5296208653706449,-1.1882932786751974,0.3993606975083497,1.0,m4_cross_resid
XLV,F3,1,0.3222084045410156,0.6388451745885595,0.5043607079736182,-0.014801593070278507,1.2870797700131456,0.14441694352083323,-0.23218736059115802,1.0,m4_cross_resid
XLY,F3,1,0.30481767654418945,0.6388451745885595,0.4771385754623624,4.177499284440122,-10.356489108761586,0.829177032200943,0.09977594271063961,1.0,m4_cross_resid
^GDAXI,F3,1,0.293753981590271,0.6388451745885595,0.4598203027509125,9.064393600954197,-0.686747247152254,1.3459933636016996,0.41699791549853105,1.0,m4_cross_resid
DBC,F4,1,0.29728126525878906,0.7372281252106576,0.4032418936456651,-3.0949687894117552,0.973257701951974,-0.04563875683064282,-0.4205131816318278,1.0,m4_cross_resid
DIA,F4,1,0.2822446823120117,0.7372281252106576,0.38284578770155075,2.8963903563191824,1.93686223619379,1.1479323522211435,-0.167623349557234,1.0,m4_cross_resid
EFA,F4,1,0.2726926803588867,0.7372281252106576,0.3698891442604238,4.63434900902222,3.7856108077905173,1.0639407365434836,-0.21429356709075262,1.0,m4_cross_resid
EWA,F4,1,0.26840972900390625,0.7372281252106576,0.36407961094431945,3.09070105408116,2.911541058529968,0.9809194549681767,-0.09426697896246776,1.0,m4_cross_resid
EWC,F4,1,0.28020286560058594,0.7372281252106576,0.38007620167844247,5.987024450960454,-12.592878971307696,1.1719034822847345,-0.30074478863588505,1.0,m4_cross_resid
EWG,F4,1,0.29496192932128906,0.7372281252106576,0.40009587159606236,8.43497323145597,-12.26174671740091,2.0918628726560478,0.12327625086201946,1.0,m4_cross_resid
EWJ,F4,1,0.27247047424316406,0.7372281252106576,0.36958773672030976,2.982250958989529,8.033101140844758,0.811634000094461,-0.09072643707501446,1.0,m4_cross_resid
EWU,F4,1,0.28824901580810547,0.7372281252106576,0.3909902592575947,5.371096497520396,9.868087898004385,1.0902188398007657,-0.09271640936712154,1.0,m4_cross_resid
FXI,F4,1,0.28632164001464844,0.7372281252106576,0.38837590458561805,2.3368868672851377,1.7384296747957817,0.7780215791506898,-0.16025988641885597,1.0,m4_cross_resid
GLD,F4,1,0.30517578125,0.7372281252106576,0.4139502696845678,11.515298799046505,-15.763802961375722,2.7150534343976673,0.4153605985336495,1.0,m4_cross_resid
IWM,F4,1,0.2603578567504883,0.7372281252106576,0.3531577917976107,4.8694080396143775,14.847035382826075,1.008354889941895,-0.1399452910381542,1.0,m4_cross_resid
IYR,F4,1,0.35345935821533203,0.7372281252106576,0.4794436703216302,7.050936416415786,5.955677368427783,1.9496172007587265,-0.33836063345366096,1.0,m4_cross_resid
LQD,F4,1,0.25425052642822266,0.7372281252106576,0.3448736120255483,17.49745345153839,-1.3586597786219903,3.140937236841621,0.37180997933876525,1.0,m4_cross_resid
MDY,F4,1,0.2768259048461914,0.7372281252106576,0.37549558322546417,3.983390520887438,6.525780474917622,0.9448526748924648,-0.2244364374436509,1.0,m4_cross_resid
SPY,F4,1,0.2991170883178711,0.7372281252106576,0.40573206323673633,4.25207813974667,2.776514183163246,1.5943266119423136,-0.11223090591609519,1.0,m4_cross_resid
TIP,F4,1,0.2852058410644531,0.7372281252106576,0.38686239891208385,13.981944575343688,-3.3522955736216975,2.847612173919951,0.4895327712622967,1.0,m4_cross_resid
TLT,F4,1,0.26296138763427734,0.7372281252106576,0.35668930503585716,19.306708487309034,-1.8824166668715474,1.7060712693978346,0.21831154879973755,1.0,m4_cross_resid
USO,F4,1,0.2854194641113281,0.7372281252106576,0.38715216410086306,6.674488983315926,-10.85815573433295,0.9032389547699731,-0.5310505118986772,1.0,m4_cross_resid
XLB,F4,1,0.25626373291015625,0.7372281252106576,0.34760439021087364,6.8868881757821585,23.909424925007063,1.6169674877171307,0.0906325033491296,1.0,m4_cross_resid
XLI,F4,1,0.2857398986816406,0.7372281252106576,0.3875868118840318,7.4897596004356215,-64.24526727657303,1.5849422604714605,-0.11466942006525602,1.0,m4_cross_resid
XLK,F4,1,0.2663860321044922,0.7372281252106576,0.36133460321847366,6.7639889550217696,4.230562616385216,1.58617656783435,0.12487712332738794,1.0,m4_cross_resid
XLP,F4,1,0.28380775451660156,0.7372281252106576,0.3849659892390914,4.079485352724344,3.29575311869807,1.2887590942823297,-0.2350371698453998,1.0,m4_cross_resid
XLU,F4,1,0.32012462615966797,0.7372281252106576,0.4342273649261478,6.0602778026004,3.456679765112906,2.2036751902075067,-0.638987045113754,1.0,m4_cross_resid
XLV,F4,1,0.2779407501220703,0.7372281252106576,0.3770077953044056,4.205676882686481,2.8873348590961165,1.81608316542917,-0.1790327220255536,1.0,m4_cross_resid
XLY,F4,1,0.2998218536376953,0.7372281252106576,0.4066880296407891,3.0376134812928868,1.7264379602420674,1.4454814820004158,-0.27219022807079263,1.0,m4_cross_resid
^GDAXI,F4,1,0.2769474983215332,0.7372281252106576,0.3756605165360416,4.582360166710151,2.0860918030684474,1.582780261705895,0.3755442584572532,1.0,m4_cross_resid
DBC,F1,2,0.22576859593391418,0.744146616949545,0.3033926255815013,34.23522698800889,-0.04216233596059118,3.0198038991695126,-0.3943933684200163,1.0,m4_cross_resid
DIA,F1,2,0.24926823377609253,0.744146616949545,0.3349719371135615,-0.7168887765020133,0.7714829543189244,-0.10158043490271156,-0.06860412289830656,1.0,m4_cross_resid
EFA,F1,2,0.23206168413162231,0.744146616949545,0.311849410917038,13.445909130440098,-0.11046545799624354,1.874210584073305,-0.1253301714714579,1.0,m4_cross_resid
EWA,F1,2,0.24025237560272217,0.744146616949545,0.3228562357611469,12.246392056520797,-0.10720111059230501,1.6188945435550652,-0.11000628208604052,1.0,m4_cross_resid
EWC,F1,2,0.24832864105701447,0.744146616949545,0.33370929249800213,3.205644548287548,-0.20328277615933577,0.6487439407059565,-0.3006240761404876,1.0,m4_cross_resid
EWG,F1,2,0.25024813413619995,0.744146616949545,0.33628874799167086,11.18568079887864,-0.14632372536823315,1.9704450429785518,0.05324302079537713,1.0,m4_cross_resid
EWJ,F1,2,0.22605741024017334,0.744146616949545,0.3037807403692068,1.2174218870792681,0.9826701196357271,-0.005592165548640966,-0.26023273866123314,1.0,m4_cross_resid
EWU,F1,2,0.20751309394836426,0.744146616949545,0.2788604949909141,13.819521003911412,-0.12089006498716806,1.6827448459867114,-0.26054590014224166,1.0,m4_cross_resid
FXI,F1,2,0.22788341343402863,0.744146616949545,0.30623456217295375,-5.002602683223229,0.2643927824035685,-0.5174170696681972,-0.012443554705723121,1.0,m4_cross_resid
GLD,F1,2,0.23040127754211426,0.744146616949545,0.30961812134091315,5.525208407355857,-0.2907725235970248,1.353304181099759,-0.03073095968104174,1.0,m4_cross_resid
IWM,F1,2,0.2514692544937134,0.744146616949545,0.33792971541623446,3.999820481866937,-0.5121888982733768,0.8915722887211672,0.12769201314813727,1.0,m4_cross_resid
IYR,F1,2,0.24287563562393188,0.744146616949545,0.3263814281915891,-5.926313087216345,0.26221137080613754,-0.5659453790507163,-0.2892829103810323,1.0,m4_cross_resid
LQD,F1,2,0.2567550539970398,0.744146616949545,0.3450328848494227,3.459858217041952,-0.9890228609989435,0.5142347096975931,-0.13053017439134637,1.0,m4_cross_resid
MDY,F1,2,0.2328982651233673,0.744146616949545,0.312973626189526,0.3862935105878499,1.191658009418799,0.0432529012064459,0.04829588528973591,1.0,m4_cross_resid
SPY,F1,2,0.23928919434547424,0.744146616949545,0.32156189236791044,-0.8899023849277043,0.6276135257796226,-0.224090562041715,-0.025534556812328617,1.0,m4_cross_resid
TIP,F1,2,0.2330939769744873,0.744146616949545,0.31323662792421414,8.633052084127655,-0.17125052329019405,1.234875199598472,-0.18418006051045216,1.0,m4_cross_resid
TLT,F1,2,0.24218980967998505,0.744146616949545,0.3254598007483868,-3.3358914121957133,0.2669620716737666,-1.0955109884183512,0.024620532358109716,1.0,m4_cross_resid
USO,F1,2,0.24479518830776215,0.744146616949545,0.32896096378324313,28.085129296693168,-0.06300387476028116,2.0962037386619343,-0.5402414267534857,1.0,m4_cross_resid
XLB,F1,2,0.2416015863418579,0.744146616949545,0.32466933375609114,4.99778334279069,-0.43068274049780386,1.033912648777255,-0.12264997516163426,1.0,m4_cross_resid
XLI,F1,2,0.24387088418006897,0.744146616949545,0.3277188643009097,-1.251121571960768,0.7458823344635831,-0.10494346812152588,-0.11890077192229016,1.0,m4_cross_resid
XLK,F1,2,0.2717621922492981,0.744146616949545,0.365199795388876,-1.2229529620071893,0.7053970344437362,-0.12875605120402328,-0.07441880004096187,1.0,m4_cross_resid
XLP,F1,2,0.2321363091468811,0.744146616949545,0.3119496935946166,-7.762901642708431,0.13696460661093404,-2.3511967412947326,-0.16250846356939203,1.0,m4_cross_resid
XLU,F1,2,0.24885132908821106,0.744146616949545,0.3344116917554754,-4.669881044401162,0.19559333907201976,-1.1527526395722278,-0.18577290760211368,1.0,m4_cross_resid
XLV,F1,2,0.23495128750801086,0.744146616949545,0.3157325211947327,-10.571591581797666,0.11352369332475179,-4.025632178255243,0.06144985122026621,1.0,m4_cross_resid
XLY,F1,2,0.24515241384506226,0.744146616949545,0.32944101103356116,-3.5350877200476987,0.25663612476869585,-0.918467383529745,0.039719159098724054,1.0,m4_cross_resid
^GDAXI,F1,2,0.23370599746704102,0.744146616949545,0.31405907403713546,2.638242229391208,-1.9045383306691173,0.3318197577391215,-0.02430051058421904,1.0,m4_cross_resid
DBC,F2,2,0.33913910388946533,0.6541652359937287,0.5184303372133284,1.9610053997777868,1.382650774169485,0.11424522719652713,0.029757985278608554,1.0,m4_cross_resid
DIA,F2,2,0.2762913703918457,0.6541652359937287,0.4223571586957495,-8.048287157850163,0.2492532239468492,-1.9757118490404997,0.3050644143893625,1.0,m4_cross_resid
EFA,F2,2,0.2999558448791504,0.6541652359937287,0.4585322306580443,-1.9471829685968673,0.5950437818335857,-0.5548702935143224,0.3895090712102858,1.0,m4_cross_resid
EWA,F2,2,0.3379228115081787,0.6541652359937287,0.5165710326915298,-4.241693810294483,0.38083340368724555,-1.3756547275088222,0.1644735046658321,1.0,m4_cross_resid
EWC,F2,2,0.32265663146972656,0.6541652359937287,0.4932341459258159,-5.473875721528202,0.3346866708398132,-1.3083099982786472,0.06517938511858004,1.0,m4_cross_resid
EWG,F2,2,0.2888575792312622,0.6541652359937287,0.44156669192679543,-4.723987794813851,0.3717912422842568,-1.673108781932295,0.03499055565816611,1.0,m4_cross_resid
EWJ,F2,2,0.3174738883972168,0.6541652359937287,0.4853114640293425,-6.572372621425327,0.3343695239773597,-1.6724117026644565,-0.04331721633337606,1.0,m4_cross_resid
EWU,F2,2,0.29722142219543457,0.6541652359937287,0.4543522123182406,-1.3774442828887605,0.6214605449391998,-0.5304127941281612,0.13199462806546794,1.0,m4_cross_resid
FXI,F2,2,0.31500720977783203,0.6541652359937287,0.4815407368740884,-6.544397898843442,0.32352783639461674,-1.556400103127591,-0.09156002640799688,1.0,m4_cross_resid
GLD,F2,2,0.32291555404663086,0.6541652359937287,0.49362995200455223,1.8417236455861663,-1.873763611567545,0.45927615301699876,-0.19106943744802302,1.0,m4_cross_resid
IWM,F2,2,0.31092774868011475,0.6541652359937287,0.4753046043600757,-2.168581510398572,0.5818295111109565,-0.7490146747009115,-0.07898127682685985,1.0,m4_cross_resid
IYR,F2,2,0.33853960037231445,0.6541652359937287,0.5175138967115029,-1.0915576307797172,0.8580366416781039,-0.07429361361651168,-0.13785519662410003,1.0,m4_cross_resid
LQD,F2,2,0.34819841384887695,0.6541652359937287,0.5322789941901086,-3.588389178895408,1.0164155948814202,0.00325960300130168,0.47223680731881845,1.0,m4_cross_resid
MDY,F2,2,0.2995944023132324,0.6541652359937287,0.4579797057820183,-0.3606075601280079,0.7278003600457734,-0.30977136346549955,0.3559165805557076,1.0,m4_cross_resid
SPY,F2,2,0.30117321014404297,0.6541652359937287,0.46039317526027973,-3.8470040295359524,0.3913368298219499,-1.3382994285961853,0.22807539448194428,1.0,m4_cross_resid
TIP,F2,2,0.34659624099731445,0.6541652359937287,0.529829807404558,6.764323657627424,-0.556455353060282,1.6490154588450345,0.31890731094615005,1.0,m4_cross_resid
TLT,F2,2,0.34197425842285156,0.6541652359937287,0.5227643408830273,4.492026796306956,-0.5896239290485809,0.8721487099440307,-0.23138177979442826,1.0,m4_cross_resid
USO,F2,2,0.32789134979248047,0.6541652359937287,0.5012362806078919,3.8634069988377293,-1.0554510752298545,1.0145322710288907,-0.2699013064923555,1.0,m4_cross_resid
XLB,F2,2,0.274743914604187,0.6541652359937287,0.4199916160124732,-1.4659014328575166,0.5999075563897702,-0.4054152969090706,0.18645177145624917,1.0,m4_cross_resid
XLI,F2,2,0.27397477626800537,0.6541652359937287,0.41881586057048115,-5.226343177345294,0.3444563779234901,-1.6387667785679596,0.3588974757211479,1.0,m4_cross_resid
XLK,F2,2,0.2969202995300293,0.6541652359937287,0.453891896408992,-7.59345166223661,0.28950325190630993,-2.4276209187457614,0.38717155165425,1.0,m4_cross_resid
XLP,F2,2,0.30425000190734863,0.6541652359937287,0.4650965614905672,2.615875655509212,-14.324619012677786,0.478927937960704,0.14383252895005716,1.0,m4_cross_resid
XLU,F2,2,0.29541826248168945,0.6541652359937287,0.45159578379753823,-2.0707127696990533,0.9441190721057158,-0.025969668740895104,0.0005532911854187497,1.0,m4_cross_resid
XLV,F2,2,0.32538896799087524,0.6541652359937287,0.49741097522032596,3.6572883045471247,-2.4370749495125827,0.773656950965172,-0.268956518479188,1.0,m4_cross_resid
XLY,F2,2,0.3065805435180664,0.6541652359937287,0.46865918066151335,-2.603501101501327,0.47100197156123447,-0.8602821114498682,0.33349364097039186,1.0,m4_cross_resid
^GDAXI,F2,2,0.3045079708099365,0.6541652359937287,0.46549090972002644,-5.898376329457836,0.3601009032395466,-1.741049833478997,0.337085930096583,1.0,m4_cross_resid
DBC,F3,2,0.3057115077972412,0.6167352288687986,0.4956932788775017,8.132746072918376,-1.2825357274934024,1.8088111878039657,0.27102319057714536,1.0,m4_cross_resid
DIA,F3,2,0.2714879512786865,0.6167352288687986,0.4402017893102092,5.421730702718486,-1.1418533757625304,1.24748783878118,0.16937991213668308,1.0,m4_cross_resid
EFA,F3,2,0.271817684173584,0.6167352288687986,0.4407364318593339,10.256537341611233,-0.6207149492603732,3.696979779606124,0.3881980863133083,1.0,m4_cross_resid
EWA,F3,2,0.2730581760406494,0.6167352288687986,0.44274781666272955,11.232819816456415,-0.521272691435991,2.4539289424313933,0.5481504689641392,1.0,m4_cross_resid
EWC,F3,2,0.2963745594024658,0.6167352288687986,0.4805539646990316,9.475767244748848,-0.7697815329446097,2.229172485960367,0.2922801201944746,1.0,m4_cross_resid
EWG,F3,2,0.2886478900909424,0.6167352288687986,0.46802562360573047,9.761372888064768,-0.6511191229550435,3.0148603852473306,0.16132329691210595,1.0,m4_cross_resid
EWJ,F3,2,0.26824331283569336,0.6167352288687986,0.43494079838393374,10.786606704484603,-0.5701333423031248,2.8906659039604,0.3582288750972253,1.0,m4_cross_resid
EWU,F3,2,0.24694299697875977,0.6167352288687986,0.4004035855576093,11.412167125309779,-0.5741770701378447,2.8248304899224617,0.4513914188606164,1.0,m4_cross_resid
FXI,F3,2,0.2869408130645752,0.6167352288687986,0.4652576983333275,8.924974550864043,-0.9626186760735774,1.5795736414758028,0.01068940323443773,1.0,m4_cross_resid
GLD,F3,2,0.3245258331298828,0.6167352288687986,0.5261996038804537,15.070232144199041,-0.7478362728754794,1.232831686700257,-0.0949436925463227,1.0,m4_cross_resid
IWM,F3,2,0.26700925827026367,0.6167352288687986,0.4329398512875709,9.70659737424129,-0.5993506548193547,1.1289038553337665,0.2675025221608125,1.0,m4_cross_resid
IYR,F3,2,0.2914605140686035,0.6167352288687986,0.4725861284155822,3.870484570213673,-3.0053799802541707,1.1244168405096309,0.16182564359010576,1.0,m4_cross_resid
LQD,F3,2,0.32181668281555176,0.6167352288687986,0.5218068755466109,6.969361039087579,-1.1491784705733759,1.3722339559348078,-0.005137068612188412,1.0,m4_cross_resid
MDY,F3,2,0.2920973300933838,0.6167352288687986,0.4736186882483459,10.212696389022826,-0.5064736451776028,1.4840750726848897,0.2922408155428487,1.0,m4_cross_resid
SPY,F3,2,0.27752065658569336,0.6167352288687986,0.4499834671269149,4.752856662181502,-1.4775703981058579,1.143363460142424,0.27848265014313056,1.0,m4_cross_resid
TIP,F3,2,0.28894782066345215,0.6167352288687986,0.4685119434371108,8.827868980799847,-1.3336808118081263,2.1531175591420277,0.591534565877123,1.0,m4_cross_resid
TLT,F3,2,0.30944228172302246,0.6167352288687986,0.5017425099756249,-0.4499746194876799,0.9797418338212662,-0.016458622757084297,0.3578647655667853,1.0,m4_cross_resid
USO,F3,2,0.2990000247955322,0.6167352288687986,0.484811002841448,8.200658601438963,-1.1354676504702965,1.864744575818957,0.3984602919880661,1.0,m4_cross_resid
XLB,F3,2,0.2869129180908203,0.6167352288687986,0.4652124682695187,10.768115480733305,-0.49173687959754,2.2356918257170797,0.3817585964151621,1.0,m4_cross_resid
XLI,F3,2,0.29786229133605957,0.6167352288687986,0.4829662347688353,6.384439108375371,-1.2742397014677604,1.6597151893959141,0.2910365585912904,1.0,m4_cross_resid
XLK,F3,2,0.26438164710998535,0.6167352288687986,0.4286793339094769,5.088824462573645,-2.4656596741597308,0.9153527543797163,0.48046303237349186,1.0,m4_cross_resid
XLP,F3,2,0.27631688117980957,0.6167352288687986,0.4480316159117804,5.974044182210994,-1.476735791233257,0.8330326219828578,-0.09319036544482807,1.0,m4_cross_resid
XLU,F3,2,0.25907039642333984,0.6167352288687986,0.4200674524439292,-0.9344397557198052,0.8568897183372007,-0.15075255807186377,-0.20222049528735608,1.0,m4_cross_resid
XLV,F3,2,0.2713959217071533,0.6167352288687986,0.4400525687578143,0.24576735625356427,1.643225345459429,0.28504462539836545,-0.38974430412577477,1.0,m4_cross_resid
XLY,F3,2,0.2650332450866699,0.6167352288687986,0.42973586181024187,4.058556926028498,-1.2175759487569275,0.9411765999297187,0.2519799979680034,1.0,m4_cross_resid
^GDAXI,F3,2,0.27013957500457764,0.6167352288687986,0.43801547626857856,7.638279729099891,-0.8485972697916342,1.9279153824681634,0.2744183359150254,1.0,m4_cross_resid
DBC,F5,2,0.29405641555786133,0.7616953675491949,0.38605514499058496,14.22193159521994,8.268614220211504,1.2995668793545585,0.5128553745352747,1.0,m4_cross_resid
DIA,F5,2,0.2654857635498047,0.7616953675491949,0.34854585554855433,17.483033597313153,-1.5255600389719377,5.370228774620081,-0.2711765122419863,1.0,m4_cross_resid
EFA,F5,2,0.23163795471191406,0.7616953675491949,0.3041083936971082,12.912731097426516,-4.63121168193362,5.069151971854085,-0.07884587184069675,1.0,m4_cross_resid
EWA,F5,2,0.23633909225463867,0.7616953675491949,0.31028033295656676,12.28022640209878,-3.67298637229191,3.0841742552225306,-0.5510084290225434,1.0,m4_cross_resid
EWC,F5,2,0.2554969787597656,0.7616953675491949,0.33543197142165115,12.88713163362511,-3.0353621539901705,3.837493543816643,-0.3098951634069842,1.0,m4_cross_resid
EWG,F5,2,0.27820301055908203,0.7616953675491949,0.36524183080464123,16.905406540850834,-1.6713565046331806,2.9735113193319513,-0.0710991736726459,1.0,m4_cross_resid
EWJ,F5,2,0.2601339817047119,0.7616953675491949,0.3415197108808869,9.265614003195985,-97.93636008983216,2.9962022200659653,-0.4339524421769079,1.0,m4_cross_resid
EWU,F5,2,0.2490859031677246,0.7616953675491949,0.3270151215034627,12.448255851320678,-4.402497388895846,4.926282733338573,0.13893375118172127,1.0,m4_cross_resid
FXI,F5,2,0.25150394439697266,0.7616953675491949,0.3301896730791513,21.12179347195024,-1.1354959718629722,5.218519830530688,0.42203270778792235,1.0,m4_cross_resid
GLD,F5,2,0.26053380966186523,0.7616953675491949,0.34204462933803836,14.52629447964093,-5.900349100863751,2.8986511699219837,0.4843120359216305,1.0,m4_cross_resid
IWM,F5,2,0.22707557678222656,0.7616953675491949,0.2981186264961243,16.776855760882192,-1.6090049223718126,4.462983934392888,-0.6097371869000137,1.0,m4_cross_resid
IYR,F5,2,0.24322080612182617,0.7616953675491949,0.31931506542360255,18.68918825762834,-1.2565917214403863,3.9282868384294427,-0.15009721649041444,1.0,m4_cross_resid
LQD,F5,2,0.3084218502044678,0.7616953675491949,0.4049149612092764,20.378473380940022,-0.9110067303593135,3.4822984832526562,-0.0008669112027101519,1.0,m4_cross_resid
MDY,F5,2,0.24863481521606445,0.7616953675491949,0.32642290580821487,14.542833989890728,-2.8569466194630633,5.053036832844844,-0.36083521122709156,1.0,m4_cross_resid
SPY,F5,2,0.26644325256347656,0.7616953675491949,0.349802905354112,10.957256634359872,-7.610486175637904,4.525319634066874,0.40052322047456745,1.0,m4_cross_resid
TIP,F5,2,0.26081275939941406,0.7616953675491949,0.3424108515174463,22.43502429683755,-0.8595462200441766,7.197433146108554,0.13081576529622188,1.0,m4_cross_resid
TLT,F5,2,0.2563762664794922,0.7616953675491949,0.3365863538128107,25.73865289056248,-0.7242618618912329,8.261936772154579,-0.05009637239095114,1.0,m4_cross_resid
USO,F5,2,0.2456188201904297,0.7616953675491949,0.3224633241248722,15.115168802122836,-21.08034732260223,1.770218131454283,0.3640102273498754,1.0,m4_cross_resid
XLB,F5,2,0.2265934944152832,0.7616953675491949,0.297485719447609,8.645282872333684,9.543581915188307,2.4215160293737377,-0.016887181201364107,1.0,m4_cross_resid
XLI,F5,2,0.25455522537231445,0.7616953675491949,0.33419558030313706,15.77435316622326,-1.8057189023408133,3.239647885311928,-0.5684096783371424,1.0,m4_cross_resid
XLK,F5,2,0.24134588241577148,0.7616953675491949,0.31685355156132533,9.008758722269892,8.23261190231538,2.961562566067759,-0.5114520180565998,1.0,m4_cross_resid
XLP,F5,2,0.268585205078125,0.7616953675491949,0.3526149908753097,14.454503055682366,-3.374786399909035,4.455107507290712,-0.014461499331626576,1.0,m4_cross_resid
XLU,F5,2,0.24716806411743164,0.7616953675491949,0.3244972657674304,17.59078706986349,-1.3658202018483918,4.005222596067313,0.3622872258934667,1.0,m4_cross_resid
XLV,F5,2,0.26422119140625,0.7616953675491949,0.34688564833523816,14.322779176135276,-2.1758051318122837,5.12806597409486,-0.1519715726678782,1.0,m4_cross_resid
XLY,F5,2,0.2512187957763672,0.7616953675491949,0.3298153126290898,9.545587923698484,-140.33122412206768,3.079229462279331,-0.25972961592832905,1.0,m4_cross_resid
^GDAXI,F5,2,0.23589801788330078,0.7616953675491949,0.3097012636985285,16.247186687056903,-1.8856742399977724,3.2707209194167213,0.24326782228102065,1.0,m4_cross_resid
DBC,F4,2,0.24360227584838867,0.6362489335570716,0.3828725880709669,-4.909204348258129,2.350485043672314,0.2266277781667136,-0.3324879559032874,1.0,m4_cross_resid
DIA,F4,2,0.26935243606567383,0.6362489335570716,0.4233444204924752,0.09782199590290208,2.834999651222717,0.5110034835531769,-0.054487429072853054,1.0,m4_cross_resid
EFA,F4,2,0.25092196464538574,0.6362489335570716,0.3943770298247235,-3.287604547078848,2.161500731739209,0.2551416265285124,-0.023134253179003854,1.0,m4_cross_resid
EWA,F4,2,0.24502182006835938,0.6362489335570716,0.38510370256892684,-3.3550859715894834,1.178902815746142,0.08605467413624056,-0.10327289455547498,1.0,m4_cross_resid
EWC,F4,2,0.24234247207641602,0.6362489335570716,0.38089253953095686,-3.33047589005305,1.1244951888649988,0.07375011541265382,-0.0733741875170755,1.0,m4_cross_resid
EWG,F4,2,0.28558826446533203,0.6362489335570716,0.4488624646782449,-0.26286293868246746,-4.1308863818937755,0.5547313538500049,-0.06078515066124643,1.0,m4_cross_resid
EWJ,F4,2,0.28226804733276367,0.6362489335570716,0.4436440400059927,-2.2245231955231723,2.2422153260490445,0.26564958802790734,-0.23394793526364033,1.0,m4_cross_resid
EWU,F4,2,0.2671535015106201,0.6362489335570716,0.4198883289549065,0.7667650744107926,5.135055256008452,0.5528396209522054,0.0021872877668400715,1.0,m4_cross_resid
FXI,F4,2,0.26383447647094727,0.6362489335570716,0.4146717779092062,1.5430457106323736,3.9841862863005435,0.7485934433860301,0.04232763310328149,1.0,m4_cross_resid
GLD,F4,2,0.2583017349243164,0.6362489335570716,0.40597590235669406,-1.908685220066788,0.8506903914548902,-0.1556608191901549,0.3151956075950245,1.0,m4_cross_resid
IWM,F4,2,0.2701992988586426,0.6362489335570716,0.42467544479491953,-5.560348826679521,0.8519323429318244,-0.10764081442308092,-0.24285069061278353,1.0,m4_cross_resid
IYR,F4,2,0.2836880683898926,0.6362489335570716,0.4458759039545734,0.41883862279938056,1.574870885535202,0.5172534179384788,-0.22328757503231586,1.0,m4_cross_resid
LQD,F4,2,0.2496347427368164,0.6362489335570716,0.39235388787402053,9.946347791949457,-1.119621339571908,2.276915536844422,0.20826752802740123,1.0,m4_cross_resid
MDY,F4,2,0.27352142333984375,0.6362489335570716,0.4298968672696547,-3.54819759877582,1.4470527980237207,0.16164288002610303,-0.1561068761366068,1.0,m4_cross_resid
SPY,F4,2,0.2600545883178711,0.6362489335570716,0.4087308828385552,-3.2774579041128593,0.8666873230073932,-0.18716389525040536,-0.12087644788682274,1.0,m4_cross_resid
TIP,F4,2,0.293414831161499,0.6362489335570716,0.46116357244185413,5.818233074372126,-6.006926082048472,1.744343489946327,0.24996117033044196,1.0,m4_cross_resid
TLT,F4,2,0.2765045166015625,0.6362489335570716,0.4345854303530397,12.279678181399255,-1.6086706765384844,0.7890371419949753,-0.07330467163772839,1.0,m4_cross_resid
USO,F4,2,0.23817920684814453,0.6362489335570716,0.3743490861612263,-1.7873649889582577,-3.404201022743185,0.5525665445168638,-0.41116336051348457,1.0,m4_cross_resid
XLB,F4,2,0.2606067657470703,0.6362489335570716,0.40959874665737867,-5.317897403858945,0.8499305026362283,-0.1130010868495833,-0.11085933100359001,1.0,m4_cross_resid
XLI,F4,2,0.2720067501068115,0.6362489335570716,0.42751623737285604,-0.3249425054666917,1.3402167057335133,0.3005110113304785,0.0008927601208022439,1.0,m4_cross_resid
XLK,F4,2,0.26819372177124023,0.6362489335570716,0.4215232554840632,-4.71261956964455,0.5961026890192662,-0.867971993383343,-0.07876588365928487,1.0,m4_cross_resid
XLP,F4,2,0.27270984649658203,0.6362489335570716,0.42862130231314555,3.5012456653662767,9.771622742014486,1.1554921787345998,0.16338730111098965,1.0,m4_cross_resid
XLU,F4,2,0.28606438636779785,0.6362489335570716,0.44961079112305946,0.8624842304067766,3.2337335893659076,0.4909884896863447,-0.22494732421952027,1.0,m4_cross_resid
XLV,F4,2,0.2640104293823242,0.6362489335570716,0.41494832518826136,0.5434158112092038,2.946942921523044,0.43484650049520024,-0.10284042427253487,1.0,m4_cross_resid
XLY,F4,2,0.26052236557006836,0.6362489335570716,0.4094660938975067,-2.480768844054978,0.889361119065805,-0.1533576345306103,0.029243125390160624,1.0,m4_cross_resid
^GDAXI,F4,2,0.25722742080688477,0.6362489335570716,0.404287390108154,3.9451957005527465,-4.10509287535789,0.9623233655148259,0.14968065236229827,1.0,m4_cross_resid
DBC,F1,3,0.29063594341278076,0.6076531586827438,0.4782924917938623,32.805695972952115,-0.1710119513511567,2.5348141701978033,-0.4006542241837761,1.0,m4_cross_resid
DIA,F1,3,0.26964831352233887,0.6076531586827438,0.4437536605699148,4.121317167796384,-2.2856292823373243,1.373746707657217,-0.33019168838272583,1.0,m4_cross_resid
EFA,F1,3,0.2797456383705139,0.6076531586827438,0.4603705820882095,16.35375048271809,-0.3282006050952494,2.6030035157445193,0.00229487497522604,1.0,m4_cross_resid
EWA,F1,3,0.2806795835494995,0.6076531586827438,0.4619075529171116,10.85457850011376,-0.6191099147150864,1.5609111383516263,-0.2882159767807066,1.0,m4_cross_resid
EWC,F1,3,0.2717578411102295,0.6076531586827438,0.4472252587303911,9.652605162035673,-0.468397795103008,1.2357404827698566,-0.17034574313318313,1.0,m4_cross_resid
EWG,F1,3,0.2765735387802124,0.6076531586827438,0.4551503350690417,9.279388561180982,-0.5634425221086827,1.9845263213999969,-0.02950753832101888,1.0,m4_cross_resid
EWJ,F1,3,0.2855854034423828,0.6076531586827438,0.4699809412024914,10.065697409174135,-0.6439472599052781,2.1047043783789596,0.07060911429056425,1.0,m4_cross_resid
EWU,F1,3,0.2794363498687744,0.6076531586827438,0.45986159353557865,17.183489274214374,-0.3181307436639909,2.952471255122225,-0.32871853234869414,1.0,m4_cross_resid
FXI,F1,3,0.3027604818344116,0.6076531586827438,0.4982455493043575,0.9899157892063797,1.5464641384344604,0.2163568830690872,-0.24215194079874022,1.0,m4_cross_resid
GLD,F1,3,0.3087555170059204,0.6076531586827438,0.5081114326390294,14.550910258089438,-0.45426566995927015,2.4240342645616733,-0.17039612050733827,1.0,m4_cross_resid
IWM,F1,3,0.30140089988708496,0.6076531586827438,0.49600811841487785,6.927389396015286,-0.8249618688314819,1.7842608681303433,0.2188039679287977,1.0,m4_cross_resid
IYR,F1,3,0.24683231115341187,0.6076531586827438,0.4062059212997249,-5.5398827106560935,0.446748287927454,-0.9021852765907713,-0.09718586473201532,1.0,m4_cross_resid
LQD,F1,3,0.3140223026275635,0.6076531586827438,0.5167788534306209,1.4397951982680894,1.8984320921219042,0.43447190956813336,-0.2424236731507935,1.0,m4_cross_resid
MDY,F1,3,0.26170849800109863,0.6076531586827438,0.430687299591142,8.716241970967518,-0.6782787320586674,1.8944148876222195,-0.13171908150225878,1.0,m4_cross_resid
SPY,F1,3,0.29668503999710083,0.6076531586827438,0.4882473426785893,10.362014268033487,-0.5130298551435741,1.926378987802605,0.07208204094230239,1.0,m4_cross_resid
TIP,F1,3,0.2784026861190796,0.6076531586827438,0.45816051828413823,7.539383387938127,-0.9198789425436636,1.1242313192408886,0.2868120638295037,1.0,m4_cross_resid
TLT,F1,3,0.31185877323150635,0.6076531586827438,0.5132183858100012,-5.153619537593371,0.44036489097554565,-2.157411471894366,0.16244817292861619,1.0,m4_cross_resid
USO,F1,3,0.2861316204071045,0.6076531586827438,0.4708798371547576,24.37586277818638,-0.25509203292875665,2.2866777030156937,0.3974870859533418,1.0,m4_cross_resid
XLB,F1,3,0.307969331741333,0.6076531586827438,0.5068176267016231,4.961526588299533,-8.235382791093429,1.4211381853856677,-0.23282110120780236,1.0,m4_cross_resid
XLI,F1,3,0.2563169002532959,0.6076531586827438,0.42181447852411996,6.807618484685131,-1.3283086598540632,1.7953651728090334,-0.0078112159999458725,1.0,m4_cross_resid
XLK,F1,3,0.30596375465393066,0.6076531586827438,0.503517097347427,0.27134443660665886,1.310687424680235,0.2400825745339447,-0.10225646873488588,1.0,m4_cross_resid
XLP,F1,3,0.2676107883453369,0.6076531586827438,0.4404005550229629,-4.039867910201794,0.47434217267977685,-1.0787848047270339,0.0705820864308964,1.0,m4_cross_resid
XLU,F1,3,0.2756197452545166,0.6076531586827438,0.4535807002994909,-3.4085708695587638,0.43869243863849017,-0.8820248399572345,-0.0026902068674942835,1.0,m4_cross_resid
XLV,F1,3,0.2569258213043213,0.6076531586827438,0.42281656506366067,-2.1491353950359398,0.5957576795948972,-0.717475850836233,-0.12130616151017402,1.0,m4_cross_resid
XLY,F1,3,0.2770653963088989,0.6076531586827438,0.4559597730216934,1.8820757812334117,1.6972456721800724,0.3763567983723206,-0.13494098174001418,1.0,m4_cross_resid
^GDAXI,F1,3,0.27037572860717773,0.6076531586827438,0.4449507498542291,7.146541955307731,-0.9486415619066696,1.5865395033537895,0.36056124311283727,1.0,m4_cross_resid
DBC,F2,3,0.2937774658203125,0.711876939658,0.41268012693521033,6.309933510118406,4.09076716222644,2.4435828046521952,-0.5763686316368523,1.0,m4_cross_resid
DIA,F2,3,0.2369365692138672,0.711876939658,0.3328336065046527,-0.07787757238478576,0.9296243413191555,-0.1832449734154968,0.3023317137053005,1.0,m4_cross_resid
EFA,F2,3,0.25688838958740234,0.711876939658,0.3608606702596894,7.109936789620344,4.12682408150824,2.0355363067027894,0.3814810317140887,1.0,m4_cross_resid
EWA,F2,3,0.25988197326660156,0.711876939658,0.36506586853544387,1.5555142737394663,1.2257268791651907,0.5557774176437571,0.4839295259683307,1.0,m4_cross_resid
EWC,F2,3,0.289794921875,0.711876939658,0.407085699410664,2.547071299465693,1.4596353290369963,1.0017111865523305,-0.33511642438899875,1.0,m4_cross_resid
EWG,F2,3,0.2387399673461914,0.711876939658,0.3353669068995083,5.564341169530392,2.1129344757127244,1.9283245581522672,0.1038424418802456,1.0,m4_cross_resid
EWJ,F2,3,0.250762939453125,0.711876939658,0.3522560227524669,6.503608215636499,3.672424043006022,2.3543154660451475,0.3304003849491714,1.0,m4_cross_resid
EWU,F2,3,0.2442464828491211,0.711876939658,0.3431021139221928,9.846297642095214,-23.546310121839603,2.4106362122205605,0.27942538989311166,1.0,m4_cross_resid
FXI,F2,3,0.23524951934814453,0.711876939658,0.33046374484494906,6.017674947203866,2.754116023970365,1.8905038317071203,-0.2905568685435223,1.0,m4_cross_resid
GLD,F2,3,0.26485157012939453,0.711876939658,0.3720468459852549,6.860153124565974,8.656429975317481,1.2122883408451346,-0.44920099888696424,1.0,m4_cross_resid
IWM,F2,3,0.23232078552246094,0.711876939658,0.32634964356911533,0.8591560019373512,1.1445838670452464,0.5797636080237175,-0.05708536125666611,1.0,m4_cross_resid
IYR,F2,3,0.23544025421142578,0.711876939658,0.3307316771976572,4.625910862494334,4.213985754779593,1.1003440400718556,-0.49643606090839104,1.0,m4_cross_resid
LQD,F2,3,0.2922506332397461,0.711876939658,0.41053532845178153,6.161447575074137,4.591546006639386,1.0725473774835852,0.6051536543506425,1.0,m4_cross_resid
MDY,F2,3,0.26160621643066406,0.711876939658,0.3674879770039256,2.857811803801675,1.4801834763710275,1.2237267926487732,0.0634769146543973,1.0,m4_cross_resid
SPY,F2,3,0.2335653305053711,0.711876939658,0.3280979021705361,0.7233188661941758,1.0998186737123348,0.34949494951248594,-0.18828524866768137,1.0,m4_cross_resid
TIP,F2,3,0.2704648971557617,0.711876939658,0.37993209512545595,13.607961179352607,-3.3926014323412015,2.365044368205517,-0.05914844950262897,1.0,m4_cross_resid
TLT,F2,3,0.2998180389404297,0.711876939658,0.4211655445454776,11.102392992045381,-4.327295413747005,2.033429212158368,0.14774748864978288,1.0,m4_cross_resid
USO,F2,3,0.27478504180908203,0.711876939658,0.3860007629142957,6.739075088158016,4.132095663235368,2.549782952140326,-0.24002917122099274,1.0,m4_cross_resid
XLB,F2,3,0.25261783599853516,0.711876939658,0.3548616648825538,2.0615716275800082,1.2878917468479858,0.7475991145882219,0.060953330598132564,1.0,m4_cross_resid
XLI,F2,3,0.21523666381835938,0.711876939658,0.3023509427370458,1.6692919041860552,1.3950508565642534,0.7796638809248303,-0.08021940513250231,1.0,m4_cross_resid
XLK,F2,3,0.23151111602783203,0.711876939658,0.3252122707318692,0.9487453293225325,1.104495808601701,0.2902627813889019,0.22806359586420447,1.0,m4_cross_resid
XLP,F2,3,0.23614835739135742,0.711876939658,0.33172637605708627,4.6346512391900285,2.31602916614989,1.4029890416516733,-0.3578136450265766,1.0,m4_cross_resid
XLU,F2,3,0.25996971130371094,0.711876939658,0.36518911741768967,9.877279873328936,35.77533059983764,1.888557548181162,-0.3175445669601181,1.0,m4_cross_resid
XLV,F2,3,0.24895477294921875,0.711876939658,0.34971602404879365,7.988273699645653,8.030278509014696,2.2197271015026145,-0.30998950267254344,1.0,m4_cross_resid
XLY,F2,3,0.23442840576171875,0.711876939658,0.32931029606654044,5.4089117389500245,2.288653674952199,1.939128549307151,0.09623425916609829,1.0,m4_cross_resid
^GDAXI,F2,3,0.27242279052734375,0.711876939658,0.38268242072600517,2.894664834522154,1.4323305412204586,1.0920265625660737,-0.06289782869543314,1.0,m4_cross_resid
DBC,F5,3,0.3010592460632324,0.8184534402080302,0.3678391845805068,13.163910040351432,7.555376620720998,1.1127269081074254,0.6793698546465399,1.0,m4_cross_resid
DIA,F5,3,0.24124455451965332,0.8184534402080302,0.29475660149749633,7.041918850354717,3.3023166736967235,4.223006883441241,0.2763560392950517,1.0,m4_cross_resid
EFA,F5,3,0.2737455368041992,0.8184534402080302,0.33446684118600567,11.531749513094105,-7.066809645386407,5.476751262689278,0.4856557325171961,1.0,m4_cross_resid
EWA,F5,3,0.24932193756103516,0.8184534402080302,0.3046256821862265,13.875930503362486,-2.405187251986902,4.772304409267777,-0.3996015590639754,1.0,m4_cross_resid
EWC,F5,3,0.2346515655517578,0.8184534402080302,0.2867011781294673,9.923303922052867,-8.605249944081624,3.430142172607066,-0.4391076491947805,1.0,m4_cross_resid
EWG,F5,3,0.260678768157959,0.8184534402080302,0.31850164633885714,11.198230083526632,-124.02582020400814,3.3115944945476463,0.007177579827918112,1.0,m4_cross_resid
EWJ,F5,3,0.2452235221862793,0.8184534402080302,0.2996181702455178,11.670970952923543,-5.74069396212876,5.592361374471209,-0.35534373342009473,1.0,m4_cross_resid
EWU,F5,3,0.24594831466674805,0.8184534402080302,0.30050373373008754,13.720823596602989,-4.260437455019653,5.811113760634835,0.41638548233086403,1.0,m4_cross_resid
FXI,F5,3,0.2812323570251465,0.8184534402080302,0.3436143624170781,14.506230473873831,-3.4166693450714463,4.497794508852719,0.15144068960651272,1.0,m4_cross_resid
GLD,F5,3,0.2599625587463379,0.8184534402080302,0.3176265697902888,17.045249734110858,-4.056192360098076,2.942038684467294,0.7336062216110226,1.0,m4_cross_resid
IWM,F5,3,0.23319029808044434,0.8184534402080302,0.2849157772752146,10.808596749971766,-14.039615474997147,4.206583657807349,-0.2452762048532455,1.0,m4_cross_resid
IYR,F5,3,0.22495269775390625,0.8184534402080302,0.27485094044779007,11.77273474328264,-3.1164316854304417,4.515891623080102,0.19325538112245333,1.0,m4_cross_resid
LQD,F5,3,0.2647433280944824,0.8184534402080302,0.3234677931431156,18.14726410746135,-1.4539675750984105,5.514166466207404,-0.48110982861194745,1.0,m4_cross_resid
MDY,F5,3,0.2245044708251953,0.8184534402080302,0.27430328934549036,13.047127171491542,-3.8925587779827238,4.503438084199773,-0.3704835902665568,1.0,m4_cross_resid
SPY,F5,3,0.23020410537719727,0.8184534402080302,0.2812671974580316,9.601450010655032,16.567337413212012,4.46398726411212,0.21862427885214428,1.0,m4_cross_resid
TIP,F5,3,0.2860112190246582,0.8184534402080302,0.3494532553396823,18.367183863561586,-1.834344803192048,5.803159277587837,-0.19638061475401383,1.0,m4_cross_resid
TLT,F5,3,0.30211973190307617,0.8184534402080302,0.36913490378424574,20.492163678678203,-1.3306615830864557,8.987800395684186,-0.1331861080280329,1.0,m4_cross_resid
USO,F5,3,0.263155460357666,0.8184534402080302,0.32152770998284097,8.090478698898227,2.5833914336193238,1.3713445127928119,0.48495802937939453,1.0,m4_cross_resid
XLB,F5,3,0.25389814376831055,0.8184534402080302,0.3102169668976845,8.429147974225993,12.615696798929577,3.6487811846993456,0.0015403145829858548,1.0,m4_cross_resid
XLI,F5,3,0.24112749099731445,0.8184534402080302,0.2946135713425872,12.073373047972392,-6.336760944373114,3.8073837170941065,-0.24594947955608548,1.0,m4_cross_resid
XLK,F5,3,0.2257394790649414,0.8184534402080302,0.27581224291459283,9.9908773143782,11.651501432510672,3.0197880310267644,-0.21356036971373693,1.0,m4_cross_resid
XLP,F5,3,0.2506585121154785,0.8184534402080302,0.3062587311646799,12.189946368788327,-4.567548070252253,4.287798737300685,-0.02631950160384076,1.0,m4_cross_resid
XLU,F5,3,0.21262598037719727,0.8184534402080302,0.2597899525269918,14.69392136041871,-2.8360039748019856,5.2215449498533,0.3836354677646657,1.0,m4_cross_resid
XLV,F5,3,0.24076461791992188,0.8184534402080302,0.2941702069927467,13.281881529077246,-2.749842020183302,5.515463214210047,0.2312802851704348,1.0,m4_cross_resid
XLY,F5,3,0.22911453247070312,0.8184534402080302,0.2799359391933987,13.66137042414943,-5.869005217201003,3.1427697684302904,-0.05507415201489526,1.0,m4_cross_resid
^GDAXI,F5,3,0.23248958587646484,0.8184534402080302,0.2840596354722046,13.851444049096628,-4.800159696485025,3.446324669959398,0.24738629670925724,1.0,m4_cross_resid
DBC,F3,3,0.2438030242919922,0.7255798843002725,0.33601127810635006,19.372978393081652,-1.3677908263376093,4.460848263801547,0.3029845533583159,1.0,m4_cross_resid
DIA,F3,3,0.20247745513916016,0.7255798843002725,0.2790560481626683,10.171467887433476,-24.447649839292815,2.9467805390216295,0.11118659551238722,1.0,m4_cross_resid
EFA,F3,3,0.23866939544677734,0.7255798843002725,0.32893606977120504,13.822430103474103,-2.7965025999107755,4.8005630637393955,0.2972517095934375,1.0,m4_cross_resid
EWA,F3,3,0.20982933044433594,0.7255798843002725,0.28918846151129046,15.21147352728318,-2.026605987691416,4.530596670071941,0.12769060493130735,1.0,m4_cross_resid
EWC,F3,3,0.23691940307617188,0.7255798843002725,0.32652421628894773,15.978256942177644,-1.4006301789462205,3.449953145282146,0.057655133189769024,1.0,m4_cross_resid
EWG,F3,3,0.24298572540283203,0.7255798843002725,0.33488487024024954,18.08518832335546,-1.1167090564574247,5.03037448653395,0.3205157310605187,1.0,m4_cross_resid
EWJ,F3,3,0.23717975616455078,0.7255798843002725,0.32688303699775223,17.387289150581246,-1.3095972759473402,6.506561424913074,0.4615879425994796,1.0,m4_cross_resid
EWU,F3,3,0.2168722152709961,0.7255798843002725,0.29889502171100174,14.735208601488353,-1.6551255805474776,5.4957162038936405,0.4077840228193574,1.0,m4_cross_resid
FXI,F3,3,0.26033782958984375,0.7255798843002725,0.3587996790193622,14.024089385711143,-3.2227569695501748,4.016028281501025,-0.14381850459659581,1.0,m4_cross_resid
GLD,F3,3,0.25702857971191406,0.7255798843002725,0.35423884436899006,10.52541566004395,10.569961106846911,1.8761312329310176,-0.5493144381804246,1.0,m4_cross_resid
IWM,F3,3,0.20558643341064453,0.7255798843002725,0.2833408668831908,11.410608025045875,-7.034584891216803,2.7964741447400154,-0.18749704430058986,1.0,m4_cross_resid
IYR,F3,3,0.23119163513183594,0.7255798843002725,0.3186301606952489,8.807392092312954,5.723817109909052,2.742637244675135,0.45632748110053306,1.0,m4_cross_resid
LQD,F3,3,0.24476146697998047,0.7255798843002725,0.33733221148491604,7.708309320412095,164.78262074802092,1.3310224119715055,-0.10686157393737822,1.0,m4_cross_resid
MDY,F3,3,0.2407073974609375,0.7255798843002725,0.33174486044781754,16.2001593617688,-1.8312357317850299,3.88694315879607,0.27756808712300524,1.0,m4_cross_resid
SPY,F3,3,0.19958114624023438,0.7255798843002725,0.27506433207241465,8.305839909752269,8.927974077468457,2.2563456528311336,0.2173627413552608,1.0,m4_cross_resid
TIP,F3,3,0.25594520568847656,0.7255798843002725,0.3527457296246607,17.76793093716678,-2.1092200367717022,4.824948637591236,0.17272508646675305,1.0,m4_cross_resid
TLT,F3,3,0.2460803985595703,0.7255798843002725,0.3391499735372114,12.363381393830466,-16.173646704710197,2.9600177618396244,0.020028769710106576,1.0,m4_cross_resid
USO,F3,3,0.2474222183227539,0.7255798843002725,0.3409992802672038,19.366303423906185,-1.2452398350934257,3.706756673940282,0.46348162684442645,1.0,m4_cross_resid
XLB,F3,3,0.2014007568359375,0.7255798843002725,0.277572133949334,9.85715328614696,-28.481820073984522,4.2977444333421,0.525679035150928,1.0,m4_cross_resid
XLI,F3,3,0.23767662048339844,0.7255798843002725,0.3275678193760934,14.74020697861685,-1.7689297700248077,3.5749941173429707,0.3261433485853543,1.0,m4_cross_resid
XLK,F3,3,0.21595382690429688,0.7255798843002725,0.29762929151840567,7.785637599793332,3.0695504888096448,2.061233707648436,0.23166483462623585,1.0,m4_cross_resid
XLP,F3,3,0.20833110809326172,0.7255798843002725,0.2871235994837012,9.051888730879353,53.99631882277535,1.4558068960142525,-0.23482017658944082,1.0,m4_cross_resid
XLU,F3,3,0.2375354766845703,0.7255798843002725,0.32737329386362796,6.163501606819835,2.5770650257415864,1.777846586098385,-0.2058654009729018,1.0,m4_cross_resid
XLV,F3,3,0.22015666961669922,0.7255798843002725,0.30342168296053534,4.801651792983568,2.0176231037017422,1.035325010779063,-0.08075967144412356,1.0,m4_cross_resid
XLY,F3,3,0.22167205810546875,0.7255798843002725,0.3055102034963974,6.757262956113961,5.185672976046224,1.1812962136339173,0.07766028772467717,1.0,m4_cross_resid
^GDAXI,F3,3,0.22726917266845703,0.7255798843002725,0.31322419155490866,17.627959379412374,-1.2014952700699286,5.637630047154556,0.5826537752291258,1.0,m4_cross_resid
DBC,F4,3,0.27378320693969727,0.6504244537643696,0.42093006398385074,-9.02408565831239,0.6885297228370797,-0.12546842186001567,-0.16850588394111835,1.0,m4_cross_resid
DIA,F4,3,0.2766280174255371,0.6504244537643696,0.4253038393998507,-4.772925929876116,0.9132869547608035,-0.04023500329414818,0.0650142188302307,1.0,m4_cross_resid
EFA,F4,3,0.2943558692932129,0.6504244537643696,0.4525596594494734,-5.8415432747498315,1.078864462892383,0.021497922290928142,-0.24525799601270773,1.0,m4_cross_resid
EWA,F4,3,0.30295515060424805,0.6504244537643696,0.4657806895956592,-5.28360356172034,1.0750849696948508,0.02047945961258158,-0.0890214073555952,1.0,m4_cross_resid
EWC,F4,3,0.28454649448394775,0.6504244537643696,0.4374781618943111,-5.782313643164525,0.7730493638649507,-0.07692490455596464,-0.16972395455483405,1.0,m4_cross_resid
EWG,F4,3,0.2605106830596924,0.6504244537643696,0.4005241216746565,-4.073463896906926,1.109004553546627,0.03576063850290821,-0.09683648303180689,1.0,m4_cross_resid
EWJ,F4,3,0.2971808910369873,0.6504244537643696,0.4569030105141888,-6.201118437233276,0.8035463898626688,-0.08126840301431817,-0.3493052847424402,1.0,m4_cross_resid
EWU,F4,3,0.2934534549713135,0.6504244537643696,0.45117223571920523,-3.5949915453206716,2.2507291294241374,0.15913827868192765,-0.1268192076367692,1.0,m4_cross_resid
FXI,F4,3,0.27048420906066895,0.6504244537643696,0.41585799472210144,-0.6262361789108644,2.063876972148893,0.3210676122207584,-0.04650290174636872,1.0,m4_cross_resid
GLD,F4,3,0.31374549865722656,0.6504244537643696,0.48237039189010517,-2.2548352452202636,1.2890999598906063,0.11153813303500086,0.1406918565758248,1.0,m4_cross_resid
IWM,F4,3,0.302293062210083,0.6504244537643696,0.4647627567821969,-6.236569152467073,0.9276464829710261,-0.02122659396824646,-0.10198862252580011,1.0,m4_cross_resid
IYR,F4,3,0.32225751876831055,0.6504244537643696,0.49545726164387927,-2.5939646086531276,1.4470203605075185,0.1487623922345831,-0.15613560091956108,1.0,m4_cross_resid
LQD,F4,3,0.2868618965148926,0.6504244537643696,0.4410379942738354,9.272621316262416,-0.6053458457686208,1.44662438159284,0.18413063020359136,1.0,m4_cross_resid
MDY,F4,3,0.2759227752685547,0.6504244537643696,0.42421955950708107,-6.593391541242875,0.6942709854121928,-0.12917595912098548,-0.05776344261768703,1.0,m4_cross_resid
SPY,F4,3,0.2782583236694336,0.6504244537643696,0.4278103660755638,-7.347342708384035,0.6260436001737616,-0.2466549264029911,0.07179895787381169,1.0,m4_cross_resid
TIP,F4,3,0.3169066905975342,0.6504244537643696,0.48723059036820976,3.5881266103402467,6.142193298931684,0.7412710585611291,0.4317938460962237,1.0,m4_cross_resid
TLT,F4,3,0.3255574703216553,0.6504244537643696,0.5005307971394254,9.426746205063562,-1.134299697924628,0.8124376768610696,-0.041019568206496326,1.0,m4_cross_resid
USO,F4,3,0.2718636989593506,0.6504244537643696,0.41797890190924325,-3.778320805770952,-2.4015138344621323,0.3450942629504529,-0.2938542785583588,1.0,m4_cross_resid
XLB,F4,3,0.28966712951660156,0.6504244537643696,0.4453509209872662,-7.929415490629852,0.4589936371822294,-0.6842898635840425,-0.0787505201074639,1.0,m4_cross_resid
XLI,F4,3,0.27960705757141113,0.6504244537643696,0.4298839872227572,-6.251294762547953,0.7739404934370094,-0.10398388379660585,-0.2538274883513031,1.0,m4_cross_resid
XLK,F4,3,0.28462886810302734,0.6504244537643696,0.4376048078385139,-6.528388397872316,0.4264672724143054,-1.1231143491414162,0.20959217419591683,1.0,m4_cross_resid
XLP,F4,3,0.29348111152648926,0.6504244537643696,0.45121475649931386,-2.4567161608264954,1.3383859191508425,0.14816080941986365,-0.010012797473060431,1.0,m4_cross_resid
XLU,F4,3,0.30690908432006836,0.6504244537643696,0.4718596949173944,0.13418933879576178,34.21260971755727,0.5018019204327314,-0.011761303514030715,1.0,m4_cross_resid
XLV,F4,3,0.2623269557952881,0.6504244537643696,0.4033165639407551,-4.610486496027082,0.5933316990564007,-0.5441392868811421,0.286709356231569,1.0,m4_cross_resid
XLY,F4,3,0.290297269821167,0.6504244537643696,0.44631973496853405,-6.894729284653208,0.438905382861489,-0.6788015543712073,0.2712780668776656,1.0,m4_cross_resid
^GDAXI,F4,3,0.2924952507019043,0.6504244537643696,0.44969903731182137,-1.1049672877590453,-2.651959509967011,0.4205063556418529,-0.1965819322449875,1.0,m4_cross_resid
DBC,F1,4,0.2844362258911133,0.7310292938728975,0.3890900518968363,40.052249657208385,-0.5244369849281487,3.83492174605755,-0.08991019858667336,1.0,m4_cross_resid
DIA,F1,4,0.19782018661499023,0.7310292938728975,0.27060500621933326,10.342492287215105,109.82130544045465,4.161747528061324,-0.4116747532158653,1.0,m4_cross_resid
EFA,F1,4,0.2448291778564453,0.7310292938728975,0.3349102148278797,19.49373152321521,-1.7476295328104725,4.204181098429861,0.012200120277946253,1.0,m4_cross_resid
EWA,F1,4,0.22214770317077637,0.7310292938728975,0.30388344903918546,15.619785681938243,-4.693407062606138,2.5809869386182904,-0.5886415992060269,1.0,m4_cross_resid
EWC,F1,4,0.23491644859313965,0.7310292938728975,0.3213502530775245,16.24093027234936,-2.4458229707050787,2.3759187160782274,-0.07043336004188439,1.0,m4_cross_resid
EWG,F1,4,0.2420663833618164,0.7310292938728975,0.3311308936463823,13.866394315546675,-3.555739372324341,5.261133205068283,-0.057876759205683366,1.0,m4_cross_resid
EWJ,F1,4,0.24009132385253906,0.7310292938728975,0.3284291421217427,17.809901529025623,-2.82924799884338,3.8995514027434806,-0.33313749243880036,1.0,m4_cross_resid
EWU,F1,4,0.23501110076904297,0.7310292938728975,0.32147973102963484,18.053586445876892,-2.3668856444497384,3.6074790336724467,-0.2441183306217831,1.0,m4_cross_resid
FXI,F1,4,0.22373485565185547,0.7310292938728975,0.30605456925882885,7.687818254464972,2.8669320502832396,2.6758186350362743,0.1892929919091674,1.0,m4_cross_resid
GLD,F1,4,0.2615046501159668,0.7310292938728975,0.35772116426490846,23.326194103298945,-1.6000267617094814,5.627096398721405,-0.1976876727046692,1.0,m4_cross_resid
IWM,F1,4,0.2608835697174072,0.7310292938728975,0.3568715671232273,12.420119429707087,-4.177372481482003,4.033539814651126,-0.20135867902203683,1.0,m4_cross_resid
IYR,F1,4,0.2392139434814453,0.7310292938728975,0.32722894347245807,5.203037475539963,1.6633488035061474,1.3786751990260817,0.16882570478279754,1.0,m4_cross_resid
LQD,F1,4,0.2710447311401367,0.7310292938728975,0.370771367730255,15.349773729424713,-9.02744162637942,1.962526337194623,0.06394225047087652,1.0,m4_cross_resid
MDY,F1,4,0.2638406753540039,0.7310292938728975,0.3609166931686288,14.903423559472294,-3.0003048018988667,4.581891647788379,-0.4362254744431242,1.0,m4_cross_resid
SPY,F1,4,0.23568439483642578,0.7310292938728975,0.3224007530365859,11.991589148904156,101.29555412333995,3.799111150486505,-0.6229496145100918,1.0,m4_cross_resid
TIP,F1,4,0.27974891662597656,0.7310292938728975,0.3826781210694081,17.505095397026423,-2.3265355262765164,2.565549708034306,0.587815436814051,1.0,m4_cross_resid
TLT,F1,4,0.2498784065246582,0.7310292938728975,0.3418172275981379,6.824301102266519,2.017093078905678,1.5158972965415647,0.5571186188233411,1.0,m4_cross_resid
USO,F1,4,0.2535834312438965,0.7310292938728975,0.346885457763867,22.442008979950657,-1.7374947497163575,3.113088802723819,0.6391579746269817,1.0,m4_cross_resid
XLB,F1,4,0.2606656551361084,0.7310292938728975,0.35657347430653,14.77219104647418,-3.8647365694431195,3.0548212482866868,-0.5215246963928559,1.0,m4_cross_resid
XLI,F1,4,0.22859787940979004,0.7310292938728975,0.3127068659570513,16.141011295393398,-3.623142676971228,3.7311251994275785,-0.5986544404176013,1.0,m4_cross_resid
XLK,F1,4,0.2075059413909912,0.7310292938728975,0.28385448179737355,10.698221652149858,16.973676339796352,2.0947967833177916,-0.6847667450697862,1.0,m4_cross_resid
XLP,F1,4,0.2266392707824707,0.7310292938728975,0.31002761815708574,5.827521941120985,1.8711043679058523,1.640538961472948,-0.14870656956556255,0.9642857142857143,m4_cross_resid
XLU,F1,4,0.23296451568603516,0.7310292938728975,0.3186801372238035,9.408029999040664,4.441455053496246,2.25295422515071,-0.05476786698800933,1.0,m4_cross_resid
XLV,F1,4,0.24557709693908691,0.7310292938728975,0.3359333189482074,3.8634574711953165,1.4937545501607703,1.1013831230662925,-0.1444327842059351,1.0,m4_cross_resid
XLY,F1,4,0.24014568328857422,0.7310292938728975,0.3285035022554484,10.37750399990152,8.921072599494286,2.9608643642429135,-0.4710049664694983,1.0,m4_cross_resid
^GDAXI,F1,4,0.19423484802246094,0.7310292938728975,0.26570049880413155,12.669995112372613,-7.029186845096774,2.370648717232773,-0.2955582074685008,1.0,m4_cross_resid
DBC,F2,4,0.25404882431030273,0.6899992563161228,0.3681870987320462,6.100887761333274,3.6039801400432294,1.1751004389494977,-0.1993661848090114,1.0,m4_cross_resid
DIA,F2,4,0.2183208465576172,0.6899992563161228,0.3164073650212655,1.3545505323689238,1.082278945563062,0.15466459257299608,0.02402351796030965,1.0,m4_cross_resid
EFA,F2,4,0.22499704360961914,0.6899992563161228,0.32608302335116846,5.26851104422453,2.3870554398383126,2.4017443669556524,0.05611535342655652,1.0,m4_cross_resid
EWA,F2,4,0.21717262268066406,0.6899992563161228,0.31474327065240565,7.021579156151989,3.6492569891586286,2.0402680087120415,-0.3583639402112203,1.0,m4_cross_resid
EWC,F2,4,0.24096012115478516,0.6899992563161228,0.3492179432790423,7.007702752509572,5.964942826676213,3.332968619920112,-0.07206767922905825,1.0,m4_cross_resid
EWG,F2,4,0.22999286651611328,0.6899992563161228,0.3333233542077068,4.559166514919844,2.196823614120605,1.0778724582566361,-0.039057789588652775,1.0,m4_cross_resid
EWJ,F2,4,0.23513031005859375,0.6899992563161228,0.34076893258399243,5.957700372753115,3.6390294637858744,2.957368755344428,0.041481031114951945,1.0,m4_cross_resid
EWU,F2,4,0.24007272720336914,0.6899992563161228,0.3479318637024443,4.504010595468566,1.9028177850201309,1.7758471775064926,-0.05458756240290324,1.0,m4_cross_resid
FXI,F2,4,0.2408771514892578,0.6899992563161228,0.3490976972573722,5.087197482395549,2.180491788201147,1.2886546412139552,0.039523378497418216,1.0,m4_cross_resid
GLD,F2,4,0.2622084617614746,0.6899992563161228,0.3800126730011198,8.6733296438326,-3.4717460442878902,2.3475989652737432,-0.4538334936375808,1.0,m4_cross_resid
IWM,F2,4,0.25144290924072266,0.6899992563161228,0.36441040615487885,1.7905353952089822,1.2247173220464402,0.5408877012969527,-0.0019173113953650377,1.0,m4_cross_resid
IYR,F2,4,0.23511409759521484,0.6899992563161228,0.3407454362349304,9.196433718587663,-2.6882977815427336,1.1678108614501272,0.023711817304429565,1.0,m4_cross_resid
LQD,F2,4,0.25985050201416016,0.6899992563161228,0.37659533635078263,8.57771038495968,-12.488896074515925,1.2684718582447427,0.6468849667645548,1.0,m4_cross_resid
MDY,F2,4,0.2253589630126953,0.6899992563161228,0.3266075447905225,6.02925825689049,2.7622614866873603,1.1648130801770487,-0.0051743671208207475,1.0,m4_cross_resid
SPY,F2,4,0.19321632385253906,0.6899992563161228,0.28002395956788845,1.673896566791547,1.1552220161710143,0.6531355902832817,-0.02422668898913919,1.0,m4_cross_resid
TIP,F2,4,0.26439952850341797,0.6899992563161228,0.3831881354699366,13.666004773014187,-1.8991470944807527,3.1164177591037054,0.11161874953254429,1.0,m4_cross_resid
TLT,F2,4,0.2794828414916992,0.6899992563161228,0.4050480329266533,12.47271367305743,-1.7798471087730134,1.9261408001474318,0.3411080630117172,1.0,m4_cross_resid
USO,F2,4,0.24783992767333984,0.6899992563161228,0.3591886881104001,7.275174741498654,8.611338585313423,2.4500197295470816,-0.35018654832647117,1.0,m4_cross_resid
XLB,F2,4,0.24081134796142578,0.6899992563161228,0.3490023297229442,2.996451084317988,1.4634162880953365,0.777055649461049,0.28899992195516283,1.0,m4_cross_resid
XLI,F2,4,0.23687171936035156,0.6899992563161228,0.3432927169008845,2.1713964367883367,1.268938008576478,0.5360915361331237,0.20507391179064174,1.0,m4_cross_resid
XLK,F2,4,0.19571828842163086,0.6899992563161228,0.2836499990834231,-0.3640752002812624,1.1503703277483024,0.3060193796423848,0.044871063994244155,1.0,m4_cross_resid
XLP,F2,4,0.2537975311279297,0.6899992563161228,0.36782290532158557,9.429191781794996,-3.924857278588784,2.3727844578353987,-0.36579265005395195,1.0,m4_cross_resid
XLU,F2,4,0.2531261444091797,0.6899992563161228,0.3668498800427838,5.890746469470416,5.627253091409897,1.73204790156909,0.1779698306783496,1.0,m4_cross_resid
XLV,F2,4,0.21707868576049805,0.6899992563161228,0.31460713004166424,7.154875412188818,4.142244397532397,1.7185878789098672,-0.10925398900464141,1.0,m4_cross_resid
XLY,F2,4,0.25020408630371094,0.6899992563161228,0.362615008658908,8.262404893572937,17.251412412696883,2.6621018590647663,0.4127013326942849,1.0,m4_cross_resid
^GDAXI,F2,4,0.22874927520751953,0.6899992563161228,0.3315210460208354,1.3595551221285724,1.231835863314661,0.680893789139522,0.33049438475174503,1.0,m4_cross_resid
DBC,F3,4,0.28197193145751953,0.7274006974799544,0.3876431964313453,13.400292149156401,-3.663365296614585,4.723865562961031,0.21752326988175855,1.0,m4_cross_resid
DIA,F3,4,0.24645757675170898,0.7274006974799544,0.33881954967262157,11.4035817699899,-20.115359399318027,3.068060328507073,0.12957217604542592,1.0,m4_cross_resid
EFA,F3,4,0.23541545867919922,0.7274006974799544,0.32363930842352095,17.617259690419118,-1.5298171343482527,5.426392760433564,0.04581801511730703,1.0,m4_cross_resid
EWA,F3,4,0.22696208953857422,0.7274006974799544,0.31201797073452603,16.46594115461484,-1.5210360387658042,4.394156102747199,0.3059369014462024,1.0,m4_cross_resid
EWC,F3,4,0.22784137725830078,0.7274006974799544,0.3132267786484761,16.232287528323027,-1.7541910370003038,3.26062373810516,0.38600129330161126,1.0,m4_cross_resid
EWG,F3,4,0.27184486389160156,0.7274006974799544,0.37372092827707665,18.922137403566712,-1.2025523862666017,5.159815396381333,0.5498642288080118,1.0,m4_cross_resid
EWJ,F3,4,0.2505474090576172,0.7274006974799544,0.34444207975827756,15.270672630561378,-2.147671871820154,3.288680428525457,-0.15267131883576102,1.0,m4_cross_resid
EWU,F3,4,0.2279977798461914,0.7274006974799544,0.31344179437286634,17.110352120595586,-1.3998496380438377,4.738097677624627,0.7398047831986672,1.0,m4_cross_resid
FXI,F3,4,0.2617921829223633,0.7274006974799544,0.35990092369904236,15.810819006240422,-3.1992022007308574,2.949002117324113,-0.4803414803953255,1.0,m4_cross_resid
GLD,F3,4,0.2736530303955078,0.7274006974799544,0.37620671982246634,20.30350240865134,-1.937149689932788,2.16387706362015,-0.331365864414337,1.0,m4_cross_resid
IWM,F3,4,0.2477550506591797,0.7274006974799544,0.3406032624350175,15.551557321017137,-1.9861937188043528,2.331844280424324,0.36866699560766975,1.0,m4_cross_resid
IYR,F3,4,0.24277496337890625,0.7274006974799544,0.3337568471132743,10.863848351198858,-4.507166673104777,2.8732143766653424,0.014867377091692204,1.0,m4_cross_resid
LQD,F3,4,0.2964048385620117,0.7274006974799544,0.4074849523637967,18.910718964692904,-1.4807613309970196,4.222943578938446,0.10366805042616437,1.0,m4_cross_resid
MDY,F3,4,0.24964523315429688,0.7274006974799544,0.3432018061285631,13.749300962893576,-2.117826922242537,2.6263989339381983,0.42866095331211235,1.0,m4_cross_resid
SPY,F3,4,0.22684288024902344,0.7274006974799544,0.31185408679825294,10.598862462852546,-37.36752614253946,3.6970859512584577,0.4577280723259827,1.0,m4_cross_resid
TIP,F3,4,0.29149913787841797,0.7274006974799544,0.40074080061828793,21.78478612622411,-1.113493381328819,5.225443097227593,0.14493247581780788,1.0,m4_cross_resid
TLT,F3,4,0.2709684371948242,0.7274006974799544,0.37251605357759715,11.399913177453097,-9.59435814167562,2.8097767205987103,-0.14675598436504042,1.0,m4_cross_resid
USO,F3,4,0.22883319854736328,0.7274006974799544,0.3145902929982679,6.51730912903698,3.2581496801115333,2.0365588331252615,0.3145996657384744,1.0,m4_cross_resid
XLB,F3,4,0.2557086944580078,0.7274006974799544,0.3515375986631558,16.34347782412145,-1.8704641352793627,4.004456175641141,0.6155629552275629,1.0,m4_cross_resid
XLI,F3,4,0.23708534240722656,0.7274006974799544,0.3259349946028339,14.531162100580925,-2.9271571268075878,3.285798201023989,0.20508156963223034,1.0,m4_cross_resid
XLK,F3,4,0.25390052795410156,0.7274006974799544,0.34905180711776607,13.366050172836406,-3.7226940261104136,4.208623048860394,0.39842423383760056,1.0,m4_cross_resid
XLP,F3,4,0.2301492691040039,0.7274006974799544,0.31639957165472243,8.879592993747185,-5.948763671393814,2.001803602866122,-0.0022323592690837485,1.0,m4_cross_resid
XLU,F3,4,0.23438739776611328,0.7274006974799544,0.3222259733571021,6.252409288216815,2.9889996622608757,2.5208762396152653,0.3605667882692782,1.0,m4_cross_resid
XLV,F3,4,0.22699451446533203,0.7274006974799544,0.31206254716519227,7.702361536598924,3.98038863175381,1.7047994115694207,0.13504827402867534,1.0,m4_cross_resid
XLY,F3,4,0.2529296875,0.7274006974799544,0.34771713634075835,7.111958162826792,3.8708226918884425,1.4591132343938296,0.1551441666196647,1.0,m4_cross_resid
^GDAXI,F3,4,0.25463247299194336,0.7274006974799544,0.35005805448648264,23.435844469950265,-0.7710204889753727,4.4270905700071586,0.578726444961624,1.0,m4_cross_resid
DBC,F4,4,0.27012062072753906,0.6748585069909023,0.400262600129275,-1.6795006198743483,2.5595616592252712,0.3477268829967129,-0.46347931659216257,1.0,m4_cross_resid
DIA,F4,4,0.2670283317565918,0.6748585069909023,0.39568047078080554,1.722573169074444,1.794158299065162,0.9624321538859957,-0.06048341040852852,1.0,m4_cross_resid
EFA,F4,4,0.27079200744628906,0.6748585069909023,0.40125745566090876,-1.261559389592108,1.5190408134913327,0.3396826999884985,-0.4747034904588153,1.0,m4_cross_resid
EWA,F4,4,0.24163532257080078,0.6748585069909023,0.3580533105350011,-1.3418125332469533,4.244671235902994,0.3713323490701636,-0.22877703597267013,1.0,m4_cross_resid
EWC,F4,4,0.26128482818603516,0.6748585069909023,0.38716979260003237,1.5522885320873971,12.3304688622913,0.6276024383499134,-0.08334347096743851,1.0,m4_cross_resid
EWG,F4,4,0.2708425521850586,0.6748585069909023,0.40133235245519366,6.05983457692442,-1.2191336556952552,0.9578956711395452,-0.45559024919439123,1.0,m4_cross_resid
EWJ,F4,4,0.27363061904907227,0.6748585069909023,0.40546368789089154,-2.4618358071442756,1.9204001600921983,0.29103445039812587,-0.40944601565203226,1.0,m4_cross_resid
EWU,F4,4,0.24428129196166992,0.6748585069909023,0.361974087058464,0.45105077879424194,8.291294827276086,0.5689388319646947,-0.4766851573234096,1.0,m4_cross_resid
FXI,F4,4,0.2758340835571289,0.6748585069909023,0.4087287641775958,2.9729581095905564,4.240242449105291,1.1262034452016554,-0.1461657481860544,1.0,m4_cross_resid
GLD,F4,4,0.27624940872192383,0.6748585069909023,0.409344189723088,2.9257840010695624,5.919731067029044,0.9727235059482698,-0.09466629523270255,1.0,m4_cross_resid
IWM,F4,4,0.2602095603942871,0.6748585069909023,0.38557646928765016,-4.414148843189981,0.9920653821170782,-0.0038829647568326625,-0.3655382230934296,1.0,m4_cross_resid
IYR,F4,4,0.2865886688232422,0.6748585069909023,0.4246648235955417,1.5362005567665529,1.4311098640205098,0.4250354688231883,-0.104519732211867,1.0,m4_cross_resid
LQD,F4,4,0.25426435470581055,0.6748585069909023,0.37676691050326827,9.794149104911437,-1.9063802781729717,2.10819961473192,0.2388476584913042,1.0,m4_cross_resid
MDY,F4,4,0.28473424911499023,0.6748585069909023,0.42191695913352206,-5.867975383323396,1.0658216258762765,0.029683995859081602,-0.38350371885912515,1.0,m4_cross_resid
SPY,F4,4,0.2820119857788086,0.6748585069909023,0.41788313084510076,-1.6957820327461652,1.2529849518666072,0.19866483023519255,-0.020737580833606682,1.0,m4_cross_resid
TIP,F4,4,0.2815084457397461,0.6748585069909023,0.41713698919637543,8.621675272467629,-5.461551396640374,2.008185459033536,0.36315059331832283,1.0,m4_cross_resid
TLT,F4,4,0.28763294219970703,0.6748585069909023,0.42621221962840955,12.613550316322954,-1.4465273915084935,1.1769748031965561,0.3321402034500435,1.0,m4_cross_resid
USO,F4,4,0.23515987396240234,0.6748585069909023,0.3484580419841585,1.5059862170602045,-6.682792846838518,0.6429073914001794,-0.5203174233424284,1.0,m4_cross_resid
XLB,F4,4,0.27591657638549805,0.6748585069909023,0.40885100139845704,-2.470108538408045,1.3181514022271856,0.18666150380655283,-0.28928650074518963,1.0,m4_cross_resid
XLI,F4,4,0.25850629806518555,0.6748585069909023,0.3830525886349543,-3.6083362369428134,1.359381942139078,0.19646932962363503,-0.5950952406867739,1.0,m4_cross_resid
XLK,F4,4,0.2466411590576172,0.6748585069909023,0.36547091946333293,-1.912933557356343,0.9531799108479819,-0.06009479951854353,-0.016316575198876516,1.0,m4_cross_resid
XLP,F4,4,0.2493419647216797,0.6748585069909023,0.3694729519428597,4.321329639136566,24.054653135002756,1.2230516107585214,0.030686245606841425,1.0,m4_cross_resid
XLU,F4,4,0.2692713737487793,0.6748585069909023,0.399004192670582,4.158053380652655,4.774995107953605,0.9916466847303578,-0.2612414585104919,1.0,m4_cross_resid
XLV,F4,4,0.23639297485351562,0.6748585069909023,0.3502852411352983,1.9460692642838175,7.65732222575176,0.8136657899090335,-0.24982398536098566,1.0,m4_cross_resid
XLY,F4,4,0.2496175765991211,0.6748585069909023,0.3698813514437718,-2.0785959820427307,1.2884063451820924,0.18343480974707216,-0.25905547391327366,1.0,m4_cross_resid
^GDAXI,F4,4,0.2733592987060547,0.6748585069909023,0.4050616475517583,2.971227729067124,3.2324356135615857,1.0298328614661207,0.035920887806903314,1.0,m4_cross_resid
DBC,F5,4,0.23267686367034912,0.7525891991998738,0.30916848649664774,-0.14510624548368212,0.32441211602636094,-0.357646371487662,0.4410827255929704,1.0,m4_cross_resid
DIA,F5,4,0.23689693212509155,0.7525891991998738,0.3147758862031929,0.6130938160084469,4.7396107774396725,0.24938664201944527,0.3659952045766505,1.0,m4_cross_resid
EFA,F5,4,0.21633702516555786,0.7525891991998738,0.28745698901281036,4.144087575165547,-0.6023254238307325,0.8474764464577395,0.18822369216130053,1.0,m4_cross_resid
EWA,F5,4,0.19461029767990112,0.7525891991998738,0.25858768354210226,4.38026076829081,-0.5133965827383743,1.0640708603783458,-0.31054423660809943,1.0,m4_cross_resid
EWC,F5,4,0.20550879836082458,0.7525891991998738,0.27306902434862773,5.963133317685905,-0.2855468462902413,2.8432650383179223,0.40156229230553525,1.0,m4_cross_resid
EWG,F5,4,0.21461012959480286,0.7525891991998738,0.2851623831739397,4.837032800820459,-0.24784220949244762,0.9075417434663372,0.31486057277966895,1.0,m4_cross_resid
EWJ,F5,4,0.2147884964942932,0.7525891991998738,0.28539938750469546,9.642381674219862,-0.13721589840351495,1.5736411847570304,-0.1724530569458941,1.0,m4_cross_resid
EWU,F5,4,0.2110593616962433,0.7525891991998738,0.28044431400375414,5.056144630219492,-0.4405536408946482,1.199517916418668,0.011174362812109428,1.0,m4_cross_resid
FXI,F5,4,0.20151817798614502,0.7525891991998738,0.26776650289479575,3.5863965700076914,-0.7159652508808366,0.9838254347609192,-0.10155300392765759,1.0,m4_cross_resid
GLD,F5,4,0.23174238204956055,0.7525891991998738,0.30792679764198166,6.012597006285273,-0.5768186688984839,1.2287659525019996,-0.05027333584589226,1.0,m4_cross_resid
IWM,F5,4,0.2111905813217163,0.7525891991998738,0.280618671575737,4.606959696400148,-0.5954145104218573,0.757050438416327,-0.11577471490219161,1.0,m4_cross_resid
IYR,F5,4,0.19711124897003174,0.7525891991998738,0.2619108129369827,9.860247870722354,-0.1798992407596636,1.5973713279706256,-0.2292104061822401,1.0,m4_cross_resid
LQD,F5,4,0.2170690894126892,0.7525891991998738,0.2884297165617968,10.345572290956602,-0.160423227655607,1.943196125722183,0.21973555496769828,1.0,m4_cross_resid
MDY,F5,4,0.21396735310554504,0.7525891991998738,0.284308296389355,4.439138776382943,-0.46190352489722214,1.3970014598922709,0.03772370047379718,1.0,m4_cross_resid
SPY,F5,4,0.1961757242679596,0.7525891991998738,0.2606677380920782,8.163972628547732,-0.3209977975607578,1.0674219142332064,0.09660323030350038,1.0,m4_cross_resid
TIP,F5,4,0.22768324613571167,0.7525891991998738,0.3025332364293514,10.226388138358438,-0.17668605850026092,3.1838644129588833,-0.1545617683853105,1.0,m4_cross_resid
TLT,F5,4,0.2148652970790863,0.7525891991998738,0.2855014359859582,9.422492672096425,-0.17558519323355035,2.5760290020145904,-0.10618439547064686,1.0,m4_cross_resid
USO,F5,4,0.21954011917114258,0.7525891991998738,0.29171308783669747,4.2368062355900875,1.6028268043314353,0.08564269505570654,0.26395484780075457,1.0,m4_cross_resid
XLB,F5,4,0.22948256134986877,0.7525891991998738,0.3049240695904838,4.163907661954694,-0.3901327470341969,1.198839217732459,0.27942840169142297,1.0,m4_cross_resid
XLI,F5,4,0.21027889847755432,0.7525891991998738,0.27940727650770886,2.8981190409896134,-1.2642218725234657,0.48649564707897314,0.34547227491081967,1.0,m4_cross_resid
XLK,F5,4,0.19293911755084991,0.7525891991998738,0.2563671093818194,4.635838670725321,-0.49056494359027497,1.1172939071395884,0.0935662402616213,1.0,m4_cross_resid
XLP,F5,4,0.20729166269302368,0.7525891991998738,0.27543799846371547,6.23664888392009,-0.2622196715791986,1.7720192866759639,-0.023924319502296516,1.0,m4_cross_resid
XLU,F5,4,0.22167548537254333,0.7525891991998738,0.2945504474529011,7.055368169053848,-0.3005611810848154,1.488336943459316,-0.1095047152265232,1.0,m4_cross_resid
XLV,F5,4,0.22277286648750305,0.7525891991998738,0.2960085883830744,5.519535402788684,-0.42775605835321456,1.1929512899877008,-0.12608721355704916,1.0,m4_cross_resid
XLY,F5,4,0.2143259048461914,0.7525891991998738,0.2847847206338533,0.20249632710232646,1.303951998762981,0.1378657893247712,0.05992541565417286,1.0,m4_cross_resid
^GDAXI,F5,4,0.20442557334899902,0.7525891991998738,0.2716296932859747,5.322777001643338,-0.4734023298792055,1.0746011933324433,0.2634592560897997,1.0,m4_cross_resid
DBC,F1,5,0.2794528901576996,0.7063511152878187,0.3956288651768182,34.957221113468,-0.04941946866262554,2.278358147489133,-0.15516100988562764,1.0,m4_cross_resid
DIA,F1,5,0.2810858190059662,0.7063511152878187,0.3979406458379151,-2.2503496062892943,0.44533017247207857,-0.4177665546802858,-0.06964467391764793,1.0,m4_cross_resid
EFA,F1,5,0.24868398904800415,0.7063511152878187,0.35206851616093543,9.168185432428348,-0.16290297958683891,1.729640894189148,-0.048029863219335445,1.0,m4_cross_resid
EWA,F1,5,0.25120532512664795,0.7063511152878187,0.3556380384906573,6.498640262479093,-0.26243504038154064,0.9625464825998402,-0.22898337928121665,1.0,m4_cross_resid
EWC,F1,5,0.241146519780159,0.7063511152878187,0.34139752109246463,-0.9209655682376436,-0.4055355024010241,0.36695999667243717,-0.24831871104285988,1.0,m4_cross_resid
EWG,F1,5,0.25277870893478394,0.7063511152878187,0.35786551965984165,12.943570865091,-0.11887517903100231,1.8555821534592665,0.056232820119759275,1.0,m4_cross_resid
EWJ,F1,5,0.24863258004188538,0.7063511152878187,0.35199573506806797,3.8506729814245935,-1.3301283680232805,0.48488027876712186,-0.06837710251303757,1.0,m4_cross_resid
EWU,F1,5,0.2331804633140564,0.7063511152878187,0.3301197637651379,3.9620246445646674,-0.4305881286237798,0.9779958121205976,-0.24586290777811556,1.0,m4_cross_resid
FXI,F1,5,0.26642483472824097,0.7063511152878187,0.3771847017183234,-3.9711059190559945,0.3183858808728485,-0.5392030388214493,0.07894523192145343,1.0,m4_cross_resid
GLD,F1,5,0.2726292312145233,0.7063511152878187,0.3859684303088194,10.683800408026032,-0.1727087082474406,1.7278589694751147,-0.23774976538256276,1.0,m4_cross_resid
IWM,F1,5,0.20997145771980286,0.7063511152878187,0.29726215925099125,1.1409421035657825,1.34991916368843,0.08110927180652891,0.6440278720929296,1.0,m4_cross_resid
IYR,F1,5,0.2566487193107605,0.7063511152878187,0.36334439594702583,-6.655699252655267,0.16731293715908785,-0.9216426182398127,-0.30228639938112245,1.0,m4_cross_resid
LQD,F1,5,0.26647883653640747,0.7063511152878187,0.3772611535097876,1.8923755670946374,0.8832408627707526,-0.02526038161767844,0.059434759294917726,1.0,m4_cross_resid
MDY,F1,5,0.24269384145736694,0.7063511152878187,0.34358810541196055,1.9446374838180016,3.300752498856544,0.20924927295106488,0.30815322493793956,1.0,m4_cross_resid
SPY,F1,5,0.274226576089859,0.7063511152878187,0.3882298337960707,-1.988467578032891,0.46944839856625376,-0.29975133201588966,-0.18340809607169373,1.0,m4_cross_resid
TIP,F1,5,0.30571117997169495,0.7063511152878187,0.43280342220048174,4.422516994500125,-0.5578345281969123,0.5108987906632533,0.15962955951644103,1.0,m4_cross_resid
TLT,F1,5,0.30092939734458923,0.7063511152878187,0.4260337257653635,-11.553597165263056,0.09912687055685,-3.693421422520462,0.24001152706861362,1.0,m4_cross_resid
USO,F1,5,0.27145272493362427,0.7063511152878187,0.3843028191765716,23.198520820515064,-0.07739022157221,2.14351284701749,-0.021777491910365238,1.0,m4_cross_resid
XLB,F1,5,0.2658459544181824,0.7063511152878187,0.3763651655166672,1.2811111391599481,-0.6452145608217684,0.42640852869768564,-0.11924617308541938,1.0,m4_cross_resid
XLI,F1,5,0.2647610902786255,0.7063511152878187,0.37482929459344394,2.551635695787353,-0.9412272259547433,0.5600432547495329,0.22682932235390987,1.0,m4_cross_resid
XLK,F1,5,0.25948771834373474,0.7063511152878187,0.36736364214276157,-6.274588401636892,0.2177294707978624,-0.8001415128922472,-0.2882650610749963,1.0,m4_cross_resid
XLP,F1,5,0.25463637709617615,0.7063511152878187,0.3604954697245984,-8.460918462248024,0.1493196973745507,-1.8302286590567902,0.14356594041063822,1.0,m4_cross_resid
XLU,F1,5,0.27820026874542236,0.7063511152878187,0.3938554958351887,-3.7584426112257674,0.2575837676986356,-0.76493136397951,-0.02000923738688638,1.0,m4_cross_resid
XLV,F1,5,0.23891675472259521,0.7063511152878187,0.33824078358713033,-6.370059455761045,0.1795221401026014,-1.3183441051594453,0.30124123975983635,1.0,m4_cross_resid
XLY,F1,5,0.2488989233970642,0.7063511152878187,0.3523728044170281,-2.768963854193509,0.37956600185280337,-0.5134768080416041,0.1291319778319353,1.0,m4_cross_resid
^GDAXI,F1,5,0.246426522731781,0.7063511152878187,0.34887256124932847,6.088638078366613,-0.25963543516198423,1.0536988081094292,0.14446636048512634,1.0,m4_cross_resid
DBC,F2,5,0.2701740264892578,0.7490735040623309,0.360677590415448,3.8114381840984333,1.7069191439911677,1.202947485708546,0.1782351082423564,1.0,m4_cross_resid
DIA,F2,5,0.25551795959472656,0.7490735040623309,0.34111199796684405,-0.7845667879664173,0.8316994129431419,-0.5552707320058049,-0.335142327100925,1.0,m4_cross_resid
EFA,F2,5,0.2342815399169922,0.7490735040623309,0.3127617498769486,8.70993351091899,5.509992547049371,4.054729362278224,-0.48287677647635996,1.0,m4_cross_resid
EWA,F2,5,0.26053810119628906,0.7490735040623309,0.34781379902420034,8.2685704104535,4.438437469471104,3.3690062951563498,-0.27113085093600925,1.0,m4_cross_resid
EWC,F2,5,0.26599597930908203,0.7490735040623309,0.3550999706524773,8.015368723358876,4.76379594746353,4.5598266442528566,-0.051143811275789285,1.0,m4_cross_resid
EWG,F2,5,0.2608375549316406,0.7490735040623309,0.34821356451280405,9.009241757473047,6.348987608770926,3.229736998237456,0.006715443923418207,1.0,m4_cross_resid
EWJ,F2,5,0.28553104400634766,0.7490735040623309,0.3811789396606243,8.81432917304799,6.061882510023883,3.957137442856463,0.08313819758993456,1.0,m4_cross_resid
EWU,F2,5,0.2496166229248047,0.7490735040623309,0.333233816936654,11.05424433433464,-35.56996275335214,4.749730767255527,-0.033584568501543434,1.0,m4_cross_resid
FXI,F2,5,0.27146434783935547,0.7490735040623309,0.3624001468042404,4.869762298520401,1.9498275956806876,2.3271082237259275,-0.08136809019598343,1.0,m4_cross_resid
GLD,F2,5,0.2944669723510742,0.7490735040623309,0.3931082473937984,17.651053142051616,-1.49894750284435,2.5210969548843414,-0.03173762668300763,1.0,m4_cross_resid
IWM,F2,5,0.26226282119750977,0.7490735040623309,0.35011626999916784,2.671882453329057,1.3681807293070292,1.2190342951387099,-0.312599304301474,1.0,m4_cross_resid
IYR,F2,5,0.2625007629394531,0.7490735040623309,0.35043391805460294,7.879668895145695,8.5459107748966,1.261986029039529,-0.3385476825934617,1.0,m4_cross_resid
LQD,F2,5,0.30883312225341797,0.7490735040623309,0.41228680573878607,11.42415553064032,-6.118086580783709,1.5284160874215778,0.6037333623089188,1.0,m4_cross_resid
MDY,F2,5,0.23855304718017578,0.7490735040623309,0.31846413721279565,6.6719785613096505,2.674964635184594,2.734199148920176,-0.0713384341849501,1.0,m4_cross_resid
SPY,F2,5,0.2430553436279297,0.7490735040623309,0.3244746240653373,3.740994895612368,1.44427289875307,1.3159269368297541,-0.2795438276912046,1.0,m4_cross_resid
TIP,F2,5,0.2870616912841797,0.7490735040623309,0.38322232695109865,19.491703745761512,-1.5808504987255754,6.095702061495501,0.2885288617099991,1.0,m4_cross_resid
TLT,F2,5,0.3014717102050781,0.7490735040623309,0.40245944966702824,12.372533805173092,-12.623651731744902,2.1420363522569184,0.5176834338080375,1.0,m4_cross_resid
USO,F2,5,0.2733268737792969,0.7490735040623309,0.3648865862922755,5.652188741264321,2.3336792628361622,1.8021049810231455,-0.2517907409347416,1.0,m4_cross_resid
XLB,F2,5,0.24956512451171875,0.7490735040623309,0.3331650674577221,5.682678096211892,2.8064578298898293,2.5789950111889612,-0.2916811181556386,1.0,m4_cross_resid
XLI,F2,5,0.2738380432128906,0.7490735040623309,0.365568988527599,3.73968425197428,1.4831951884979027,1.216010379084889,0.10220040226623438,1.0,m4_cross_resid
XLK,F2,5,0.2661628723144531,0.7490735040623309,0.3553227698897564,3.671995525050175,1.5910367407968027,1.4572707017498892,-0.01434060242721696,1.0,m4_cross_resid
XLP,F2,5,0.2777242660522461,0.7490735040623309,0.37075702790995596,6.588009122238908,3.3454263548120133,2.0494773124972014,-0.24974603416728117,1.0,m4_cross_resid
XLU,F2,5,0.2832164764404297,0.7490735040623309,0.37808903252418746,10.18991444920531,-15.085964315416671,2.6672454756591537,-0.10797093920182727,1.0,m4_cross_resid
XLV,F2,5,0.27800750732421875,0.7490735040623309,0.3711351500440811,8.179272634074295,6.812341667161177,2.8034536840384385,-0.34652461453507255,1.0,m4_cross_resid
XLY,F2,5,0.26355648040771484,0.7490735040623309,0.3518432823727058,4.1323195921258336,1.6228082422592112,1.4573119347344345,-0.19848801855021464,1.0,m4_cross_resid
^GDAXI,F2,5,0.24145889282226562,0.7490735040623309,0.32234339021845004,5.744245822419762,2.324449939534616,2.1608139462396383,0.13411538415483687,1.0,m4_cross_resid
DBC,F3,5,0.272491455078125,0.6497436082346731,0.419383048366529,13.992338559082981,-0.6273526409774483,1.9932972761218404,0.6270348977778313,1.0,m4_cross_resid
DIA,F3,5,0.2753739356994629,0.6497436082346731,0.42381938384533346,7.4275436093986125,-1.379936676503791,1.7894919629941548,0.48617934637271537,1.0,m4_cross_resid
EFA,F3,5,0.2745022773742676,0.6497436082346731,0.4224778418676238,9.56080495342356,-0.8374435062592519,2.806944574625521,0.4928360818574836,1.0,m4_cross_resid
EWA,F3,5,0.2568790912628174,0.6497436082346731,0.3953545490978317,7.157341520192244,-1.2813608009122979,1.9983387084149247,0.4039329618191715,1.0,m4_cross_resid
EWC,F3,5,0.24452948570251465,0.6497436082346731,0.37634765868169334,12.14930954068139,-0.5205397753829275,2.42774151961142,0.5653814935707882,1.0,m4_cross_resid
EWG,F3,5,0.28231048583984375,0.6497436082346731,0.4344952105136822,13.40356978457085,-0.5357262914380396,5.278550086625761,0.5221455803144769,1.0,m4_cross_resid
EWJ,F3,5,0.28057289123535156,0.6497436082346731,0.4318209331795609,10.246772599311337,-0.8682338911333658,3.6932986326785877,0.08334502961158188,1.0,m4_cross_resid
EWU,F3,5,0.2741532325744629,0.6497436082346731,0.4219406379684535,14.743186307683176,-0.4259763550742959,2.7638493165656333,0.5958241015932534,1.0,m4_cross_resid
FXI,F3,5,0.28477001190185547,0.6497436082346731,0.43828058990155205,11.213184667272175,-0.8180036878289119,2.799409782107564,0.03679214031927705,1.0,m4_cross_resid
GLD,F3,5,0.3116304874420166,0.6497436082346731,0.4796207049865468,15.244362265175724,-0.7625395862793128,1.9224776915992856,-0.49895553265011117,1.0,m4_cross_resid
IWM,F3,5,0.2375192642211914,0.6497436082346731,0.36555844676413446,10.081119554942653,-0.6754771995767201,1.4242917339107568,0.24933494071791887,1.0,m4_cross_resid
IYR,F3,5,0.2656269073486328,0.6497436082346731,0.40881803834951186,2.849707554527777,12.744256809874459,0.760777439126063,0.140887826795808,1.0,m4_cross_resid
LQD,F3,5,0.2906179428100586,0.6497436082346731,0.4472809568679801,5.665269418352564,-1.786274785840718,1.102166244923254,-0.04265361818854701,1.0,m4_cross_resid
MDY,F3,5,0.25664234161376953,0.6497436082346731,0.3949901751416321,14.565645075634306,-0.42957455159375757,2.232062344475951,0.37155376818380487,1.0,m4_cross_resid
SPY,F3,5,0.2632710933685303,0.6497436082346731,0.40519227897266596,8.346930721544185,-0.9024979698005223,1.808280411346865,0.5875367872287719,1.0,m4_cross_resid
TIP,F3,5,0.3197340965270996,0.6497436082346731,0.4920927154571079,16.166803397408103,-0.614765774390125,3.419063322962152,0.5555114607501603,1.0,m4_cross_resid
TLT,F3,5,0.3366670608520508,0.6497436082346731,0.5181537095328439,5.311330336090548,9.205710090031802,1.0536430485179085,0.4312464223724958,1.0,m4_cross_resid
USO,F3,5,0.28755640983581543,0.6497436082346731,0.44256904753106296,9.682376461237915,-0.9491712230119698,1.3653492889398762,0.6284048241036361,1.0,m4_cross_resid
XLB,F3,5,0.2614169120788574,0.6497436082346731,0.40233856672960044,15.067823005784899,-0.4190394431412538,3.5076209528344062,0.7378247103564125,1.0,m4_cross_resid
XLI,F3,5,0.25597190856933594,0.6497436082346731,0.3939583326795644,9.47392995597593,-0.8090300155818868,2.749399840203031,0.6326643845701835,1.0,m4_cross_resid
XLK,F3,5,0.24254846572875977,0.6497436082346731,0.3732987329998583,1.4895556043110405,1.8465139802679704,0.4092616336555733,0.5236833077418852,1.0,m4_cross_resid
XLP,F3,5,0.2553894519805908,0.6497436082346731,0.39306189201995156,4.362565485222471,-2.575612924589786,1.0762508435059015,0.08328891515981807,1.0,m4_cross_resid
XLU,F3,5,0.29134559631347656,0.6497436082346731,0.4484008655430265,2.277908858601962,2.394950393600971,0.6078671972483529,0.32524183233218085,1.0,m4_cross_resid
XLV,F3,5,0.27207517623901367,0.6497436082346731,0.4187423666671086,1.6394015103150918,3.781024375801987,0.5696806830597549,0.21996150132993586,1.0,m4_cross_resid
XLY,F3,5,0.2773303985595703,0.6497436082346731,0.4268305144440985,4.529934471735892,-72.45958088046892,0.8186330118674584,0.4425979416688244,1.0,m4_cross_resid
^GDAXI,F3,5,0.26282691955566406,0.6497436082346731,0.40450866499441845,7.108810882077825,-1.301767245019248,2.215411143803702,0.4241418273213184,1.0,m4_cross_resid
DBC,F4,5,0.2789837121963501,0.6509565154826547,0.4285750362134349,-5.522821979756864,0.900331861649357,-0.02467208184947446,-0.22940628476224129,1.0,m4_cross_resid
DIA,F4,5,0.2605782747268677,0.6509565154826547,0.4003005861822594,-3.599794045225133,1.0332485054207072,0.009103276755177737,0.10195266287809955,1.0,m4_cross_resid
EFA,F4,5,0.24364769458770752,0.6509565154826547,0.37429181334340567,-1.1534554038503106,-1.7718262925978985,0.3446132446220452,-0.009045075672987627,1.0,m4_cross_resid
EWA,F4,5,0.2488267421722412,0.6509565154826547,0.382247871023685,-1.2157593630180124,-1.9785637618365932,0.3330325142223478,0.13307188782372825,1.0,m4_cross_resid
EWC,F4,5,0.2515380382537842,0.6509565154826547,0.386412966567022,-4.725841965402969,1.3947068411245385,0.0647697295109606,0.07777556936589401,1.0,m4_cross_resid
EWG,F4,5,0.2636725902557373,0.6509565154826547,0.4050540765541552,-0.19993503434117654,-1.197369932390751,0.425589891125486,0.15105489672949476,1.0,m4_cross_resid
EWJ,F4,5,0.2762361764907837,0.6509565154826547,0.42435426932621934,-8.293597613688226,0.4108922081083158,-0.36147124730760716,0.01056074824501463,1.0,m4_cross_resid
EWU,F4,5,0.2334425449371338,0.6509565154826547,0.3586146530295449,-3.4429806793735027,2.4027638887231606,0.1494309370132584,-0.010884641542308404,1.0,m4_cross_resid
FXI,F4,5,0.26149988174438477,0.6509565154826547,0.4017163597333295,-1.7370912300245882,0.5992090599046866,-0.5078220267471883,0.11879146630035584,1.0,m4_cross_resid
GLD,F4,5,0.26158082485198975,0.6509565154826547,0.401840704609953,1.8257513753068486,2.2816451588469002,0.35112334375027837,0.10810779379974962,1.0,m4_cross_resid
IWM,F4,5,0.24422669410705566,0.6509565154826547,0.37518127293951836,-9.964672594863403,0.25598065469991127,-0.8733843213343107,0.08391973661920372,1.0,m4_cross_resid
IYR,F4,5,0.25446510314941406,0.6509565154826547,0.3909095263617413,-2.056732046421124,1.785091858593709,0.14863628117642524,0.11432300109658525,1.0,m4_cross_resid
LQD,F4,5,0.25019586086273193,0.6509565154826547,0.38435111241988734,4.178177371866993,-1.8759487280425848,1.1077564896416798,0.6078179810515004,1.0,m4_cross_resid
MDY,F4,5,0.23870325088500977,0.6509565154826547,0.3666961543629718,-7.250201029152253,0.36980323991136843,-0.5837220193956455,0.15524473185603352,1.0,m4_cross_resid
SPY,F4,5,0.2550227642059326,0.6509565154826547,0.39176620579155713,-7.7467310923679324,0.43274744117272995,-0.350558226241877,0.041724412538801665,1.0,m4_cross_resid
TIP,F4,5,0.2507297396659851,0.6509565154826547,0.3851712575302828,1.5524257010823268,2.834648106162954,0.5414487402702863,0.39478346766622036,1.0,m4_cross_resid
TLT,F4,5,0.2606658935546875,0.6509565154826547,0.40043518630643954,6.428848648411786,-0.7323170563547482,1.0551034626479028,0.24140098855187092,1.0,m4_cross_resid
USO,F4,5,0.23297858238220215,0.6509565154826547,0.35790191332436255,-3.4652548694183203,2.58972187457642,0.19089063122010708,-0.0950277050337334,1.0,m4_cross_resid
XLB,F4,5,0.257060706615448,0.6509565154826547,0.39489689480233436,-7.675803713081457,0.3752733133177388,-0.5245605588474839,0.008286214141115382,1.0,m4_cross_resid
XLI,F4,5,0.25636279582977295,0.6509565154826547,0.39382476360912005,-4.852936607339937,0.8149847382690542,-0.06525475944423088,-0.019175061658276454,1.0,m4_cross_resid
XLK,F4,5,0.28443431854248047,0.6509565154826547,0.4369482627139623,-2.9323768416823386,1.00513976570746,0.001728673139594601,-0.003925541485652979,1.0,m4_cross_resid
XLP,F4,5,0.23984003067016602,0.6509565154826547,0.36844247651832096,-2.9417846188250643,0.5784293207545748,-0.36152360295594616,0.20423553424759272,1.0,m4_cross_resid
XLU,F4,5,0.2653994560241699,0.6509565154826547,0.4077068893417378,-2.0793554911312553,1.0807844119819938,0.038365128284172566,-0.1439873613304883,1.0,m4_cross_resid
XLV,F4,5,0.24970364570617676,0.6509565154826547,0.3835949710420102,-2.7097360925227356,1.2483309459368817,0.061381546219643264,0.18201053841775014,1.0,m4_cross_resid
XLY,F4,5,0.2516885995864868,0.6509565154826547,0.386644259025307,-4.446217081797435,0.5729127551637291,-0.2400929698001081,0.28311856929652346,1.0,m4_cross_resid
^GDAXI,F4,5,0.2482905387878418,0.6509565154826547,0.3814241548895868,-1.7013511928136582,-3.5949403897892864,0.3237904679856612,0.019065009038750694,1.0,m4_cross_resid
DBC,F5,5,0.33369797468185425,0.6743619359946489,0.4948351276524335,6.82181624593936,3.5337476614444028,0.16998935079270117,0.24499168189854956,1.0,m4_cross_resid
DIA,F5,5,0.33603501319885254,0.6743619359946489,0.4983006828569266,3.3219224553588615,-3.6915370432340926,0.9778884906665348,0.3476316714346698,1.0,m4_cross_resid
EFA,F5,5,0.3099845349788666,0.6743619359946489,0.45967086579650357,6.840406280123478,-1.0563869174023681,1.2418611473644379,0.2691053571630243,1.0,m4_cross_resid
EWA,F5,5,0.3423459529876709,0.6743619359946489,0.5076590695806821,9.749670904106294,-0.4725156519603932,1.9173260217723156,0.10380577157588192,1.0,m4_cross_resid
EWC,F5,5,0.2846662998199463,0.6743619359946489,0.42212687968528095,9.446085283733439,-0.4719380808199378,2.5889476658543855,0.32289215629674184,1.0,m4_cross_resid
EWG,F5,5,0.3112931251525879,0.6743619359946489,0.46161135220873145,10.599067991122393,-0.3950948911640629,1.7339237950387199,0.31249442812782924,1.0,m4_cross_resid
EWJ,F5,5,0.29077327251434326,0.6743619359946489,0.4311828070270125,8.262270636036913,-0.4796846370209708,1.3675128560340435,0.028666599141041433,1.0,m4_cross_resid
EWU,F5,5,0.3268880844116211,0.6743619359946489,0.48473685563150615,7.47988140951013,-0.6357474943719165,2.4021987166950303,0.469068974329387,1.0,m4_cross_resid
FXI,F5,5,0.30521541833877563,0.6743619359946489,0.45259882275027685,14.498262020160084,-0.28700135526534654,2.9528407629464777,0.39401146312279733,1.0,m4_cross_resid
GLD,F5,5,0.3317272365093231,0.6743619359946489,0.49191275308272353,10.82980511090641,-0.46822938858887203,1.5438923027181013,0.18880667802021409,1.0,m4_cross_resid
IWM,F5,5,0.34397631883621216,0.6743619359946489,0.5100767117421373,9.964521303180284,-0.5504880475741482,1.6313760069195837,0.0732809596542117,1.0,m4_cross_resid
IYR,F5,5,0.3099279999732971,0.6743619359946489,0.459587030985326,8.863076390387931,-0.5890938098594359,2.4463694659628166,0.3793842574694838,1.0,m4_cross_resid
LQD,F5,5,0.3296881914138794,0.6743619359946489,0.4888890873231248,20.18527091376918,-0.21621088699651556,3.235902127540909,-0.044139739689318266,1.0,m4_cross_resid
MDY,F5,5,0.3347744345664978,0.6743619359946489,0.4964313919538221,9.221464856922054,-0.6770272500593222,1.4308549071767271,0.09757119430134915,1.0,m4_cross_resid
SPY,F5,5,0.3338932991027832,0.6743619359946489,0.49512477095894786,6.318499204117559,-1.0017412995408563,1.1870471718698095,0.04145577515796901,1.0,m4_cross_resid
TIP,F5,5,0.3443976640701294,0.6743619359946489,0.5107015175199068,16.02759647950243,-0.30813211797570206,4.929436982874931,-0.02354819050551768,1.0,m4_cross_resid
TLT,F5,5,0.3122382164001465,0.6743619359946489,0.46301281216237583,20.328532649353065,-0.20957075952651055,4.933644491254927,0.049227525036253904,1.0,m4_cross_resid
USO,F5,5,0.3020930290222168,0.6743619359946489,0.44796868402224577,3.585235401262068,14.865020329984548,0.4202404669452745,0.13905755088901706,1.0,m4_cross_resid
XLB,F5,5,0.3132607340812683,0.6743619359946489,0.4645290864752397,9.826448134434084,-0.5376903380275675,1.532544968373148,0.45272421237080135,1.0,m4_cross_resid
XLI,F5,5,0.30069994926452637,0.6743619359946489,0.4459029094235717,3.336565255590517,4.228687126947793,0.277102778207612,0.23109520462580932,1.0,m4_cross_resid
XLK,F5,5,0.33417630195617676,0.6743619359946489,0.4955444311418379,5.07658732129858,-1.9311367612022738,0.9587336175067328,-0.10601476411137464,1.0,m4_cross_resid
XLP,F5,5,0.32467037439346313,0.6743619359946489,0.4814482506557716,5.6062963640150745,-0.8430662241240606,1.7785703652727107,0.4834197075629333,1.0,m4_cross_resid
XLU,F5,5,0.3152722120285034,0.6743619359946489,0.4675118733732995,2.674589367323345,28.96066222084858,0.5795117871425512,-0.010058617888768296,1.0,m4_cross_resid
XLV,F5,5,0.32723546028137207,0.6743619359946489,0.4852519734802599,8.453249571747076,-0.5727630524548569,2.494178590851261,0.47661742778107435,1.0,m4_cross_resid
XLY,F5,5,0.3292105197906494,0.6743619359946489,0.48818075608772454,3.7056523465926934,-7.7338621171514585,0.6732130393711486,0.007487532373961347,1.0,m4_cross_resid
^GDAXI,F5,5,0.2963836193084717,0.6743619359946489,0.43950229615395064,6.698318396986357,-1.0482052793950807,0.9184750842367325,0.09902357250138062,1.0,m4_cross_resid
DBC,F1,6,0.26719021797180176,0.6868339170229627,0.38901721558818836,32.75439330489224,-0.3413948370116246,3.785647617695372,-0.1558370200782491,1.0,m4_cross_resid
DIA,F1,6,0.27392148971557617,0.6868339170229627,0.3988176514387513,5.924567116609878,32.09433617110618,2.082403686224732,-0.351454361966498,1.0,m4_cross_resid
EFA,F1,6,0.26264500617980957,0.6868339170229627,0.38239958696015974,14.497023526467279,-1.205688372107701,3.6016915566349414,0.028611145113728434,1.0,m4_cross_resid
EWA,F1,6,0.2611207962036133,0.6868339170229627,0.3801804042168222,19.229087167677523,-0.6643992123146728,2.943993466823007,-0.3582430674670214,1.0,m4_cross_resid
EWC,F1,6,0.2824740409851074,0.6868339170229627,0.41126979024197424,15.222760291552603,-0.9208320199492531,2.0043348796208296,-0.41501389322519205,1.0,m4_cross_resid
EWG,F1,6,0.2725234031677246,0.6868339170229627,0.39678209886454024,15.719900071000701,-0.7854721101558301,5.533721439440517,0.10029872623416503,1.0,m4_cross_resid
EWJ,F1,6,0.23469781875610352,0.6868339170229627,0.3417097102213386,6.5982981730655865,7.251596105412923,1.826678591402623,-0.08732468685566429,1.0,m4_cross_resid
EWU,F1,6,0.26190876960754395,0.6868339170229627,0.38132765886514547,13.66593361924674,-1.295587983157155,3.104973296858357,-0.3060250106273443,1.0,m4_cross_resid
FXI,F1,6,0.26426219940185547,0.6868339170229627,0.38475414922326917,2.556614236583315,1.5381629245970159,0.8344742008861908,0.06745995947595015,1.0,m4_cross_resid
GLD,F1,6,0.2815816402435303,0.6868339170229627,0.409970493979138,21.33839525420193,-0.6742018502577694,4.076227168618188,0.1807960543349986,1.0,m4_cross_resid
IWM,F1,6,0.27797961235046387,0.6868339170229627,0.4047260996593595,8.08579054802501,-2.7558703185272706,2.3205674291247207,0.2191571618613176,1.0,m4_cross_resid
IYR,F1,6,0.22534465789794922,0.6868339170229627,0.32809191904018237,-3.0348146780963825,0.7168812780329991,-0.9056934028367225,-0.23136760204898216,1.0,m4_cross_resid
LQD,F1,6,0.28376269340515137,0.6868339170229627,0.413146011535223,8.130713524335556,6.6261481834576035,1.485303198546949,-0.19202494802173048,1.0,m4_cross_resid
MDY,F1,6,0.2743096351623535,0.6868339170229627,0.3993827741520555,14.521717991187463,-1.0345926691133662,3.7604217080362106,-0.30476890346059704,1.0,m4_cross_resid
SPY,F1,6,0.2795884609222412,0.6868339170229627,0.4070685124783868,7.300897515908911,9.647600021419587,1.8815956731619492,-0.48463970221342145,1.0,m4_cross_resid
TIP,F1,6,0.2748439311981201,0.6868339170229627,0.4001606857002831,11.43110908304411,-2.5941231757562457,2.080450222972239,0.4360165378492609,1.0,m4_cross_resid
TLT,F1,6,0.3048567771911621,0.6868339170229627,0.4438580705398827,-2.37948676335232,0.8073131703302355,-0.631775034018543,-0.05580346702654357,1.0,m4_cross_resid
USO,F1,6,0.3188462257385254,0.6868339170229627,0.4642260928530492,25.93648506020117,-0.5404176982959754,2.3408714508334514,0.41182552713847087,1.0,m4_cross_resid
XLB,F1,6,0.27747654914855957,0.6868339170229627,0.40399366174469625,10.062464344155888,-5.3005444207344015,2.769266043298739,-0.5657903195849009,1.0,m4_cross_resid
XLI,F1,6,0.29692792892456055,0.6868339170229627,0.43231401590005264,15.194740584230534,-0.9831848791584923,3.5594085412996734,-0.3395509539278578,1.0,m4_cross_resid
XLK,F1,6,0.28913283348083496,0.6868339170229627,0.42096469949250986,5.943826121844013,9.370924525849295,1.7058790939155748,-0.49711574758690025,1.0,m4_cross_resid
XLP,F1,6,0.23591899871826172,0.6868339170229627,0.3434876945810093,1.9098552537223035,1.3572167086749019,0.614237430050761,0.13367383186407422,1.0,m4_cross_resid
XLU,F1,6,0.2928924560546875,0.6868339170229627,0.426438544741953,3.418614520106225,1.586693383078244,0.8098017347894616,-0.3188379168242714,1.0,m4_cross_resid
XLV,F1,6,0.27840614318847656,0.6868339170229627,0.4053471098154413,0.38138489868651293,1.0930181051061116,0.19255791257150692,0.14191476823500887,1.0,m4_cross_resid
XLY,F1,6,0.26178908348083496,0.6868339170229627,0.3811534011243109,1.755994791158812,1.7409125212733507,0.5867293157693009,-0.41907782485613293,1.0,m4_cross_resid
^GDAXI,F1,6,0.25862598419189453,0.6868339170229627,0.3765480675632505,8.58791251915924,-2.685707811995076,2.9524987167981207,0.024834346791282148,1.0,m4_cross_resid
DBC,F2,6,0.28917551040649414,0.6315276352461797,0.4578984263986624,5.604835933221647,-2.228954647773047,1.1817554559105528,-0.07293265044834611,1.0,m4_cross_resid
DIA,F2,6,0.2665114402770996,0.6315276352461797,0.4220107330270814,-4.109435816121117,0.45063321291066366,-1.0903730721657647,0.28828934966096575,1.0,m4_cross_resid
EFA,F2,6,0.2680239677429199,0.6315276352461797,0.4244057627635564,-0.45672888902887543,0.9518474180699388,-0.04675909108241312,0.4921060015341265,1.0,m4_cross_resid
EWA,F2,6,0.2836880683898926,0.6315276352461797,0.4492092705955874,0.26182992491872525,1.152582277540666,0.22453738482163615,0.30291685802066826,1.0,m4_cross_resid
EWC,F2,6,0.2547588348388672,0.6315276352461797,0.4034009291447049,-0.15011005042648673,0.7985292750287055,-0.31166535055652866,0.38889239994341784,1.0,m4_cross_resid
EWG,F2,6,0.26537036895751953,0.6315276352461797,0.42020388997557306,-0.3963851099950322,1.040589035989752,0.029136597333589677,0.27263235948790426,1.0,m4_cross_resid
EWJ,F2,6,0.252643346786499,0.6315276352461797,0.4000511342437367,-0.6133022942223789,0.9128624147864424,-0.09751312035801,-0.20866351540608985,1.0,m4_cross_resid
EWU,F2,6,0.2487320899963379,0.6315276352461797,0.3938578078208376,0.9502849119605088,1.3911249813523725,0.6028414731693822,0.0777788832295007,1.0,m4_cross_resid
FXI,F2,6,0.2257382869720459,0.6315276352461797,0.35744799494649104,-2.436504572348559,0.5707029585522939,-0.7265201171534841,0.3890821020390254,1.0,m4_cross_resid
GLD,F2,6,0.2809300422668457,0.6315276352461797,0.4448420410887239,7.038753847461512,-1.4144968775909808,1.4317122333665684,0.08383232289383002,1.0,m4_cross_resid
IWM,F2,6,0.26961207389831543,0.6315276352461797,0.426920468481504,-5.162635780745724,0.4039616528074881,-1.8426234275717037,0.3201511499822512,1.0,m4_cross_resid
IYR,F2,6,0.25567054748535156,0.6315276352461797,0.4048445914574855,2.4402715325212103,-4.855187851808317,0.7894321580570067,-0.01955382447922747,1.0,m4_cross_resid
LQD,F2,6,0.29425573348999023,0.6315276352461797,0.4659427665034557,-0.7542897144075127,0.9178771460176299,-0.03744977086449838,0.29000579382041514,1.0,m4_cross_resid
MDY,F2,6,0.25630664825439453,0.6315276352461797,0.40585183284098414,-2.61870274394503,0.5729023024288095,-1.1562046866420217,0.2680022531266289,1.0,m4_cross_resid
SPY,F2,6,0.25179386138916016,0.6315276352461797,0.3987060064141244,-2.188258893542762,0.5701976378391537,-0.7968700620015824,0.20491586470077253,1.0,m4_cross_resid
TIP,F2,6,0.29152584075927734,0.6315276352461797,0.4616200851537334,8.11114632155842,-0.5582696991463049,1.3642404447059542,-0.1893260639386888,1.0,m4_cross_resid
TLT,F2,6,0.284365177154541,0.6315276352461797,0.4502814465810207,4.517585857980378,-0.89329915332446,1.0083926408296608,-0.19205469918012985,1.0,m4_cross_resid
USO,F2,6,0.25453615188598633,0.6315276352461797,0.4030483191551293,3.558238099120807,-1.9281790740581068,1.429819039318579,-0.18987630232745067,1.0,m4_cross_resid
XLB,F2,6,0.2553231716156006,0.6315276352461797,0.4042945349748178,-2.7990323377059365,0.4725510503029509,-1.0121253080000387,0.5216809653644359,1.0,m4_cross_resid
XLI,F2,6,0.25966453552246094,0.6315276352461797,0.4111689196645203,-3.287821633511431,0.5105419209399955,-1.1932359976222826,0.3589450879620734,1.0,m4_cross_resid
XLK,F2,6,0.2700982093811035,0.6315276352461797,0.42769024553583446,-2.196852471407319,0.5812774252017902,-0.8762590062072785,0.31790244510879473,1.0,m4_cross_resid
XLP,F2,6,0.2321556806564331,0.6315276352461797,0.3676096938591374,3.6730831408734597,-5.953789921643601,1.2304362178677748,0.0846073349783941,1.0,m4_cross_resid
XLU,F2,6,0.28246641159057617,0.6315276352461797,0.44727482350074227,0.21468083141939864,1.2321497741816239,0.14311426735366756,-0.05665017260005471,1.0,m4_cross_resid
XLV,F2,6,0.23989486694335938,0.6315276352461797,0.37986440110391123,-0.32353424299527056,1.0971124145839288,0.1251728611478218,0.03787433785486091,1.0,m4_cross_resid
XLY,F2,6,0.25791311264038086,0.6315276352461797,0.4083956081191002,-0.3408597478016002,0.8325256129638037,-0.2847903062642639,0.3188494804189125,1.0,m4_cross_resid
^GDAXI,F2,6,0.2547980546951294,0.6315276352461797,0.40346303229597386,-0.6259662290995434,0.8090312010470367,-0.24182676909228085,0.6057799736219337,1.0,m4_cross_resid
DBC,F5,6,0.30625778436660767,0.6703467523366956,0.456864724560914,4.965218983773506,-4.758836827814142,1.1556634471671265,-0.03424031911872902,1.0,m4_cross_resid
DIA,F5,6,0.29625046253204346,0.6703467523366956,0.4419361494620108,3.2707818656984213,-3.3999326909515304,0.765866608692605,-0.06601037715537438,1.0,m4_cross_resid
EFA,F5,6,0.30536872148513794,0.6703467523366956,0.45553845143678734,11.723608117570407,-0.3346328507211096,2.0657129104246947,-0.19152614787578107,1.0,m4_cross_resid
EWA,F5,6,0.34597650170326233,0.6703467523366956,0.5161157274160828,4.859930387129586,-1.3494033572060624,1.5126982046395312,0.3020582437332367,1.0,m4_cross_resid
EWC,F5,6,0.3040490746498108,0.6703467523366956,0.4535698481270419,7.918776107671286,-0.46238987496472744,2.0842034940398535,0.13557793642537058,1.0,m4_cross_resid
EWG,F5,6,0.3117479085922241,0.6703467523366956,0.46505470117597025,9.435332851520776,-0.387009110058659,1.905312191520056,0.009688060410379047,1.0,m4_cross_resid
EWJ,F5,6,0.27731257677078247,0.6703467523366956,0.41368526930894484,9.353576342093103,-0.470742904663092,1.549001421895833,-0.0017882458847812608,1.0,m4_cross_resid
EWU,F5,6,0.3186171054840088,0.6703467523366956,0.4753019304910076,12.18069518673107,-0.3214327242786566,4.766592144592734,-0.02797988526309961,1.0,m4_cross_resid
FXI,F5,6,0.33839982748031616,0.6703467523366956,0.5048131079933208,11.91611008133701,-0.3704480372434356,4.189645202797262,0.46700682677116606,1.0,m4_cross_resid
GLD,F5,6,0.32079797983169556,0.6703467523366956,0.47855528308812945,10.747714046440187,-0.3196171165921834,2.9344327874514433,-0.3947120509982152,1.0,m4_cross_resid
IWM,F5,6,0.2677645683288574,0.6703467523366956,0.39944188197449054,9.074215002987401,-0.3786337742903979,1.8895737385586708,0.061386985086224456,1.0,m4_cross_resid
IYR,F5,6,0.3103550374507904,0.6703467523366956,0.46297686438989133,5.615336988318735,-0.654707557094787,1.8156668964535734,0.02749739447303464,1.0,m4_cross_resid
LQD,F5,6,0.358090341091156,0.6703467523366956,0.5341867322291399,14.158651518874642,-0.2890624622159865,1.891317519565821,-0.25872613161413666,1.0,m4_cross_resid
MDY,F5,6,0.3393455147743225,0.6703467523366956,0.5062238514491664,8.96986041111217,-0.4867749451289766,1.4686660601149724,-0.17736671067158083,1.0,m4_cross_resid
SPY,F5,6,0.3642945885658264,0.6703467523366956,0.5434420131013805,11.21667662568209,-0.32641333649608517,1.8204296632426697,-0.19499472152807965,1.0,m4_cross_resid
TIP,F5,6,0.3526065945625305,0.6703467523366956,0.5260062696409193,8.254216736130282,-0.3310283213800633,3.3888501091171173,-0.4395264215521308,1.0,m4_cross_resid
TLT,F5,6,0.3758414387702942,0.6703467523366956,0.5606672031455148,12.11574600828082,-0.2592484100154187,3.9347520397638864,-0.3731530279570874,1.0,m4_cross_resid
USO,F5,6,0.2970069646835327,0.6703467523366956,0.4430646730937764,7.681099804285054,-1.265956843615938,1.1455217752363522,0.11174593885254937,1.0,m4_cross_resid
XLB,F5,6,0.2814825773239136,0.6703467523366956,0.4199059312851464,5.316683477793547,-0.7284963506049146,1.738137576583791,0.19166901210360604,1.0,m4_cross_resid
XLI,F5,6,0.32194411754608154,0.6703467523366956,0.4802650515182602,1.2242593642853306,0.9239214461194191,-0.048515681985588074,-0.04089673596090143,1.0,m4_cross_resid
XLK,F5,6,0.37030303478240967,0.6703467523366956,0.5524052044581508,7.992374957904202,-0.46300469232760555,1.3231231941264308,-0.32807786419251656,1.0,m4_cross_resid
XLP,F5,6,0.33655768632888794,0.6703467523366956,0.5020650658121557,8.121386704107554,-0.7034304631702505,2.580636621392094,-0.27229447016893427,1.0,m4_cross_resid
XLU,F5,6,0.31205451488494873,0.6703467523366956,0.46551208579319386,0.18024986494467043,1.1145983221490743,0.06801707054918023,0.4027379868503685,1.0,m4_cross_resid
XLV,F5,6,0.30047672986984253,0.6703467523366956,0.44824074827309945,4.957896675214846,-1.2805339883112348,1.4410817565462632,0.40848163425145295,1.0,m4_cross_resid
XLY,F5,6,0.29269224405288696,0.6703467523366956,0.43662812273292884,4.016695467768325,-1.4090150297012989,0.6910102342242169,-0.29380774998444326,1.0,m4_cross_resid
^GDAXI,F5,6,0.3126378655433655,0.6703467523366956,0.4663823080421767,9.011119021456373,-0.44243567180169,2.261083880273179,0.10779631592767674,1.0,m4_cross_resid
DBC,F3,6,0.24795955419540405,0.7481731630458753,0.33142000601296634,3.5895848633060217,-0.2444999103000052,0.892347071701279,-0.009316248714960871,1.0,m4_cross_resid
DIA,F3,6,0.18971684575080872,0.7481731630458753,0.25357344411881283,2.504920973318388,-0.29374588354376685,0.7698263035700647,0.18542738657532706,1.0,m4_cross_resid
EFA,F3,6,0.22410687804222107,0.7481731630458753,0.2995387820780196,7.895518929908801,-0.14469629744567594,2.4611012253238442,0.19006567375130423,1.0,m4_cross_resid
EWA,F3,6,0.23300909996032715,0.7481731630458753,0.31143739373346097,1.4370425216951763,-0.7060378155693968,0.5725519614701575,0.3544355818816833,1.0,m4_cross_resid
EWC,F3,6,0.20538970828056335,0.7481731630458753,0.27452161935935354,6.350944859224204,-0.14462811733940983,1.5865923103550499,0.21773187039977643,1.0,m4_cross_resid
EWG,F3,6,0.23750662803649902,0.7481731630458753,0.3174487401681046,8.454251385423746,-0.119293073479318,2.5026373837830977,0.4720613656172943,1.0,m4_cross_resid
EWJ,F3,6,0.21882814168930054,0.7481731630458753,0.29248328127466233,9.761924577195426,-0.1075217682494599,2.105733399150755,0.024500682237275462,1.0,m4_cross_resid
EWU,F3,6,0.21085941791534424,0.7481731630458753,0.2818323729454796,5.803727072420751,-0.17097982196926706,1.4447670382302134,0.0340261995891879,1.0,m4_cross_resid
FXI,F3,6,0.2344914674758911,0.7481731630458753,0.3134187098094468,4.441492591225652,-0.254960351056535,1.3680328730412197,0.25138076211015287,1.0,m4_cross_resid
GLD,F3,6,0.22987401485443115,0.7481731630458753,0.3072470735499184,4.862505702574671,-0.5018669220236558,0.48350057037960414,-0.23126634684057404,1.0,m4_cross_resid
IWM,F3,6,0.2208491861820221,0.7481731630458753,0.29518458705859835,5.989011763604336,-0.3807717203778694,0.6661347966743948,0.47984768381338333,1.0,m4_cross_resid
IYR,F3,6,0.20742779970169067,0.7481731630458753,0.2772457098798289,-0.7795874661148043,1.8218200745085744,0.108659093289156,0.27120197712140787,1.0,m4_cross_resid
LQD,F3,6,0.218317449092865,0.7481731630458753,0.29180069518141555,0.727073859339549,-0.36489857727006725,0.3816963200374132,-0.20344470310436766,1.0,m4_cross_resid
MDY,F3,6,0.20064356923103333,0.7481731630458753,0.2681779822390269,3.7629065132286317,-0.37500832413562063,0.8681542045419204,0.4695908140483536,1.0,m4_cross_resid
SPY,F3,6,0.21039682626724243,0.7481731630458753,0.28121407804939086,0.42121289022897157,-0.7946311432433334,0.3475353288449209,0.2708306242523076,1.0,m4_cross_resid
TIP,F3,6,0.24528050422668457,0.7481731630458753,0.3278392173653051,6.559220398250792,-0.23648894291467612,1.1931390999264377,0.36579032789493965,1.0,m4_cross_resid
TLT,F3,6,0.2223057746887207,0.7481731630458753,0.2971314471955869,3.4097500351341172,-0.3585830658198412,0.8776770439742569,0.42103745766905076,1.0,m4_cross_resid
USO,F3,6,0.23779553174972534,0.7481731630458753,0.31783488568560775,6.404657031227916,-0.14607898990328752,1.0533561716379245,0.29269055478267453,1.0,m4_cross_resid
XLB,F3,6,0.21314898133277893,0.7481731630458753,0.28489257816336483,8.245558533682019,-0.14539627570285885,1.1713226819208937,0.4354390742762937,1.0,m4_cross_resid
XLI,F3,6,0.23000556230545044,0.7481731630458753,0.3074228984224436,6.177545477513488,-0.15441591335109597,1.5517683749799265,0.37009159714489454,1.0,m4_cross_resid
XLK,F3,6,0.22745421528816223,0.7481731630458753,0.30401279613154947,1.1920062761946417,3.4882599341290677,0.1464390748284241,0.48648311273278244,1.0,m4_cross_resid
XLP,F3,6,0.20991873741149902,0.7481731630458753,0.2805750697564483,-3.7295544119939468,0.4961911753504214,-0.1284858590060247,-0.25489628907129924,1.0,m4_cross_resid
XLU,F3,6,0.20495927333831787,0.7481731630458753,0.2739463047617367,-3.3892538664619885,0.19613054030841848,-1.7159257862976287,-0.008054665682161493,1.0,m4_cross_resid
XLV,F3,6,0.1918182373046875,0.7481731630458753,0.2563821408987452,-5.901783249454294,0.13599133129080368,-0.8255118351227514,0.08480661576036388,1.0,m4_cross_resid
XLY,F3,6,0.207608163356781,0.7481731630458753,0.2774867819524438,2.10064966480181,-0.5207834361104987,0.5136570569476208,0.40366341727499044,1.0,m4_cross_resid
^GDAXI,F3,6,0.2213028073310852,0.7481731630458753,0.2957908920845851,5.497930393993798,-0.17323084967365318,1.713810922235082,0.2794386679833015,1.0,m4_cross_resid
DBC,F4,6,0.2081567645072937,0.7605192601545256,0.2737034752610992,-5.111842459992861,0.9089096778753942,-0.008297605726204933,-0.09135724506840616,1.0,m4_cross_resid
DIA,F4,6,0.23160505294799805,0.7605192601545256,0.3045354208398871,-8.607121814474796,0.11257023752981615,-2.0723166147131407,0.024455140348289,1.0,m4_cross_resid
EFA,F4,6,0.19594484567642212,0.7605192601545256,0.25764613198173203,-2.4790182455011576,0.5337368486907726,-0.1321815919602864,0.039555348549320045,1.0,m4_cross_resid
EWA,F4,6,0.22300279140472412,0.7605192601545256,0.29322438377091653,-3.0856899421551707,-0.4812942241921912,0.22330360066876798,-0.022473962069449627,1.0,m4_cross_resid
EWC,F4,6,0.21179163455963135,0.7605192601545256,0.2784829335112415,-4.400335896116651,-0.3930833519606843,0.2231513058203899,-0.17837294588376257,1.0,m4_cross_resid
EWG,F4,6,0.2152063250541687,0.7605192601545256,0.2829728796223282,-1.9431258285648232,2.8141005382494924,0.07778599537388618,0.1287968768910953,1.0,m4_cross_resid
EWJ,F4,6,0.21595120429992676,0.7605192601545256,0.28395231470672927,-6.8475567574412795,0.13441017691416887,-2.137742955717146,-0.11745811584441973,1.0,m4_cross_resid
EWU,F4,6,0.22896361351013184,0.7605192601545256,0.3010622156546173,-4.179431602217706,0.2215237044092686,-0.7858252640091257,0.048594344556401096,1.0,m4_cross_resid
FXI,F4,6,0.223674476146698,0.7605192601545256,0.2941075760543537,-5.633105519846579,0.1702469778334678,-1.0532617688854644,0.060976168493172354,1.0,m4_cross_resid
GLD,F4,6,0.23271048069000244,0.7605192601545256,0.30598893793001286,-3.949223128040382,0.3391160033450714,-0.3884655273586802,0.010926295899389931,1.0,m4_cross_resid
IWM,F4,6,0.21756452322006226,0.7605192601545256,0.28607365338237,-6.7561846023000935,0.202899806093303,-0.5444095342719464,-0.07743020173391188,1.0,m4_cross_resid
IYR,F4,6,0.2300899624824524,0.7605192601545256,0.30254324188410653,-4.30707977881523,0.2647678263821967,-0.5754953056637055,0.22913453033524878,1.0,m4_cross_resid
LQD,F4,6,0.20830219984054565,0.7605192601545256,0.2738947068851641,4.9765890658585406,-0.3235768965446831,0.8799391114021221,0.4127426094701055,1.0,m4_cross_resid
MDY,F4,6,0.21358275413513184,0.7605192601545256,0.2808380606846632,-7.252274291339811,0.13238946104389795,-1.0937754648068687,-0.10016018159410553,1.0,m4_cross_resid
SPY,F4,6,0.22254836559295654,0.7605192601545256,0.29262686331933024,-7.813712302127415,0.2182065575258753,-0.3613227997215298,-0.029084790964935877,1.0,m4_cross_resid
TIP,F4,6,0.23835283517837524,0.7605192601545256,0.31340801958118153,1.7271928713357034,-0.6122363540509259,0.8009091492776673,0.14798811135368112,1.0,m4_cross_resid
TLT,F4,6,0.21983222663402557,0.7605192601545256,0.2890554363992821,6.9067886461367625,-0.15672308745448682,1.2813652826084394,0.17261664052562778,1.0,m4_cross_resid
USO,F4,6,0.19940215349197388,0.7605192601545256,0.26219211522855906,-4.113259772007844,0.8197978063086768,-0.020615852471878537,-0.24087279857083765,1.0,m4_cross_resid
XLB,F4,6,0.20576465129852295,0.7605192601545256,0.27055810691331444,-5.043424025271435,0.2773905197479606,-0.33687574217909205,-0.21863602779533797,1.0,m4_cross_resid
XLI,F4,6,0.2166747748851776,0.7605192601545256,0.2849037312232601,-5.328765836692671,1.5734749038735534,0.03276149597539271,-0.24078164098551388,1.0,m4_cross_resid
XLK,F4,6,0.22449719905853271,0.7605192601545256,0.2951893670817993,-5.835105138405939,0.2527143563180887,-0.4530417121526449,0.1118784483467932,1.0,m4_cross_resid
XLP,F4,6,0.21820181608200073,0.7605192601545256,0.2869116240891329,-7.686274053357737,0.17834164652329668,-0.7002047725466187,-0.08459320696688993,1.0,m4_cross_resid
XLU,F4,6,0.23724889755249023,0.7605192601545256,0.31195646183146625,-4.552616798049797,0.2546113520381412,-0.5852678620109254,0.11384617971080364,1.0,m4_cross_resid
XLV,F4,6,0.24694210290908813,0.7605192601545256,0.3247019712017725,-0.42635494137718166,0.7843297797023875,-0.0812708530295208,0.48213936477395886,1.0,m4_cross_resid
XLY,F4,6,0.22334957122802734,0.7605192601545256,0.2936803614712482,-11.397984911603738,0.10886908023027057,-0.9803926745990896,0.037183034405779566,1.0,m4_cross_resid
^GDAXI,F4,6,0.23744425177574158,0.7605192601545256,0.31221333135928286,-1.3340895377860438,-0.4921690220607043,0.3088739100101533,-0.1350810352636268,1.0,m4_cross_resid
DBC,F1,7,0.2794482707977295,0.6639281070069989,0.4209014015952538,37.767500540113474,-0.3118923784217238,3.658312730613717,-0.053868297567163485,1.0,m4_cross_resid
DIA,F1,7,0.2541409730911255,0.6639281070069989,0.3827838743516946,5.6306914042059635,5.973338492939071,2.6176700534677226,-0.0013651981905631332,1.0,m4_cross_resid
EFA,F1,7,0.2690858840942383,0.6639281070069989,0.40529370763844114,11.53448900435588,-1.7493516184017142,3.191918414036705,-0.25150346598791234,1.0,m4_cross_resid
EWA,F1,7,0.28095269203186035,0.6639281070069989,0.4231673415641351,13.459659282195233,-1.4473355474003602,2.1135469999887455,-0.4961238228175254,1.0,m4_cross_resid
EWC,F1,7,0.31853485107421875,0.6639281070069989,0.47977310752843433,5.849702398609866,-10.506053183193048,0.9656858578725573,-0.06657856421742703,1.0,m4_cross_resid
EWG,F1,7,0.28025341033935547,0.6639281070069989,0.4221140924470624,12.298554658579462,-1.4795793836602942,2.4689596175775974,0.17757228658119117,1.0,m4_cross_resid
EWJ,F1,7,0.2794065475463867,0.6639281070069989,0.4208385585691755,2.84551706644248,1.6727180668302455,0.8182697226962234,0.11234837789615931,1.0,m4_cross_resid
EWU,F1,7,0.2457427978515625,0.6639281070069989,0.37013465051114636,15.857926584029046,-0.9534919043867973,2.5413582806636166,-0.5196586567092887,1.0,m4_cross_resid
FXI,F1,7,0.29474973678588867,0.6639281070069989,0.4439482734277155,-2.064111154208741,0.829433955104762,-0.3533740321174318,0.1792381704990604,1.0,m4_cross_resid
GLD,F1,7,0.2939884662628174,0.6639281070069989,0.44280165752904066,23.081369156913425,-0.6709121407108597,4.659751639315125,-0.3235598004665678,1.0,m4_cross_resid
IWM,F1,7,0.268021821975708,0.6639281070069989,0.4036910309219408,10.051450575520679,-2.297530655110119,2.4298586943420513,0.11727415471666268,1.0,m4_cross_resid
IYR,F1,7,0.26863884925842285,0.6639281070069989,0.40462038950188767,3.083486319315282,1.941150992173231,0.8101330742922198,-0.4790666523587509,1.0,m4_cross_resid
LQD,F1,7,0.3290870189666748,0.6639281070069989,0.49566664747815187,7.004254424528791,4.240787665382981,1.776061570760788,0.32027256297634765,1.0,m4_cross_resid
MDY,F1,7,0.29091668128967285,0.6639281070069989,0.43817497439765135,12.332502760619208,-1.5314119358986904,2.5873682905561264,-0.2405734079430907,1.0,m4_cross_resid
SPY,F1,7,0.2811107635498047,0.6639281070069989,0.42340542685722043,6.533430419145706,8.092278266068732,1.9677918720627414,-0.08750735768203186,1.0,m4_cross_resid
TIP,F1,7,0.30719900131225586,0.6639281070069989,0.46269919599746284,12.880121276502623,-1.4147533937220251,1.8345595163049324,0.34375380669243244,1.0,m4_cross_resid
TLT,F1,7,0.2941408157348633,0.6639281070069989,0.4430311243499781,1.1822886915702941,1.2611317334496328,0.46838345610977467,0.3504578291775949,1.0,m4_cross_resid
USO,F1,7,0.29090356826782227,0.6639281070069989,0.4381552237323124,29.19557734743249,-0.4520349027530279,3.6239699705068675,0.2891871596703591,1.0,m4_cross_resid
XLB,F1,7,0.3017897605895996,0.6639281070069989,0.4545518669936627,6.393150466744535,4.321460979364677,2.567998625633445,-0.3358448266152796,1.0,m4_cross_resid
XLI,F1,7,0.24362432956695557,0.6639281070069989,0.36694384074989517,5.75479057492662,6.708473777493626,2.384514206167822,-0.5745615003764731,1.0,m4_cross_resid
XLK,F1,7,0.2793772220611572,0.6639281070069989,0.4207943888994176,4.913692938418006,3.0123832390593206,1.1579207195200925,-0.3272904636061677,1.0,m4_cross_resid
XLP,F1,7,0.27898597717285156,0.6639281070069989,0.42020510086630597,7.8826466374393656,-12.791195271680948,2.588477910592031,-0.11261143519333323,1.0,m4_cross_resid
XLU,F1,7,0.2832763195037842,0.6639281070069989,0.4266671594621885,-0.899747906082812,0.826235883877625,-0.3926367734650265,-0.0447543776255194,1.0,m4_cross_resid
XLV,F1,7,0.29285526275634766,0.6639281070069989,0.44109484094075335,1.896474794048229,1.3912131281513942,0.5382638703133714,0.08929646049619314,1.0,m4_cross_resid
XLY,F1,7,0.28163909912109375,0.6639281070069989,0.4242011991188751,3.5248862048732743,1.820962759413207,0.7030925781646719,-0.46261926060594705,1.0,m4_cross_resid
^GDAXI,F1,7,0.30442285537719727,0.6639281070069989,0.4585178005937142,6.824671344088774,-22.61329554568835,1.1210373078237894,0.13367686534943124,1.0,m4_cross_resid
DBC,F2,7,0.34067678451538086,0.6926102443255697,0.4918737302927354,7.833191391384553,-23.93059104694724,1.5925507255724256,-0.5273900254898654,1.0,m4_cross_resid
DIA,F2,7,0.2721748352050781,0.6926102443255697,0.39296969317874986,-1.8243220163129514,0.7664782551479994,-0.6778224593436954,0.3398878345132801,1.0,m4_cross_resid
EFA,F2,7,0.3383173942565918,0.6926102443255697,0.488467210856849,1.221056790300179,1.2693943072145566,0.5682606025110366,0.1861451905348284,1.0,m4_cross_resid
EWA,F2,7,0.32267093658447266,0.6926102443255697,0.46587664451696637,0.4262674217297402,1.042777142839759,0.11066070069878751,-0.29874527553413666,1.0,m4_cross_resid
EWC,F2,7,0.3444681167602539,0.6926102443255697,0.49734770685593926,1.4256904279052263,1.1590678287109037,0.32861738563692444,-0.2588599761979599,1.0,m4_cross_resid
EWG,F2,7,0.30767107009887695,0.6926102443255697,0.44421963524156666,3.3785650839551713,1.9518037852533854,1.0685936028238217,0.10997254944918668,1.0,m4_cross_resid
EWJ,F2,7,0.32158565521240234,0.6926102443255697,0.4643097006535716,2.441807663275208,1.541532355568941,0.9982354622827847,-0.04626839080758936,1.0,m4_cross_resid
EWU,F2,7,0.31381845474243164,0.6926102443255697,0.45309531199327385,3.5116441863848715,1.6498398940784462,1.245073001744971,-0.2049136042831605,1.0,m4_cross_resid
FXI,F2,7,0.32999181747436523,0.6926102443255697,0.4764466309557625,1.7754273008049255,1.376693258493485,0.6687207498039582,-0.10783462833896179,1.0,m4_cross_resid
GLD,F2,7,0.33884382247924805,0.6926102443255697,0.4892272750155432,4.981863907246159,26.319941578849985,0.7870535352305574,-0.2523638260119805,1.0,m4_cross_resid
IWM,F2,7,0.32167720794677734,0.6926102443255697,0.4644418857246488,-2.9083745860044594,0.6968977826653987,-1.198788637475697,-0.40208559920256104,1.0,m4_cross_resid
IYR,F2,7,0.3243579864501953,0.6926102443255697,0.46831242983712923,6.191967143581716,-88.66256920664779,1.4016896015520246,-0.46243719970339425,1.0,m4_cross_resid
LQD,F2,7,0.3757619857788086,0.6926102443255697,0.5425302164635284,4.451908500830697,36.711508643453186,0.8015600303579574,0.4998120486958109,1.0,m4_cross_resid
MDY,F2,7,0.3342280387878418,0.6926102443255697,0.4825629443487323,-4.2635262745961615,0.6420548743560384,-1.444425696909249,-0.23784669771107328,1.0,m4_cross_resid
SPY,F2,7,0.3254876136779785,0.6926102443255697,0.46994340084432706,2.0308550064232866,1.2157913246325114,0.4399007728443333,0.13638945355211754,1.0,m4_cross_resid
TIP,F2,7,0.33852720260620117,0.6926102443255697,0.4887701349780677,17.084559694857465,-1.1250638346619184,4.469822532087325,0.4447334333102109,1.0,m4_cross_resid
TLT,F2,7,0.3693513870239258,0.6926102443255697,0.5332745076324741,9.578405047048719,-2.057780634054125,1.534857371370786,0.2767993471805767,1.0,m4_cross_resid
USO,F2,7,0.3582611083984375,0.6926102443255697,0.5172622139704197,7.617503198680503,-8.201545279393683,2.576836782729796,-0.5622276368195889,1.0,m4_cross_resid
XLB,F2,7,0.2929720878601074,0.6926102443255697,0.422997046694551,-2.648232515306419,0.7408133414263934,-0.7130486102544221,0.047798800263150906,1.0,m4_cross_resid
XLI,F2,7,0.3309493064880371,0.6926102443255697,0.47782906649077866,-1.0613052037442081,0.772146316868154,-0.5576603165188759,0.4178102151444637,1.0,m4_cross_resid
XLK,F2,7,0.3067474365234375,0.6926102443255697,0.44288608064429263,-1.7250631902452422,0.7822304590156777,-0.6631881974252979,0.38448665043950614,1.0,m4_cross_resid
XLP,F2,7,0.3551464080810547,0.6926102443255697,0.5127651676981461,6.621833331206952,-11.298525443160514,1.8191067108390708,-0.3433333971842809,1.0,m4_cross_resid
XLU,F2,7,0.31949424743652344,0.6926102443255697,0.4612900979361509,6.739008250628835,7.848720381071083,1.2797738464509394,0.019465033740272124,1.0,m4_cross_resid
XLV,F2,7,0.3017101287841797,0.6926102443255697,0.435613147879397,8.665667203703824,-5.588160277230138,1.9464652457057523,-0.20697533309023536,1.0,m4_cross_resid
XLY,F2,7,0.32413291931152344,0.6926102443255697,0.467987474870731,1.1626243920365384,1.029445008153887,0.04717363659259223,0.25300762883644556,1.0,m4_cross_resid
^GDAXI,F2,7,0.3158130645751953,0.6926102443255697,0.4559751565365868,1.2807418037931821,1.1669600236740205,0.24556247869760273,0.5365722581445804,1.0,m4_cross_resid
DBC,F3,7,0.34325122833251953,0.6598974555136987,0.5201584359274651,15.29802537987074,-1.4080566844578983,2.202957983505653,0.431103907437694,1.0,m4_cross_resid
DIA,F3,7,0.3086886405944824,0.6598974555136987,0.4677827411141979,7.354887790561358,-54.9430332012339,1.9634371072376535,0.3759630638157232,1.0,m4_cross_resid
EFA,F3,7,0.30164051055908203,0.6598974555136987,0.45710209675572894,16.05096032043231,-0.9261898244697446,5.4208798205569595,0.5741714272825518,1.0,m4_cross_resid
EWA,F3,7,0.3237166404724121,0.6598974555136987,0.49055597618635177,13.850967721777153,-1.284756715601679,3.451581923560966,-0.16581185685139668,1.0,m4_cross_resid
EWC,F3,7,0.2747836112976074,0.6598974555136987,0.4164035017890795,15.389553343940626,-1.1036399898642026,3.0682554689633745,0.29734593229722595,1.0,m4_cross_resid
EWG,F3,7,0.2905697822570801,0.6598974555136987,0.4403256594327756,18.366237098678734,-0.7369709243446166,6.497094005005645,0.6366559064770442,1.0,m4_cross_resid
EWJ,F3,7,0.32093334197998047,0.6598974555136987,0.4863382019410109,15.84221566097326,-1.1982141458070734,5.919007030205941,0.17417805329343983,1.0,m4_cross_resid
EWU,F3,7,0.29064035415649414,0.6598974555136987,0.44043260316899463,15.778207578929118,-0.8863105772426672,3.558194809503857,0.3265384537610591,1.0,m4_cross_resid
FXI,F3,7,0.2982292175292969,0.6598974555136987,0.4519326677766012,12.615844999315918,-2.4886009252823893,2.2693438197191873,0.011779108577040015,1.0,m4_cross_resid
GLD,F3,7,0.31481075286865234,0.6598974555136987,0.4770601102311982,15.595128743250264,-3.0015172630295823,1.4737540507873803,-0.3686778902219137,1.0,m4_cross_resid
IWM,F3,7,0.2738795280456543,0.6598974555136987,0.41503346581697625,12.959524008772219,-1.335537788902179,1.9227987483531652,0.36450573001066777,1.0,m4_cross_resid
IYR,F3,7,0.310300350189209,0.6598974555136987,0.47022510481974045,6.429142794418357,6.504645288633854,1.9817909168261603,0.4113895178827085,1.0,m4_cross_resid
LQD,F3,7,0.3578348159790039,0.6598974555136987,0.5422582144985642,9.824430057739294,-3.1911841213508554,1.9747184148249939,-0.12219223353614689,1.0,m4_cross_resid
MDY,F3,7,0.2535381317138672,0.6598974555136987,0.384208379037467,13.963353822282626,-1.1598386728566654,2.594194398904283,0.2997915863907622,1.0,m4_cross_resid
SPY,F3,7,0.2805037498474121,0.6598974555136987,0.42507172516531877,9.07292772163141,-3.626437412304389,2.0154898988484304,0.3828906129581533,1.0,m4_cross_resid
TIP,F3,7,0.31379079818725586,0.6598974555136987,0.4755144842057084,12.252085271194154,-2.472398824969153,2.5653085757842,0.3874967737755121,1.0,m4_cross_resid
TLT,F3,7,0.33853578567504883,0.6598974555136987,0.5130127156067223,8.850040690790314,11.241156877998671,1.9084277798076767,0.060476765694684895,1.0,m4_cross_resid
USO,F3,7,0.3562145233154297,0.6598974555136987,0.5398028441224003,14.2796437835614,-1.9441795124171737,2.1755511234926512,0.505637248633853,1.0,m4_cross_resid
XLB,F3,7,0.30390357971191406,0.6598974555136987,0.4605315222428606,16.151282635954377,-0.9423282624472687,3.8729602683659348,0.47881371782355636,1.0,m4_cross_resid
XLI,F3,7,0.2980518341064453,0.6598974555136987,0.45166386325042907,12.335428143303055,-1.519299094234414,2.7539557717419805,0.3576153898573625,1.0,m4_cross_resid
XLK,F3,7,0.27199745178222656,0.6598974555136987,0.4121813919868649,7.759093074617374,-23.063115919094276,1.7122432126986928,0.6331696200350422,1.0,m4_cross_resid
XLP,F3,7,0.2758493423461914,0.6598974555136987,0.41801849672454916,3.50785861093176,1.9687733837137267,0.7983163888752683,-0.06793488717773903,1.0,m4_cross_resid
XLU,F3,7,0.2922811508178711,0.6598974555136987,0.4429190450360869,1.614880013348313,1.307357748712685,0.5522373836726824,0.007321189387539236,1.0,m4_cross_resid
XLV,F3,7,0.31650304794311523,0.6598974555136987,0.47962459212201797,2.143177739183775,1.5568567549177412,0.4830304343986966,-0.14412834071013225,1.0,m4_cross_resid
XLY,F3,7,0.28524160385131836,0.6598974555136987,0.43225140734823925,4.244492325045218,2.6244196769127117,1.0727604162993525,0.09079049364828802,1.0,m4_cross_resid
^GDAXI,F3,7,0.29300451278686523,0.6598974555136987,0.44401521833233193,18.843547492989238,-0.6835162598345343,3.5858460965344343,0.6852053437300063,1.0,m4_cross_resid
DBC,F5,7,0.2529935836791992,0.7441324191905706,0.33998462794349527,12.726652644384139,38.86369054176993,1.8375141560285528,0.5702328173639383,1.0,m4_cross_resid
DIA,F5,7,0.26873779296875,0.7441324191905706,0.3611424338440587,10.763000971958107,-16.422628511168742,3.375693895529911,0.22878326095664617,1.0,m4_cross_resid
EFA,F5,7,0.2512669563293457,0.7441324191905706,0.33766430523570135,13.6349015716561,-3.2353571845177345,3.070104448932938,-0.025717560123649872,1.0,m4_cross_resid
EWA,F5,7,0.23771190643310547,0.7441324191905706,0.31944839426788635,13.03514731788344,-3.210706000204355,5.198154488061743,-0.32832865527428945,1.0,m4_cross_resid
EWC,F5,7,0.23668813705444336,0.7441324191905706,0.3180726050235799,12.953170918458161,-4.139010422748508,3.617989725832069,0.21141719888848023,1.0,m4_cross_resid
EWG,F5,7,0.2579946517944336,0.7441324191905706,0.3467052975263019,18.324346737598418,-1.3529360997003694,3.1368763721595796,0.0678403077360759,1.0,m4_cross_resid
EWJ,F5,7,0.2628507614135742,0.7441324191905706,0.3532311650922156,10.692301128569884,-4.92116193658861,2.9699812993991777,-0.13360073739199976,1.0,m4_cross_resid
EWU,F5,7,0.25017547607421875,0.7441324191905706,0.33619752294403044,12.423448543213716,-9.616861128758822,4.858976866309747,-0.028273491788670696,1.0,m4_cross_resid
FXI,F5,7,0.27576684951782227,0.7441324191905706,0.37058840927504194,14.385214310888413,-2.2215539640033306,4.298759877850657,0.28314849337308146,1.0,m4_cross_resid
GLD,F5,7,0.29299497604370117,0.7441324191905706,0.39374037266432527,12.926348133775562,-11.599529722187153,3.980057579247084,0.5977050054255347,1.0,m4_cross_resid
IWM,F5,7,0.2749290466308594,0.7441324191905706,0.3694625305129337,12.470043426487003,-9.187465732505892,3.053076405287551,-0.2224159331949417,1.0,m4_cross_resid
IYR,F5,7,0.2316899299621582,0.7441324191905706,0.3113557802174225,18.82286483591608,-1.1163430183494782,6.104131301893325,0.64320964155804,1.0,m4_cross_resid
LQD,F5,7,0.26857423782348633,0.7441324191905706,0.3609226407789459,19.580615616127268,-1.0838457983973462,3.6993505880122126,-0.25969183919038336,1.0,m4_cross_resid
MDY,F5,7,0.2729930877685547,0.7441324191905706,0.36686089831363977,10.298515999406266,35.74882680322738,5.171768160293332,0.08094042116667717,1.0,m4_cross_resid
SPY,F5,7,0.261197566986084,0.7441324191905706,0.35100952498508453,14.26823122757751,-3.111298548958843,3.3453362133819895,-0.2782822720077247,1.0,m4_cross_resid
TIP,F5,7,0.27347230911254883,0.7441324191905706,0.36750489840238126,14.957023139893824,-3.0801513067490816,3.7293052360031074,-0.008497770825496045,1.0,m4_cross_resid
TLT,F5,7,0.29634523391723633,0.7441324191905706,0.3982426061205418,21.448351294839174,-1.1250976196483669,6.261383063533838,-0.4323053405609081,1.0,m4_cross_resid
USO,F5,7,0.2963728904724121,0.7441324191905706,0.3982797722948175,14.035422699087722,-4.353149325874337,4.417292122289176,0.24281578797664646,1.0,m4_cross_resid
XLB,F5,7,0.2644963264465332,0.7441324191905706,0.35544255246161544,11.31947581645305,-5.6002708752202155,2.3922891068039407,0.1128403389921175,1.0,m4_cross_resid
XLI,F5,7,0.2483196258544922,0.7441324191905706,0.3337035444909142,12.304855086481128,-12.355120934071657,2.766535325573529,-0.23966826842934189,1.0,m4_cross_resid
XLK,F5,7,0.24324989318847656,0.7441324191905706,0.3268906002685267,9.083467378967182,7.782901753700268,2.1788469022235306,-0.2100548555839751,1.0,m4_cross_resid
XLP,F5,7,0.2619662284851074,0.7441324191905706,0.3520424883115037,14.574447174591706,-3.235102299456377,5.448218642840952,0.34053969983183874,1.0,m4_cross_resid
XLU,F5,7,0.27509307861328125,0.7441324191905706,0.36968296437415465,7.710170985050075,3.782197290321447,2.7207272347896394,0.09917564449717224,1.0,m4_cross_resid
XLV,F5,7,0.28032970428466797,0.7441324191905706,0.37672018723441236,10.934424962429246,-20.50778764362609,3.000681661060276,0.18507237516417896,1.0,m4_cross_resid
XLY,F5,7,0.25135326385498047,0.7441324191905706,0.3377802893312856,16.976538310425735,-2.2267646070182945,2.8649918010648556,-0.04825107134431163,1.0,m4_cross_resid
^GDAXI,F5,7,0.2608966827392578,0.7441324191905706,0.35060518264081003,17.242768504805408,-1.8567781913868626,4.3814022373788415,0.30868545923819285,1.0,m4_cross_resid
DBC,F4,7,0.31771087646484375,0.7612823422627791,0.41733645827184634,1.556968754623032,1.7240883651162076,0.6492866425839827,-0.41509455931446715,1.0,m4_cross_resid
DIA,F4,7,0.2878742218017578,0.7612823422627791,0.3781438315593947,3.287287724954931,1.7025209972211064,1.2239825771173498,0.387167324805155,1.0,m4_cross_resid
EFA,F4,7,0.2629985809326172,0.7612823422627791,0.34546785907433464,4.7044283191338865,8.742206956147285,1.0656758319669215,-0.12170067528400222,1.0,m4_cross_resid
EWA,F4,7,0.2555713653564453,0.7612823422627791,0.33571166854705176,0.7719519168410196,4.68058599085485,0.5922186796153884,-0.1223603232974289,1.0,m4_cross_resid
EWC,F4,7,0.2663564682006836,0.7612823422627791,0.34987868943470485,1.9061176359643301,1.6117697573743957,0.6484605255384169,0.011990227722615442,1.0,m4_cross_resid
EWG,F4,7,0.2767791748046875,0.7612823422627791,0.36356967637264465,5.6760869174416,-199.22926926794784,1.0288102383517734,-0.22549000815840461,1.0,m4_cross_resid
EWJ,F4,7,0.2743034362792969,0.7612823422627791,0.36031761286355035,0.23480260825725452,1.4288754736629916,0.44157409524692975,-0.15797259270783642,1.0,m4_cross_resid
EWU,F4,7,0.2978954315185547,0.7612823422627791,0.3913074229898889,4.173752887620942,10.574880186512528,0.8900759938094228,-0.17608911941124605,1.0,m4_cross_resid
FXI,F4,7,0.28601741790771484,0.7612823422627791,0.37570478392757395,4.677044776318164,4.597092801744263,1.2938317788618874,-0.14025055371427742,1.0,m4_cross_resid
GLD,F4,7,0.3315296173095703,0.7612823422627791,0.43548838440696824,4.558810718800757,2.5840471675933614,1.2391422066080964,0.26553169565268087,1.0,m4_cross_resid
IWM,F4,7,0.2917442321777344,0.7612823422627791,0.3832273730539651,-1.123884105267976,1.3105066441887558,0.21404596754098307,-0.11673139796973463,1.0,m4_cross_resid
IYR,F4,7,0.32349109649658203,0.7612823422627791,0.4249291997697741,3.2035507827217478,2.2324304663544203,1.0854359364260713,-0.1142760901842702,1.0,m4_cross_resid
LQD,F4,7,0.26493263244628906,0.7612823422627791,0.34800837710069954,10.95741866925809,-44.3118748879937,2.961358948404108,0.2935919249769622,1.0,m4_cross_resid
MDY,F4,7,0.2960987091064453,0.7612823422627791,0.38894729677604695,-0.6418675463325627,1.0950728517349255,0.15326251603000962,0.012126519697699109,1.0,m4_cross_resid
SPY,F4,7,0.3063936233520508,0.7612823422627791,0.4024704191106668,-1.9634147756397162,1.0764886615649696,0.11994484753152435,0.12717504180552106,1.0,m4_cross_resid
TIP,F4,7,0.32265377044677734,0.7612823422627791,0.42382931080175223,14.84416321484521,-2.109547909470165,3.2999256064725184,0.3090215277934259,1.0,m4_cross_resid
TLT,F4,7,0.3118247985839844,0.7612823422627791,0.4096046647517654,17.960719249049767,-2.510494704572243,1.454171758866053,0.2805567211177966,1.0,m4_cross_resid
USO,F4,7,0.2776508331298828,0.7612823422627791,0.36471466329379726,3.9431130240934475,26.849871799883406,0.8782655464956203,-0.4436833745738412,1.0,m4_cross_resid
XLB,F4,7,0.28713512420654297,0.7612823422627791,0.3771729728461635,1.1403269787418022,2.4309685506106513,0.6275145924682382,-0.11088545285290749,1.0,m4_cross_resid
XLI,F4,7,0.32520103454589844,0.7612823422627791,0.42717532837986893,1.141002675697112,1.6509782848869758,0.6815674912042695,-0.1196844152761006,1.0,m4_cross_resid
XLK,F4,7,0.2839689254760742,0.7612823422627791,0.37301393939077326,4.413813756915912,2.050598349119707,1.521279365694671,0.46334841170441515,1.0,m4_cross_resid
XLP,F4,7,0.29671478271484375,0.7612823422627791,0.3897565544905596,4.985722492544054,1.9456728692110896,2.0134739095036047,0.5594961238550873,1.0,m4_cross_resid
XLU,F4,7,0.30494117736816406,0.7612823422627791,0.4005625251490525,6.428391087309611,3.7711305663400108,1.896678303453656,-0.12559995689498865,1.0,m4_cross_resid
XLV,F4,7,0.29290771484375,0.7612823422627791,0.384755692576729,2.092555498528734,1.9490846289131016,0.886914070293789,-0.04412677911937034,1.0,m4_cross_resid
XLY,F4,7,0.2571067810058594,0.7612823422627791,0.33772854922873197,-1.4918926763608962,0.9376003545446777,-0.1978903151656721,-0.01014907906126671,1.0,m4_cross_resid
^GDAXI,F4,7,0.31522560119628906,0.7612823422627791,0.414071867553549,9.256039813556859,-2.5014089914607593,1.4116195713933521,0.051850439241520066,1.0,m4_cross_resid
DBC,F2,8,0.19373297691345215,0.7605825799638711,0.2547165580924227,-1.5723715940256282,0.516986127990917,-0.2639834391907996,0.20745119487694608,1.0,m4_cross_resid
DIA,F2,8,0.19655072689056396,0.7605825799638711,0.2584212839845746,-2.5885402953550405,0.286104049112835,-0.8044354930327741,0.4632026454244428,1.0,m4_cross_resid
EFA,F2,8,0.2146991491317749,0.7605825799638711,0.2822824960597618,-3.752071278897829,0.27453317219949186,-1.156680048418488,0.1655693643524245,1.0,m4_cross_resid
EWA,F2,8,0.2099376916885376,0.7605825799638711,0.2760222193078758,-6.475860554518975,0.15797429570252763,-1.8202616498634179,0.056121045747232146,1.0,m4_cross_resid
EWC,F2,8,0.2053910195827484,0.7605825799638711,0.2700443383708641,-1.6803703540376032,0.3637951657322115,-0.45389977716451757,0.2811767970943278,1.0,m4_cross_resid
EWG,F2,8,0.1797155737876892,0.7605825799638711,0.2362867340404062,-8.421807454991423,0.13636682104633774,-2.7586313268560314,0.11302200687994497,1.0,m4_cross_resid
EWJ,F2,8,0.20133090019226074,0.7605825799638711,0.2647061680032486,-2.844690573770242,0.29882684596255005,-1.0216402572946912,-0.12151715364700237,1.0,m4_cross_resid
EWU,F2,8,0.20052313804626465,0.7605825799638711,0.26364413717678076,-0.15075828032272587,0.9904879889174154,-0.004191788048451143,0.003840182266494509,1.0,m4_cross_resid
FXI,F2,8,0.19641071557998657,0.7605825799638711,0.2582371996862147,-5.384856478140973,0.18799288161951486,-1.2108348447359072,0.2897994462570901,1.0,m4_cross_resid
GLD,F2,8,0.20025908946990967,0.7605825799638711,0.26329697096063165,0.35420865642965504,1.0708135963563505,0.013691305105462494,-0.011842668894834828,1.0,m4_cross_resid
IWM,F2,8,0.19325876235961914,0.7605825799638711,0.25409306951100463,-4.2806892351414625,0.21270442473890422,-1.6408340305890676,0.05601983098288259,1.0,m4_cross_resid
IYR,F2,8,0.17990833520889282,0.7605825799638711,0.23654017321490423,1.4021160322481068,-0.27910440144348914,0.6341841026952815,-0.05990002249592443,1.0,m4_cross_resid
LQD,F2,8,0.19016623497009277,0.7605825799638711,0.250027071326201,1.5001173075916472,-0.36319032135948964,0.565752196360386,-0.04778402576612254,1.0,m4_cross_resid
MDY,F2,8,0.19496917724609375,0.7605825799638711,0.2563418915738973,-4.151843359029052,0.20647451210450246,-1.695069741747875,0.17551748309584794,1.0,m4_cross_resid
SPY,F2,8,0.17696154117584229,0.7605825799638711,0.2326657825692619,-2.5191954238475276,0.30268755558041205,-0.840534464583642,0.5066714119332656,1.0,m4_cross_resid
TIP,F2,8,0.22069936990737915,0.7605825799638711,0.2901714760780647,4.787526916127188,-0.26859678642363094,0.766011563308616,-0.00578398354000956,1.0,m4_cross_resid
TLT,F2,8,0.23466575145721436,0.7605825799638711,0.30853421789960184,-0.9558412453522269,-0.7110949924875117,0.36611284598478744,-0.04124860369023227,1.0,m4_cross_resid
USO,F2,8,0.22940731048583984,0.7605825799638711,0.3016205163372754,0.12471955425333747,1.2511615623434285,0.0558893943802359,0.38103588747138395,1.0,m4_cross_resid
XLB,F2,8,0.19670462608337402,0.7605825799638711,0.2586236278152963,-2.509557950490163,0.2448928936303566,-0.9239164937095459,0.61371531603687,1.0,m4_cross_resid
XLI,F2,8,0.1970890760421753,0.7605825799638711,0.25912909555664204,-1.264779509152255,0.38432185818609826,-0.44639023538121336,0.6521675381124841,1.0,m4_cross_resid
XLK,F2,8,0.19915920495986938,0.7605825799638711,0.26185086301783267,-6.6319421497584905,0.15880671690661158,-2.3068254283135423,0.22219145114932567,1.0,m4_cross_resid
XLP,F2,8,0.19523251056671143,0.7605825799638711,0.25668811738494623,7.79750327113816,-0.24459196636744224,1.2676385756106188,0.24688260605532314,1.0,m4_cross_resid
XLU,F2,8,0.18862664699554443,0.7605825799638711,0.2480028493480675,-3.6808204535500497,0.28131630617789016,-0.5227133925715589,-0.2481758184671396,1.0,m4_cross_resid
XLV,F2,8,0.18001091480255127,0.7605825799638711,0.2366750429796881,-2.349964692254238,0.4255497935474271,-0.45201114728485264,0.20270747147221443,1.0,m4_cross_resid
XLY,F2,8,0.18697527050971985,0.7605825799638711,0.24583164988948533,-1.8559237183848025,0.37416973817930615,-0.7941899061105547,0.4826757983132073,1.0,m4_cross_resid
^GDAXI,F2,8,0.2251495122909546,0.7605825799638711,0.29602244151009816,-6.059774481888012,0.16434636409694423,-1.3626876115402664,0.09885841894044145,1.0,m4_cross_resid
DBC,F1,8,0.3068513870239258,0.7022525497295202,0.43695304081432346,22.019846869646713,-1.0747002631951432,5.20880166221834,-0.2797665819970811,1.0,m4_cross_resid
DIA,F1,8,0.26377248764038086,0.7022525497295202,0.3756091561959804,13.67463763721691,-2.6368320030633066,3.22717651941082,-0.5460740807910799,1.0,m4_cross_resid
EFA,F1,8,0.27139973640441895,0.7022525497295202,0.3864702755567799,21.054691619283425,-1.128241891202279,5.443622760126396,-0.2866183529456244,1.0,m4_cross_resid
EWA,F1,8,0.22816848754882812,0.7022525497295202,0.3249094469457029,17.94038188362844,-1.7166907227972563,3.288451237246233,-0.5997648016591364,1.0,m4_cross_resid
EWC,F1,8,0.2655792236328125,0.7022525497295202,0.3781819286168531,10.021625020966429,-5.097575850590781,1.2491330071485582,-0.26522167419311143,1.0,m4_cross_resid
EWG,F1,8,0.26304030418395996,0.7022525497295202,0.374566534910087,12.392657095850465,-2.6411748195205083,3.9051442519983555,-0.40618810374181447,1.0,m4_cross_resid
EWJ,F1,8,0.28357791900634766,0.7022525497295202,0.4038118752513901,10.912479879067604,-7.347316740595623,2.24306288987957,-0.3478611859053802,1.0,m4_cross_resid
EWU,F1,8,0.2904229164123535,0.7022525497295202,0.41355907717844936,12.334142095854766,-4.5027904452586816,4.3039330988712985,-0.5166525059104342,1.0,m4_cross_resid
FXI,F1,8,0.25436949729919434,0.7022525497295202,0.3622194001248801,7.5269676097647364,4.459132037319724,2.079700863976007,-0.32821177701182225,1.0,m4_cross_resid
GLD,F1,8,0.28021812438964844,0.7022525497295202,0.399027564225402,19.357771063496187,-1.8315435191135494,4.107094582296019,-0.21265675433587536,1.0,m4_cross_resid
IWM,F1,8,0.2229304313659668,0.7022525497295202,0.31745051185906087,6.5493366767742085,9.548460696291,1.436579899446359,-0.2845829206050515,1.0,m4_cross_resid
IYR,F1,8,0.24456501007080078,0.7022525497295202,0.34825791684914137,2.7549353744121228,1.3571665273855773,0.565319906141944,-0.33294058246838515,1.0,m4_cross_resid
LQD,F1,8,0.29919910430908203,0.7022525497295202,0.4260562733796006,11.199459176177662,4.716269771704053,1.5681592812824097,0.0848719348518402,1.0,m4_cross_resid
MDY,F1,8,0.24827957153320312,0.7022525497295202,0.3535474120084442,10.834766283727387,-6.670915222034058,3.122661280132523,-0.5360801107637054,1.0,m4_cross_resid
SPY,F1,8,0.2631382942199707,0.7022525497295202,0.37470607165658726,12.316316786984832,-9.802726230427913,2.402943801483671,-0.30946054554597463,1.0,m4_cross_resid
TIP,F1,8,0.30598974227905273,0.7022525497295202,0.43572606806042613,11.13629779451415,-480.2246523649759,1.6492143767736924,0.30435602254190575,1.0,m4_cross_resid
TLT,F1,8,0.28841161727905273,0.7022525497295202,0.4106950090678025,0.6316417463985307,1.073405303663668,0.20192889663868713,0.452472540841742,1.0,m4_cross_resid
USO,F1,8,0.3387620449066162,0.7022525497295202,0.48239347089176665,18.396582673130062,-1.5753714355117496,3.279501673773356,0.23818096143421486,1.0,m4_cross_resid
XLB,F1,8,0.29392528533935547,0.7022525497295202,0.418546412473068,9.963828200616,6.1895102659435945,2.7698026220300664,-0.4800293314929017,1.0,m4_cross_resid
XLI,F1,8,0.2711310386657715,0.7022525497295202,0.3860876528966686,12.879393250888818,-3.1243957568120133,4.31139565409363,-0.4503083837193941,1.0,m4_cross_resid
XLK,F1,8,0.23901057243347168,0.7022525497295202,0.3403484580092006,9.887819844185646,-4.263807275385563,2.0895895706741814,-0.37805782714450437,1.0,m4_cross_resid
XLP,F1,8,0.269453763961792,0.7022525497295202,0.3836992319437998,4.761002195272645,1.8122609264908802,1.265118498502079,-0.28655605789904953,1.0,m4_cross_resid
XLU,F1,8,0.3224806785583496,0.7022525497295202,0.45920898212837585,3.795764265196832,2.1584731753292425,1.1198096529379775,-0.40104659707986107,1.0,m4_cross_resid
XLV,F1,8,0.25682592391967773,0.7022525497295202,0.36571732494043185,3.249256828143283,1.7373315664017441,0.9429455038565909,-0.3841671373272654,1.0,m4_cross_resid
XLY,F1,8,0.27577781677246094,0.7022525497295202,0.3927046144277861,10.382514774261221,58.788821811138995,3.0093891627302916,-0.6636768226167823,1.0,m4_cross_resid
^GDAXI,F1,8,0.2189788818359375,0.7022525497295202,0.3118235482666164,8.540384570464905,-151.27502228397506,1.9369237300291307,-0.3036812962221486,1.0,m4_cross_resid
DBC,F5,8,0.3212752342224121,0.7694663744169469,0.4175299206100517,15.586779733562663,-5.542480008859938,2.265032430012536,0.32621723814055487,1.0,m4_cross_resid
DIA,F5,8,0.26415205001831055,0.7694663744169469,0.34329251907657216,12.698200763374276,-3.846387945824223,5.558741724190217,0.3064413760642969,1.0,m4_cross_resid
EFA,F5,8,0.2228527069091797,0.7694663744169469,0.2896198122732048,14.06566953697996,-2.3008956659817708,7.993969347764798,0.2663752500596301,1.0,m4_cross_resid
EWA,F5,8,0.2297534942626953,0.7694663744169469,0.2985880889685245,15.869030676849299,-1.464393467746249,6.526515495395383,-0.6473492460268012,1.0,m4_cross_resid
EWC,F5,8,0.23926687240600586,0.7694663744169469,0.310951693746601,20.710069295069793,-0.9803251527688928,4.245688346974844,-0.2777933407653486,1.0,m4_cross_resid
EWG,F5,8,0.23467159271240234,0.7694663744169469,0.3049796592998904,10.035374155133741,347.34137077091964,2.764134956369077,0.2735141859140009,1.0,m4_cross_resid
EWJ,F5,8,0.2489032745361328,0.7694663744169469,0.3234751807377366,15.373620716463908,-1.6573136941078246,8.418103531791358,-0.14761284837162594,1.0,m4_cross_resid
EWU,F5,8,0.23348665237426758,0.7694663744169469,0.30343970852682034,16.627388971836037,-2.0754865686554527,8.680338803789608,0.6056141518712099,1.0,m4_cross_resid
FXI,F5,8,0.2445969581604004,0.7694663744169469,0.31787868358216503,19.08428898184954,-1.667486903961897,5.652360760106828,0.18283766898887116,1.0,m4_cross_resid
GLD,F5,8,0.2386159896850586,0.7694663744169469,0.31010580529378784,13.672986502995556,-23.446401562061464,2.2072574244732817,0.38736011273362414,1.0,m4_cross_resid
IWM,F5,8,0.2443990707397461,0.7694663744169469,0.31762150870456984,13.385132526006647,-2.9949852723093646,4.133829578839597,-0.1354405780232674,1.0,m4_cross_resid
IYR,F5,8,0.24357175827026367,0.7694663744169469,0.31654633180667185,21.983958992961334,-0.8769450720720964,6.661395849218886,0.530845802164225,1.0,m4_cross_resid
LQD,F5,8,0.26256513595581055,0.7694663744169469,0.34123016246780874,17.814995040490885,-1.0554958069909768,3.1826568546249994,-0.03899957017937859,1.0,m4_cross_resid
MDY,F5,8,0.24149274826049805,0.7694663744169469,0.31384444634567177,10.681624225416433,-11.136254537244781,3.0486669300964726,-0.3134332166638745,1.0,m4_cross_resid
SPY,F5,8,0.2319011688232422,0.7694663744169469,0.30137921101355764,12.935058811160348,-3.155470632104497,3.4013175600488257,-0.15124003928486413,1.0,m4_cross_resid
TIP,F5,8,0.2510690689086914,0.7694663744169469,0.3262898513257785,16.637568302654213,-1.4839101570734103,5.0002939272888245,-0.19196347777343561,1.0,m4_cross_resid
TLT,F5,8,0.23846888542175293,0.7694663744169469,0.3099146283064671,21.7512403777395,-0.8577302435639532,8.154772208797008,-0.2781190269432227,1.0,m4_cross_resid
USO,F5,8,0.26999759674072266,0.7694663744169469,0.35088940299088417,8.902468696426403,4.558862829468587,2.25728272588498,0.11566311535494152,1.0,m4_cross_resid
XLB,F5,8,0.24520349502563477,0.7694663744169469,0.31866694007445684,14.324759406911449,-1.7167535394535436,3.6891844932246634,-0.20716783090582708,1.0,m4_cross_resid
XLI,F5,8,0.22700810432434082,0.7694663744169469,0.29502017485345383,12.638793301576804,-5.692690870783976,3.619404112324062,-0.34943018518539437,1.0,m4_cross_resid
XLK,F5,8,0.2602677345275879,0.7694663744169469,0.3382444550937036,12.89813265204165,-3.757476847058322,4.14948686057034,-0.06205035195373131,1.0,m4_cross_resid
XLP,F5,8,0.24814748764038086,0.7694663744169469,0.32249295861487304,13.273963239936913,-4.763919885035351,5.694239924367498,0.2032424057420575,1.0,m4_cross_resid
XLU,F5,8,0.2617158889770508,0.7694663744169469,0.34012647943890023,12.677605763104214,-10.113499578064049,2.5016928805780148,0.29167903582778926,1.0,m4_cross_resid
XLV,F5,8,0.24471616744995117,0.7694663744169469,0.3180336082072224,14.07209857099188,-2.6674991970573108,5.826283565642976,0.36754988415440787,1.0,m4_cross_resid
XLY,F5,8,0.2279834747314453,0.7694663744169469,0.29628776813567304,20.179556686545414,-1.2744646118995075,4.193270105335903,0.15011808207666896,1.0,m4_cross_resid
^GDAXI,F5,8,0.23884963989257812,0.7694663744169469,0.31040945755890026,11.204150683141696,259.9391379262889,1.9450202907818388,0.29137528702471094,1.0,m4_cross_resid
DBC,F3,8,0.2542686462402344,0.7266864333495806,0.34990146309490217,16.945759749500507,-1.2563633084509511,3.294812241338086,0.4696679364844319,1.0,m4_cross_resid
DIA,F3,8,0.22429561614990234,0.7266864333495806,0.3086552959521159,12.336524183368937,-2.1989988439572756,3.240480393518625,0.15761158778400267,1.0,m4_cross_resid
EFA,F3,8,0.25225162506103516,0.7266864333495806,0.34712582137843034,20.02967186907205,-0.8546444537875719,5.905062339857606,0.7053606166867807,1.0,m4_cross_resid
EWA,F3,8,0.26081371307373047,0.7266864333495806,0.35890819080182707,8.745610461149527,-12.864031355805713,3.099221088024323,-0.10079196248661351,1.0,m4_cross_resid
EWC,F3,8,0.24030303955078125,0.7266864333495806,0.33068326106369017,17.641055460623512,-1.0101734757260403,3.4148504390812193,0.19285161913518306,1.0,m4_cross_resid
EWG,F3,8,0.2609281539916992,0.7266864333495806,0.3590656740197829,22.026499469635887,-0.706672049668127,5.63782327332658,0.4174094764025123,1.0,m4_cross_resid
EWJ,F3,8,0.2415599822998047,0.7266864333495806,0.33241295174090524,15.764121268291861,-1.2545251849420427,3.3286955194046812,0.3876205849434298,1.0,m4_cross_resid
EWU,F3,8,0.24680042266845703,0.7266864333495806,0.33962437076313345,15.135054436196343,-1.4405993237232337,4.488100035206079,0.5666917857860585,1.0,m4_cross_resid
FXI,F3,8,0.25046253204345703,0.7266864333495806,0.3446638337377206,12.751848299801349,-2.3101057550944155,4.182056700308637,0.29388240199207954,1.0,m4_cross_resid
GLD,F3,8,0.33236217498779297,0.7266864333495806,0.4573666986678234,10.562573001082828,11.285193339232828,1.808335383060724,-0.3683051526727224,1.0,m4_cross_resid
IWM,F3,8,0.2431812286376953,0.7266864333495806,0.33464396399527974,16.70582389268552,-1.0482980427430701,2.309242742775762,0.21685515663542826,1.0,m4_cross_resid
IYR,F3,8,0.26775646209716797,0.7266864333495806,0.36846217269114856,5.851402048750402,4.065036447781144,1.8638833009408433,-0.12999643069578046,1.0,m4_cross_resid
LQD,F3,8,0.2907123565673828,0.7266864333495806,0.40005199385294204,16.33015214941603,-1.30043916755948,3.8372959877705015,0.13802108736973817,1.0,m4_cross_resid
MDY,F3,8,0.24027061462402344,0.7266864333495806,0.33063864081860267,22.705543580109413,-0.653237103613589,3.4970763905699735,0.4108552703755688,1.0,m4_cross_resid
SPY,F3,8,0.2427349090576172,0.7266864333495806,0.3340297794452519,13.376164929799506,-2.3162465582829594,3.0929591543196544,0.1390733485790663,1.0,m4_cross_resid
TIP,F3,8,0.28638458251953125,0.7266864333495806,0.39409650349391173,16.6214750555445,-1.82957066769731,4.486649090821649,0.2767776027547176,1.0,m4_cross_resid
TLT,F3,8,0.29740238189697266,0.7266864333495806,0.409258200302611,8.644618904705984,9.263912881022668,1.9025932495171891,0.17005538025840564,1.0,m4_cross_resid
USO,F3,8,0.25710201263427734,0.7266864333495806,0.35380048509945905,18.227706537691557,-1.014926563913637,2.379548034432136,0.5184686302479833,1.0,m4_cross_resid
XLB,F3,8,0.24750900268554688,0.7266864333495806,0.3405994543543101,12.95201270199421,-1.8986966658553415,4.302024993295801,0.20094745815183698,1.0,m4_cross_resid
XLI,F3,8,0.2332000732421875,0.7266864333495806,0.3209088026692305,13.686390593329431,-1.470549500587481,3.161600606792991,0.27823194510456467,1.0,m4_cross_resid
XLK,F3,8,0.26268768310546875,0.7266864333495806,0.3614869784958541,12.415814121066008,-3.2046231167449424,2.49346391266813,0.356532534295385,1.0,m4_cross_resid
XLP,F3,8,0.2481861114501953,0.7266864333495806,0.34153123006054886,6.341084102960433,13.483034882233753,1.3867729325036295,0.10446045633198349,1.0,m4_cross_resid
XLU,F3,8,0.2519197463989258,0.7266864333495806,0.3466691200463584,2.720619892522339,1.5110449561097072,1.0048605892195388,0.055188730984438286,1.0,m4_cross_resid
XLV,F3,8,0.2146930694580078,0.7266864333495806,0.2954411416054706,9.6830754898467,-5.609850826393136,1.5650001996734308,-0.12430363654429905,1.0,m4_cross_resid
XLY,F3,8,0.27324533462524414,0.7266864333495806,0.37601546153235593,11.884358987062747,-2.26238808801701,2.6700520367123386,0.176790025956328,1.0,m4_cross_resid
^GDAXI,F3,8,0.22588157653808594,0.7266864333495806,0.310837750880954,15.448055710639203,-1.1016001364543617,3.958640262839372,0.43699701195694995,1.0,m4_cross_resid
DBC,F4,8,0.20004504919052124,0.764430555067306,0.2616915923421034,-4.5295582419843265,3.197368855331684,0.08143297180619981,-0.36307329268591315,1.0,m4_cross_resid
DIA,F4,8,0.2123267650604248,0.764430555067306,0.27775808234369964,-9.194264492087722,0.14725906070833925,-1.7346530522853418,0.26448335912625465,1.0,m4_cross_resid
EFA,F4,8,0.2220921516418457,0.764430555067306,0.2905328027112824,-5.8125842192348545,0.3011771812150143,-0.3934251091743534,0.16794773749987665,1.0,m4_cross_resid
EWA,F4,8,0.19734829664230347,0.764430555067306,0.25816379962065683,-10.81205799067492,0.13463698255736062,-0.8930215454186383,0.08313759536122993,1.0,m4_cross_resid
EWC,F4,8,0.18516600131988525,0.764430555067306,0.24222736793086708,-6.879720862349881,0.4383747664580357,-0.15832205836842428,0.1281177248905768,1.0,m4_cross_resid
EWG,F4,8,0.20034915208816528,0.764430555067306,0.2620894085932045,-0.9496466299392916,-1.1482340558130322,0.27683779086893123,0.11818728190762808,1.0,m4_cross_resid
EWJ,F4,8,0.22434782981872559,0.764430555067306,0.2934835981261534,-9.870079184066068,0.20999130043887684,-0.41459457872950956,0.08407526324482253,1.0,m4_cross_resid
EWU,F4,8,0.2078644335269928,0.764430555067306,0.2719206239848575,-6.308679123144071,0.5695887488391264,-0.0724504513093581,0.0673940735466867,1.0,m4_cross_resid
FXI,F4,8,0.20478272438049316,0.764430555067306,0.2678892451682058,-5.0574668154618845,0.2848656785167778,-0.46013462794375165,-0.022355324213196158,1.0,m4_cross_resid
GLD,F4,8,0.23292022943496704,0.764430555067306,0.30469769672466723,-6.863931895824235,0.30520921647660515,-0.35014634140457535,0.05191412320826231,1.0,m4_cross_resid
IWM,F4,8,0.20646047592163086,0.764430555067306,0.2700840181662448,-14.564566765604718,0.12650557989821115,-0.684552297655026,-0.11895780877884772,1.0,m4_cross_resid
IYR,F4,8,0.19716370105743408,0.764430555067306,0.2579223184505941,-3.5123334635828583,0.5207173162445977,-0.1902268431437459,0.2040751269159916,1.0,m4_cross_resid
LQD,F4,8,0.21751993894577026,0.764430555067306,0.28455160184775485,-0.05483316385134085,1.2619557576985954,0.06433030425287581,0.43979642157824317,1.0,m4_cross_resid
MDY,F4,8,0.21870005130767822,0.764430555067306,0.2860953815332804,-13.104537030296957,0.15823475920295782,-0.5361853783892482,-0.01277383797653492,1.0,m4_cross_resid
SPY,F4,8,0.18816542625427246,0.764430555067306,0.2461511055607988,-8.95488541040557,0.1821633081168224,-0.956392280409012,0.20409956749746272,1.0,m4_cross_resid
TIP,F4,8,0.20741605758666992,0.764430555067306,0.27133407503367984,-2.3834504260056564,0.36146800264925855,-0.8771454543538567,0.12120879090189828,1.0,m4_cross_resid
TLT,F4,8,0.24043607711791992,0.764430555067306,0.3145296528561057,5.697769187701455,-0.8319543406680313,0.2619360064198247,-0.22118096239365137,1.0,m4_cross_resid
USO,F4,8,0.22118079662322998,0.764430555067306,0.2893406015197229,-4.764999320099604,-0.3763155702613705,0.3085576287272003,-0.41018604497330513,1.0,m4_cross_resid
XLB,F4,8,0.20106875896453857,0.764430555067306,0.26303077190162166,-8.329035896582525,0.2307354949054811,-0.5158825639579689,0.08605280887693008,1.0,m4_cross_resid
XLI,F4,8,0.18535614013671875,0.764430555067306,0.24247610055356653,-8.567529761642309,0.18744541750901822,-0.7832243386322416,0.08424593809793045,1.0,m4_cross_resid
XLK,F4,8,0.19514119625091553,0.764430555067306,0.2552765518821182,-7.226475623363626,0.19224693485053598,-1.1456389465886518,0.19350843127933215,1.0,m4_cross_resid
XLP,F4,8,0.21496504545211792,0.764430555067306,0.2812093839357204,-3.2598476698748264,1.6701553183710869,0.0679965855417233,0.26064919001883163,1.0,m4_cross_resid
XLU,F4,8,0.2232283353805542,0.764430555067306,0.29201911658397744,-4.505084121243461,0.33238226484460676,-0.46907644732335263,-0.07708231029563145,1.0,m4_cross_resid
XLV,F4,8,0.19737625122070312,0.764430555067306,0.2582003687742763,-5.048534276030356,0.2541798863070501,-0.9514956476348199,0.0026707342951628977,1.0,m4_cross_resid
XLY,F4,8,0.19412006437778473,0.764430555067306,0.25394074463793903,-10.839893588787845,0.13149939160618146,-1.483798336136978,0.2696517060152746,1.0,m4_cross_resid
^GDAXI,F4,8,0.21431005001068115,0.764430555067306,0.28035254293545575,1.9899102249947114,-0.8963022811916707,0.49241667897497915,0.5969858879961155,1.0,m4_cross_resid
DBC,F1,9,0.27104997634887695,0.6937511525205368,0.3907020195412983,34.56466502020612,-0.5687351740331291,4.601777699420743,0.30275551998267647,1.0,m4_cross_resid
DIA,F1,9,0.2534613609313965,0.6937511525205368,0.3653491024995355,13.043682426302968,-3.7245911759145813,3.7751572032352336,-0.1694234751269855,1.0,m4_cross_resid
EFA,F1,9,0.2508988380432129,0.6937511525205368,0.3616553819502097,17.273282639636236,-1.6015257674268188,3.703909176393195,0.10313268224989579,1.0,m4_cross_resid
EWA,F1,9,0.2502455711364746,0.6937511525205368,0.3607137375228601,15.06479849950603,-5.002358135583021,2.691748265315939,-0.09633115194772553,1.0,m4_cross_resid
EWC,F1,9,0.2649245262145996,0.6937511525205368,0.3818725565385741,13.943917686935908,-2.787860160594027,1.7869963834628195,0.15070019256890635,1.0,m4_cross_resid
EWG,F1,9,0.261157751083374,0.6937511525205368,0.37644297978394076,16.28123037057886,-1.955817484264858,3.2161318736255304,0.20599759796282902,1.0,m4_cross_resid
EWJ,F1,9,0.25069475173950195,0.6937511525205368,0.36136120398312527,7.958908724231464,3.9730002027004634,2.522470163991858,-0.44204999596281286,1.0,m4_cross_resid
EWU,F1,9,0.22355937957763672,0.6937511525205368,0.3222472189997822,18.516173404415774,-1.4775309924180715,3.971678453519932,-0.05567802255156973,1.0,m4_cross_resid
FXI,F1,9,0.27166104316711426,0.6937511525205368,0.39158283511330444,9.142278102976778,5.221306176198941,3.4863474243358468,-0.339919361335805,1.0,m4_cross_resid
GLD,F1,9,0.24710702896118164,0.6937511525205368,0.3561897202813896,28.56855522311161,-0.8461101034678719,5.708030324698843,-0.1524147075335976,1.0,m4_cross_resid
IWM,F1,9,0.2690706253051758,0.6937511525205368,0.38784890565959906,6.892533527685718,2.8451003111623,2.1085952250384845,0.011878952991920256,1.0,m4_cross_resid
IYR,F1,9,0.23718857765197754,0.6937511525205368,0.34189287728059836,4.656129583730135,1.4769770939598854,0.7761573976275769,-0.04732355566427004,1.0,m4_cross_resid
LQD,F1,9,0.2996387481689453,0.6937511525205368,0.4319109915425694,15.636798889549876,-4.262611797686917,2.5043392092642645,0.09016441145619714,1.0,m4_cross_resid
MDY,F1,9,0.25486183166503906,0.6937511525205368,0.36736779569889727,9.072392400973829,5.9559787066059044,2.930430317468822,0.14837093893078665,1.0,m4_cross_resid
SPY,F1,9,0.2776679992675781,0.6937511525205368,0.400241496188878,6.286272869794795,2.019976799386536,2.2424375694418033,-0.2614564918126247,1.0,m4_cross_resid
TIP,F1,9,0.29340314865112305,0.6937511525205368,0.4229227549174235,14.529687533925175,-5.277624799612435,1.7516541550874942,0.60243460840112,1.0,m4_cross_resid
TLT,F1,9,0.27158594131469727,0.6937511525205368,0.3914745803707442,4.461596678054976,1.7273786364396855,1.5012430853672996,0.1806919238258786,1.0,m4_cross_resid
USO,F1,9,0.3114657402038574,0.6937511525205368,0.44895887966778875,19.877931507096243,-1.8242375110473878,3.049292135309766,0.6657189806235557,1.0,m4_cross_resid
XLB,F1,9,0.28259706497192383,0.6937511525205368,0.4073464439593248,12.143619842071116,-6.595666483833613,4.0859343343863275,-0.158432250899345,1.0,m4_cross_resid
XLI,F1,9,0.27706193923950195,0.6937511525205368,0.3993678975997092,9.176440520834777,5.53297254143931,3.428306728348634,-0.30732062794781123,1.0,m4_cross_resid
XLK,F1,9,0.23555707931518555,0.6937511525205368,0.3395411718731703,8.51638403176627,4.871472535966731,3.157571423459091,-0.3501310657464337,1.0,m4_cross_resid
XLP,F1,9,0.2637810707092285,0.6937511525205368,0.380224335124863,8.93786723891876,3.0843387290101973,2.043053873744301,0.20786993375621185,1.0,m4_cross_resid
XLU,F1,9,0.2579817771911621,0.6937511525205368,0.3718650070041148,8.480116236218477,4.366501016616247,1.7579338266028985,-0.05148823406028746,1.0,m4_cross_resid
XLV,F1,9,0.23566722869873047,0.6937511525205368,0.339699945495592,5.999014151421919,1.9527677526494052,1.8719451294139238,-0.04291470399901681,1.0,m4_cross_resid
XLY,F1,9,0.26080989837646484,0.6937511525205368,0.3759415713096696,9.586989426013588,6.303349286494191,2.637633099151612,-0.18145485028399053,1.0,m4_cross_resid
^GDAXI,F1,9,0.24329853057861328,0.6937511525205368,0.3507000020031117,3.9467004116109408,2.177123799214918,1.3121700408640362,-0.08179526815403043,1.0,m4_cross_resid
DBC,F2,9,0.29258251190185547,0.7257037611502534,0.4031707255287019,12.042518067872695,-5.430428591592759,4.601300711513302,-0.38688105355903235,1.0,m4_cross_resid
DIA,F2,9,0.26620006561279297,0.7257037611502534,0.36681643373442235,7.487921862849102,3.1004214320573227,2.891633034953813,0.32268986050606824,1.0,m4_cross_resid
EFA,F2,9,0.24006938934326172,0.7257037611502534,0.33080907416374344,6.756076242964591,2.430081801027768,2.0485829736195806,0.30555448459093215,1.0,m4_cross_resid
EWA,F2,9,0.2517518997192383,0.7257037611502534,0.34690725499370023,7.7483057305711664,4.257239024137243,3.8016014745076703,-0.011371419868728947,1.0,m4_cross_resid
EWC,F2,9,0.23097896575927734,0.7257037611502534,0.3182827182722211,6.835909651180801,2.6058661011938096,3.073684563839264,0.45133815533198707,1.0,m4_cross_resid
EWG,F2,9,0.2224893569946289,0.7257037611502534,0.3065842688233823,3.618190037415845,1.5066338518908935,1.4131143848532448,0.11153592756273557,1.0,m4_cross_resid
EWJ,F2,9,0.23408126831054688,0.7257037611502534,0.32255760661833127,6.207243531945479,2.232335913306659,2.5741765665109337,0.14625968319232924,1.0,m4_cross_resid
EWU,F2,9,0.23173141479492188,0.7257037611502534,0.3193195725313914,11.670415378620815,-7.320363716586068,3.6320531779474723,0.38328084226716325,1.0,m4_cross_resid
FXI,F2,9,0.22087574005126953,0.7257037611502534,0.30436074866303237,4.991060648619846,1.8580236562116506,1.2886078922923432,-0.1552045444207013,1.0,m4_cross_resid
GLD,F2,9,0.24902629852294922,0.7257037611502534,0.3431514508457805,16.74138851637527,-1.6783001821330326,3.6922167288696213,0.07381094829531998,1.0,m4_cross_resid
IWM,F2,9,0.2515525817871094,0.7257037611502534,0.346632600316683,6.256108107921857,2.1705138197808704,2.4929370528338417,-0.057786433614374765,1.0,m4_cross_resid
IYR,F2,9,0.22964096069335938,0.7257037611502534,0.3164389837657371,4.481666684199747,2.7373724511898496,1.1618347355759433,-0.14264149824238218,1.0,m4_cross_resid
LQD,F2,9,0.2685890197753906,0.7257037611502534,0.37010834744699717,9.773109228904495,-4.839667490186197,1.2132795985407494,0.619845862979665,1.0,m4_cross_resid
MDY,F2,9,0.24223709106445312,0.7257037611502534,0.33379610804345705,7.465716952591135,4.155591244950815,2.76142363685202,-0.03570027641964316,1.0,m4_cross_resid
SPY,F2,9,0.24614238739013672,0.7257037611502534,0.33917749992089974,5.3945711136326775,1.965727623073625,2.37234104627519,-0.10093352082497073,1.0,m4_cross_resid
TIP,F2,9,0.28058624267578125,0.7257037611502534,0.38664019355645485,14.108617183728946,-2.028099705904117,2.612631242779012,0.07054966796325464,1.0,m4_cross_resid
TLT,F2,9,0.25978946685791016,0.7257037611502534,0.3579828034047105,12.939528652930719,-2.7290426486698602,2.609085030894981,0.20156898929829087,1.0,m4_cross_resid
USO,F2,9,0.2545738220214844,0.7257037611502534,0.35079578699989145,10.82698005581343,-8.033678954515404,4.087763279114621,-0.3815226486089847,1.0,m4_cross_resid
XLB,F2,9,0.23026275634765625,0.7257037611502534,0.317295801227054,6.693611461586397,2.790487210585803,2.602302935104519,0.26508275217096006,1.0,m4_cross_resid
XLI,F2,9,0.2579050064086914,0.7257037611502534,0.3553860682765477,5.869996371114425,2.0606962231031063,2.2967388520651384,0.24785159316404334,1.0,m4_cross_resid
XLK,F2,9,0.2396564483642578,0.7257037611502534,0.3302400527515499,2.4735759755553817,1.3471571335957961,1.0631484135769576,0.06489136151801132,1.0,m4_cross_resid
XLP,F2,9,0.23277759552001953,0.7257037611502534,0.32076118105142915,9.780521789611122,44.97728990732267,3.554685714982987,-0.3387761226466715,1.0,m4_cross_resid
XLU,F2,9,0.26368236541748047,0.7257037611502534,0.3633471114984153,4.683083840271192,1.9959548527486266,1.1287783162978131,-0.05449356709124651,1.0,m4_cross_resid
XLV,F2,9,0.22589683532714844,0.7257037611502534,0.31127968107688725,10.335125590968834,12.259842427978061,3.0786787098114354,-0.20874582093315283,1.0,m4_cross_resid
XLY,F2,9,0.23302841186523438,0.7257037611502534,0.32110679913781925,9.416394097931587,6.39931178944506,3.280963410031892,0.16427259180793416,1.0,m4_cross_resid
^GDAXI,F2,9,0.2260589599609375,0.7257037611502534,0.31150308440269076,4.071959438963338,1.6877992300628237,1.6396576127480316,0.25698200305154095,1.0,m4_cross_resid
DBC,F3,9,0.2916679382324219,0.735814138523555,0.3963880591064301,18.770980328825047,-1.1185535637876376,2.5163386098169407,0.3418674768036973,1.0,m4_cross_resid
DIA,F3,9,0.2590599060058594,0.735814138523555,0.35207247651652224,7.224803854543213,10.178720052007598,1.8894365459565636,0.5464793306780987,1.0,m4_cross_resid
EFA,F3,9,0.26216983795166016,0.735814138523555,0.3562989948490471,16.33634349930677,-1.3623080091129987,5.143066304329104,0.4149494328565518,1.0,m4_cross_resid
EWA,F3,9,0.25180768966674805,0.735814138523555,0.342216432769302,10.696962574707305,-3.4044333611458257,2.60636799575438,0.1293676546387162,1.0,m4_cross_resid
EWC,F3,9,0.2629709243774414,0.735814138523555,0.3573877024232025,15.934531634344026,-1.2238028765030862,2.2666030731761357,0.21120491793749477,1.0,m4_cross_resid
EWG,F3,9,0.2660236358642578,0.735814138523555,0.36153645592900197,19.54612122669099,-0.8511724674302761,5.500351225910105,0.43125447128858824,1.0,m4_cross_resid
EWJ,F3,9,0.26851940155029297,0.735814138523555,0.36492829845467434,20.320003218920146,-0.8486928074806138,5.480232304709207,0.6082068564964744,1.0,m4_cross_resid
EWU,F3,9,0.2795705795288086,0.735814138523555,0.3799472786562376,16.569963499218265,-1.13140590931478,3.9356908105529205,0.5811027084757068,1.0,m4_cross_resid
FXI,F3,9,0.26120615005493164,0.735814138523555,0.35498930555894703,13.044617056017485,-2.993789786072763,2.8502153442908646,0.02980919779701254,1.0,m4_cross_resid
GLD,F3,9,0.2773733139038086,0.735814138523555,0.3769611093099827,13.839828777080951,-11.86627277845344,1.2445153165598715,-0.4351688880923212,1.0,m4_cross_resid
IWM,F3,9,0.2578258514404297,0.735814138523555,0.3503953484201447,16.791622086142954,-1.2697090948163805,2.239478504604936,0.4049933504808483,1.0,m4_cross_resid
IYR,F3,9,0.2810802459716797,0.735814138523555,0.3819989740013424,6.9472514342833795,6.42013960284131,1.4843635111572457,0.39607059716801796,1.0,m4_cross_resid
LQD,F3,9,0.2938666343688965,0.735814138523555,0.3993761725733531,9.857162836459961,-5.738355760568914,1.4305255891978335,-0.022487394802202014,1.0,m4_cross_resid
MDY,F3,9,0.24608898162841797,0.735814138523555,0.3344444863783222,15.292904595797202,-1.3694222493294212,2.4088517410398538,0.45912017028279756,1.0,m4_cross_resid
SPY,F3,9,0.25890684127807617,0.735814138523555,0.3518644556050318,10.061073427703956,-3.8060983545537352,1.8931687694649546,0.5136302713519111,1.0,m4_cross_resid
TIP,F3,9,0.2863588333129883,0.735814138523555,0.38917277926675947,20.45603941746718,-1.0581065636446212,4.424534777531331,0.009306891822906378,1.0,m4_cross_resid
TLT,F3,9,0.30574512481689453,0.735814138523555,0.415519502561321,14.177358608063173,-2.203367044870262,2.876437036720147,0.010656222371258992,1.0,m4_cross_resid
USO,F3,9,0.26124143600463867,0.735814138523555,0.35503726053542767,14.536230468591226,-1.3872268839700412,2.2912136747689726,0.5360453346235903,1.0,m4_cross_resid
XLB,F3,9,0.2918519973754883,0.735814138523555,0.39663820263239674,15.746870454606507,-1.3040865573095919,4.073592266180835,0.7119282264897046,1.0,m4_cross_resid
XLI,F3,9,0.2547492980957031,0.735814138523555,0.34621419290320965,8.967807221616125,-25.548880631646114,2.476893612880104,0.46419848478396464,1.0,m4_cross_resid
XLK,F3,9,0.2413320541381836,0.735814138523555,0.3279796371165516,7.222565708467107,3.9212948247048516,2.004880750066626,0.408324087186605,1.0,m4_cross_resid
XLP,F3,9,0.25161314010620117,0.735814138523555,0.3419520323584357,4.517597584353352,3.5109747055082363,1.4199699458434643,-0.023206652302283817,1.0,m4_cross_resid
XLU,F3,9,0.240997314453125,0.735814138523555,0.32752471288020807,4.345403088158838,1.9395608382945237,1.245714045924234,0.3129029077035124,1.0,m4_cross_resid
XLV,F3,9,0.2831878662109375,0.735814138523555,0.3848633117857276,4.870736347794937,4.267943403395572,1.0989618866570985,-0.025139730616119772,1.0,m4_cross_resid
XLY,F3,9,0.2599811553955078,0.735814138523555,0.353324490226801,4.872506393021802,2.452985720716973,1.0108027623002014,0.10641942433008342,1.0,m4_cross_resid
^GDAXI,F3,9,0.2875704765319824,0.735814138523555,0.3908194494726696,18.063192519727522,-0.9428533505351109,4.191032312756069,0.31101670326194153,1.0,m4_cross_resid
DBC,F4,9,0.2679262161254883,0.7705609933721081,0.34770280150439076,-5.683696308111221,1.0459234154743606,0.039472083520043874,-0.28599511266641303,1.0,m4_cross_resid
DIA,F4,9,0.2737388610839844,0.7705609933721081,0.35524619522467105,2.903515321618924,2.411535780287566,0.8701213921414944,0.19941742139001473,1.0,m4_cross_resid
EFA,F4,9,0.25280189514160156,0.7705609933721081,0.3280751261951332,3.637347229646303,2.0349922803868337,1.2655107568023987,0.07788847782224372,1.0,m4_cross_resid
EWA,F4,9,0.2557029724121094,0.7705609933721081,0.3318400160551976,1.8637381616074595,2.5760628859360355,0.7796345110731602,0.06258241315761408,1.0,m4_cross_resid
EWC,F4,9,0.27216196060180664,0.7705609933721081,0.3531997634746327,3.0340653112571356,2.116823203895347,0.9854235401637754,-0.026641373535317855,1.0,m4_cross_resid
EWG,F4,9,0.24048995971679688,0.7705609933721081,0.3120972405628414,4.572395787563179,4.235194698082382,1.1120426857479502,-0.007963249422990355,1.0,m4_cross_resid
EWJ,F4,9,0.25603580474853516,0.7705609933721081,0.33227195115091174,-0.7080618596373895,1.5812928381873463,0.4386623763135248,-0.1297592212916492,1.0,m4_cross_resid
EWU,F4,9,0.2547769546508789,0.7705609933721081,0.33063827113273786,6.3542496077994155,6.234082093790874,1.4693014536069187,-0.00473351373339323,1.0,m4_cross_resid
FXI,F4,9,0.2894763946533203,0.7705609933721081,0.37566967072459967,5.6429876033021955,6.263638359962241,1.4139088751493811,-0.015806898474749215,1.0,m4_cross_resid
GLD,F4,9,0.29123687744140625,0.7705609933721081,0.37795434747728834,9.42363292319831,-35.94279047152219,1.7295342902078346,0.31299309949111875,1.0,m4_cross_resid
IWM,F4,9,0.26628875732421875,0.7705609933721081,0.34557777984438726,1.6996038186825562,1.2250749410125967,0.42640760818853923,0.07903310434048795,1.0,m4_cross_resid
IYR,F4,9,0.25212669372558594,0.7705609933721081,0.32719887963993083,0.7873086767523461,1.947962902810224,0.7118894048361774,-0.08468413325011946,1.0,m4_cross_resid
LQD,F4,9,0.2098836898803711,0.7705609933721081,0.2723777763027996,12.600779646215686,-5.975565243099212,3.608293180325892,0.4429486699043774,1.0,m4_cross_resid
MDY,F4,9,0.27944183349609375,0.7705609933721081,0.3626472607615498,1.4958654051116422,1.353899038494651,0.4408421649424397,-0.03783715490764234,1.0,m4_cross_resid
SPY,F4,9,0.2830657958984375,0.7705609933721081,0.3673502789956868,1.1800693321840283,1.7293364226251802,0.6272448636088915,0.16850767523713292,1.0,m4_cross_resid
TIP,F4,9,0.2776460647583008,0.7705609933721081,0.3603167914628972,11.234818738179568,-14.54094568859019,2.94411183452736,0.21961892703156172,1.0,m4_cross_resid
TLT,F4,9,0.29146289825439453,0.7705609933721081,0.3782476672987332,18.34169442907928,-1.4091866406920324,3.0420659581314133,0.4450845032405864,1.0,m4_cross_resid
USO,F4,9,0.2550506591796875,0.7705609933721081,0.3309934727730529,4.612158821922893,20.10282002613001,1.153199701141945,-0.3723891532731338,1.0,m4_cross_resid
XLB,F4,9,0.25345277786254883,0.7705609933721081,0.3289198130227117,2.2682170757416715,4.822019050575294,0.7284365965326604,-0.10109347802488043,1.0,m4_cross_resid
XLI,F4,9,0.27266836166381836,0.7705609933721081,0.3538569483910345,-0.0213334630943951,1.9405248560749129,0.5478110201931593,-0.13266759143697204,1.0,m4_cross_resid
XLK,F4,9,0.24923992156982422,0.7705609933721081,0.32345255432552744,2.3306554483149906,1.390325039375754,0.5863382492096301,0.173539972254056,1.0,m4_cross_resid
XLP,F4,9,0.272186279296875,0.7705609933721081,0.35323132320225653,5.3288093616303,5.612301176208079,1.1058783638831866,-0.023636473570535298,1.0,m4_cross_resid
XLU,F4,9,0.2788658142089844,0.7705609933721081,0.3618997283895975,12.674183882661803,-5.175780333186654,3.297879475188006,-0.02044981940143476,1.0,m4_cross_resid
XLV,F4,9,0.2467937469482422,0.7705609933721081,0.320278017017485,4.219377642021246,4.290324480055394,1.1742407127250722,-0.013158056943843904,1.0,m4_cross_resid
XLY,F4,9,0.2468252182006836,0.7705609933721081,0.32031885901793933,5.031365405969659,2.414502624748502,1.0985624304873405,0.29226835429341597,1.0,m4_cross_resid
^GDAXI,F4,9,0.24996280670166016,0.7705609933721081,0.32439068269960003,6.086957815851871,5.636087496729543,1.4273604519012062,0.13208610827807316,1.0,m4_cross_resid
DBC,F5,9,0.3192443251609802,0.6796798426712481,0.46969809183438493,6.29008654512735,-11.261688215074964,0.31537496275264476,0.009350155014532461,1.0,m4_cross_resid
DIA,F5,9,0.3254697322845459,0.6796798426712481,0.4788574146989543,9.608501966077327,-0.6801436793100849,1.5697280114970185,0.16448754412321426,1.0,m4_cross_resid
EFA,F5,9,0.2791992425918579,0.6796798426712481,0.41078052498152834,10.23293461068624,-0.457841423173985,1.5450116031272734,0.31334414334153426,1.0,m4_cross_resid
EWA,F5,9,0.3249029517173767,0.6796798426712481,0.47802352125150166,7.4070416170864455,-0.655484868157215,1.517268768868124,0.073138517651894,1.0,m4_cross_resid
EWC,F5,9,0.316727876663208,0.6796798426712481,0.4659956891150661,11.444058168657211,-0.4044096007561926,2.322995993639331,0.3571518845027504,1.0,m4_cross_resid
EWG,F5,9,0.29945385456085205,0.6796798426712481,0.4405807495834385,8.104447525166648,-0.4440552443635302,1.133569007606662,0.23262704272881987,1.0,m4_cross_resid
EWJ,F5,9,0.33381950855255127,0.6796798426712481,0.49114228140206184,8.220617913772642,-0.4562719909940578,0.9134091138606655,-0.014430877192631983,1.0,m4_cross_resid
EWU,F5,9,0.299685001373291,0.6796798426712481,0.44092083148366157,8.646605167102646,-0.5940253229685349,2.1217065076847725,0.47458649730859753,1.0,m4_cross_resid
FXI,F5,9,0.34793317317962646,0.6796798426712481,0.5119074472066063,8.77029949674379,-0.49503468655129407,1.8386527890838762,0.49209272634649975,1.0,m4_cross_resid
GLD,F5,9,0.3058395981788635,0.6796798426712481,0.4499759724767856,9.795909035541303,-0.6296232729504095,1.070842015756458,-0.010097066933451061,1.0,m4_cross_resid
IWM,F5,9,0.28937387466430664,0.6796798426712481,0.42575026725380294,7.661940717284466,-0.8053243229226515,1.3477950253035265,0.2549836293920224,1.0,m4_cross_resid
IYR,F5,9,0.2831212282180786,0.6796798426712481,0.41655086769289473,15.355522104420903,-0.23775205523317747,3.5558825760141257,0.3589108256336137,1.0,m4_cross_resid
LQD,F5,9,0.31190431118011475,0.6796798426712481,0.45889886914150935,12.607823065213806,-0.32636200542487837,2.1802970471076337,0.13174698909347923,1.0,m4_cross_resid
MDY,F5,9,0.3210153579711914,0.6796798426712481,0.4723037786578322,4.394053689656703,-41.176846569423226,0.6886872219780009,0.2144693639150302,1.0,m4_cross_resid
SPY,F5,9,0.286337673664093,0.6796798426712481,0.4212831625824611,8.509639727871786,-0.7982505994980714,1.488903339992287,0.17804249648195788,1.0,m4_cross_resid
TIP,F5,9,0.27809494733810425,0.6796798426712481,0.4091557964190134,10.564212659419887,-0.3680721774461675,3.0561273954347015,0.03605175782468616,1.0,m4_cross_resid
TLT,F5,9,0.3646724224090576,0.6796798426712481,0.5365355856013589,16.652779882936915,-0.24544170099092238,3.1179537503773065,-0.044514859083609346,1.0,m4_cross_resid
USO,F5,9,0.3152427077293396,0.6796798426712481,0.46381058836523154,4.055420126751811,1.3485546893113072,0.06991154278720288,-0.019592992958162598,1.0,m4_cross_resid
XLB,F5,9,0.31586289405822754,0.6796798426712481,0.4647230566921581,9.144046961489504,-0.5538285672070072,1.9252118188877778,0.4472115875649638,1.0,m4_cross_resid
XLI,F5,9,0.34007543325424194,0.6796798426712481,0.5003465041977592,6.565539875115864,-1.230584271130814,1.0473288419361424,0.2289279996832561,1.0,m4_cross_resid
XLK,F5,9,0.27657175064086914,0.6796798426712481,0.4069147461456248,10.543678556325274,-0.5056831943412433,1.510144786831863,-0.03547333398678942,1.0,m4_cross_resid
XLP,F5,9,0.30654335021972656,0.6796798426712481,0.45101138944324615,3.314140688065294,-4.00743885365549,1.2718012501010254,0.32007880720496196,1.0,m4_cross_resid
XLU,F5,9,0.33271968364715576,0.6796798426712481,0.4895241299778957,4.5046052923285185,-4.34963318497729,0.7348926252179214,0.07733009868881568,1.0,m4_cross_resid
XLV,F5,9,0.3185519576072693,0.6796798426712481,0.4686794246469194,3.945616744950395,-12.72544887545438,1.0259614716157521,0.3867423166457098,1.0,m4_cross_resid
XLY,F5,9,0.28628218173980713,0.6796798426712481,0.42120151837175773,12.266252541382364,-0.49889060319719003,1.4588119979998213,0.13046763417233156,1.0,m4_cross_resid
^GDAXI,F5,9,0.2851969003677368,0.6796798426712481,0.41960476457101975,7.994776573710925,-0.5033723509512402,1.2684755571320667,0.07385889550402736,1.0,m4_cross_resid
DBC,F1,0,0.23824834823608398,0.6926058524562165,0.3439883555577449,29.578219869487306,-0.7381157864825315,4.65443948567335,0.1620450430844177,1.0,m4_cross_base
DIA,F1,0,0.2420501708984375,0.6926058524562165,0.34947751313397807,10.817096393548917,-11.049620821496903,2.9014240386877725,-0.2479571276891233,1.0,m4_cross_base
EFA,F1,0,0.2518196105957031,0.6926058524562165,0.3635828512026933,13.015261248518442,-5.756280045557568,3.7962716769520815,0.19225646936236915,1.0,m4_cross_base
EWA,F1,0,0.21675467491149902,0.6926058524562165,0.3129553037168442,19.104578533879202,-1.3077172993184283,3.4792651706201028,-0.07084686740544081,1.0,m4_cross_base
EWC,F1,0,0.2503790855407715,0.6926058524562165,0.3615029885364697,11.365174333510346,-6.2863370863444805,1.6582509815326352,0.19375140538564228,1.0,m4_cross_base
EWG,F1,0,0.27840137481689453,0.6926058524562165,0.4019622037982907,12.982748425134183,-3.8980061630419893,2.9509439577403938,-0.14008531817305303,1.0,m4_cross_base
EWJ,F1,0,0.25448060035705566,0.6926058524562165,0.3674248484250901,9.818689226837407,7.052423896941856,2.31297344331591,-0.15495681451854076,1.0,m4_cross_base
EWU,F1,0,0.2519383430480957,0.6926058524562165,0.3637542798037822,17.722066817993557,-1.6112206212423632,4.378506160008942,-0.0222431081586348,1.0,m4_cross_base
FXI,F1,0,0.2745795249938965,0.6926058524562165,0.39644413055440386,5.157999420269515,2.2580660897719627,1.8152014237865683,-0.026337333420711845,1.0,m4_cross_base
GLD,F1,0,0.25839996337890625,0.6926058524562165,0.3730837134317186,17.68783475987736,-2.36530580569257,4.615202833878507,-0.03800327538442322,1.0,m4_cross_base
IWM,F1,0,0.24866867065429688,0.6926058524562165,0.3590334528252006,15.237614737387842,-1.8016706788593109,3.825421316217682,-0.3396022098962015,1.0,m4_cross_base
IYR,F1,0,0.22461509704589844,0.6926058524562165,0.3243043590367259,6.909085743253502,2.6340918227582732,1.666925879879075,0.19818120454609145,1.0,m4_cross_base
LQD,F1,0,0.2786087989807129,0.6926058524562165,0.40226168749898816,9.640959435033324,5.0391312649229985,1.6666562834720322,0.4107191104338359,1.0,m4_cross_base
MDY,F1,0,0.26148343086242676,0.6926058524562165,0.3775356935479499,10.760060781426736,-20.682231099562053,4.878583123017019,-0.41101443619811423,1.0,m4_cross_base
SPY,F1,0,0.23299646377563477,0.6926058524562165,0.33640556594973875,5.740594436498039,2.003884262768338,1.5725229754274408,-0.3546798275175678,1.0,m4_cross_base
TIP,F1,0,0.24287843704223633,0.6926058524562165,0.3506733825319358,13.478333020109677,-6.3113304167223125,2.608026627083977,0.5156289231506731,1.0,m4_cross_base
TLT,F1,0,0.24923372268676758,0.6926058524562165,0.3598492877339973,4.99334122469609,1.7816080080133858,1.0270282316488133,0.5218226660980788,1.0,m4_cross_base
USO,F1,0,0.25261712074279785,0.6926058524562165,0.3647343143967545,28.281259429558688,-0.7910304688928359,2.802291667815337,0.502359063295626,1.0,m4_cross_base
XLB,F1,0,0.22744035720825195,0.6926058524562165,0.32838353358070954,8.543017206809026,7.535393777831565,2.272647279918708,-0.31746791867492175,1.0,m4_cross_base
XLI,F1,0,0.2514359951019287,0.6926058524562165,0.3630289784734722,13.022820938241463,-3.322690517924252,3.5212323979821374,-0.48918870982746976,1.0,m4_cross_base
XLK,F1,0,0.25127220153808594,0.6926058524562165,0.3627924896201628,10.827920825512434,-85.07403292026005,3.1247059957471666,-0.34683655100747224,1.0,m4_cross_base
XLP,F1,0,0.24864912033081055,0.6926058524562165,0.35900522562582454,8.598875258044849,3.2867746376420395,1.6997493799053123,0.40912716655019726,1.0,m4_cross_base
XLU,F1,0,0.27501964569091797,0.6926058524562165,0.3970795867745046,5.65119435140118,2.027698818586579,1.554242137729257,0.07726407821494767,1.0,m4_cross_base
XLV,F1,0,0.24246931076049805,0.6926058524562165,0.35008267674987037,2.524832570349486,1.485559826848122,0.9642150795760486,-0.2863438361099073,1.0,m4_cross_base
XLY,F1,0,0.23725509643554688,0.6926058524562165,0.342554276135784,5.526596171736425,2.2025258175191507,1.4585219909644782,-0.2174575211324193,1.0,m4_cross_base
^GDAXI,F1,0,0.2500333786010742,0.6926058524562165,0.3610038490353072,13.853352462749816,-4.147120026051488,3.2547704039623,-0.06307176230739588,1.0,m4_cross_base
DBC,F5,0,0.23137903213500977,0.7676587939186799,0.30140869090274547,14.277930565444908,6.345997317268259,1.0768365436102456,0.42380836892798407,1.0,m4_cross_base
DIA,F5,0,0.24866962432861328,0.7676587939186799,0.32393248966669885,8.919487513937586,11.655567282093056,2.020146672373904,0.0011242742367763225,1.0,m4_cross_base
EFA,F5,0,0.23779821395874023,0.7676587939186799,0.30977071563897285,10.129998571822604,-5.3229285939142175,1.7635289891633286,-0.13192751484428905,1.0,m4_cross_base
EWA,F5,0,0.2185373306274414,0.7676587939186799,0.28468029332650574,14.310355948547588,-1.8447718966003364,3.491539724440428,-0.2934473658925648,1.0,m4_cross_base
EWC,F5,0,0.21176385879516602,0.7676587939186799,0.2758567484313854,13.622233348976813,-2.9160592683014364,3.0510155121395477,-0.003070044448879329,1.0,m4_cross_base
EWG,F5,0,0.21387195587158203,0.7676587939186799,0.278602886550451,16.820752219412746,-1.583042458878978,2.311965084067714,-0.13855785751244676,1.0,m4_cross_base
EWJ,F5,0,0.26270079612731934,0.7676587939186799,0.34221036508460545,16.623966332103635,-1.804074309548076,2.5999634458508734,-0.2955263334008767,1.0,m4_cross_base
EWU,F5,0,0.22457408905029297,0.7676587939186799,0.2925441496005095,13.581205213715565,-5.594260100953225,2.8591631030490774,-0.04445462970037782,1.0,m4_cross_base
FXI,F5,0,0.23398399353027344,0.7676587939186799,0.3048020753280916,20.748241309031364,-1.1004698032958957,3.324629702376249,0.27268283627434386,1.0,m4_cross_base
GLD,F5,0,0.2680854797363281,0.7676587939186799,0.3492247882263264,18.0501411555311,-2.919437453795156,2.0570523247502734,0.15013702335485013,1.0,m4_cross_base
IWM,F5,0,0.23454999923706055,0.7676587939186799,0.30553938949848997,15.923491208771644,-2.5170436817168182,2.6963406867694095,-0.30891146805357755,1.0,m4_cross_base
IYR,F5,0,0.25055360794067383,0.7676587939186799,0.3263866836744863,11.261566096553562,-5.6042730255487525,4.566139955014573,0.6007934748000986,1.0,m4_cross_base
LQD,F5,0,0.25298547744750977,0.7676587939186799,0.32955458786069636,19.784570627576002,-1.0493766742534874,4.2202944577676265,-0.41778083797071935,1.0,m4_cross_base
MDY,F5,0,0.23276567459106445,0.7676587939186799,0.30321501744656876,8.130202194476759,4.9972604955452535,1.575808838844114,-0.05088054738305325,1.0,m4_cross_base
SPY,F5,0,0.22783327102661133,0.7676587939186799,0.29678976236771454,16.123962858792858,-3.2708065472264125,2.193443846134478,-0.030732614630865473,1.0,m4_cross_base
TIP,F5,0,0.2542600631713867,0.7676587939186799,0.33121494234888055,22.385552233008802,-0.8554510886500749,6.026950951614452,-0.5587463466209627,1.0,m4_cross_base
TLT,F5,0,0.2636423110961914,0.7676587939186799,0.3434368409308156,20.168259150107847,-1.184213274488537,4.328530469166877,-0.298944212003079,1.0,m4_cross_base
USO,F5,0,0.2501101493835449,0.7676587939186799,0.32580900702876564,16.016534635275516,-6.303241326093153,1.6871186916602736,0.2451542643477646,1.0,m4_cross_base
XLB,F5,0,0.22664451599121094,0.7676587939186799,0.29524121626257305,12.96911413978829,-3.6072722802900046,3.671170190169604,-0.02749095287706511,1.0,m4_cross_base
XLI,F5,0,0.2368917465209961,0.7676587939186799,0.30858989488250516,11.202707729955737,38.55190587434339,1.4078771669729353,-0.1733678974416839,1.0,m4_cross_base
XLK,F5,0,0.23709440231323242,0.7676587939186799,0.3088538868980226,12.433686122516853,-34.27092348025821,2.120964263498642,-0.19300067263278656,1.0,m4_cross_base
XLP,F5,0,0.2273092269897461,0.7676587939186799,0.29610711007347046,7.860768291518598,12.266391586608345,2.8754137705568463,-0.2525398750890353,1.0,m4_cross_base
XLU,F5,0,0.21677732467651367,0.7676587939186799,0.28238760031644666,10.15339452770836,-26.729251096618928,2.0888240915488443,0.19852031127504638,1.0,m4_cross_base
XLV,F5,0,0.19420194625854492,0.7676587939186799,0.2529795109454804,10.848145311309482,-3.892813614146804,3.108438564608313,0.23713931379809566,1.0,m4_cross_base
XLY,F5,0,0.2318110466003418,0.7676587939186799,0.3019714597640604,9.739326284308156,6.372558618633975,1.4617812023152803,-0.3482951277455789,1.0,m4_cross_base
^GDAXI,F5,0,0.21834754943847656,0.7676587939186799,0.28443307256844463,11.439351494968564,-25.412555410491855,1.8671378895751645,0.006069932918132468,1.0,m4_cross_base
DBC,F2,0,0.25774383544921875,0.6885303236163111,0.3743391200194235,4.150102792395625,2.092943175379868,1.070051430499574,-0.1996408603822634,1.0,m4_cross_base
DIA,F2,0,0.24117279052734375,0.6885303236163111,0.35027185042577613,2.845767862150386,1.3413871979474363,0.683917167015828,0.2502396147685535,1.0,m4_cross_base
EFA,F2,0,0.2361159324645996,0.6885303236163111,0.3429274272547175,4.363583649730105,2.0207194252522873,1.6478599461955943,0.1559047220322155,1.0,m4_cross_base
EWA,F2,0,0.24858665466308594,0.6885303236163111,0.3610395158160279,4.830007475352838,2.3887445731618424,3.096176281480288,0.46411780925640417,1.0,m4_cross_base
EWC,F2,0,0.26377296447753906,0.6885303236163111,0.38309563926269224,3.593152444500437,1.4329092512338013,0.7840733999828069,-0.23628712851840106,1.0,m4_cross_base
EWG,F2,0,0.2327861785888672,0.6885303236163111,0.33809139641987523,2.0871003248432363,1.433187280596713,0.7262158286941338,0.19000019938520835,1.0,m4_cross_base
EWJ,F2,0,0.22801494598388672,0.6885303236163111,0.33116180676880375,4.324623424167338,2.1412706984118812,1.2336169845629477,0.5023924406251571,1.0,m4_cross_base
EWU,F2,0,0.20717716217041016,0.6885303236163111,0.3008976584825932,6.874128698914233,4.6374894468880745,2.765143309227373,0.20800072901540198,1.0,m4_cross_base
FXI,F2,0,0.24372482299804688,0.6885303236163111,0.3539783429115381,3.033598056172419,1.7805453672434488,0.9837155506581058,-0.2970433775746348,1.0,m4_cross_base
GLD,F2,0,0.2612466812133789,0.6885303236163111,0.37942654412263865,10.163519379983416,-2.463429860264784,2.802488377909927,-0.37160477800026037,1.0,m4_cross_base
IWM,F2,0,0.2523059844970703,0.6885303236163111,0.3664413546405689,0.3790873261370429,1.0409659450590818,0.13469278118573527,0.02102911990737377,1.0,m4_cross_base
IYR,F2,0,0.2515106201171875,0.6885303236163111,0.36528619218424396,5.786021188913364,3.9545917645242175,1.5627088271567753,-0.31328002087258117,1.0,m4_cross_base
LQD,F2,0,0.2560710906982422,0.6885303236163111,0.3719096776352581,12.691397371476874,-2.598453213604393,2.359190787095846,0.5052806563344804,1.0,m4_cross_base
MDY,F2,0,0.25901222229003906,0.6885303236163111,0.37618128556727976,1.2439024995210781,1.1486724871512672,0.4761208734218369,0.13805885872080398,1.0,m4_cross_base
SPY,F2,0,0.23941898345947266,0.6885303236163111,0.34772467565697335,5.447018031739895,2.3138651227138802,1.7207420943472642,0.3433207480525417,1.0,m4_cross_base
TIP,F2,0,0.2512483596801758,0.6885303236163111,0.36490529329276994,13.335436019656628,-1.6491682774123593,2.712697585793615,-0.01174716922493115,1.0,m4_cross_base
TLT,F2,0,0.25452232360839844,0.6885303236163111,0.3696602965452441,13.576215976876682,-2.1617879236288333,2.4423286105552515,-0.06684935912504823,1.0,m4_cross_base
USO,F2,0,0.23082923889160156,0.6885303236163111,0.33524919814603976,5.4028684056186265,3.53735403328158,2.01323443847601,-0.14902637986382322,1.0,m4_cross_base
XLB,F2,0,0.2259845733642578,0.6885303236163111,0.3282129568053556,1.3932562388224552,1.1513770717850869,0.454599638028673,0.12078407235379388,1.0,m4_cross_base
XLI,F2,0,0.23481178283691406,0.6885303236163111,0.3410333209489329,2.2858635293066936,1.2135428980357252,0.299005829564053,0.3455135951656538,1.0,m4_cross_base
XLK,F2,0,0.21291637420654297,0.6885303236163111,0.3092331113149234,-0.21458753667010555,1.03142316568372,0.06881490937625638,0.48156297376382223,1.0,m4_cross_base
XLP,F2,0,0.2499217987060547,0.6885303236163111,0.3629786374453503,5.997742183273162,3.56345652218116,2.7268790897939077,-0.11962102547316532,1.0,m4_cross_base
XLU,F2,0,0.26931190490722656,0.6885303236163111,0.3911402238506241,6.207931355874037,3.044548732394009,1.261956031362442,-0.20769612630848466,1.0,m4_cross_base
XLV,F2,0,0.24758100509643555,0.6885303236163111,0.3595789417030847,6.197310269159074,2.524570990928797,1.7698264394565517,0.04364837908848127,1.0,m4_cross_base
XLY,F2,0,0.23177433013916016,0.6885303236163111,0.33662181924222445,5.60870149025416,2.595980548160723,2.8347786312365013,-0.06433103420929065,1.0,m4_cross_base
^GDAXI,F2,0,0.2290811538696289,0.6885303236163111,0.3327103338985055,6.647053250563638,3.273962545111738,1.710567196584119,0.5066578878105144,1.0,m4_cross_base
DBC,F3,0,0.3163309097290039,0.7757811771083742,0.4077579078524271,13.39537048826609,-4.235781773197938,2.3652776620000036,0.379600800645189,1.0,m4_cross_base
DIA,F3,0,0.2603788375854492,0.7757811771083742,0.335634384113286,6.625677589553369,2.7406105469198394,1.334315934009817,0.45081786807349117,1.0,m4_cross_base
EFA,F3,0,0.2778491973876953,0.7757811771083742,0.35815408466514087,12.960256702225433,-6.496504494434961,3.9169495191588855,0.07656941241722821,1.0,m4_cross_base
EWA,F3,0,0.2714223861694336,0.7757811771083742,0.34986977536774744,11.989178993228434,-5.641052681799013,3.2056033402685578,-0.3489576965459392,1.0,m4_cross_base
EWC,F3,0,0.26454734802246094,0.7757811771083742,0.34100769112306584,8.767790906864695,5.533681324753419,2.044244837196883,-0.09997277786128472,1.0,m4_cross_base
EWG,F3,0,0.25435447692871094,0.7757811771083742,0.3278688429600534,23.365410177234324,-0.9390323593583755,6.548927878640249,0.4997761592359841,1.0,m4_cross_base
EWJ,F3,0,0.2744464874267578,0.7757811771083742,0.3537679122993448,13.139227495404773,-5.64863885485875,1.8524836200013906,0.11571015512353285,1.0,m4_cross_base
EWU,F3,0,0.2604846954345703,0.7757811771083742,0.3357708373455179,14.059595984169658,-3.4973588933732724,4.338869035626602,0.4129180649671442,1.0,m4_cross_base
FXI,F3,0,0.2819509506225586,0.7757811771083742,0.3634413400870268,16.24179665302877,-2.505007619550855,3.406856675028972,-0.03234996832548046,1.0,m4_cross_base
GLD,F3,0,0.3079547882080078,0.7757811771083742,0.3969608921885294,18.837438460097438,-3.5533898484524173,1.8447449761839096,-0.1169600356454132,1.0,m4_cross_base
IWM,F3,0,0.2660703659057617,0.7757811771083742,0.3429708966354471,14.136063425685887,-2.9225067898486587,2.0949371465772058,-0.09729427171137235,1.0,m4_cross_base
IYR,F3,0,0.2801513671875,0.7757811771083742,0.36112163513908474,7.625271194587623,4.937049212727815,2.409880074265171,0.18150889622570426,1.0,m4_cross_base
LQD,F3,0,0.2997140884399414,0.7757811771083742,0.3863384383172167,18.655657712166743,-1.5716869375745783,3.718983410615502,0.008533999642269864,1.0,m4_cross_base
MDY,F3,0,0.2831592559814453,0.7757811771083742,0.36499887382790785,16.270025750593312,-2.0953034916259505,2.455994804052428,0.14214281850558638,1.0,m4_cross_base
SPY,F3,0,0.2366189956665039,0.7757811771083742,0.3050073946734196,11.985158187312615,-9.652022371812036,2.239342648274046,0.3557916875977071,1.0,m4_cross_base
TIP,F3,0,0.3062562942504883,0.7757811771083742,0.3947714939308269,23.328236225332176,-1.2791321965037208,4.8056678355791975,-0.034370886982502416,1.0,m4_cross_base
TLT,F3,0,0.3229961395263672,0.7757811771083742,0.4163495442494419,13.610294886358753,-28.102016579853036,2.554168142451402,0.07883015270416198,1.0,m4_cross_base
USO,F3,0,0.2744474411010742,0.7757811771083742,0.3537691416077433,11.026884793256121,-10.756513288221253,1.5676928159565071,0.31330041824829663,1.0,m4_cross_base
XLB,F3,0,0.30780792236328125,0.7757811771083742,0.39677157869516266,14.4833261467951,-2.491825912327513,3.443186480471561,0.39026559675586825,1.0,m4_cross_base
XLI,F3,0,0.2670726776123047,0.7757811771083742,0.3442628997622553,14.043989763542779,-2.7067826451957497,3.066409266660504,0.342842842810787,1.0,m4_cross_base
XLK,F3,0,0.2766704559326172,0.7757811771083742,0.35663465948461287,9.964927336969245,20.987233543870026,2.211017922803858,0.24910325570878175,1.0,m4_cross_base
XLP,F3,0,0.26307201385498047,0.7757811771083742,0.33910595103060887,8.311438508647633,3.0388597435041036,1.2556753568757013,-0.15735108120029842,1.0,m4_cross_base
XLU,F3,0,0.2648658752441406,0.7757811771083742,0.34141828012816,6.272191099637042,2.477684926782126,1.9262092680708185,-0.03826569670326751,1.0,m4_cross_base
XLV,F3,0,0.25214099884033203,0.7757811771083742,0.3250156181671687,6.7903112441642275,3.2914266788085804,1.419458153470742,0.09625972190667337,1.0,m4_cross_base
XLY,F3,0,0.25620079040527344,0.7757811771083742,0.33024878401952124,6.639275915380118,3.2332570501873312,1.2407848820596654,0.15864212167133684,1.0,m4_cross_base
^GDAXI,F3,0,0.27023744583129883,0.7757811771083742,0.3483423596826293,17.579303292094828,-1.7142972923219306,3.5939500374716236,0.2764861259845456,1.0,m4_cross_base
DBC,F1,1,0.2778353691101074,0.7055605607857781,0.39377961942867673,40.76195596028637,-0.4941993964895248,3.5483529278258,-0.2014342005956089,1.0,m4_cross_base
DIA,F1,1,0.26467204093933105,0.7055605607857781,0.3751230661823948,12.1444481489385,-6.844314713564437,3.6731028447301353,-0.4555749818210778,1.0,m4_cross_base
EFA,F1,1,0.28334617614746094,0.7055605607857781,0.40159015667188114,15.318241708280627,-4.244894609099339,2.7134744822603687,-0.03823858720000457,1.0,m4_cross_base
EWA,F1,1,0.27100586891174316,0.7055605607857781,0.38410008151522207,16.33979511175835,-4.199944815309798,2.045897909115023,-0.4302681150870184,1.0,m4_cross_base
EWC,F1,1,0.2732539176940918,0.7055605607857781,0.3872862697849363,5.2084828299467105,2.483408328311628,1.1033168410336043,-0.013550445324455419,1.0,m4_cross_base
EWG,F1,1,0.28589534759521484,0.7055605607857781,0.40520312994367924,20.892933802669646,-1.1543333204642698,3.2479473215811283,-0.03059618780167548,1.0,m4_cross_base
EWJ,F1,1,0.326505184173584,0.7055605607857781,0.46275997032764604,11.620304488020968,9.82308155332643,1.9517357504173807,-0.15420798152656048,1.0,m4_cross_base
EWU,F1,1,0.29498767852783203,0.7055605607857781,0.4180898067761982,19.259066348956992,-2.5555348451490265,2.72477134701168,-0.2321035864094438,1.0,m4_cross_base
FXI,F1,1,0.28338623046875,0.7055605607857781,0.40164692617334596,6.839116231090324,2.4033272859822197,2.525781903005089,-0.21672257351409013,1.0,m4_cross_base
GLD,F1,1,0.266329288482666,0.7055605607857781,0.37747190430550265,21.11947882315048,-1.6962909620997138,4.770410148315163,0.11426986110824662,1.0,m4_cross_base
IWM,F1,1,0.2961750030517578,0.7055605607857781,0.41977261699819174,10.821228537424478,-15.681297252353373,3.228953786913334,-0.518195275742743,1.0,m4_cross_base
IYR,F1,1,0.26923608779907227,0.7055605607857781,0.381591748126094,8.540822470513188,3.0127523796346836,1.23091202700095,-0.31124130192735266,1.0,m4_cross_base
LQD,F1,1,0.3038468360900879,0.7055605607857781,0.430646004010904,14.234703639109917,-29.004582757293978,2.9268477415231358,0.29760225920196454,1.0,m4_cross_base
MDY,F1,1,0.2751917839050293,0.7055605607857781,0.3900328323319972,9.699373243067598,8.138034480895282,2.41810707338119,-0.6059512837576538,1.0,m4_cross_base
SPY,F1,1,0.27404308319091797,0.7055605607857781,0.3884047641292733,5.01190921809611,2.018695588892349,1.3500097660654269,-0.4302882292697446,1.0,m4_cross_base
TIP,F1,1,0.3233332633972168,0.7055605607857781,0.45826436647354934,15.678266472636249,-4.251179467309464,2.2520143461509314,0.4984025630721282,1.0,m4_cross_base
TLT,F1,1,0.2801244258880615,0.7055605607857781,0.39702392885465254,3.2834764038596704,1.2838869559659334,0.9255141520123147,0.2578062740757733,1.0,m4_cross_base
USO,F1,1,0.29423999786376953,0.7055605607857781,0.4170301094155212,33.75394478823068,-0.6767373111137234,2.9073879118574126,0.6860378101826701,1.0,m4_cross_base
XLB,F1,1,0.26770496368408203,0.7055605607857781,0.3794216663498606,13.427190790420113,-5.774140150678274,2.4421895851765423,-0.17924825116668777,1.0,m4_cross_base
XLI,F1,1,0.25244760513305664,0.7055605607857781,0.3577972170835448,9.092350796166318,6.514457148552679,3.2657004336929742,-0.2544990740533342,1.0,m4_cross_base
XLK,F1,1,0.2652747631072998,0.7055605607857781,0.375977312013961,4.30400056383156,1.6071878415024827,1.3302665814958081,-0.48008749623693764,1.0,m4_cross_base
XLP,F1,1,0.27733469009399414,0.7055605607857781,0.3930700006603662,8.818906562580487,3.2772308960585574,2.1803578636918206,-0.028468640675737348,1.0,m4_cross_base
XLU,F1,1,0.2955493927001953,0.7055605607857781,0.41888593145150277,8.340686659999783,2.9113189666806716,2.4805451763514514,-0.2232637384014363,1.0,m4_cross_base
XLV,F1,1,0.2641634941101074,0.7055605607857781,0.3744022962620109,3.7809138173773507,1.7737900210203326,1.337167619367794,-0.3697284642030487,1.0,m4_cross_base
XLY,F1,1,0.29518938064575195,0.7055605607857781,0.4183756817657176,6.50198890177664,2.186880847480832,1.6833716862288248,-0.3480600300119425,1.0,m4_cross_base
^GDAXI,F1,1,0.2315530776977539,0.7055605607857781,0.3281831363134509,13.655578638989224,-4.239993100653697,2.653477514602385,-0.13305369452227703,1.0,m4_cross_base
DBC,F4,0,0.22906619310379028,0.738982612279383,0.309975078300203,-4.991333970843629,1.1119299224347068,0.009979430207495898,-0.23419185184530622,1.0,m4_cross_base
DIA,F4,0,0.19182708859443665,0.738982612279383,0.2595826821997182,-8.949177151820503,0.16458656052485654,-0.5927529670991748,0.03206667102221316,1.0,m4_cross_base
EFA,F4,0,0.20869797468185425,0.738982612279383,0.2824125645367052,-8.582424785085285,0.2012650498318442,-0.4204993393919828,-0.03974638491518554,1.0,m4_cross_base
EWA,F4,0,0.20603543519973755,0.738982612279383,0.2788095846588646,-7.073869452809502,0.21931716975155136,-0.35563674276554924,-0.055526206013456654,1.0,m4_cross_base
EWC,F4,0,0.20659083127975464,0.738982612279383,0.2795611531948332,-9.286834344073318,0.141461502471878,-0.8158704737809281,0.007644130718463966,1.0,m4_cross_base
EWG,F4,0,0.21313053369522095,0.738982612279383,0.2884107557521853,-6.770703534400814,0.3107642731779677,-0.23423650261296375,0.02884647142646165,1.0,m4_cross_base
EWJ,F4,0,0.20722365379333496,0.738982612279383,0.2804174960952817,-6.7278253226437235,0.3250133210761403,-0.23237081556808925,-0.07031096991874698,1.0,m4_cross_base
EWU,F4,0,0.2011471688747406,0.738982612279383,0.27219472492634783,-2.9833007002044902,0.8347887989185412,-0.025945659004768425,-0.05654926299364948,1.0,m4_cross_base
FXI,F4,0,0.21683812141418457,0.738982612279383,0.293427907248521,-3.8394146080195064,0.2617978687653027,-1.0063617945019192,0.22696362711893564,1.0,m4_cross_base
GLD,F4,0,0.23388579487800598,0.738982612279383,0.3164970203515182,0.9966376725224511,-5.796666155373238,0.2987796377804646,0.334121761332126,1.0,m4_cross_base
IWM,F4,0,0.21205675601959229,0.738982612279383,0.2869577071177707,-6.866421904787501,0.4872700175093358,-0.0859865744410156,-0.009322564508488767,1.0,m4_cross_base
IYR,F4,0,0.188707172870636,0.738982612279383,0.25536077538897833,-3.2811353926882525,0.364307617265233,-0.27423656475013125,0.11899395112573191,1.0,m4_cross_base
LQD,F4,0,0.20019155740737915,0.738982612279383,0.2709015802007718,4.523560134179019,-0.27090741209333774,0.9698907030177664,0.35619875539250784,1.0,m4_cross_base
MDY,F4,0,0.2165367156267166,0.738982612279383,0.2930200413766323,-9.849934329123087,0.1468335110247139,-0.6302646624831747,-0.03489941126195833,1.0,m4_cross_base
SPY,F4,0,0.1940983235836029,0.738982612279383,0.2626561442155032,-12.726443511033564,0.10394386560440376,-1.0375317752436275,0.027625021581810044,1.0,m4_cross_base
TIP,F4,0,0.20718884468078613,0.738982612279383,0.28037039199300595,1.5344732695857424,-0.7492931358234107,0.6065851607871728,0.41265403737119644,1.0,m4_cross_base
TLT,F4,0,0.21174198389053345,0.738982612279383,0.2865317537545543,9.231296760204819,-0.18829681841369336,0.6811830103671758,-0.023191500465526593,1.0,m4_cross_base
USO,F4,0,0.18583077192306519,0.738982612279383,0.2514683956498955,-3.403416042013056,-1.0222730087120206,0.1898491480210338,-0.34501812862280656,1.0,m4_cross_base
XLB,F4,0,0.2187732458114624,0.738982612279383,0.29604654044113293,-13.78278895929918,0.10127436939233593,-1.0804914597146378,-0.15344293632713182,1.0,m4_cross_base
XLI,F4,0,0.21054619550704956,0.738982612279383,0.2849135987890464,-9.456470939590039,0.1468797528655747,-0.8022936305935464,0.09287353548653463,1.0,m4_cross_base
XLK,F4,0,0.20312535762786865,0.738982612279383,0.2748716333139841,-9.1527580471421,0.13763671328144791,-1.137876720399087,0.16717193795006768,1.0,m4_cross_base
XLP,F4,0,0.2160366177558899,0.738982612279383,0.2923433030305375,-7.382300782816776,0.20100956182128663,-0.6425990765731585,0.011395465899125752,1.0,m4_cross_base
XLU,F4,0,0.20682412385940552,0.738982612279383,0.27987684746933217,-4.623783295873779,0.5617279792082494,-0.10301373015509803,0.0025574600637215503,1.0,m4_cross_base
XLV,F4,0,0.1861342489719391,0.738982612279383,0.25187906437718505,-4.367706922509256,0.4096782493290122,-0.22387406816320315,-0.01882545093966595,1.0,m4_cross_base
XLY,F4,0,0.2049815058708191,0.738982612279383,0.27738339504167236,-11.03499730501746,0.12299096648239678,-0.9485518002478991,0.12017212209729,1.0,m4_cross_base
^GDAXI,F4,0,0.18876484036445618,0.738982612279383,0.2554388117227999,-7.077478285921136,0.32952129022743054,-0.20188587072130648,0.035382784827020286,1.0,m4_cross_base
DBC,F2,1,0.286091685295105,0.7242451362568901,0.3950205130457764,1.596791263253667,2.0868785744423906,0.12513729549173977,-0.31448556510090364,1.0,m4_cross_base
DIA,F2,1,0.22490465641021729,0.7242451362568901,0.3105366472636462,-9.374425973276356,0.09675543508670423,-2.5746020375042464,-0.026067810555381626,1.0,m4_cross_base
EFA,F2,1,0.24204635620117188,0.7242451362568901,0.33420501441285194,-7.502803121216225,0.14869774854193918,-2.486998640921789,0.1912291847114293,1.0,m4_cross_base
EWA,F2,1,0.26961779594421387,0.7242451362568901,0.37227422380449415,-6.2348155158696095,0.17049520202994078,-1.9161240506363995,-0.08813282149171237,1.0,m4_cross_base
EWC,F2,1,0.2640434503555298,0.7242451362568901,0.3645774574616866,-3.3786633244622806,0.2602233593324517,-1.3461564342546262,-0.02292025989869712,1.0,m4_cross_base
EWG,F2,1,0.2374206781387329,0.7242451362568901,0.327818118828926,-6.566336508306109,0.19211166417111694,-1.429897241717851,-0.06813455362790671,1.0,m4_cross_base
EWJ,F2,1,0.22624343633651733,0.7242451362568901,0.31238516492607643,-6.470847988226447,0.15888941739968693,-2.8172332579407384,0.1115553385839215,1.0,m4_cross_base
EWU,F2,1,0.23640656471252441,0.7242451362568901,0.32641788377667597,-3.7572576526444914,0.2836540164050344,-1.0148499000951534,0.2260546039427767,1.0,m4_cross_base
FXI,F2,1,0.2393345832824707,0.7242451362568901,0.3304607394665038,-8.878949964715199,0.11518371049459296,-2.961048830112327,0.40210607699856976,1.0,m4_cross_base
GLD,F2,1,0.25421762466430664,0.7242451362568901,0.3510104686076007,1.69927562969569,-0.34454048294756034,0.6623835988550995,-0.3540677433208874,1.0,m4_cross_base
IWM,F2,1,0.26360106468200684,0.7242451362568901,0.36396663434203225,-8.377783641473945,0.12539942853789443,-2.7070399556788827,0.3360382257312098,1.0,m4_cross_base
IYR,F2,1,0.23166823387145996,0.7242451362568901,0.3198754430976076,-1.5105061572192269,0.9239598488248689,-0.02057396811116465,-0.31541015459788935,1.0,m4_cross_base
LQD,F2,1,0.23936355113983154,0.7242451362568901,0.33050073677668323,-4.2286841239504085,1.9234164076842302,0.05901695853086609,0.46551868326443435,1.0,m4_cross_base
MDY,F2,1,0.2668260335922241,0.7242451362568901,0.3684195036106957,-10.957571152156673,0.10266302692403644,-2.7308470841177703,0.07035092163662397,1.0,m4_cross_base
SPY,F2,1,0.2295914888381958,0.7242451362568901,0.3170079816135066,-10.611020288004607,0.1001798589551539,-3.154137022902601,-0.03638835877528968,1.0,m4_cross_base
TIP,F2,1,0.3108528256416321,0.7242451362568901,0.42920940725706497,6.168706519839313,-0.3255715461909013,0.7615751902560781,0.21041659171536412,1.0,m4_cross_base
TLT,F2,1,0.2853412628173828,0.7242451362568901,0.39398436873474857,-0.24659331543261365,-0.8805417025377873,0.3841210996531616,0.10810001645101838,1.0,m4_cross_base
USO,F2,1,0.2470073103904724,0.7242451362568901,0.34105484182755874,-2.250940541606882,0.37389437069525194,-0.6374473824704696,-0.18276792299500041,1.0,m4_cross_base
XLB,F2,1,0.22908103466033936,0.7242451362568901,0.31630317304482963,-7.278361718940735,0.15167223354824844,-2.1070994446243416,0.2405267565046794,1.0,m4_cross_base
XLI,F2,1,0.24529612064361572,0.7242451362568901,0.33869212006224514,-10.646481328350733,0.10531664022200589,-2.496314811054903,0.22673045763011831,1.0,m4_cross_base
XLK,F2,1,0.2321763038635254,0.7242451362568901,0.32057695970659905,-8.723074702592696,0.12421682447370096,-3.340475979186846,-0.04750306202257276,1.0,m4_cross_base
XLP,F2,1,0.2918117046356201,0.7242451362568901,0.4029184181253712,1.653435594497443,-0.8844504467468907,0.5714192680670878,-0.36130237588122455,1.0,m4_cross_base
XLU,F2,1,0.26052212715148926,0.7242451362568901,0.3597153976041089,-0.08401856100196436,1.6391793742702563,0.11539304022890255,-0.22543918866517548,1.0,m4_cross_base
XLV,F2,1,0.25858211517333984,0.7242451362568901,0.3570367300079743,-1.2065292816052455,0.8581237629323657,-0.06210800496456257,-0.2871782101159188,1.0,m4_cross_base
XLY,F2,1,0.2549320459365845,0.7242451362568901,0.35199690432737674,-8.126873160675313,0.12924253727116597,-2.2940172321023313,0.16357707421932446,1.0,m4_cross_base
^GDAXI,F2,1,0.264474093914032,0.7242451362568901,0.36517206767988963,-4.806924525642996,0.18815762759982751,-1.4169221780893224,0.3415221428750791,1.0,m4_cross_base
DBC,F3,1,0.27671849727630615,0.6728896402399368,0.41123905129173155,4.57813206520437,-1.125237129222813,1.2185934709751054,0.11775436797716768,1.0,m4_cross_base
DIA,F3,1,0.28237366676330566,0.6728896402399368,0.41964335587425267,7.30970362026119,-0.45437048800944735,2.1287251081414236,0.05944894503560913,1.0,m4_cross_base
EFA,F3,1,0.29227352142333984,0.6728896402399368,0.43435580509029964,12.400849866207409,-0.28664565154345895,2.63625125997601,-0.20003210664790477,1.0,m4_cross_base
EWA,F3,1,0.2798640727996826,0.6728896402399368,0.41591377852078326,-0.19366331261716496,1.9699651815714372,0.2738191677620772,-0.3528018298694147,1.0,m4_cross_base
EWC,F3,1,0.325014591217041,0.6728896402399368,0.4830132190787606,6.8558835905498,-0.5066953727516083,1.2003901975552793,-0.024833947224550266,1.0,m4_cross_base
EWG,F3,1,0.28056955337524414,0.6728896402399368,0.4169622128157591,11.445389081128901,-0.30395003768502554,3.2689052269112984,0.2961192366085053,1.0,m4_cross_base
EWJ,F3,1,0.2926952838897705,0.6728896402399368,0.43498259801622474,6.552423383611293,-0.5597360192965195,1.7206007756939474,-0.4145655600099354,1.0,m4_cross_base
EWU,F3,1,0.2737550735473633,0.6728896402399368,0.40683502490802,8.818607291844172,-0.395980891371704,1.7101863492490414,-0.2656835820420507,1.0,m4_cross_base
FXI,F3,1,0.33962011337280273,0.6728896402399368,0.5047188915729214,6.408506597300629,-0.7580730566554371,1.5131021537546814,-0.3290971964110929,1.0,m4_cross_base
GLD,F3,1,0.3304661512374878,0.6728896402399368,0.4911149339729042,12.115255932088484,-0.47033589466276066,1.178030320062705,-0.18922097748960504,1.0,m4_cross_base
IWM,F3,1,0.25673723220825195,0.6728896402399368,0.3815443378154929,5.250169428673431,-1.5220066312377376,0.6262243609527738,0.22685838136298944,1.0,m4_cross_base
IYR,F3,1,0.2802891731262207,0.6728896402399368,0.4165455319334031,3.8882020716661225,-1.5801841856898857,1.0628366558398619,0.2454274696919578,1.0,m4_cross_base
LQD,F3,1,0.3250308036804199,0.6728896402399368,0.4830373128712778,1.9263588368882885,-2.1205524226426915,0.7053066164264904,-0.26015559519921755,1.0,m4_cross_base
MDY,F3,1,0.27772068977355957,0.6728896402399368,0.41272843742181975,11.198398962142214,-0.30510124759299545,1.4416943044020236,0.36013403413959627,1.0,m4_cross_base
SPY,F3,1,0.26859521865844727,0.6728896402399368,0.3991668211189467,6.061087405296741,-0.5811307464074372,2.0014471553715465,0.043715490218154913,1.0,m4_cross_base
TIP,F3,1,0.31959688663482666,0.6728896402399368,0.47496181769252066,19.877280309913672,-0.20435314358140635,3.9510177461740503,0.47933029457189075,1.0,m4_cross_base
TLT,F3,1,0.345050573348999,0.6728896402399368,0.5127892491047448,3.121133069381697,3.913523756049644,0.4204177282165588,0.09407697610353283,1.0,m4_cross_base
USO,F3,1,0.27757740020751953,0.6728896402399368,0.4125154908144252,6.914503020436873,-0.5946037586279167,1.0981352021007875,0.24656768610243024,1.0,m4_cross_base
XLB,F3,1,0.29715752601623535,0.6728896402399368,0.4416140600861025,7.17449988388481,-0.44221421595870575,1.785290493316576,-0.38994649363772627,1.0,m4_cross_base
XLI,F3,1,0.28339338302612305,0.6728896402399368,0.4211587845594882,2.6823850950199666,-2.2230000103482395,0.980195553266177,-0.5159004257160303,1.0,m4_cross_base
XLK,F3,1,0.2818276882171631,0.6728896402399368,0.4188319619791886,2.8320152405458088,-2.65015893121882,0.7245450807626945,0.3239619386585437,1.0,m4_cross_base
XLP,F3,1,0.26171064376831055,0.6728896402399368,0.38893546299061854,0.5891995238448677,85.5389218701266,0.33327249610919696,0.030242141897931996,1.0,m4_cross_base
XLU,F3,1,0.26251518726348877,0.6728896402399368,0.39013111744428397,-2.5183245701206545,0.507336167814095,-0.791915432575569,-0.22581669962536316,1.0,m4_cross_base
XLV,F3,1,0.276481032371521,0.6728896402399368,0.4108861480954504,-0.24020089014280632,2.0452096604635255,0.2535937435584596,-0.17677907814220012,1.0,m4_cross_base
XLY,F3,1,0.2589609622955322,0.6728896402399368,0.3848490849156078,5.797463439963386,-0.6499528640419877,0.9302046491496804,0.32994386693511735,1.0,m4_cross_base
^GDAXI,F3,1,0.28211110830307007,0.6728896402399368,0.4192531604476416,11.391509588713415,-0.32268359357502807,2.393043002838098,0.6685501089154197,1.0,m4_cross_base
DBC,F5,1,0.3059844970703125,0.7753284515963768,0.394651449253926,17.072784749495106,21.353454071091143,1.2165325558531364,0.4448006057568,1.0,m4_cross_base
DIA,F5,1,0.304323673248291,0.7753284515963768,0.3925093586101454,9.529870232950099,-15.419231757904024,2.765784438870615,-0.11737128876134142,1.0,m4_cross_base
EFA,F5,1,0.25536489486694336,0.7753284515963768,0.32936350309492074,12.730495413319733,-5.037490277036133,2.2943409516068716,0.29139042869356024,1.0,m4_cross_base
EWA,F5,1,0.29340457916259766,0.7753284515963768,0.37842617352489377,14.204593447816304,-2.5659944182328043,3.758865083330179,0.40469707798503973,1.0,m4_cross_base
EWC,F5,1,0.2744426727294922,0.7753284515963768,0.3539695624021322,14.442415663099435,-2.992859872369914,4.376135794125377,0.1331267450977737,1.0,m4_cross_base
EWG,F5,1,0.26243162155151367,0.7753284515963768,0.33847799730704486,19.20512868784315,-1.1531751570377335,2.472500502793879,0.3324846054071152,1.0,m4_cross_base
EWJ,F5,1,0.2764930725097656,0.7753284515963768,0.35661411875247856,17.48113543916916,-2.0828689015258353,3.4855864770505174,-0.11261734900862846,1.0,m4_cross_base
EWU,F5,1,0.2779383659362793,0.7753284515963768,0.3584782234729204,14.636954092277733,-2.6803546550974824,5.16116020779082,-0.09936050886081381,1.0,m4_cross_base
FXI,F5,1,0.3235011100769043,0.7753284515963768,0.4172439556562457,20.571404378300628,-1.4156587337436606,4.338690210071711,0.3897950309506592,1.0,m4_cross_base
GLD,F5,1,0.2808837890625,0.7753284515963768,0.36227715942084826,15.453089883019338,-8.726745538246846,2.8047001037465846,0.21367130948450228,1.0,m4_cross_base
IWM,F5,1,0.30890417098999023,0.7753284515963768,0.39841717449419833,12.968812214759158,-5.051606208764854,2.9945641284311786,-0.1274452143172875,1.0,m4_cross_base
IYR,F5,1,0.2860879898071289,0.7753284515963768,0.36898941244589023,16.800643756091198,-1.486929839234516,4.188849104873154,0.27485692785867144,1.0,m4_cross_base
LQD,F5,1,0.29148101806640625,0.7753284515963768,0.375945210660406,18.24632921465537,-1.6329796961432492,2.758325742596922,-0.32459493745611906,1.0,m4_cross_base
MDY,F5,1,0.27864694595336914,0.7753284515963768,0.35939213294655176,11.874360558730901,-11.679555232066784,2.9406250115907966,-0.004008419031233091,1.0,m4_cross_base
SPY,F5,1,0.2834653854370117,0.7753284515963768,0.3656068403698658,13.38425396965063,-6.179937761151681,2.565107574398912,0.13317131805476104,1.0,m4_cross_base
TIP,F5,1,0.25762271881103516,0.7753284515963768,0.3322755901458255,24.063689979065998,-0.9913114413132176,9.589502648852402,0.1117678882093899,1.0,m4_cross_base
TLT,F5,1,0.3084297180175781,0.7753284515963768,0.3978052364549903,18.97632726230693,-1.7434795985638674,9.428003860236357,0.23351602380021713,1.0,m4_cross_base
USO,F5,1,0.2814464569091797,0.7753284515963768,0.36300287488443167,15.919975630822414,18.474044234725408,1.3828790955813086,0.19362907852688205,1.0,m4_cross_base
XLB,F5,1,0.24199676513671875,0.7753284515963768,0.312121610703767,12.633960182519814,-3.3579666713587883,5.5377831854793484,-0.1282023412328246,1.0,m4_cross_base
XLI,F5,1,0.28118276596069336,0.7753284515963768,0.362662772637515,15.777376852222412,-2.2548208497278397,4.4507451077032245,0.1621275849381889,1.0,m4_cross_base
XLK,F5,1,0.30676984786987305,0.7753284515963768,0.39566437583741915,12.102249257248207,-4.816327040802524,3.022608777436317,-0.3030500269497088,1.0,m4_cross_base
XLP,F5,1,0.2651968002319336,0.7753284515963768,0.3420444583013841,11.491076705447142,-9.07826433734427,5.219743007516748,0.16724913187958546,1.0,m4_cross_base
XLU,F5,1,0.24309062957763672,0.7753284515963768,0.31353245076602154,12.566938056879664,-6.041879176529027,2.6285011384159844,0.5248233339339303,1.0,m4_cross_base
XLV,F5,1,0.2769913673400879,0.7753284515963768,0.35725680744692323,9.049485332138975,7.144607117473465,2.69685492311406,0.3189133288092618,1.0,m4_cross_base
XLY,F5,1,0.25284242630004883,0.7753284515963768,0.32611008377088996,12.880173207928467,-9.11780945331336,2.378301121828101,-0.15238966541867752,1.0,m4_cross_base
^GDAXI,F5,1,0.2505989074707031,0.7753284515963768,0.3232164471131272,13.667755683675637,-3.430090456754083,2.731319653351574,0.3616847243408203,1.0,m4_cross_base
DBC,F4,1,0.24873065948486328,0.7347229329733481,0.33853667596610315,-5.193382020684397,0.739477273582358,-0.03291872331953395,-0.43323888536608623,1.0,m4_cross_base
DIA,F4,1,0.2296697497367859,0.7347229329733481,0.31259368590461173,-10.098993171187335,0.14416938039525048,-0.623248531003037,-0.28684414675052283,1.0,m4_cross_base
EFA,F4,1,0.22771966457366943,0.7347229329733481,0.3099395082879901,-4.032701043315909,1.4976492778750266,0.036310585017973136,-0.3294461926833861,1.0,m4_cross_base
EWA,F4,1,0.22986137866973877,0.7347229329733481,0.31285450385972496,-2.1878893253208647,-0.6596167039805869,0.2417183779561985,-0.2808463647237841,1.0,m4_cross_base
EWC,F4,1,0.23379826545715332,0.7347229329733481,0.3182128322999199,-4.124508578596985,-0.6441586239845273,0.18304184843437432,-0.2191562560714355,1.0,m4_cross_base
EWG,F4,1,0.2258073091506958,0.7347229329733481,0.3073366830090315,-3.122041414652326,-1.6255750058577734,0.15667488525167925,-0.2359323689890148,1.0,m4_cross_base
EWJ,F4,1,0.2535030245780945,0.7347229329733481,0.3450321382404573,-11.102183052651059,0.1564891718985452,-0.44641007042634256,-0.295338041479963,1.0,m4_cross_base
EWU,F4,1,0.23847240209579468,0.7347229329733481,0.32457460002061106,0.29707056944368704,-0.5298811218996881,0.40265853784500866,-0.1969786909797816,1.0,m4_cross_base
FXI,F4,1,0.23741167783737183,0.7347229329733481,0.3231308935418569,-0.7510827868695604,1.014620916149977,0.005235717586160688,-0.3510118598141715,1.0,m4_cross_base
GLD,F4,1,0.2561987042427063,0.7347229329733481,0.34870111268460957,-1.065336676659368,0.9847099665170207,-0.005521956838252045,-0.155667837800489,1.0,m4_cross_base
IWM,F4,1,0.22449707984924316,0.7347229329733481,0.3055533858739465,-6.069606353198172,0.26572670374783774,-0.29965673479063665,-0.1991167505814592,1.0,m4_cross_base
IYR,F4,1,0.23611146211624146,0.7347229329733481,0.3213612254632133,-4.169469790473981,0.3577819467570859,-0.30331652107278245,-0.15264509333742735,1.0,m4_cross_base
LQD,F4,1,0.22826850414276123,0.7347229329733481,0.31068651038151496,1.4371906069825466,-1.8673975278178576,0.5179403540282927,0.5347595331329035,1.0,m4_cross_base
MDY,F4,1,0.23132941126823425,0.7347229329733481,0.31485258032176555,-8.462585823916681,0.23942585304843803,-0.30689663620374275,-0.23098657037719614,1.0,m4_cross_base
SPY,F4,1,0.21584540605545044,0.7347229329733481,0.2937779622339353,-9.60684535564511,0.1871398192241234,-0.4934236107904271,-0.28946944539503056,1.0,m4_cross_base
TIP,F4,1,0.21612614393234253,0.7347229329733481,0.29416006256630955,-1.7166198802895938,0.47601914167341797,-0.25440125944473846,0.2834162181745303,1.0,m4_cross_base
TLT,F4,1,0.23588716983795166,0.7347229329733481,0.3210559508239937,8.806324759375194,-0.1494986914385778,0.8802650278867237,-0.13190078218759654,1.0,m4_cross_base
USO,F4,1,0.24919545650482178,0.7347229329733481,0.3391692913359236,-2.4746133629997686,-0.5010019964519405,0.30329008814281444,-0.3955785967825119,1.0,m4_cross_base
XLB,F4,1,0.23012429475784302,0.7347229329733481,0.31321234771664697,-6.459649146329076,0.33313610368781316,-0.24350945475569913,-0.24785422795216216,1.0,m4_cross_base
XLI,F4,1,0.22400230169296265,0.7347229329733481,0.3048799644601379,-6.693417282955983,0.3387940169833314,-0.21498433721828947,-0.09379514223780745,1.0,m4_cross_base
XLK,F4,1,0.20756745338439941,0.7347229329733481,0.2825111944503968,-6.198740614183253,0.23136210552999892,-0.6046857684206542,-0.13061242736604128,1.0,m4_cross_base
XLP,F4,1,0.2118968963623047,0.7347229329733481,0.28840381435322804,-5.004846646562614,0.8221145021591857,-0.025960049762555264,-0.06708510551921289,1.0,m4_cross_base
XLU,F4,1,0.20263004302978516,0.7347229329733481,0.2757910961207679,-3.4529762577967675,1.9471282016803506,0.06941125730900713,-0.3594222344543211,1.0,m4_cross_base
XLV,F4,1,0.23314917087554932,0.7347229329733481,0.3173293773913094,-6.28565620797049,0.19230895039295495,-0.7570517947354287,-0.3113020443591407,1.0,m4_cross_base
XLY,F4,1,0.2439732551574707,0.7347229329733481,0.3320615761510751,-7.289237991885017,0.2682589251343668,-0.29930019926737184,-0.14312840491030085,1.0,m4_cross_base
^GDAXI,F4,1,0.1835005283355713,0.7347229329733481,0.24975473079758587,-5.077618362520469,0.9597034232496623,-0.00401431961243794,-0.09230908436262937,1.0,m4_cross_base
DBC,F1,2,0.26186203956604004,0.6386305656865786,0.41003680944164883,27.351082387265613,-0.26811257235133223,3.138940539048162,-0.17749668804844101,1.0,m4_cross_base
DIA,F1,2,0.23298215866088867,0.6386305656865786,0.36481523306109587,5.115310407764969,-5.909017006742419,1.6876083710166248,-0.0735506676428363,1.0,m4_cross_base
EFA,F1,2,0.24758124351501465,0.6386305656865786,0.3876752175944556,9.230439104531165,-0.7862022362792634,1.9242158058622578,-0.23506336809327874,1.0,m4_cross_base
EWA,F1,2,0.2217247486114502,0.6386305656865786,0.3471878117407025,8.473501021900187,-1.7036935666506796,1.1416249857810934,-0.15713251661107994,1.0,m4_cross_base
EWC,F1,2,0.24515867233276367,0.6386305656865786,0.3838818332617679,4.867537016872687,-1.1245989764387747,0.7609948250017899,-0.2911949185039661,1.0,m4_cross_base
EWG,F1,2,0.2339380979537964,0.6386305656865786,0.3663120910949421,7.173158054614079,-1.607397662827834,1.6381599436885876,-0.22576971199818177,1.0,m4_cross_base
EWJ,F1,2,0.25387001037597656,0.6386305656865786,0.39752248642068383,1.2282246774073442,1.5047199783494627,0.2867372026579475,-0.24816199617941762,1.0,m4_cross_base
EWU,F1,2,0.2559272050857544,0.6386305656865786,0.40074374581588074,15.078235021108956,-0.5036028624385838,2.5296767914368448,-0.16588686880145082,1.0,m4_cross_base
FXI,F1,2,0.24368882179260254,0.6386305656865786,0.38158026703688647,-0.5490968821971802,1.1775018433942839,0.14666001070203505,-0.1187713044404228,1.0,m4_cross_base
GLD,F1,2,0.25966501235961914,0.6386305656865786,0.40659659325960795,13.245780071187102,-0.6301220512059605,3.3252224780026194,-0.10648799665330057,1.0,m4_cross_base
IWM,F1,2,0.23665201663970947,0.6386305656865786,0.37056168206620327,7.4563928469007585,-1.388939662007051,1.995257218747133,0.17758978862824326,1.0,m4_cross_base
IYR,F1,2,0.2373943328857422,0.6386305656865786,0.37172403834214296,-7.920381849515799,0.3809599790606396,-2.1647877833123976,-0.14131595999853133,1.0,m4_cross_base
LQD,F1,2,0.2548403739929199,0.6386305656865786,0.3990419307897458,1.2115663681726612,1.2528012891294904,0.24791541647504392,-0.10695453978804656,1.0,m4_cross_base
MDY,F1,2,0.24610483646392822,0.6386305656865786,0.385363384853567,7.2459403377662515,-1.9195093120541618,1.757260422133665,0.3218499617504878,1.0,m4_cross_base
SPY,F1,2,0.23231899738311768,0.6386305656865786,0.3637768216329519,3.177801221132265,2.873888109165665,0.9173112801482864,0.09736990457133843,1.0,m4_cross_base
TIP,F1,2,0.2603130340576172,0.6386305656865786,0.4076112983689717,10.189638617501974,-0.8746176869567555,1.9077807813760912,0.2473425050038784,1.0,m4_cross_base
TLT,F1,2,0.2673298120498657,0.6386305656865786,0.41859852379985124,-7.631762062629304,0.4110649341985275,-1.3647848725540428,0.18516071037309484,1.0,m4_cross_base
USO,F1,2,0.25562334060668945,0.6386305656865786,0.40026793946493,23.67156301470432,-0.3495547537842671,1.8169450259335478,0.2625508131845769,1.0,m4_cross_base
XLB,F1,2,0.2378988265991211,0.6386305656865786,0.37251400008291324,8.15320513516844,-1.199832943774113,2.405969327039114,-0.2764747865440384,1.0,m4_cross_base
XLI,F1,2,0.2557944059371948,0.6386305656865786,0.4005358022007536,4.029780558770893,3.753815110770836,1.2287071930694424,0.2093435437602525,1.0,m4_cross_base
XLK,F1,2,0.23011600971221924,0.6386305656865786,0.36032727225454086,1.0440005614127916,1.1783565199180028,0.24290844750446877,0.10466626034955409,1.0,m4_cross_base
XLP,F1,2,0.2554299831390381,0.6386305656865786,0.399965170574682,-0.5517702442733112,0.9233505054859448,-0.11718686146481924,-0.013137502504605547,1.0,m4_cross_base
XLU,F1,2,0.2734034061431885,0.6386305656865786,0.42810886423711664,0.3992526911232326,1.2363177839416037,0.17668101256159371,-0.40899789692256905,1.0,m4_cross_base
XLV,F1,2,0.22716128826141357,0.6386305656865786,0.3557006201499252,-5.668298687004878,0.48345038521972805,-1.1176837010035605,0.10192751778249451,1.0,m4_cross_base
XLY,F1,2,0.24697697162628174,0.6386305656865786,0.38672901814644883,-0.19451677544458068,0.9510499666853984,-0.07640818436974696,-0.12334050048657431,1.0,m4_cross_base
^GDAXI,F1,2,0.25432777404785156,0.6386305656865786,0.39823927590191205,3.409480568458064,2.809588002460438,0.53166255199435,-0.08603945652995179,1.0,m4_cross_base
DBC,F2,2,0.23790502548217773,0.6765224605691158,0.35165872435638457,0.15218009031875468,0.8957948721122541,-0.13257020388354823,-0.2081116095190736,1.0,m4_cross_base
DIA,F2,2,0.2292041778564453,0.6765224605691158,0.3387975879819722,-0.7446737955055598,0.785336748293375,-0.3873011474007793,0.06783551386305478,1.0,m4_cross_base
EFA,F2,2,0.2323596477508545,0.6765224605691158,0.34346183799335345,2.237201111817636,1.5147306538427483,0.6869530175093062,-0.05522941315447516,1.0,m4_cross_base
EWA,F2,2,0.21370887756347656,0.6765224605691158,0.3158932482207564,2.964058125399756,2.6381159513895684,1.3022928624215668,-0.06294184621807267,1.0,m4_cross_base
EWC,F2,2,0.22979354858398438,0.6765224605691158,0.33966876486358416,-0.9057567502498536,0.9315969524838442,-0.18887373536394098,-0.07925351397872901,1.0,m4_cross_base
EWG,F2,2,0.24746131896972656,0.6765224605691158,0.3657843359133308,1.984204259573135,1.4440729640923466,0.5629035453849388,0.23703705494320362,1.0,m4_cross_base
EWJ,F2,2,0.23214054107666016,0.6765224605691158,0.3431379660054079,1.0680870757371306,1.260060797493528,0.5158651037021237,0.19896199175519622,1.0,m4_cross_base
EWU,F2,2,0.22510695457458496,0.6765224605691158,0.33274128753274007,3.301340201860068,2.774920257738506,1.1162362536116195,0.2030279491849762,1.0,m4_cross_base
FXI,F2,2,0.23886585235595703,0.6765224605691158,0.3530789682208248,-0.4708697352792708,1.0351127957735233,0.054002251683225526,0.01063796622569848,1.0,m4_cross_base
GLD,F2,2,0.2274303436279297,0.6765224605691158,0.3361755993091594,8.398429692446898,-4.597241188517128,1.1075994482538893,-0.06555105114167042,1.0,m4_cross_base
IWM,F2,2,0.22505569458007812,0.6765224605691158,0.3326655176987811,-2.8201189675233174,0.6682151876479325,-1.0809888192072226,0.14550167637247244,1.0,m4_cross_base
IYR,F2,2,0.21825599670410156,0.6765224605691158,0.3226145611196656,1.7341457933077615,2.620128237588106,0.759653610532445,-0.05057753724643931,1.0,m4_cross_base
LQD,F2,2,0.23826313018798828,0.6765224605691158,0.35218805594060026,1.5118556313714517,1.9042952941192683,0.2755741773935146,0.33963229995694116,1.0,m4_cross_base
MDY,F2,2,0.22375750541687012,0.6765224605691158,0.3307466026015411,-0.686959522604436,0.8287104109913518,-0.31136854126727204,0.1487057842123247,1.0,m4_cross_base
SPY,F2,2,0.22729873657226562,0.6765224605691158,0.33598106466569266,-1.3371950186039108,0.7086047382450159,-0.6836019742376668,0.1837213391792837,1.0,m4_cross_base
TIP,F2,2,0.2400197982788086,0.6765224605691158,0.35478467052948254,11.753069028643798,-0.7813481335174193,1.5610298507489921,0.13705811072526392,1.0,m4_cross_base
TLT,F2,2,0.23348617553710938,0.6765224605691158,0.34512701225128894,9.517170241398096,-1.2322546064982618,1.5054060043489421,0.29283865895303746,1.0,m4_cross_base
USO,F2,2,0.2267303466796875,0.6765224605691158,0.335140900553329,3.169859751999384,4.758316291459065,1.1719637359564277,-0.2511596344361687,1.0,m4_cross_base
XLB,F2,2,0.22657394409179688,0.6765224605691158,0.3349097144552961,-0.8264491039768469,0.8800861868491348,-0.27475964950177906,0.12874388260412173,1.0,m4_cross_base
XLI,F2,2,0.24084711074829102,0.6765224605691158,0.3560075604077971,-2.0249531578687066,0.6535013574468332,-0.8585643632418306,0.10420624426196667,1.0,m4_cross_base
XLK,F2,2,0.21681737899780273,0.6765224605691158,0.3204880719191613,-3.5779644811713,0.6115530701458591,-1.1594454354408765,0.40814751698326984,1.0,m4_cross_base
XLP,F2,2,0.22738027572631836,0.6765224605691158,0.3361015915643623,2.62862215923611,1.8465319117238042,0.905342068300261,0.0984529007389371,1.0,m4_cross_base
XLU,F2,2,0.2471604347229004,0.6765224605691158,0.36533958460888327,2.614923407649234,3.0169572426911553,0.808648267733521,0.22405128067271407,1.0,m4_cross_base
XLV,F2,2,0.22171640396118164,0.6765224605691158,0.32772955353864464,4.1473425943086575,4.180541524944203,1.4497369238791207,-0.2569183167717701,1.0,m4_cross_base
XLY,F2,2,0.2132120132446289,0.6765224605691158,0.31515880945810293,1.4622455653667057,1.1348205922978456,0.2193156868110296,-0.06520610440281883,1.0,m4_cross_base
^GDAXI,F2,2,0.2522006034851074,0.6765224605691158,0.3727896975851281,-1.3162950383723393,0.8111765361304479,-0.3215992634052711,0.29734161985827384,1.0,m4_cross_base
DBC,F3,2,0.25966930389404297,0.6515698292790674,0.39852874124229376,7.928741024616584,-1.8245557766035891,1.466149974186181,0.48180523416153886,1.0,m4_cross_base
DIA,F3,2,0.24916934967041016,0.6515698292790674,0.3824138848572912,5.782445091333267,-2.7173824479692867,1.128543153604491,0.2668331737659602,1.0,m4_cross_base
EFA,F3,2,0.2526211738586426,0.6515698292790674,0.3877115890067478,12.066178465144128,-0.716951518659346,2.7003938822872766,-0.011281355350527128,1.0,m4_cross_base
EWA,F3,2,0.2636556625366211,0.6515698292790674,0.4046468247744746,11.748890675328358,-0.8742172531729352,2.809632411343553,0.11386195825449454,1.0,m4_cross_base
EWC,F3,2,0.27457761764526367,0.6515698292790674,0.4214093490932068,10.880354734757047,-1.0984022715380541,1.795675303338533,0.36744951660465197,1.0,m4_cross_base
EWG,F3,2,0.27169370651245117,0.6515698292790674,0.4169832522986339,12.962554704780379,-0.5929467436284086,3.5331350766756393,0.2094093412815553,1.0,m4_cross_base
EWJ,F3,2,0.25328826904296875,0.6515698292790674,0.38873541662176225,12.406248237729951,-0.7191457445711971,4.231350141761882,0.42870292182846453,1.0,m4_cross_base
EWU,F3,2,0.2521681785583496,0.6515698292790674,0.3870163522417272,7.6267510508647725,-1.5735377562401716,2.2293317223630043,0.09395109706200795,1.0,m4_cross_base
FXI,F3,2,0.2534046173095703,0.6515698292790674,0.38891398269614647,6.0252932231532945,-3.989244286118163,1.6863174344167466,0.07488994030420516,1.0,m4_cross_base
GLD,F3,2,0.2690587043762207,0.6515698292790674,0.4129391698107354,15.08818087707245,-1.5358862269945057,1.319268829668804,-0.31674004650902,1.0,m4_cross_base
IWM,F3,2,0.23991727828979492,0.6515698292790674,0.3682142228028768,12.68923479728621,-0.5843266330134159,1.7411884778458424,0.3537945279478969,1.0,m4_cross_base
IYR,F3,2,0.23407936096191406,0.6515698292790674,0.35925445047219623,1.283630823176222,1.210708538529666,0.17220544146232844,-0.034372189131047705,1.0,m4_cross_base
LQD,F3,2,0.279893159866333,0.6515698292790674,0.4295674036595927,9.979065900454652,-1.2326163588493844,2.4596777164627124,0.006690620321906019,1.0,m4_cross_base
MDY,F3,2,0.2606644630432129,0.6515698292790674,0.40005606664081783,12.263689325099818,-0.7805327304949844,1.8807834835954826,0.2909802210314687,1.0,m4_cross_base
SPY,F3,2,0.2299213409423828,0.6515698292790674,0.35287290879748134,6.429369130996514,-1.539958513449027,1.2403723275898069,0.3536331270741879,1.0,m4_cross_base
TIP,F3,2,0.2666497230529785,0.6515698292790674,0.40924197387717354,18.28728041881041,-0.6828778584927114,3.147312987916975,0.37175740704611265,1.0,m4_cross_base
TLT,F3,2,0.27788591384887695,0.6515698292790674,0.4264867729623779,7.869617603771328,-4.492220274838519,1.8247265947855504,0.36150284413575645,1.0,m4_cross_base
USO,F3,2,0.2388625144958496,0.6515698292790674,0.3665954188826395,7.638388960909524,-2.3409223117511653,1.3763764876317301,0.5447078624116571,1.0,m4_cross_base
XLB,F3,2,0.2478337287902832,0.6515698292790674,0.38036403414274117,8.414386504481204,-1.269775987897446,2.2303708442798182,0.31989178223606674,1.0,m4_cross_base
XLI,F3,2,0.2266678810119629,0.6515698292790674,0.3478796451682864,8.25345878877437,-0.9972021759612258,1.7108881863123473,0.23859034042388927,1.0,m4_cross_base
XLK,F3,2,0.23803949356079102,0.6515698292790674,0.3653322834548232,5.4673209536616625,-13.990642846798877,1.3621931795545177,0.5287518055647871,1.0,m4_cross_base
XLP,F3,2,0.26136112213134766,0.6515698292790674,0.4011252676026021,0.5467945297783343,1.1206171662345643,0.11054129984288943,-0.28715215356479756,1.0,m4_cross_base
XLU,F3,2,0.24476337432861328,0.6515698292790674,0.37565179253224923,-2.2403916220910336,0.6763429401609381,-0.8390770232968932,0.11511435571626903,1.0,m4_cross_base
XLV,F3,2,0.24120426177978516,0.6515698292790674,0.3701894270437089,0.7327339722093891,1.541282368772602,0.37360053803514987,-0.04337599749433185,1.0,m4_cross_base
XLY,F3,2,0.19151544570922852,0.6515698292790674,0.29392927220269194,6.453076426928174,-2.750784555224707,0.929183844848712,0.4350595255819316,1.0,m4_cross_base
^GDAXI,F3,2,0.24512314796447754,0.6515698292790674,0.3762039568893103,14.525375187207036,-0.48523393640864076,3.0119391338534425,0.4371625614854262,1.0,m4_cross_base
DBC,F5,2,0.26424169540405273,0.7023279847180175,0.37623688811167755,9.819525355867318,3.9072563804748497,0.8458133200041197,0.11679992508435133,1.0,m4_cross_base
DIA,F5,2,0.21197175979614258,0.7023279847180175,0.3018130622849217,16.186765728634924,-1.115314095175683,3.7201230554979037,-0.1850027488615514,1.0,m4_cross_base
EFA,F5,2,0.22693181037902832,0.7023279847180175,0.32311372366877955,12.032839313091051,-1.5654104396295319,2.583550053194251,-0.14899377029170013,1.0,m4_cross_base
EWA,F5,2,0.2532649040222168,0.7023279847180175,0.36060773532169854,11.864162581638961,-2.106513960555464,2.803130284172193,0.02365221184189069,1.0,m4_cross_base
EWC,F5,2,0.22724556922912598,0.7023279847180175,0.32356046487363643,10.344628359685958,-5.800935264966164,2.3104339223244357,0.0672917095585301,1.0,m4_cross_base
EWG,F5,2,0.255324125289917,0.7023279847180175,0.36353972908032256,13.38186578933281,-1.6814196839684508,2.386340777837881,-0.06578502093771903,1.0,m4_cross_base
EWJ,F5,2,0.24871420860290527,0.7023279847180175,0.35412829050627004,12.243627938203202,-1.7591992715416505,2.75071751996193,0.01961932994293815,1.0,m4_cross_base
EWU,F5,2,0.25022029876708984,0.7023279847180175,0.35627271618338335,14.918590982227016,-1.4243777205849408,4.070237497176519,0.14416114360070356,1.0,m4_cross_base
FXI,F5,2,0.26676392555236816,0.7023279847180175,0.3798281306695661,14.110090641513622,-1.2342644780847476,3.305000827987126,0.2152975189022425,1.0,m4_cross_base
GLD,F5,2,0.2688717842102051,0.7023279847180175,0.38282937610432294,16.76072681263011,-1.1513676105875517,3.497382865808784,0.22996277608888566,1.0,m4_cross_base
IWM,F5,2,0.21803784370422363,0.7023279847180175,0.31045017206848896,12.675761710204178,-1.519366293460489,3.6769420566012143,-0.13238024350321345,1.0,m4_cross_base
IYR,F5,2,0.2194080352783203,0.7023279847180175,0.31240110041523117,16.319144693950246,-0.8218588308657998,5.228015448300037,0.2839199829500025,1.0,m4_cross_base
LQD,F5,2,0.2749648094177246,0.7023279847180175,0.39150484588496376,15.911210059050752,-0.9161263152731127,2.707584132935329,-0.2584848125689225,1.0,m4_cross_base
MDY,F5,2,0.24912428855895996,0.7023279847180175,0.35471217718739,12.461664955644018,-2.1345998964238566,2.828998793468966,-0.25552179444945583,1.0,m4_cross_base
SPY,F5,2,0.19650912284851074,0.7023279847180175,0.2797968002476913,11.608908886401695,-1.893080296943564,3.2747235701361883,-0.09886675478411924,1.0,m4_cross_base
TIP,F5,2,0.2444608211517334,0.7023279847180175,0.3480721635346535,13.801463985593509,-1.38496703099454,4.065821388076353,-0.021373717393860046,1.0,m4_cross_base
TLT,F5,2,0.25571107864379883,0.7023279847180175,0.36409068726837934,19.22495194572953,-0.8717392850378614,4.2343468369846535,-0.016828767213156244,1.0,m4_cross_base
USO,F5,2,0.23702692985534668,0.7023279847180175,0.33748752009435057,9.640639730100524,5.141505927572327,0.8997686304175262,0.034494081152476215,1.0,m4_cross_base
XLB,F5,2,0.23669767379760742,0.7023279847180175,0.33701871340445133,14.227313685324587,-1.5197206226004953,2.788068040907783,-0.08549234337062195,1.0,m4_cross_base
XLI,F5,2,0.2358386516571045,0.7023279847180175,0.33579560659510527,13.021897992474514,-3.4013759933791494,1.6818702422204035,-0.27120386953734016,1.0,m4_cross_base
XLK,F5,2,0.2178051471710205,0.7023279847180175,0.31011885032385345,13.353616112627241,-1.7767853424916453,3.1330022665520465,-0.32051279294823753,1.0,m4_cross_base
XLP,F5,2,0.24269890785217285,0.7023279847180175,0.34556348761984146,8.224887476535212,1134.3976667228676,3.2216249567057265,0.3208745690260941,1.0,m4_cross_base
XLU,F5,2,0.22002220153808594,0.7023279847180175,0.31327557256090854,8.96352399699837,-6.469091297645971,1.3777850958836915,0.4820516415912527,1.0,m4_cross_base
XLV,F5,2,0.2089214324951172,0.7023279847180175,0.2974698958905909,10.500017756443576,-2.158139011943024,2.9116328615869658,0.0007159780006274155,1.0,m4_cross_base
XLY,F5,2,0.22733831405639648,0.7023279847180175,0.32369251831488977,12.675559558669995,-1.4430874281532904,3.0250754472530486,-0.19372289533104953,1.0,m4_cross_base
^GDAXI,F5,2,0.22492647171020508,0.7023279847180175,0.3202584499043027,7.768894178937555,-8.080469650904623,1.5264330308317455,0.14688782522187863,1.0,m4_cross_base
DBC,F4,2,0.2262582778930664,0.8037500152546058,0.28150329530182844,-0.5307799194491807,2.1063269189976705,0.4702927831067357,-0.4186278696523034,1.0,m4_cross_base
DIA,F4,2,0.2249746322631836,0.8037500152546058,0.2799062245640118,0.33107616264626394,2.37041842891571,0.5737617344171775,-0.2943145503810811,1.0,m4_cross_base
EFA,F4,2,0.21946144104003906,0.8037500152546058,0.2730468888022599,4.897300281345695,-14.796611397097132,0.9872502990908114,-0.21062572444033997,1.0,m4_cross_base
EWA,F4,2,0.2291250228881836,0.8037500152546058,0.28507000751421835,2.2696590561331824,3.328132324893337,0.8456976957630645,-0.281201020481259,1.0,m4_cross_base
EWC,F4,2,0.22864723205566406,0.8037500152546058,0.28447555547882003,3.8437398077246145,-8.51185876604393,0.8930141746487699,-0.4954498071697706,1.0,m4_cross_base
EWG,F4,2,0.21333980560302734,0.8037500152546058,0.265430546256907,5.816172803066513,-5.210598099700882,1.1114595296394907,-0.32061838831709844,1.0,m4_cross_base
EWJ,F4,2,0.2483348846435547,0.8037500152546058,0.3089703016240554,3.4277060042126584,-33.97992247205913,0.8716004369653524,-0.36755204514648876,1.0,m4_cross_base
EWU,F4,2,0.2331562042236328,0.8037500152546058,0.2900854740883275,3.3684710702172396,5.245757285509519,0.8078603493402842,-0.22145482179345743,1.0,m4_cross_base
FXI,F4,2,0.24392414093017578,0.8037500152546058,0.30348259570845215,3.0185023914177096,2.1659924987646377,1.0551152364331093,0.016627217249524075,1.0,m4_cross_base
GLD,F4,2,0.23464488983154297,0.8037500152546058,0.2919376489930317,5.173953079143814,2.52201893628275,1.259017062548346,0.30047179984041206,1.0,m4_cross_base
IWM,F4,2,0.22616195678710938,0.8037500152546058,0.2813834556699418,1.3404304395794844,4.793856081381124,0.6577472875882564,-0.35159805421185053,1.0,m4_cross_base
IYR,F4,2,0.21665382385253906,0.8037500152546058,0.2695537415124143,-0.3817023816929783,1.8103519709119646,0.6010800744873182,-0.49593562127775376,1.0,m4_cross_base
LQD,F4,2,0.20667362213134766,0.8037500152546058,0.2571366945055412,13.039760913528479,-5.091861485121445,2.148504674010538,0.48179676600276444,1.0,m4_cross_base
MDY,F4,2,0.23864459991455078,0.8037500152546058,0.2969139600438512,-0.5332411828545567,1.8407293755933154,0.45162801153668375,-0.2502241041147242,1.0,m4_cross_base
SPY,F4,2,0.2328510284423828,0.8037500152546058,0.28970578416551823,3.2657558758236807,2.8014842086106615,1.1587453500629963,-0.21217746077983934,1.0,m4_cross_base
TIP,F4,2,0.23230457305908203,0.8037500152546058,0.28902590189748784,11.44832267621648,13.939727044280952,1.2623391347282,-0.06946086495255001,1.0,m4_cross_base
TLT,F4,2,0.26303958892822266,0.8037500152546058,0.32726542324842006,16.205608413053362,-1.989150673170551,1.5248796979973176,-0.2526176483291858,1.0,m4_cross_base
USO,F4,2,0.22056818008422852,0.8037500152546058,0.27442385803794805,2.685499819054507,4.273621544579172,0.7115045071261776,-0.4404509978012478,1.0,m4_cross_base
XLB,F4,2,0.23249149322509766,0.8037500152546058,0.28925846197520855,0.494654146753124,2.6547164927004503,0.6316199575069051,-0.30627588203412853,1.0,m4_cross_base
XLI,F4,2,0.22310543060302734,0.8037500152546058,0.2775806237868048,-0.6301884765892236,2.1490953186794206,0.5318709822228681,-0.41406130890741466,1.0,m4_cross_base
XLK,F4,2,0.23196029663085938,0.8037500152546058,0.28859756420331856,1.253690391506323,1.472904028429515,0.7696687519886274,-0.18625207602006744,1.0,m4_cross_base
XLP,F4,2,0.2157726287841797,0.8037500152546058,0.26845738686030246,4.340713062710709,4.304685263510778,1.1159912619473993,-0.4047636077992225,1.0,m4_cross_base
XLU,F4,2,0.24458026885986328,0.8037500152546058,0.30429892904249217,7.675923634796235,24.373016758888017,2.377294002858273,-0.2042753797522294,1.0,m4_cross_base
XLV,F4,2,0.23612308502197266,0.8037500152546058,0.29377677205663927,2.370328987065264,1.9203532019497918,0.7269964003365939,-0.20100217989696723,1.0,m4_cross_base
XLY,F4,2,0.2318744659423828,0.8037500152546058,0.28849077641252846,1.042896587927629,1.7236859851952973,0.49499249384010224,-0.238800127461261,1.0,m4_cross_base
^GDAXI,F4,2,0.2624168395996094,0.8037500152546058,0.32649061849968736,6.282240774272028,-3.8851027172871606,1.1039164444881386,-0.17459220601405648,1.0,m4_cross_base
DBC,F1,3,0.22754545509815216,0.7523624517216537,0.30244126960011497,30.5208394759769,-0.04505049977639301,2.9072445558072997,-0.3140106510695033,1.0,m4_cross_base
DIA,F1,3,0.20266272127628326,0.7523624517216537,0.26936846836591066,-0.041256570207933385,6.475597758686481,0.18786261926021247,-0.1754902771486189,1.0,m4_cross_base
EFA,F1,3,0.21418209373950958,0.7523624517216537,0.28467940319109525,8.157760097856478,-0.17934301134002492,1.3969575657739153,-0.1269994920378883,1.0,m4_cross_base
EWA,F1,3,0.21393291652202606,0.7523624517216537,0.28434821013791545,12.79799637438045,-0.08986858877727646,1.7981059783921283,-0.03838610310480951,1.0,m4_cross_base
EWC,F1,3,0.23216378688812256,0.7523624517216537,0.30857970962912246,-2.971360331056336,-0.5903811638007955,0.23214480602371715,-0.08436890560809375,1.0,m4_cross_base
EWG,F1,3,0.21432243287563324,0.7523624517216537,0.28486593447771447,11.71392086370715,-0.11472661423523817,1.8240109420532378,-0.023793633028383377,1.0,m4_cross_base
EWJ,F1,3,0.216453418135643,0.7523624517216537,0.28769832630579334,5.70500302960547,-0.30869026003385663,0.8617056572818315,-0.03435856368205294,1.0,m4_cross_base
EWU,F1,3,0.22451385855674744,0.7523624517216537,0.2984118333430723,12.981118799595482,-0.09555338957450962,2.3504265377092026,-0.3863501186802182,1.0,m4_cross_base
FXI,F1,3,0.22220489382743835,0.7523624517216537,0.29534288070724446,-6.712620140970246,0.14529807415399237,-1.0862020165221182,0.20018366660035025,1.0,m4_cross_base
GLD,F1,3,0.22179943323135376,0.7523624517216537,0.2948039641316541,6.706477390204034,-0.18121148546782198,1.449152453268426,-0.06778731811255531,1.0,m4_cross_base
IWM,F1,3,0.22363486886024475,0.7523624517216537,0.2972435271703078,4.53967513572229,-0.298393081876084,0.8096370423749524,0.3778417287654224,1.0,m4_cross_base
IYR,F1,3,0.22276127338409424,0.7523624517216537,0.29608239070722214,-7.027565123264782,0.12172058597638927,-1.3521468632328733,0.19110647533433847,1.0,m4_cross_base
LQD,F1,3,0.20374035835266113,0.7523624517216537,0.27080080602964157,0.3751102857947809,2.583633396192713,0.2545176476639661,0.21942172749904376,1.0,m4_cross_base
MDY,F1,3,0.20334622263908386,0.7523624517216537,0.27027694188321144,-0.12162163751119326,2.0468974351974105,0.1315047473322556,0.05632566707428725,1.0,m4_cross_base
SPY,F1,3,0.20552486181259155,0.7523624517216537,0.2731726727487301,-2.9003419553922116,0.3365174272546005,-0.3711476336931808,-0.09841560756037279,1.0,m4_cross_base
TIP,F1,3,0.21481406688690186,0.7523624517216537,0.28551938815571715,6.406138334776005,-0.16551355201025236,1.3796804255214683,0.12950507591340638,1.0,m4_cross_base
TLT,F1,3,0.23887023329734802,0.7523624517216537,0.3174935601195063,-6.802283831612318,0.11596313686451108,-1.979073904080304,0.04341555978904119,1.0,m4_cross_base
USO,F1,3,0.22731684148311615,0.7523624517216537,0.3021374085893576,14.529885500540683,-0.10790922459187433,1.2527097108419984,0.09665270757883455,1.0,m4_cross_base
XLB,F1,3,0.21514442563056946,0.7523624517216537,0.28595848335898205,-1.3115433118014603,1.9062009884755777,0.10105063323470125,-0.23786034634493108,1.0,m4_cross_base
XLI,F1,3,0.20760858058929443,0.7523624517216537,0.275942240490893,-0.9084739487381454,0.6681276526202738,-0.1114823548527302,-0.24748025514548483,1.0,m4_cross_base
XLK,F1,3,0.211103618144989,0.7523624517216537,0.28058765779966055,-3.659744684770384,0.3788866412387726,-0.2826641848998328,-0.23863239918876908,1.0,m4_cross_base
XLP,F1,3,0.21423089504241943,0.7523624517216537,0.2847442672772789,-4.318943057101988,0.21085422788139144,-0.8852691687775393,0.17569991882818017,1.0,m4_cross_base
XLU,F1,3,0.2200300395488739,0.7523624517216537,0.2924521805219978,-3.0688180003433456,0.1737503844074929,-1.1286356172216536,0.17423974089943783,1.0,m4_cross_base
XLV,F1,3,0.20570069551467896,0.7523624517216537,0.2734063815172698,-6.442747677319739,0.11053514999664278,-2.2427849703902334,0.10007652612585403,1.0,m4_cross_base
XLY,F1,3,0.2175377905368805,0.7523624517216537,0.289139616203709,1.8540058626450573,-3.564822086071195,0.32592695004000005,-0.10092538780417934,1.0,m4_cross_base
^GDAXI,F1,3,0.20321863889694214,0.7523624517216537,0.2701073643852252,8.655183298381608,-0.1308879633864021,1.8439125604401367,0.06670970852922194,1.0,m4_cross_base
DBC,F3,3,0.25283002853393555,0.6097746085675501,0.4146286594777542,11.477007796099631,-0.8913913125171943,2.330711353476862,0.2532546368983023,1.0,m4_cross_base
DIA,F3,3,0.2499523162841797,0.6097746085675501,0.40990935465705,4.385655814878551,-4.530579825602034,1.119681384222215,0.18661731589958994,1.0,m4_cross_base
EFA,F3,3,0.257993221282959,0.6097746085675501,0.42309603853302924,19.72568372613012,-0.38439158554408537,4.85814869562254,0.43691107642619265,1.0,m4_cross_base
EWA,F3,3,0.2784128189086914,0.6097746085675501,0.4565831620354346,10.182048118879196,-1.1717375739341587,2.7818343504436505,0.5962852137303137,1.0,m4_cross_base
EWC,F3,3,0.2209620475769043,0.6097746085675501,0.36236675727770384,7.456556344845416,-2.601693024355087,1.4697697681698931,0.15006435993330416,1.0,m4_cross_base
EWG,F3,3,0.25194597244262695,0.6097746085675501,0.41317885150135225,17.085870469043904,-0.4692079736161883,4.496299944127463,0.45237790675063816,1.0,m4_cross_base
EWJ,F3,3,0.25145626068115234,0.6097746085675501,0.4123757485931728,14.635099081934293,-0.5832839435478543,3.884542471075356,0.243550130462914,1.0,m4_cross_base
EWU,F3,3,0.2409060001373291,0.6097746085675501,0.3950738465533234,12.87942656568357,-0.7525777945141161,2.8091660984464295,0.5832078779553148,1.0,m4_cross_base
FXI,F3,3,0.2395610809326172,0.6097746085675501,0.392868246015329,10.806418833177316,-1.1483835158446283,2.9988844664353267,0.008452112548707506,1.0,m4_cross_base
GLD,F3,3,0.2569241523742676,0.6097746085675501,0.42134281874711066,11.572559477771627,-2.323251769855812,0.8670060651351637,-0.38540530235907694,1.0,m4_cross_base
IWM,F3,3,0.2358865737915039,0.6097746085675501,0.38684223724178357,12.288221656871585,-0.8141796094460737,1.5808477955508702,0.3799046603232251,1.0,m4_cross_base
IYR,F3,3,0.26062440872192383,0.6097746085675501,0.42741105493744447,0.4512679417183847,1.2602048223582285,0.23587933001202566,0.3410242245300899,1.0,m4_cross_base
LQD,F3,3,0.26129722595214844,0.6097746085675501,0.4285144416983415,4.332849633329012,-14.463467615992462,0.7973404640307575,-0.09939102853516166,1.0,m4_cross_base
MDY,F3,3,0.22898244857788086,0.6097746085675501,0.3755198156180924,10.172503499977921,-0.9283833070306804,1.4174282247096126,0.36609349876870856,1.0,m4_cross_base
SPY,F3,3,0.22966766357421875,0.6097746085675501,0.37664353409818385,3.5544791674135516,9.837935889699759,1.0797077619797548,0.3619749849556484,1.0,m4_cross_base
TIP,F3,3,0.2850313186645508,0.6097746085675501,0.46743717212845437,11.121839866872836,-1.1861683265110963,2.3827596784369107,0.2809483483196461,1.0,m4_cross_base
TLT,F3,3,0.2735767364501953,0.6097746085675501,0.4486522275712122,7.9181198761668465,-7.814987559985331,1.3246922222779773,0.284231092345335,1.0,m4_cross_base
USO,F3,3,0.2598404884338379,0.6097746085675501,0.42612546469299745,8.782389003985303,-1.4618471087451952,1.2934885854505374,0.30403230098508016,1.0,m4_cross_base
XLB,F3,3,0.2630600929260254,0.6097746085675501,0.4314054557699477,11.276975601171639,-0.8303926900261036,2.565790577674179,0.3440878684415276,1.0,m4_cross_base
XLI,F3,3,0.23550748825073242,0.6097746085675501,0.3862205558279543,8.863380807802564,-1.0536665907226272,1.872929508673968,0.2610542372855396,1.0,m4_cross_base
XLK,F3,3,0.2270054817199707,0.6097746085675501,0.37227768839578257,9.03389919078259,-1.6005264380284248,1.7017706894595142,0.482067314519288,1.0,m4_cross_base
XLP,F3,3,0.24174189567565918,0.6097746085675501,0.396444673620547,1.8756973051155819,1.6869742327826114,0.3938771108616887,0.18594346414868015,1.0,m4_cross_base
XLU,F3,3,0.25754690170288086,0.6097746085675501,0.42236409664203023,0.1560998761489092,1.2468701737060162,0.2505568850381032,-0.35614890116873016,1.0,m4_cross_base
XLV,F3,3,0.2502913475036621,0.6097746085675501,0.4104653489780973,1.9401779187251051,1.692539361539548,0.38419464021853816,0.13112871862939587,1.0,m4_cross_base
XLY,F3,3,0.2447490692138672,0.6097746085675501,0.40137628850899293,4.8183319670403755,8.66013594366366,0.925886810944785,0.28831219487643683,1.0,m4_cross_base
^GDAXI,F3,3,0.26375293731689453,0.6097746085675501,0.4325416860772357,13.71140474863153,-0.675217229635496,3.0903086224070058,0.6419936513898856,1.0,m4_cross_base
DBC,F2,3,0.29849720001220703,0.7103723854754235,0.42019820324580176,7.280488058411527,16.9442034048847,1.9316626732621682,-0.4261735494842025,1.0,m4_cross_base
DIA,F2,3,0.21983766555786133,0.7103723854754235,0.30946820294926425,-1.909984710647736,0.780313305213365,-0.5382638828578875,0.2567053314760279,1.0,m4_cross_base
EFA,F2,3,0.250333309173584,0.7103723854754235,0.3523972979412003,3.9518639307804335,2.151577568235769,1.3506637065070117,0.2283303077293671,1.0,m4_cross_base
EWA,F2,3,0.25834035873413086,0.7103723854754235,0.36366892071858076,4.625909752350232,2.048426102808676,1.5844162485850535,-0.024201864750612385,1.0,m4_cross_base
EWC,F2,3,0.2509422302246094,0.7103723854754235,0.3532544836419337,2.433340789696869,1.4676803733853216,0.9362127897412162,-0.07097373361579647,1.0,m4_cross_base
EWG,F2,3,0.24845361709594727,0.7103723854754235,0.34975123213674375,3.7757347233166056,1.8650955593827943,1.7201842717379605,-0.12391466352207957,1.0,m4_cross_base
EWJ,F2,3,0.25332117080688477,0.7103723854754235,0.35660334774605174,0.9317286064564252,1.1992233170999926,0.5984493414623858,0.2696971275387085,1.0,m4_cross_base
EWU,F2,3,0.23914337158203125,0.7103723854754235,0.33664508428488854,3.863229798456352,2.1884443965596434,2.3272609617199946,0.12515117327753952,1.0,m4_cross_base
FXI,F2,3,0.23192977905273438,0.7103723854754235,0.326490420791784,1.7391236024544483,1.3802408178209082,0.7319751157866636,0.09911364424406079,1.0,m4_cross_base
GLD,F2,3,0.2758312225341797,0.7103723854754235,0.38829102619125183,14.57266905064316,-1.371119760432046,2.195452903368092,-0.026843022955876143,1.0,m4_cross_base
IWM,F2,3,0.24341297149658203,0.7103723854754235,0.3426554529335703,0.09905901465329947,0.9940113486421479,-0.018508837963949705,0.19523312991570083,1.0,m4_cross_base
IYR,F2,3,0.2714881896972656,0.7103723854754235,0.38217728510880894,4.7165765436691345,6.284555072673287,1.0762754827744812,-0.48001860100256166,1.0,m4_cross_base
LQD,F2,3,0.29708051681518555,0.7103723854754235,0.41820392077369617,11.880066521562345,-1.340765460972442,1.5755904916946002,0.5105879709009538,1.0,m4_cross_base
MDY,F2,3,0.23072433471679688,0.7103723854754235,0.32479350187913403,2.5983136396966966,1.4097110140214975,0.9970096967512676,0.22647556918115272,1.0,m4_cross_base
SPY,F2,3,0.2464585304260254,0.7103723854754235,0.34694272393637693,-1.3354930445628668,0.8402881589691759,-0.4797415566508772,0.1843477935934098,1.0,m4_cross_base
TIP,F2,3,0.28046417236328125,0.7103723854754235,0.39481288701218015,13.536787187495317,-2.235276049145763,1.6527290651772812,0.12879078590454693,1.0,m4_cross_base
TLT,F2,3,0.2669506072998047,0.7103723854754235,0.37578967420185605,12.246550445907701,-1.408208677006238,1.921777870079101,-0.03250013237938914,1.0,m4_cross_base
USO,F2,3,0.2817096710205078,0.7103723854754235,0.39656619088869977,5.4797449925404775,3.472981433554298,1.937996472040053,-0.32159579682880124,1.0,m4_cross_base
XLB,F2,3,0.24134206771850586,0.7103723854754235,0.339740216051593,1.0411163064401565,1.082827010072432,0.16811077565853963,0.3967948630326921,1.0,m4_cross_base
XLI,F2,3,0.24468135833740234,0.7103723854754235,0.3444409767894441,1.0838311082061054,1.0645480623193215,0.1299268680403395,0.4561548871589432,1.0,m4_cross_base
XLK,F2,3,0.22417831420898438,0.7103723854754235,0.3155785877838578,0.3918234723561742,1.0198230543071776,0.07062944081752763,0.43844014550944366,1.0,m4_cross_base
XLP,F2,3,0.258575439453125,0.7103723854754235,0.3639998467565303,1.9319722807514585,1.8625081021777854,0.8656981289446649,-0.31150591005444783,1.0,m4_cross_base
XLU,F2,3,0.27432727813720703,0.7103723854754235,0.38617390504785865,3.420683740035426,2.905756372437837,0.8223174116163755,-0.23384164680354436,1.0,m4_cross_base
XLV,F2,3,0.2383270263671875,0.7103723854754235,0.3354959050212585,8.196464762153166,33.3529868377326,2.4144518447403125,-0.224019438435267,1.0,m4_cross_base
XLY,F2,3,0.22567367553710938,0.7103723854754235,0.31768362643499315,4.848279598307437,1.928879868534935,1.1473820913985129,0.36862858003075566,1.0,m4_cross_base
^GDAXI,F2,3,0.24817657470703125,0.7103723854754235,0.34936123613664505,1.6163773403288282,1.3042563016851114,0.8032553083481948,0.24093386562006938,1.0,m4_cross_base
DBC,F5,3,0.25552797317504883,0.7475621815775046,0.3418150081319444,15.677343185504935,-4.20471556447531,1.0398388891660786,0.5592736664552088,1.0,m4_cross_base
DIA,F5,3,0.2238917350769043,0.7475621815775046,0.2994958019471347,12.7228490667793,-2.1597385222658354,5.2527659476060045,0.262052331167723,1.0,m4_cross_base
EFA,F5,3,0.25549983978271484,0.7475621815775046,0.3417773746172652,12.920788656582435,-1.8002530727557273,1.7208836556174676,-0.07808482207725097,1.0,m4_cross_base
EWA,F5,3,0.24332165718078613,0.7475621815775046,0.325486846682545,7.249796579708889,8.826103267684426,2.049257950763305,0.2712062000788279,1.0,m4_cross_base
EWC,F5,3,0.2755162715911865,0.7475621815775046,0.36855298245530893,11.950013701823305,-2.6145669040847985,4.0493435347457805,0.41015001420880315,1.0,m4_cross_base
EWG,F5,3,0.27579522132873535,0.7475621815775046,0.36892612832119553,17.55280112303239,-1.0633945138678615,3.5009178772682463,0.10807393185006758,1.0,m4_cross_base
EWJ,F5,3,0.2526860237121582,0.7475621815775046,0.3380133852931679,12.348139467839134,-2.9777938495384224,2.4866681706261984,-0.4385868856634553,1.0,m4_cross_base
EWU,F5,3,0.25019407272338867,0.7475621815775046,0.3346799488912474,12.959355565613716,-2.758950605541522,3.4775577648126332,0.2993592878897745,1.0,m4_cross_base
FXI,F5,3,0.25163841247558594,0.7475621815775046,0.3366120152635048,17.18754403068836,-0.9405027179393645,3.1141593968812584,0.29994650870110406,1.0,m4_cross_base
GLD,F5,3,0.27640438079833984,0.7475621815775046,0.36974098959242657,14.138468572250943,-3.021554840834523,2.5828399421846893,0.595859280726943,1.0,m4_cross_base
IWM,F5,3,0.23923969268798828,0.7475621815775046,0.3200264788450708,16.037912945453602,-1.1333330911192145,5.490973479633512,0.05595921523876964,1.0,m4_cross_base
IYR,F5,3,0.25676703453063965,0.7475621815775046,0.3434724774182801,11.535264681006083,-2.4449774243042652,3.641529943178231,0.5568078233763026,1.0,m4_cross_base
LQD,F5,3,0.2633810043334961,0.7475621815775046,0.35231986157687895,17.20581256790549,-1.1054262967219386,4.090920077388046,-0.3239013012815268,1.0,m4_cross_base
MDY,F5,3,0.24636077880859375,0.7475621815775046,0.32955222305216614,11.462541145094255,-3.3607981277881476,2.9547521523650366,0.19587937418644996,1.0,m4_cross_base
SPY,F5,3,0.283689022064209,0.7475621815775046,0.3794855184696059,11.697338602433332,-4.676273231799893,2.7753094792409647,0.11620243478702484,1.0,m4_cross_base
TIP,F5,3,0.29615163803100586,0.7475621815775046,0.3961565276162942,15.604107551697219,-1.5660824962103723,5.207637652431383,-0.1775661248735748,1.0,m4_cross_base
TLT,F5,3,0.24735784530639648,0.7475621815775046,0.33088598032664296,18.0252377339786,-1.0586813002275242,4.098968625705896,-0.03053505634523839,1.0,m4_cross_base
USO,F5,3,0.2547602653503418,0.7475621815775046,0.34078805968052994,10.166252859186672,8.602156175454143,1.1011015567146534,0.009452165609826594,1.0,m4_cross_base
XLB,F5,3,0.27949047088623047,0.7475621815775046,0.3738691947958765,12.801151973772106,-2.1112316755885967,2.43034161030479,0.07330001493433304,1.0,m4_cross_base
XLI,F5,3,0.2592158317565918,0.7475621815775046,0.3467481878358198,12.272460254377519,-2.7020767717538097,3.6469090620640023,0.12435161833618615,1.0,m4_cross_base
XLK,F5,3,0.27346158027648926,0.7475621815775046,0.365804460171368,8.882109332913046,-19.261017507719554,2.6980753500498738,-0.08355502716838764,1.0,m4_cross_base
XLP,F5,3,0.26411986351013184,0.7475621815775046,0.35330821972934273,10.478466944700871,-3.2038613792820514,3.486844944651091,0.3336892231100281,1.0,m4_cross_base
XLU,F5,3,0.23994970321655273,0.7475621815775046,0.32097624669858393,11.123574305059428,-3.241228696362759,2.8242518668168173,0.2913361441018582,1.0,m4_cross_base
XLV,F5,3,0.24975872039794922,0.7475621815775046,0.3340975861979919,10.836610448959005,-2.681000879677326,4.372146615079752,0.5134593657281169,1.0,m4_cross_base
XLY,F5,3,0.276125431060791,0.7475621815775046,0.36936784372653997,13.616586526376379,-2.2397281776899574,2.666055295398877,0.15144764301820515,1.0,m4_cross_base
^GDAXI,F5,3,0.24671125411987305,0.7475621815775046,0.3300210473452032,11.590820823204204,-1.8654266435464069,2.182372172624699,0.22190403686253515,1.0,m4_cross_base
DBC,F4,3,0.22912408411502838,0.7656069249396444,0.29927117513088203,-14.490612242572192,0.12517026868040884,-0.41842672525908425,-0.19326224544226045,1.0,m4_cross_base
DIA,F4,3,0.18885532021522522,0.7656069249396444,0.2466739968817724,-6.927304836009824,0.196477297730332,-0.5211105253337871,0.01512161216679143,1.0,m4_cross_base
EFA,F4,3,0.18807268142700195,0.7656069249396444,0.24565175065759548,-6.158396137108302,0.18391257040253567,-0.6460168928289235,0.14027231541950014,1.0,m4_cross_base
EWA,F4,3,0.20638586580753326,0.7656069249396444,0.2695715765943515,-7.747483920495341,0.3604681394438824,-0.12453039476198177,0.005507795150294927,1.0,m4_cross_base
EWC,F4,3,0.196340411901474,0.7656069249396444,0.2564506739760122,-6.459660309120452,0.3333906089087169,-0.18978893398974994,0.01877345032723211,1.0,m4_cross_base
EWG,F4,3,0.20102453231811523,0.7656069249396444,0.2625688532453683,-2.749215716257834,-7.873985487164061,0.10172592863943562,0.18584197524144525,1.0,m4_cross_base
EWJ,F4,3,0.21608293056488037,0.7656069249396444,0.28223742958165504,-7.982062949896088,0.30724756878542603,-0.16639538295062298,0.009564196775555622,1.0,m4_cross_base
EWU,F4,3,0.21491524577140808,0.7656069249396444,0.2807122542528604,-5.556475942918514,0.6793488860834211,-0.03587247938066824,-0.02067562019042376,1.0,m4_cross_base
FXI,F4,3,0.2360357940196991,0.7656069249396444,0.30829892772757594,-4.069364720906476,0.23915283165855925,-0.5661714339073849,0.1511845722140148,1.0,m4_cross_base
GLD,F4,3,0.2320667803287506,0.7656069249396444,0.3031147874570822,-5.6077875617104525,0.3713591559081652,-0.17215026090712457,0.0676660465918856,1.0,m4_cross_base
IWM,F4,3,0.1931055188179016,0.7656069249396444,0.25222540774840146,-6.968579283454409,0.5884289531990833,-0.045119744805901286,0.0879431387621126,1.0,m4_cross_base
IYR,F4,3,0.21545949578285217,0.7656069249396444,0.281423128193149,-6.123370013823788,0.4544414726479506,-0.10532517295758431,-0.03699983167399635,1.0,m4_cross_base
LQD,F4,3,0.22442898154258728,0.7656069249396444,0.29313865148265195,2.7327874617343344,-0.4217509527232644,0.5704877225329495,0.39364847801202046,1.0,m4_cross_base
MDY,F4,3,0.1867971420288086,0.7656069249396444,0.24398570068254605,-10.517467151348873,0.18029953280306069,-0.29629292227499854,0.08562730954174283,1.0,m4_cross_base
SPY,F4,3,0.21810725331306458,0.7656069249396444,0.2848815053890203,-6.258477572551408,0.25810660709979366,-0.3107845991057525,0.12728966688937607,1.0,m4_cross_base
TIP,F4,3,0.2421335130929947,0.7656069249396444,0.3162634835259398,-2.0695238927476924,0.3966878513768136,-0.2787192372517351,0.3077134340025828,1.0,m4_cross_base
TLT,F4,3,0.2629070281982422,0.7656069249396444,0.3433968785208782,7.172288301910958,-0.2795346884886133,0.34147946363082426,-0.19498071891254096,1.0,m4_cross_base
USO,F4,3,0.19729271531105042,0.7656069249396444,0.2576945282027115,-5.730579601197671,-0.32401671404963817,0.22481599766755317,-0.2305949302892307,1.0,m4_cross_base
XLB,F4,3,0.20166218280792236,0.7656069249396444,0.2634017225272879,-7.260642882108947,0.171752062325913,-0.6618243512705752,-0.03141567940491963,1.0,m4_cross_base
XLI,F4,3,0.21545378863811493,0.7656069249396444,0.2814156737873027,-9.76305610731296,0.12497565659721921,-0.7655215382798783,-0.02780809825026448,1.0,m4_cross_base
XLK,F4,3,0.21123263239860535,0.7656069249396444,0.27590219669872706,-10.127209090019335,0.09168958445199574,-2.194390337231736,0.16708321863165215,1.0,m4_cross_base
XLP,F4,3,0.22599248588085175,0.7656069249396444,0.2951808278101293,-4.8890911075769425,0.2807777189914738,-0.31264735613781036,0.08375743749569997,1.0,m4_cross_base
XLU,F4,3,0.21755070984363556,0.7656069249396444,0.2841545743082011,0.7002105406969243,-0.41044676413125397,0.4875553388792831,0.11784927690279139,1.0,m4_cross_base
XLV,F4,3,0.20600669085979462,0.7656069249396444,0.26907631599078713,-5.08774832820729,0.2553066744994494,-0.38409864603849153,0.08958581116341421,1.0,m4_cross_base
XLY,F4,3,0.19601912796497345,0.7656069249396444,0.2560310279069463,-10.26511335036733,0.11986412625522677,-0.760153350416005,0.13077403722211958,1.0,m4_cross_base
^GDAXI,F4,3,0.22601747512817383,0.7656069249396444,0.29521346759760775,-1.5684772514624563,0.3864009379649497,-0.28339662582318104,0.39426722430844585,1.0,m4_cross_base
DBC,F1,4,0.24750033020973206,0.7317986785827544,0.3382082223611775,22.046060671990745,-0.08083183879670568,1.7694674123667067,-0.4196612061097028,1.0,m4_cross_base
DIA,F1,4,0.20479030907154083,0.7317986785827544,0.2798451473951144,-0.3825667198461441,1.3548304532189048,0.10128950999183468,-0.14497454734776294,1.0,m4_cross_base
EFA,F1,4,0.22184479236602783,0.7317986785827544,0.3031500313660936,9.347684023465051,-0.17409455910956284,1.9477219688697307,0.021938329821073056,1.0,m4_cross_base
EWA,F1,4,0.21885964274406433,0.7317986785827544,0.299070836214027,10.832352957261056,-0.12265964660294397,1.3593252413235062,-0.06027513945016222,1.0,m4_cross_base
EWC,F1,4,0.21594564616680145,0.7317986785827544,0.29508887141613166,3.728543804587007,-0.2830493504317902,0.5984905113604596,-0.25953343538726414,1.0,m4_cross_base
EWG,F1,4,0.20445194840431213,0.7317986785827544,0.27938277888157187,10.28509710929137,-0.16014403428487448,1.5516413074976412,0.18590716414937328,1.0,m4_cross_base
EWJ,F1,4,0.24958527088165283,0.7317986785827544,0.3410572855433612,5.976501856387688,-0.455682233881346,0.7799006378668756,-0.2076296949120949,1.0,m4_cross_base
EWU,F1,4,0.22147412598133087,0.7317986785827544,0.3026435172174006,7.962784757868687,-0.2380036999570787,1.6453502016583186,-0.049427440593856335,1.0,m4_cross_base
FXI,F1,4,0.24413037300109863,0.7317986785827544,0.3336031891638508,-7.3815229670389835,0.1603269060843208,-0.9935735310504867,0.08528910823246508,1.0,m4_cross_base
GLD,F1,4,0.24533838033676147,0.7317986785827544,0.33525392641033275,7.999469001059778,-0.17888541609491498,1.2871635588073658,-0.3774601344124642,1.0,m4_cross_base
IWM,F1,4,0.1992318034172058,0.7317986785827544,0.272249471402504,3.898099569609042,-0.8529892982750528,0.5444570984058259,0.38857559196725266,1.0,m4_cross_base
IYR,F1,4,0.21882659196853638,0.7317986785827544,0.29902567245998474,-9.79902275191758,0.1254238789327166,-1.8016810470429072,0.0647206662016977,1.0,m4_cross_base
LQD,F1,4,0.24747028946876526,0.7317986785827544,0.3381671718074583,-4.276001884384705,0.21635416168432162,-1.5747072364535093,0.04955425721728785,1.0,m4_cross_base
MDY,F1,4,0.22157594561576843,0.7317986785827544,0.3027826533451602,5.048020595173694,-0.40251656514642076,1.018168705856413,0.11799920047156498,1.0,m4_cross_base
SPY,F1,4,0.2187672257423401,0.7317986785827544,0.2989445487466825,2.3943083978278645,-1.1993469289036494,0.6879085072232518,0.10178717941500241,1.0,m4_cross_base
TIP,F1,4,0.2605894207954407,0.7317986785827544,0.3560944128788452,4.039310294200366,-0.527479366443568,0.476037039694201,0.13689831172802852,1.0,m4_cross_base
TLT,F1,4,0.23817184567451477,0.7317986785827544,0.32546088513820876,-9.563981960223174,0.1097492946576795,-2.9138577915725845,-0.10915279421900903,1.0,m4_cross_base
USO,F1,4,0.24469780921936035,0.7317986785827544,0.33437858851188,13.111212104189036,-0.14643969906770432,1.4074894728889413,0.26127231859148653,1.0,m4_cross_base
XLB,F1,4,0.24552065134048462,0.7317986785827544,0.3355029990160337,4.906738667735165,-0.25043149872366205,0.9775280198448357,-0.06454270530843201,1.0,m4_cross_base
XLI,F1,4,0.2061760425567627,0.7317986785827544,0.28173874672205707,0.1168603666750444,4.188909463558432,0.25315069429325954,-0.22036304859095673,1.0,m4_cross_base
XLK,F1,4,0.20471014082431793,0.7317986785827544,0.27973559780235185,-0.5123084146814195,1.602076317827733,0.14840667144150937,0.002148981639053311,1.0,m4_cross_base
XLP,F1,4,0.23747095465660095,0.7317986785827544,0.32450312033427225,-9.148695902301313,0.11483935460046715,-3.1531959108586176,0.1511515669371516,1.0,m4_cross_base
XLU,F1,4,0.19704756140708923,0.7317986785827544,0.26926471333441526,-5.310742041652659,0.18863205625613283,-1.5292111501664793,-0.16044720705050705,1.0,m4_cross_base
XLV,F1,4,0.20839455723762512,0.7317986785827544,0.28477033825917075,-5.7912431749598205,0.15729725010529105,-2.4274704711942157,-0.00790003624190398,1.0,m4_cross_base
XLY,F1,4,0.21047133207321167,0.7317986785827544,0.2876082428582998,1.5218958143075514,1.0971708609957762,0.02446000664513335,0.0713119321678886,1.0,m4_cross_base
^GDAXI,F1,4,0.2203686237335205,0.7317986785827544,0.30113285276805873,3.326314205844941,-1.8897649331607704,0.3437723019768913,0.16170808419806773,1.0,m4_cross_base
DBC,F2,4,0.258791446685791,0.6839088124784335,0.3784005147527643,4.383510201952693,2.677768342383374,0.9583686608073135,-0.08262009810428425,1.0,m4_cross_base
DIA,F2,4,0.2055835723876953,0.6839088124784335,0.300600852974355,1.4793537654342837,1.1266870182233488,0.3486638310157348,0.0915378598742464,1.0,m4_cross_base
EFA,F2,4,0.21005916595458984,0.6839088124784335,0.30714499085536184,3.111427269518609,2.0752732376242546,0.8551088252542917,0.21359260681137857,1.0,m4_cross_base
EWA,F2,4,0.2249126434326172,0.6839088124784335,0.3288634966079043,-0.8130185778142831,0.8438360650433341,-0.5932172567674087,0.021132479435591763,1.0,m4_cross_base
EWC,F2,4,0.23290729522705078,0.6839088124784335,0.34055314243285223,1.5295175259734268,1.3947091349009886,0.5429206355537319,-0.3159557875179652,1.0,m4_cross_base
EWG,F2,4,0.20730924606323242,0.6839088124784335,0.3031241040921223,6.522418216318995,8.009295790500568,2.034390291197996,-0.042058516939414196,1.0,m4_cross_base
EWJ,F2,4,0.23015832901000977,0.6839088124784335,0.33653365011620995,3.4746336644968823,2.190549895090345,1.377593508654262,0.468256755195721,1.0,m4_cross_base
EWU,F2,4,0.20917606353759766,0.6839088124784335,0.3058537333062861,8.231495571368951,-4.9928639254055485,2.6660191340183803,0.07153399884166173,1.0,m4_cross_base
FXI,F2,4,0.21197986602783203,0.6839088124784335,0.3099534063022717,4.087702004482251,2.089946896316836,1.6868691395185014,-0.021586927234729093,1.0,m4_cross_base
GLD,F2,4,0.23900413513183594,0.6839088124784335,0.3494678395292249,10.061619164131713,-2.629337922802848,1.4311708435876627,-0.2915288845737232,1.0,m4_cross_base
IWM,F2,4,0.2504401206970215,0.6839088124784335,0.36618934590043595,5.491456318980539,2.3646000840978183,1.1000505144566353,-0.17546170598610425,1.0,m4_cross_base
IYR,F2,4,0.214385986328125,0.6839088124784335,0.31347159506719396,2.904406367960026,3.3247684409887324,0.6480672178709354,0.12694100634934152,1.0,m4_cross_base
LQD,F2,4,0.24494218826293945,0.6839088124784335,0.3581503612671514,7.0519778826946675,-13.75062985845024,1.139493012893057,0.4157547525438464,1.0,m4_cross_base
MDY,F2,4,0.21972131729125977,0.6839088124784335,0.3212728265556433,4.492703005384887,2.2438657490511624,1.5159602375101513,-0.08242364034784533,1.0,m4_cross_base
SPY,F2,4,0.2109518051147461,0.6839088124784335,0.3084501928704103,3.487818793030978,1.9010645411503826,1.2117651133808205,-0.06538402646015631,1.0,m4_cross_base
TIP,F2,4,0.2842702865600586,0.6839088124784335,0.415655247268835,11.603482397374593,-1.993910807210447,1.6230258025208641,0.4441980693928524,1.0,m4_cross_base
TLT,F2,4,0.2697572708129883,0.6839088124784335,0.39443455895151935,9.267014795708812,-1.878274785226403,1.5162542732436615,0.44930030471890253,1.0,m4_cross_base
USO,F2,4,0.24541902542114258,0.6839088124784335,0.3588475845657884,5.6701593496633365,3.470457971703114,1.547051759426102,-0.21762271788805376,1.0,m4_cross_base
XLB,F2,4,0.2368474006652832,0.6839088124784335,0.34631429854948975,4.870272359858614,2.3156346025113583,1.18614380047176,0.1407844541631441,1.0,m4_cross_base
XLI,F2,4,0.2407855987548828,0.6839088124784335,0.35207266577293267,4.694698980976705,1.9388612562803302,1.0934801674933186,-0.06122999187727519,1.0,m4_cross_base
XLK,F2,4,0.22032499313354492,0.6839088124784335,0.32215551125171776,0.750688561528289,1.0968021214104857,0.2805274120895554,0.35202179565038116,1.0,m4_cross_base
XLP,F2,4,0.2592782974243164,0.6839088124784335,0.37911237974067274,5.812893098603822,86.50732445403952,1.5883137820722615,-0.43438520064918906,1.0,m4_cross_base
XLU,F2,4,0.2418222427368164,0.6839088124784335,0.3535884292241695,5.0435787897466415,6.3874997041318045,1.3436400353464264,-0.048418847703722796,1.0,m4_cross_base
XLV,F2,4,0.22971677780151367,0.6839088124784335,0.33588802134167206,7.951369545449016,-34.010552028235224,2.0028397192741183,-0.05548853788560285,1.0,m4_cross_base
XLY,F2,4,0.2354135513305664,0.6839088124784335,0.3442177480904883,9.711844061891385,169.57004298817625,2.133054945006314,0.35275111506625123,1.0,m4_cross_base
^GDAXI,F2,4,0.22553157806396484,0.6839088124784335,0.32976849244953516,-0.5155149642605821,0.9864681533786434,-0.0392071423697195,0.3935020946819771,1.0,m4_cross_base
DBC,F3,4,0.2703227996826172,0.683026385383619,0.39577211871660195,15.630898416020376,-0.9865570382288203,3.274322642885329,0.4102746267243601,1.0,m4_cross_base
DIA,F3,4,0.22429847717285156,0.683026385383619,0.3283891837456253,8.535697245654157,-4.931342654993267,1.6537642169673563,0.6532636960713761,1.0,m4_cross_base
EFA,F3,4,0.23034334182739258,0.683026385383619,0.3372393025461544,15.263357538618429,-1.1079114492141582,3.978013903094967,0.47719770987605287,1.0,m4_cross_base
EWA,F3,4,0.25073909759521484,0.683026385383619,0.3671001632746416,13.473673374996356,-1.6511293108113845,3.8121015997524856,-0.12489839251097865,1.0,m4_cross_base
EWC,F3,4,0.24590730667114258,0.683026385383619,0.3600260721011967,13.416756974471308,-1.7732543803801912,1.9732263851989318,0.3719834637448097,1.0,m4_cross_base
EWG,F3,4,0.22269105911254883,0.683026385383619,0.32603580751492534,17.998917751677414,-0.8701799191046402,4.351421842397062,0.5231445297229553,1.0,m4_cross_base
EWJ,F3,4,0.22661304473876953,0.683026385383619,0.33177787796805713,13.712917052915492,-1.257084533879107,3.423767564357964,0.46134321604644396,1.0,m4_cross_base
EWU,F3,4,0.23136043548583984,0.683026385383619,0.33872840118159886,13.702474503679024,-1.351224021695844,3.701011757287145,0.6309084560145684,1.0,m4_cross_base
FXI,F3,4,0.25743770599365234,0.683026385383619,0.3769074101713706,11.849918329892155,-2.433491763452101,6.098231780921168,0.4234868832632193,1.0,m4_cross_base
GLD,F3,4,0.25362396240234375,0.683026385383619,0.37132381388150454,11.905312963246345,-20.15655758939951,1.4284429709805366,-0.4980210393325434,1.0,m4_cross_base
IWM,F3,4,0.22304153442382812,0.683026385383619,0.32654892870435415,15.241381191331977,-1.0571352783610717,2.9030303005249656,0.13488579414427246,1.0,m4_cross_base
IYR,F3,4,0.2620081901550293,0.683026385383619,0.3835989293559625,7.045222148338789,6.431573452803141,1.5350112761975234,0.22821817626441798,1.0,m4_cross_base
LQD,F3,4,0.30196571350097656,0.683026385383619,0.4420996318193165,11.938754776923716,-3.296829451027179,2.7512728618109175,0.09840438659236167,1.0,m4_cross_base
MDY,F3,4,0.23354721069335938,0.683026385383619,0.34192999815400765,15.245885490653054,-1.0143604317600323,2.4849625412963166,0.39144739006313845,1.0,m4_cross_base
SPY,F3,4,0.2304553985595703,0.683026385383619,0.3374033617019582,10.481579877450871,-2.7549684024154337,2.274525618548722,0.46483701278353085,1.0,m4_cross_base
TIP,F3,4,0.24791431427001953,0.683026385383619,0.3629644763002522,20.549027140387654,-1.0892375672172054,4.354151079461496,0.06790306222704884,1.0,m4_cross_base
TLT,F3,4,0.2992525100708008,0.683026385383619,0.4381273058766636,13.204246331283944,-3.1469816032252727,2.337550889423735,0.1911455477695753,1.0,m4_cross_base
USO,F3,4,0.2793922424316406,0.683026385383619,0.4090504384756983,9.419720111193339,-3.8357219880955253,1.6527591227996705,0.40893929518205446,1.0,m4_cross_base
XLB,F3,4,0.2521085739135742,0.683026385383619,0.3691051755957838,16.41547656034363,-0.9069332353491973,4.379183081027024,0.4529129270534731,1.0,m4_cross_base
XLI,F3,4,0.2295541763305664,0.683026385383619,0.3360839072148556,15.290684827564114,-0.9286413160153582,3.5617333498790127,0.4598895894964017,1.0,m4_cross_base
XLK,F3,4,0.2142333984375,0.683026385383619,0.3136531809341109,9.542687221282662,-5.775710478575225,2.5099880546146385,0.4271722144866946,1.0,m4_cross_base
XLP,F3,4,0.22805166244506836,0.683026385383619,0.3338841182789506,6.534612110220849,104.12337508660126,1.8953579310651463,-0.0670386433257155,1.0,m4_cross_base
XLU,F3,4,0.2734498977661133,0.683026385383619,0.4003504163496279,-0.12063947956237886,1.0620406557598818,0.12141601452293865,0.14916217410335966,1.0,m4_cross_base
XLV,F3,4,0.22626399993896484,0.683026385383619,0.3312668511508301,2.6654125601544383,1.5594704547822509,0.5165630171292893,0.23098568702739813,1.0,m4_cross_base
XLY,F3,4,0.21498727798461914,0.683026385383619,0.3147569150844332,8.192550673129691,21.766037393104583,1.8277255359681241,0.17680319646214931,1.0,m4_cross_base
^GDAXI,F3,4,0.2504117488861084,0.683026385383619,0.3666209011024745,16.06039426716186,-1.0760448686511768,3.614128693908467,0.5448633317209536,1.0,m4_cross_base
DBC,F4,4,0.24781227111816406,0.7428889661038254,0.3335791516972539,0.22628268893953773,1.6862926696554372,0.4313588372806108,-0.6758594785523633,1.0,m4_cross_base
DIA,F4,4,0.251190185546875,0.7428889661038254,0.33812614940867075,2.508408591066166,2.7992349829921856,0.8444314881933966,-0.39997590469569544,1.0,m4_cross_base
EFA,F4,4,0.2524237632751465,0.7428889661038254,0.33978666367736576,-1.1316058769700401,2.3197784054364665,0.4189857277876925,-0.6059337612634778,1.0,m4_cross_base
EWA,F4,4,0.23247766494750977,0.7428889661038254,0.3129372968975002,-3.26444585048365,0.9885655372446835,-0.012941539179405697,-0.43461604018446104,1.0,m4_cross_base
EWC,F4,4,0.25039100646972656,0.7428889661038254,0.33705037750517913,-1.4286624744003085,2.4856370033107265,0.40751143010945245,-0.48030580952064816,1.0,m4_cross_base
EWG,F4,4,0.24532127380371094,0.7428889661038254,0.3302260297259888,7.455865920966112,-3.2782186919306104,1.3477396761085985,-0.4832185561278788,1.0,m4_cross_base
EWJ,F4,4,0.22553443908691406,0.7428889661038254,0.3035910470844086,-2.065892621069583,1.623803475776644,0.3238175248052794,-0.4754755955160593,1.0,m4_cross_base
EWU,F4,4,0.23070716857910156,0.7428889661038254,0.3105540384979391,3.651184243502457,3.8209476017751025,0.8333685700057791,-0.42989038666597973,1.0,m4_cross_base
FXI,F4,4,0.24338912963867188,0.7428889661038254,0.32762517784475487,3.640941409321136,2.2600462423304615,1.4589394205704544,-0.11748789556632337,1.0,m4_cross_base
GLD,F4,4,0.2679777145385742,0.7428889661038254,0.3607237780687699,4.719690908028765,3.5705773204908433,0.9412399074626283,0.38378278129227594,1.0,m4_cross_base
IWM,F4,4,0.2158808708190918,0.7428889661038254,0.29059641570840145,-3.7961779025542555,1.3408491892587682,0.16393618664323967,-0.38088174141632775,1.0,m4_cross_base
IYR,F4,4,0.2371969223022461,0.7428889661038254,0.3192898711987273,-1.098025922484183,1.318707814544579,0.3425329217377153,-0.30869727447476986,1.0,m4_cross_base
LQD,F4,4,0.2392730712890625,0.7428889661038254,0.3220845674205665,13.01102856546151,-2.5236046266676744,3.9247742380512034,0.25336758028016926,1.0,m4_cross_base
MDY,F4,4,0.26281261444091797,0.7428889661038254,0.35377105655407937,-3.3375920546002167,0.972103716837687,-0.031320506518360845,-0.2490183323129334,1.0,m4_cross_base
SPY,F4,4,0.2509145736694336,0.7428889661038254,0.3377551493130752,-1.4862130503257607,1.3651869053387033,0.28329874596248245,-0.31545294771669546,1.0,m4_cross_base
TIP,F4,4,0.23288822174072266,0.7428889661038254,0.31348994582882855,8.894660704547086,20.886032639868795,2.086505282606737,0.45616969023661275,1.0,m4_cross_base
TLT,F4,4,0.24155902862548828,0.7428889661038254,0.32516168586050614,17.010762537238897,-1.7602845849449518,3.5091557491589436,0.1547645258052781,1.0,m4_cross_base
USO,F4,4,0.20687103271484375,0.7428889661038254,0.27846830704702064,2.555234738908763,-30.431349631273388,0.781127251884048,-0.6127050613267663,1.0,m4_cross_base
XLB,F4,4,0.23504257202148438,0.7428889661038254,0.3163899085137779,-4.256836788725355,1.1008067613477595,0.07816115470204235,-0.4657101779945748,1.0,m4_cross_base
XLI,F4,4,0.2109241485595703,0.7428889661038254,0.28392419080577885,-1.9206487218643087,1.2972263879435537,0.26409602448661124,-0.35281594811961703,1.0,m4_cross_base
XLK,F4,4,0.2157745361328125,0.7428889661038254,0.29045327899331874,2.661469897000969,2.136550709960494,0.9433169686248597,-0.03656442592234544,1.0,m4_cross_base
XLP,F4,4,0.2130870819091797,0.7428889661038254,0.2868357071269233,3.7228211808838707,1.8799853832734095,2.372178413822819,0.12184344585043332,1.0,m4_cross_base
XLU,F4,4,0.2529468536376953,0.7428889661038254,0.3404907936165843,6.032683613970365,3.4497507142415538,1.9353523892394604,0.05218974597325185,1.0,m4_cross_base
XLV,F4,4,0.2554359436035156,0.7428889661038254,0.3438413481131394,1.1754810067646524,1.5641824491459688,0.6150900684372596,-0.13242017032584003,1.0,m4_cross_base
XLY,F4,4,0.2308979034423828,0.7428889661038254,0.31081078596893946,-2.1305863571102854,1.0406972440820255,0.056919221781875855,-0.3206471905319319,1.0,m4_cross_base
^GDAXI,F4,4,0.2226409912109375,0.7428889661038254,0.2996961879493327,5.690604221094199,108.40807159830669,1.5188186265495107,-0.391101738521961,1.0,m4_cross_base
DBC,F5,4,0.24416685104370117,0.7584682478734388,0.32192099237942506,15.625229672881641,-5.353721433838739,0.9838723734624337,0.4662475685356734,1.0,m4_cross_base
DIA,F5,4,0.21224284172058105,0.7584682478734388,0.2798308858883131,10.934854805583836,-4.149030392673312,2.219952270588523,0.08931111319793324,1.0,m4_cross_base
EFA,F5,4,0.22157049179077148,0.7584682478734388,0.29212889585292656,14.367044793620167,-1.7785300409780744,2.9500579836503333,0.1274619721575564,1.0,m4_cross_base
EWA,F5,4,0.23032522201538086,0.7584682478734388,0.3036715415063939,12.041806787888653,-2.4559018031534436,3.030902708807723,-0.20318244242167477,1.0,m4_cross_base
EWC,F5,4,0.19670391082763672,0.7584682478734388,0.2593436328800142,11.087750787881877,-3.20284050882573,5.005039560119173,-0.3280025353062729,1.0,m4_cross_base
EWG,F5,4,0.2312159538269043,0.7584682478734388,0.30484592397266175,15.766393830307335,-1.3969804500692449,2.690830061547758,0.12113452306612062,1.0,m4_cross_base
EWJ,F5,4,0.23300647735595703,0.7584682478734388,0.30720663390886926,10.953004189343721,-3.862788747630284,2.459306890971102,-0.20405503383951834,1.0,m4_cross_base
EWU,F5,4,0.24653339385986328,0.7584682478734388,0.3250411530754032,11.44108561922662,-5.589310943185944,3.619921028724724,0.18521556354003393,1.0,m4_cross_base
FXI,F5,4,0.24578189849853516,0.7584682478734388,0.3240503464550402,21.286742984909175,-0.822287562151153,4.100135793938188,-0.33115580035076747,1.0,m4_cross_base
GLD,F5,4,0.28113603591918945,0.7584682478734388,0.37066289420476967,20.42576087785872,-1.236360612695709,3.902110103821241,0.3795387683074534,1.0,m4_cross_base
IWM,F5,4,0.23481273651123047,0.7584682478734388,0.30958809043040164,12.505574400629826,-3.508326508178515,2.546195100577381,-0.2557382462336582,1.0,m4_cross_base
IYR,F5,4,0.21796226501464844,0.7584682478734388,0.28737164096949586,19.068171861959456,-0.8710921283231959,6.053396917002758,0.1753198297271582,1.0,m4_cross_base
LQD,F5,4,0.2514777183532715,0.7584682478734388,0.33155998165823564,19.070244099957975,-0.9239660922521905,2.310002155762296,-0.3013720645625189,1.0,m4_cross_base
MDY,F5,4,0.22879362106323242,0.7584682478734388,0.3016522072014409,9.892299244198787,-12.055737803681485,2.6397980449295875,-0.0031573718041522933,1.0,m4_cross_base
SPY,F5,4,0.21964573860168457,0.7584682478734388,0.28959121125705395,15.863347661255888,-1.7123932988814456,2.4282620225489637,-0.008853586762466807,1.0,m4_cross_base
TIP,F5,4,0.2496647834777832,0.7584682478734388,0.32916972355505025,18.85224770145388,-0.9702879432314045,5.626952728249229,-0.11757024045381227,1.0,m4_cross_base
TLT,F5,4,0.2598896026611328,0.7584682478734388,0.3426506032253826,19.36903127680076,-1.1058086699968885,5.583692897812098,0.03114835401715908,1.0,m4_cross_base
USO,F5,4,0.23359060287475586,0.7584682478734388,0.30797677230350423,10.558299627607482,7.960004332366331,1.272965256579853,0.10187324569679336,1.0,m4_cross_base
XLB,F5,4,0.21342873573303223,0.7584682478734388,0.281394424000523,10.55166365168801,-4.617728285920926,2.9644766444575006,-0.008710992715056404,1.0,m4_cross_base
XLI,F5,4,0.2320723533630371,0.7584682478734388,0.30597504116185714,13.012318466924203,-3.1110825798769497,3.3875953386692674,-0.11923238425347782,1.0,m4_cross_base
XLK,F5,4,0.23595285415649414,0.7584682478734388,0.31109127483984833,14.05900351104254,-3.2516337739540577,2.57880741562654,-0.11403833212475821,1.0,m4_cross_base
XLP,F5,4,0.2260446548461914,0.7584682478734388,0.29802784161362833,16.437700380011275,-1.1409554210733868,5.640115534142754,0.1506117226349849,1.0,m4_cross_base
XLU,F5,4,0.2527503967285156,0.7584682478734388,0.3332379403319341,7.4388435826608506,5.745505838164613,1.8100137316594789,0.008317480806429748,1.0,m4_cross_base
XLV,F5,4,0.23083257675170898,0.7584682478734388,0.3043404617120197,14.393894988536502,-1.6338338155729215,3.7548171560993335,0.09069963884903383,1.0,m4_cross_base
XLY,F5,4,0.22611045837402344,0.7584682478734388,0.2981146000613505,13.971070788239825,-2.9810100252542227,2.495513801206671,0.16637306244212757,1.0,m4_cross_base
^GDAXI,F5,4,0.24277877807617188,0.7584682478734388,0.3200908920800109,12.305610102562447,-2.7580777113348742,2.4909565416539836,0.5065905515331396,1.0,m4_cross_base
DBC,F1,5,0.24445104598999023,0.6566238295102192,0.3722847618435172,27.291730280547984,-0.7937386380197423,4.2598161519103845,0.20212064480712047,1.0,m4_cross_base
DIA,F1,5,0.2440941333770752,0.6566238295102192,0.3717412046394157,11.646832880015172,-7.4193063067259795,3.5213359679405314,-0.5614510307618705,1.0,m4_cross_base
EFA,F1,5,0.2440319061279297,0.6566238295102192,0.371646436148921,15.865956212848388,-2.941882168872209,3.966256998198132,-0.23909952685768868,1.0,m4_cross_base
EWA,F1,5,0.22912979125976562,0.6566238295102192,0.3489513797126055,18.335818191169196,-2.388178148513386,2.9624847476724305,-0.4352532868496387,1.0,m4_cross_base
EWC,F1,5,0.24509906768798828,0.6566238295102192,0.3732716612962547,15.626268682327428,-4.842597573890464,2.2722083600021143,0.25019335782069096,1.0,m4_cross_base
EWG,F1,5,0.24582457542419434,0.6566238295102192,0.3743765674900297,12.906182566609413,-3.398156611198505,3.3571764714277186,-0.33868650598598987,1.0,m4_cross_base
EWJ,F1,5,0.25925302505493164,0.6566238295102192,0.39482731726064596,12.759002472701592,-15.356360634651237,2.881177709627494,-0.014774411362532687,1.0,m4_cross_base
EWU,F1,5,0.2445530891418457,0.6566238295102192,0.3724401676440219,17.027145959489054,-2.1820606464135155,4.522600813361297,-0.4411925447096326,1.0,m4_cross_base
FXI,F1,5,0.24338960647583008,0.6566238295102192,0.370668251040137,7.604041554080316,3.0445108578319604,2.489439319716558,0.3738262615547147,1.0,m4_cross_base
GLD,F1,5,0.27532005310058594,0.6566238295102192,0.41929646888683475,19.99630347086307,-1.8167648707646424,4.683297975436668,-0.1465469133790112,1.0,m4_cross_base
IWM,F1,5,0.24793434143066406,0.6566238295102192,0.37758961872522995,10.196876468799973,-9.679580678978056,4.4478431247105465,-0.4976594023099861,1.0,m4_cross_base
IYR,F1,5,0.2444624900817871,0.6566238295102192,0.37230219053142427,11.791559286804166,11.548638248846872,1.9230347240460754,-0.06525495320563161,1.0,m4_cross_base
LQD,F1,5,0.25916528701782227,0.6566238295102192,0.3946936973200251,9.01720450209682,2.588828131883488,1.422723640928338,0.45877953208490657,1.0,m4_cross_base
MDY,F1,5,0.2690587043762207,0.6566238295102192,0.4097607980156822,15.193513328161128,-2.3608856473582223,3.5342669119995125,-0.1667953956349363,1.0,m4_cross_base
SPY,F1,5,0.2420635223388672,0.6566238295102192,0.36864870182890597,10.744374500669883,-22.628205073193854,2.7383502352521307,-0.38557078000306994,1.0,m4_cross_base
TIP,F1,5,0.27018117904663086,0.6566238295102192,0.4114702618212334,16.888025724765953,-3.948623566883036,3.2354910531894423,0.46370987594499397,1.0,m4_cross_base
TLT,F1,5,0.2549159526824951,0.6566238295102192,0.3882222076415333,6.681122900339442,1.8911390502317467,1.8141561085476825,0.553983324667011,1.0,m4_cross_base
USO,F1,5,0.2734694480895996,0.6566238295102192,0.4164781048131966,25.172552940658544,-1.1904533872769072,3.0016615302651743,0.3609912910005401,1.0,m4_cross_base
XLB,F1,5,0.24204206466674805,0.6566238295102192,0.3686160230390802,14.865921290204337,-3.7553773236812,2.4074726815315093,-0.21481099717426466,1.0,m4_cross_base
XLI,F1,5,0.2559847831726074,0.6566238295102192,0.3898499744725202,7.566400706969292,4.147220708077268,2.7154955583609093,-0.2851312406614445,1.0,m4_cross_base
XLK,F1,5,0.22335004806518555,0.6566238295102192,0.34014916612420854,15.446959612061146,-2.297706529779333,5.086740005499062,-0.22149435992553024,1.0,m4_cross_base
XLP,F1,5,0.22305822372436523,0.6566238295102192,0.3397047345825784,11.382655735474337,23.945770855622595,2.2170797203885897,0.018880668226392207,1.0,m4_cross_base
XLU,F1,5,0.23624372482299805,0.6566238295102192,0.3597854878328343,8.210039090729818,3.0086701964012077,1.599422653132549,-0.16316024696727613,1.0,m4_cross_base
XLV,F1,5,0.2504267692565918,0.6566238295102192,0.38138544171232264,4.298360616885148,1.9035188296258305,1.687041299805785,-0.01410830451543696,1.0,m4_cross_base
XLY,F1,5,0.2282872200012207,0.6566238295102192,0.34766819256544784,6.27647003114053,2.6663011865138393,2.5559091797657505,-0.33801303596390736,1.0,m4_cross_base
^GDAXI,F1,5,0.23014354705810547,0.6566238295102192,0.35049527098303956,11.946214866968278,-8.56968904047058,2.7394776392290248,-0.2515287290406765,1.0,m4_cross_base
DBC,F2,5,0.26828956604003906,0.6417834465835435,0.4180375288085819,6.961053295317974,8.049348860701523,0.9253761121412768,-0.13382569445775222,1.0,m4_cross_base
DIA,F2,5,0.2707386016845703,0.6417834465835435,0.4218535132462741,-8.634498372682268,0.38161249662421676,-2.413426541073583,-0.0196015209366206,1.0,m4_cross_base
EFA,F2,5,0.25858449935913086,0.6417834465835435,0.402915501694028,1.7092358190918588,1.4213976533748442,0.6918765090539751,0.13711082564130603,1.0,m4_cross_base
EWA,F2,5,0.28116750717163086,0.6417834465835435,0.4381033955743048,2.6168036645868447,1.4329513943407195,0.6657040380628348,-0.2121096284051272,1.0,m4_cross_base
EWC,F2,5,0.2624998092651367,0.6417834465835435,0.40901617307601607,1.3079070476117014,1.0355319720701743,0.05060247581924312,-0.2944656750887594,1.0,m4_cross_base
EWG,F2,5,0.2750568389892578,0.6417834465835435,0.4285820091706784,2.7546243679043876,1.623702223954305,1.0231830993073427,-0.15990738211388397,1.0,m4_cross_base
EWJ,F2,5,0.24434375762939453,0.6417834465835435,0.38072617629845235,0.307595398632178,1.1748334139937753,0.3144316110515322,0.24784658314937055,1.0,m4_cross_base
EWU,F2,5,0.259676456451416,0.6417834465835435,0.4046169433533573,4.4314714091165825,4.441057659749862,1.61269726540275,0.35776422764892535,1.0,m4_cross_base
FXI,F2,5,0.24150466918945312,0.6417834465835435,0.3763024279841962,-1.7447933166476801,0.8493321665343444,-0.2473080660213282,-0.16851587096311027,1.0,m4_cross_base
GLD,F2,5,0.2634282112121582,0.6417834465835435,0.410462769980258,10.50462588848313,-1.361185010129017,1.5699091918120307,-0.02000584892969671,1.0,m4_cross_base
IWM,F2,5,0.25786304473876953,0.6417834465835435,0.40179136141867206,-3.159028687645524,0.6605697873799529,-1.7430536137200634,-0.034724148327183346,1.0,m4_cross_base
IYR,F2,5,0.2400503158569336,0.6417834465835435,0.37403631573050444,7.971945064316701,-2.455473391728903,1.4696739938585734,-0.21304232726184089,1.0,m4_cross_base
LQD,F2,5,0.22896385192871094,0.6417834465835435,0.3567618534687554,6.460383305872973,-4.525338168200792,0.8513553155159794,0.5938359662632959,1.0,m4_cross_base
MDY,F2,5,0.2723360061645508,0.6417834465835435,0.4243425217872143,0.5034707138045285,1.0067695417146574,0.016935417711494392,0.0181632484565522,1.0,m4_cross_base
SPY,F2,5,0.26503419876098633,0.6417834465835435,0.4129651522984331,-2.7068714136806005,0.6548646517047781,-0.9488859006590672,0.22141287923637637,1.0,m4_cross_base
TIP,F2,5,0.27715301513671875,0.6417834465835435,0.43184818276649123,12.431509379462973,-1.0191891076257587,1.4434411945529666,0.1983778939166317,1.0,m4_cross_base
TLT,F2,5,0.2660403251647949,0.6417834465835435,0.4145328561854133,8.97974156548757,-1.385627702729083,1.9547093253501897,-0.2510353566049336,1.0,m4_cross_base
USO,F2,5,0.2419719696044922,0.6417834465835435,0.37703055585587425,6.8608860132456435,-13.7966052448156,1.2722125545063037,-0.30365953514981314,1.0,m4_cross_base
XLB,F2,5,0.28658342361450195,0.6417834465835435,0.44654224900952827,-0.8012949204365434,0.8800655537535108,-0.2812056967036537,-0.0006586315162097625,1.0,m4_cross_base
XLI,F2,5,0.28519487380981445,0.6417834465835435,0.4443786690479707,-1.4335991315580916,0.7423230626223113,-0.6341850001688695,0.0312691261431607,1.0,m4_cross_base
XLK,F2,5,0.2640810012817383,0.6417834465835435,0.41147992003773476,-2.3774851570811038,0.7512074189008717,-0.7009761935517151,0.221415470568241,1.0,m4_cross_base
XLP,F2,5,0.2588930130004883,0.6417834465835435,0.4033962146868604,5.142773581410708,12.03422515945113,1.4673515934773407,-0.030493479431479568,1.0,m4_cross_base
XLU,F2,5,0.26133060455322266,0.6417834465835435,0.40719436742157267,1.8885325710692054,2.0403618785843087,0.6388463085344785,0.014693100323270298,1.0,m4_cross_base
XLV,F2,5,0.2512836456298828,0.6417834465835435,0.39153961818049515,2.639823664730858,1.8913313886588372,0.9277172130608239,-0.13949823555475904,1.0,m4_cross_base
XLY,F2,5,0.28871679306030273,0.6417834465835435,0.4498663756400257,3.363668629115853,1.7195325655878253,0.8138365772978916,0.10448360786597923,1.0,m4_cross_base
^GDAXI,F2,5,0.27469730377197266,0.6417834465835435,0.4280217965020608,1.881153341675291,1.4525870034521546,0.6504325042101724,0.4207781819527897,1.0,m4_cross_base
DBC,F3,5,0.25235843658447266,0.7154708946162882,0.3527165653884693,14.209281443898844,-2.025337473558329,2.6977131085677715,0.5904438204698507,1.0,m4_cross_base
DIA,F3,5,0.24652957916259766,0.7154708946162882,0.34456968273295463,7.344944605015228,-12.200195237869297,1.515518226467771,0.20843397151222545,1.0,m4_cross_base
EFA,F3,5,0.23114776611328125,0.7154708946162882,0.3230708165106385,17.217158454665093,-1.0304528604439651,3.6285645213935167,0.5685818212236532,1.0,m4_cross_base
EWA,F3,5,0.2421722412109375,0.7154708946162882,0.33847951472689336,13.676146945168341,-1.8518712106927708,3.6544343021015666,0.12589952351054381,1.0,m4_cross_base
EWC,F3,5,0.22856903076171875,0.7154708946162882,0.3194665673777014,15.320253502963457,-1.126453223784232,3.1385441905432945,0.28231447640816826,1.0,m4_cross_base
EWG,F3,5,0.21009349822998047,0.7154708946162882,0.2936436685417581,19.595187118070097,-0.7921404100227024,6.003130022438272,0.7219152209023671,1.0,m4_cross_base
EWJ,F3,5,0.2357034683227539,0.7154708946162882,0.32943823445000264,18.6655369749704,-0.8777234894549675,5.246243446466065,0.3911239469349306,1.0,m4_cross_base
EWU,F3,5,0.25066089630126953,0.7154708946162882,0.3503439457669353,15.429559569909733,-1.4195400377079685,2.591622847185755,0.6974902155699939,1.0,m4_cross_base
FXI,F3,5,0.26529502868652344,0.7154708946162882,0.3707977930098791,11.757237848655528,-2.968658043028955,3.0715896844990196,-0.004636093192386021,1.0,m4_cross_base
GLD,F3,5,0.2844810485839844,0.7154708946162882,0.39761372646270043,18.646883548724716,-1.6779978793027213,3.512730341609088,-0.37482273820990375,1.0,m4_cross_base
IWM,F3,5,0.21273517608642578,0.7154708946162882,0.297335891211224,13.130459008466342,-1.5478147525410142,2.3580880323655666,0.44831034003139736,1.0,m4_cross_base
IYR,F3,5,0.2543611526489258,0.7154708946162882,0.35551572336893084,8.50192749183344,75.45224136462318,1.8954511507879703,0.16820510943306305,1.0,m4_cross_base
LQD,F3,5,0.2821035385131836,0.7154708946162882,0.3942907260601811,12.793569690253213,-2.5752202940118756,2.7309604151624005,0.08739608404976386,1.0,m4_cross_base
MDY,F3,5,0.21924781799316406,0.7154708946162882,0.30643848637721055,13.29403249928282,-1.4941232958276627,2.6525828204431603,0.28081428116728385,1.0,m4_cross_base
SPY,F3,5,0.2366933822631836,0.7154708946162882,0.33082181825177365,9.046959447548176,-4.288157387522882,2.3974268582001117,0.4018169996722546,1.0,m4_cross_base
TIP,F3,5,0.2634134292602539,0.7154708946162882,0.3681679174406169,14.259185388969247,-4.592983986527197,3.4522092576677044,0.5190952817109539,1.0,m4_cross_base
TLT,F3,5,0.2657279968261719,0.7154708946162882,0.3714029443066074,11.410433922818886,-68.18678130187753,2.4062817268548438,0.25818118676092294,1.0,m4_cross_base
USO,F3,5,0.2510814666748047,0.7154708946162882,0.3509317689428322,14.221532062440648,-1.6405163647205314,1.7688467373514034,0.5602801370065579,1.0,m4_cross_base
XLB,F3,5,0.2222576141357422,0.7154708946162882,0.3106452209421327,13.455151071155427,-1.4114096902653464,3.354193702024722,0.4392358446086657,1.0,m4_cross_base
XLI,F3,5,0.25010013580322266,0.7154708946162882,0.34956018153240603,12.456754358352338,-1.398405606720951,2.450060807996395,0.3120445543187311,1.0,m4_cross_base
XLK,F3,5,0.24643945693969727,0.7154708946162882,0.3444437206238339,9.72995920959626,-3.711875082681197,2.399824909503042,0.4200663157318904,1.0,m4_cross_base
XLP,F3,5,0.24003267288208008,0.7154708946162882,0.3354890809511003,9.565907845876485,-8.827561255549131,2.5614154636752535,-0.3297084118873026,1.0,m4_cross_base
XLU,F3,5,0.22795867919921875,0.7154708946162882,0.31861349065984645,2.3234460854452585,1.388160113304634,1.1626450023998924,0.00864408232158002,1.0,m4_cross_base
XLV,F3,5,0.22513866424560547,0.7154708946162882,0.31467200963688235,3.9940092348512124,2.5147412948324677,0.880933429338221,-0.16000137530225592,1.0,m4_cross_base
XLY,F3,5,0.20338201522827148,0.7154708946162882,0.2842631569762829,6.2576765325361015,6.55592521638277,1.7267336884454738,0.09013525573370992,1.0,m4_cross_base
^GDAXI,F3,5,0.21847867965698242,0.7154708946162882,0.30536347641947614,10.667597003375349,-2.7951423143094214,3.2949991786206523,0.41336186510827777,1.0,m4_cross_base
DBC,F5,5,0.2250986099243164,0.746752863567633,0.3014365540547128,13.097811305023509,12.221035313577023,1.4008742803559773,0.09504681366237619,1.0,m4_cross_base
DIA,F5,5,0.20560216903686523,0.746752863567633,0.27532826329529564,15.491751154947695,-1.7843465986452445,3.3580965987227205,-0.2730186298642112,1.0,m4_cross_base
EFA,F5,5,0.22284603118896484,0.746752863567633,0.298420055765587,9.113223110136222,-13.23141959404843,2.187292079731754,-0.32015269528630713,1.0,m4_cross_base
EWA,F5,5,0.2476344108581543,0.746752863567633,0.3316149464430225,9.785350774712787,-5.983216589093496,2.2604446268831255,0.18980481579244335,1.0,m4_cross_base
EWC,F5,5,0.20453858375549316,0.746752863567633,0.27390398314417475,9.48439831153821,-16.892072107374265,2.7225382267471594,-0.2192963976814115,1.0,m4_cross_base
EWG,F5,5,0.21425819396972656,0.746752863567633,0.28691981567516456,6.911746771898301,-11.708468038113677,1.4609938754983953,-0.25427953857057845,1.0,m4_cross_base
EWJ,F5,5,0.22794437408447266,0.746752863567633,0.3052474054072748,11.60899323795284,-1.9615641755596729,2.3076281108229857,-0.5916956577070934,1.0,m4_cross_base
EWU,F5,5,0.26593995094299316,0.746752863567633,0.35612846487452016,19.6973152980137,-1.084323197560807,6.031158228743134,-0.33202192343923564,1.0,m4_cross_base
FXI,F5,5,0.27518272399902344,0.746752863567633,0.3685057499268636,10.821466495311068,-8.768700130698022,3.528100792156172,0.2944437703447431,1.0,m4_cross_base
GLD,F5,5,0.24596643447875977,0.746752863567633,0.3293813073627172,11.666772871985383,-5.610587533736901,4.869003566609669,-0.28966027163750946,1.0,m4_cross_base
IWM,F5,5,0.20053911209106445,0.746752863567633,0.26854816616702765,5.589776283668257,2.496365005811971,1.475819561401757,-0.5252403435801184,1.0,m4_cross_base
IYR,F5,5,0.22800040245056152,0.746752863567633,0.3053224347360158,14.280166840561723,-1.8251258051654118,3.4133138792361226,-0.20816638290439138,1.0,m4_cross_base
LQD,F5,5,0.22031736373901367,0.746752863567633,0.2950338384863249,15.464367577212755,-1.2547829320482615,2.4240394137764403,-0.35197691093428557,1.0,m4_cross_base
MDY,F5,5,0.22972917556762695,0.746752863567633,0.30763748861984846,14.064991023287785,-2.2173347274730015,3.5268356381918116,-0.4801587434851239,1.0,m4_cross_base
SPY,F5,5,0.209977388381958,0.746752863567633,0.2811872556856161,12.096465523264978,-4.820152085770436,3.023106710438123,-0.19618906338901548,1.0,m4_cross_base
TIP,F5,5,0.2378072738647461,0.746752863567633,0.3184551214555979,15.489995169141249,-1.5540459538295466,7.361906989330332,-0.3267050964660703,1.0,m4_cross_base
TLT,F5,5,0.22739410400390625,0.746752863567633,0.30451052161691683,23.02277202773383,-0.7929492606809017,3.6340803173707172,-0.1496782964272214,1.0,m4_cross_base
USO,F5,5,0.23708295822143555,0.746752863567633,0.31748516783553393,12.632575361513155,4.625556194461713,0.9906460410581024,0.031176677702916787,1.0,m4_cross_base
XLB,F5,5,0.20206975936889648,0.746752863567633,0.27059790357348273,14.092275219362104,-1.9176685047802238,3.454602778779938,-0.22980073398793177,1.0,m4_cross_base
XLI,F5,5,0.23070812225341797,0.746752863567633,0.30894842659350963,13.765015204291391,-5.9271499682552555,1.7069360911011298,-0.4582802886547462,1.0,m4_cross_base
XLK,F5,5,0.19958209991455078,0.746752863567633,0.2672666013773842,12.938409848719576,-3.8370570189877644,2.9841035778419855,-0.3293526278470608,1.0,m4_cross_base
XLP,F5,5,0.23014545440673828,0.746752863567633,0.3081949405687068,15.419024262145857,-1.7494579450557366,8.497603180794913,0.41841612492056385,1.0,m4_cross_base
XLU,F5,5,0.2279987335205078,0.746752863567633,0.3053201998198405,13.261113556532091,-2.217265657003337,3.298250569762207,0.2395703720166705,1.0,m4_cross_base
XLV,F5,5,0.18631267547607422,0.746752863567633,0.24949710214161097,10.718619030673477,-5.973710054490604,5.3536682416224375,0.08774490840232708,1.0,m4_cross_base
XLY,F5,5,0.21912479400634766,0.746752863567633,0.29343683124223013,13.976096279742542,-2.763555999304593,2.225691637822135,-0.12003438222346377,1.0,m4_cross_base
^GDAXI,F5,5,0.2291707992553711,0.746752863567633,0.3068897495223535,10.386304886966181,-20.619228474008544,3.815189913090574,0.15080728703392351,1.0,m4_cross_base
DBC,F1,6,0.2581758499145508,0.7302829909424906,0.3535284993853595,33.41476837481106,-0.6825478631795171,3.494905692889913,0.08948224696001536,1.0,m4_cross_base
DIA,F1,6,0.24852228164672852,0.7302829909424906,0.34030955770445914,2.148386164553996,1.4653174354258336,0.840125013122618,-0.38394339801467386,1.0,m4_cross_base
EFA,F1,6,0.23566389083862305,0.7302829909424906,0.3227021493879781,17.887457135094547,-1.3574852271472475,3.181438679438931,0.13661998163405403,1.0,m4_cross_base
EWA,F1,6,0.21883678436279297,0.7302829909424906,0.2996602509944344,20.15179485184686,-1.42485007001514,2.4044361046766514,-0.6729503777266005,1.0,m4_cross_base
EWC,F1,6,0.2537994384765625,0.7302829909424906,0.3475357383704272,8.971927636122308,5.625554998013242,1.3652571390887414,0.23131023499630712,1.0,m4_cross_base
EWG,F1,6,0.22456741333007812,0.7302829909424906,0.30750738565094515,6.908915203290566,6.095192942255931,2.7769891600570413,-0.29412244099970924,1.0,m4_cross_base
EWJ,F1,6,0.2723965644836426,0.7302829909424906,0.3730013814673299,8.260435579926018,3.8009769972437306,1.9479532065538585,-0.023561701796778932,1.0,m4_cross_base
EWU,F1,6,0.24034833908081055,0.7302829909424906,0.3291167151115229,16.897865799665283,-1.911501922243616,3.3081254350331486,-0.2649055383772764,1.0,m4_cross_base
FXI,F1,6,0.24241113662719727,0.7302829909424906,0.33194137017260344,2.7329478907695965,1.542892319575447,0.7980825467950741,-0.19386149168518899,1.0,m4_cross_base
GLD,F1,6,0.2749474048614502,0.7302829909424906,0.37649432928269055,25.13100647700555,-1.6604647617488875,5.083908472626203,-0.06943270874788461,1.0,m4_cross_base
IWM,F1,6,0.24106693267822266,0.7302829909424906,0.33010070844879713,5.8684546828518815,2.9623356518973645,1.8648075264251736,-0.13993639714719583,1.0,m4_cross_base
IYR,F1,6,0.24277019500732422,0.7302829909424906,0.3324330403670079,5.965124939424312,2.3711779989307935,1.2816429647291532,-0.22529892102786472,1.0,m4_cross_base
LQD,F1,6,0.28527212142944336,0.7302829909424906,0.39063229592856336,14.65307515994298,-4.562292912880122,2.290646487645462,0.2659243937538724,1.0,m4_cross_base
MDY,F1,6,0.2672923803329468,0.7302829909424906,0.36601205785716556,10.613398392476817,31.068663561792214,2.3481680069537507,-0.3278536966412541,1.0,m4_cross_base
SPY,F1,6,0.23918581008911133,0.7302829909424906,0.3275248267530129,7.8513003476902385,3.703570417145057,2.1373615268139354,-0.2742095125926034,1.0,m4_cross_base
TIP,F1,6,0.3046293258666992,0.7302829909424906,0.41713873887922526,16.099696307838308,-2.4731444503452966,2.600653662685116,0.6356078593958577,1.0,m4_cross_base
TLT,F1,6,0.26796865463256836,0.7302829909424906,0.3669381020181405,9.88599365264868,3.3066874787174063,2.5403750009047728,0.4999335244107766,1.0,m4_cross_base
USO,F1,6,0.31653666496276855,0.7302829909424906,0.4334438414815766,29.13189291914076,-0.850098793179809,2.9409235038496178,0.5530173018379618,1.0,m4_cross_base
XLB,F1,6,0.24969768524169922,0.7302829909424906,0.34191907567153346,10.435113565141911,9.588526591745998,1.6939773351582101,-0.24552425793421348,1.0,m4_cross_base
XLI,F1,6,0.24745392799377441,0.7302829909424906,0.3388466266678547,7.779305629611676,4.426025526232411,2.478485352056537,-0.2895387668630376,1.0,m4_cross_base
XLK,F1,6,0.2597682476043701,0.7302829909424906,0.3557090207853776,5.14154508754271,1.8279085222369704,1.6818008459102147,-0.19963199600557338,1.0,m4_cross_base
XLP,F1,6,0.21103811264038086,0.7302829909424906,0.28898127884372427,8.19010489237024,3.1789879784940456,2.3928250268887354,-0.09421812128633729,1.0,m4_cross_base
XLU,F1,6,0.2551865577697754,0.7302829909424906,0.3494351654561145,5.919300759318994,2.319573399196524,1.368144432997412,0.056677931745701404,1.0,m4_cross_base
XLV,F1,6,0.25501179695129395,0.7302829909424906,0.34919585984356577,3.8695095712313243,1.6846431296195117,1.4200329117733752,-0.1997891159762791,1.0,m4_cross_base
XLY,F1,6,0.238372802734375,0.7302829909424906,0.32641154961960045,8.191009988518289,4.748799338598302,2.2882797734300393,-0.5866059401620549,1.0,m4_cross_base
^GDAXI,F1,6,0.24997901916503906,0.7302829909424906,0.34230431526608673,5.82075538608373,3.9208041482140423,2.129688682746068,-0.16705916578019542,1.0,m4_cross_base
DBC,F4,5,0.2228531837463379,0.7539250213279354,0.2955906455443177,0.43590823969765946,1.678388797693783,0.4650966533870787,-0.4318774659793803,1.0,m4_cross_base
DIA,F4,5,0.23778915405273438,0.7539250213279354,0.31540159475527346,2.338374081989646,2.4143209456713906,0.7428725897303918,-0.007360176479777673,1.0,m4_cross_base
EFA,F4,5,0.25013160705566406,0.7539250213279354,0.33177252376515054,1.9660308543098655,1.656119808052247,0.6153516225785124,-0.14049384460995426,1.0,m4_cross_base
EWA,F4,5,0.23246192932128906,0.7539250213279354,0.3083356073152199,-0.2357837140301129,0.960515501056912,-0.08927401081281422,-0.1825870252721045,1.0,m4_cross_base
EWC,F4,5,0.22440433502197266,0.7539250213279354,0.29764807994661757,1.6654132961140817,2.655960370168504,0.6449473846846613,-0.25256206257664315,1.0,m4_cross_base
EWG,F4,5,0.2471475601196289,0.7539250213279354,0.32781450824421826,3.7931497204788176,2.4781115320493274,1.1773339966552465,0.07207553828776736,1.0,m4_cross_base
EWJ,F4,5,0.26599884033203125,0.7539250213279354,0.3528186925849879,-0.25602896353910864,1.4978198045325364,0.3276414543833311,-0.15462329554979928,1.0,m4_cross_base
EWU,F4,5,0.26140594482421875,0.7539250213279354,0.346726713438676,5.324522855958594,3.2326472209055055,1.1081549112791333,-0.19629938615121587,1.0,m4_cross_base
FXI,F4,5,0.2634449005126953,0.7539250213279354,0.3494311676361043,3.969190905713531,1.8928615347527311,1.5045300206082655,0.28766223676059766,1.0,m4_cross_base
GLD,F4,5,0.2633857727050781,0.7539250213279354,0.34935274099427055,4.931759469944394,2.3779337092931248,1.1912410242839246,0.46675716959226204,1.0,m4_cross_base
IWM,F4,5,0.23642444610595703,0.7539250213279354,0.3135914572639171,-0.6816066146191826,1.0415834021810781,0.05652356739182918,-0.2344788450228559,1.0,m4_cross_base
IYR,F4,5,0.24872779846191406,0.7539250213279354,0.329910523494517,5.537063804005337,3.683314657515176,1.4135747886346461,-0.34441859853724077,1.0,m4_cross_base
LQD,F4,5,0.25621604919433594,0.7539250213279354,0.3398428781990105,14.42373266374433,-2.4715542755220232,3.6583337882900793,0.49711112520079664,1.0,m4_cross_base
MDY,F4,5,0.2224273681640625,0.7539250213279354,0.2950258472285311,-1.1081728472181585,1.334444147494285,0.29585339328213683,-0.10351630118103966,1.0,m4_cross_base
SPY,F4,5,0.22256946563720703,0.7539250213279354,0.2952143241580993,-2.1852125732255914,1.1950143301667415,0.18485316880237887,-0.12332205039948249,1.0,m4_cross_base
TIP,F4,5,0.24914789199829102,0.7539250213279354,0.33046773213528746,9.904191696277273,184.03319494213807,2.963221700138245,0.6418499131310562,1.0,m4_cross_base
TLT,F4,5,0.2703704833984375,0.7539250213279354,0.3586172042973412,15.491813569108652,-2.4240979378496954,2.699698346119238,0.14436002423496613,1.0,m4_cross_base
USO,F4,5,0.2767038345336914,0.7539250213279354,0.3670177095944045,6.014653464223703,8.566197129667218,1.3718948275867486,-0.278987714986474,1.0,m4_cross_base
XLB,F4,5,0.2477426528930664,0.7539250213279354,0.32860383444589986,0.4071171444908561,1.6335935192192281,0.5313572280669165,-0.13930034220088872,1.0,m4_cross_base
XLI,F4,5,0.22818946838378906,0.7539250213279354,0.3026686499698135,0.6907301786116999,1.483213595511282,0.5396548055198699,-0.09034313886867645,1.0,m4_cross_base
XLK,F4,5,0.23810148239135742,0.7539250213279354,0.3158158645165727,-1.079234524458391,0.9389954995476504,-0.3208593421129355,0.06924828626111187,1.0,m4_cross_base
XLP,F4,5,0.23430728912353516,0.7539250213279354,0.3107832775079345,5.01788247748798,2.300336952192806,2.3351470448926044,0.4359795905689714,1.0,m4_cross_base
XLU,F4,5,0.241668701171875,0.7539250213279354,0.3205473944162362,6.853822475768594,4.144550015191708,3.0314492633008,0.010898222671808266,1.0,m4_cross_base
XLV,F4,5,0.24993419647216797,0.7539250213279354,0.3315106799770927,0.6985756605882898,1.1174583590926155,0.3049625679148217,0.14124513319137005,1.0,m4_cross_base
XLY,F4,5,0.23586463928222656,0.7539250213279354,0.31284893405816855,-1.3804238767387407,1.0213292940163745,0.04625713716120407,0.09152545657018556,1.0,m4_cross_base
^GDAXI,F4,5,0.24747085571289062,0.7539250213279354,0.32824332488263186,4.540738113498457,4.274115930800229,0.9866761403715422,-0.11929222271142631,1.0,m4_cross_base
DBC,F5,6,0.3546902537345886,0.6828570845677246,0.5194209180082264,9.287412786873102,-0.6398432543231745,1.3498785226129222,-0.07569918142648124,1.0,m4_cross_base
DIA,F5,6,0.28537553548812866,0.6828570845677246,0.4179139997775414,6.580952443559803,-0.5422764111068774,1.7411984380434773,-0.21749906536570066,1.0,m4_cross_base
EFA,F5,6,0.2849256992340088,0.6828570845677246,0.41725524370063166,6.799755085971002,-0.631552499637047,1.0085996817053877,-0.09057864358591285,1.0,m4_cross_base
EWA,F5,6,0.28901517391204834,0.6828570845677246,0.4232440146608515,8.516351143788569,-0.482955965747755,1.3892768832325961,-0.41955435532564367,1.0,m4_cross_base
EWC,F5,6,0.2628481388092041,0.6828570845677246,0.3849240855069949,8.651444971855266,-0.38454169178691194,1.8822607273287666,-0.10067634951865854,1.0,m4_cross_base
EWG,F5,6,0.2819744348526001,0.6828570845677246,0.41293330804512485,6.282854945353433,-0.8437157334899403,1.0226983707951847,-0.12884605815667927,1.0,m4_cross_base
EWJ,F5,6,0.2857346534729004,0.6828570845677246,0.4184399048210529,7.952961630651275,-0.3753145623430247,1.1664977176568676,-0.24797032981443826,1.0,m4_cross_base
EWU,F5,6,0.27250564098358154,0.6828570845677246,0.39906687232525134,7.851740990370218,-0.6016147829503279,2.0496636595790916,-0.026072127720839618,1.0,m4_cross_base
FXI,F5,6,0.2697305679321289,0.6828570845677246,0.39500295746785574,8.518571721377604,-0.46939076274098995,2.2413901381444594,0.3073571945429505,1.0,m4_cross_base
GLD,F5,6,0.3055726885795593,0.6828570845677246,0.44749142314749335,10.089494434347383,-0.5203783627518623,1.4562910475525652,-0.09524880410928184,1.0,m4_cross_base
IWM,F5,6,0.29446518421173096,0.6828570845677246,0.43122520197346853,6.750264018089473,-0.5222204473424263,1.79434458972706,-0.023037452482917862,1.0,m4_cross_base
IYR,F5,6,0.2605457901954651,0.6828570845677246,0.3815524449898631,3.940261231977106,-0.9116064586267534,2.0148869986816633,-0.011793994229216542,1.0,m4_cross_base
LQD,F5,6,0.3197045922279358,0.6828570845677246,0.46818668130289864,5.074819018122029,-0.4872009946836568,1.0617115488727842,-0.09737555883049713,1.0,m4_cross_base
MDY,F5,6,0.2749687433242798,0.6828570845677246,0.40267392627015913,2.9193194838024414,21576.82136101269,0.492917156234169,-0.1118053140369258,1.0,m4_cross_base
SPY,F5,6,0.27583444118499756,0.6828570845677246,0.40394168475181247,2.8158098529092817,-1.5101401559188599,0.8139368331388648,-0.27772732355267093,1.0,m4_cross_base
TIP,F5,6,0.3390851318836212,0.6828570845677246,0.49656822715440585,10.921260973605097,-0.2621046040490957,4.700796989903367,-0.18774055079608185,1.0,m4_cross_base
TLT,F5,6,0.3222353458404541,0.6828570845677246,0.4718928061564181,7.238096382580222,-0.4166483869566829,4.171339037246594,-0.008992859764814004,1.0,m4_cross_base
USO,F5,6,0.3194526135921478,0.6828570845677246,0.46781767490099907,6.516165854509415,-1.3588661098934667,0.7890410554506149,-0.10147047216504665,1.0,m4_cross_base
XLB,F5,6,0.3096665143966675,0.6828570845677246,0.4534865660692362,9.245978622398553,-0.3969679809075531,2.213569935668343,-0.1608713984648094,1.0,m4_cross_base
XLI,F5,6,0.29561564326286316,0.6828570845677246,0.4329099747863046,5.144218429860739,-0.8919682627714284,0.9382670334275092,-0.247206541901925,1.0,m4_cross_base
XLK,F5,6,0.2755092978477478,0.6828570845677246,0.40346553338046715,3.438379409406447,-1.2303563398308055,1.2310017342299668,-0.3083837289920865,1.0,m4_cross_base
XLP,F5,6,0.29972338676452637,0.6828570845677246,0.4389254992562068,1.049841646803007,1.4989659317434474,0.295750880794438,0.07220527358500248,1.0,m4_cross_base
XLU,F5,6,0.3107758164405823,0.6828570845677246,0.4551110671090358,8.096352415077902,-0.4274152291496137,2.0290084662662986,0.12010580866026181,1.0,m4_cross_base
XLV,F5,6,0.30252599716186523,0.6828570845677246,0.4430297407742003,4.727190426539049,-0.8016752646706249,2.0850692758750484,-0.2865443703422443,1.0,m4_cross_base
XLY,F5,6,0.3199595808982849,0.6828570845677246,0.46856009570557783,5.4811729680511805,-0.7012579911209572,1.8436092667450006,-0.2648243649753474,1.0,m4_cross_base
^GDAXI,F5,6,0.29840773344039917,0.6828570845677246,0.43699881012335545,0.645498136521065,-17.215784512078443,0.3603953651234945,-0.01440855216839439,1.0,m4_cross_base
DBC,F2,6,0.20557403564453125,0.7417863100250582,0.27713376866929074,12.137507295166914,-2.8381166201230825,4.181233069414074,0.10760343367065352,1.0,m4_cross_base
DIA,F2,6,0.2164297103881836,0.7417863100250582,0.29176827269954925,-0.753565992439869,0.8878988966973363,-0.3149492558014308,0.1725984205762085,1.0,m4_cross_base
EFA,F2,6,0.19462299346923828,0.7417863100250582,0.26237070007757857,5.942311481578233,2.7142746910681987,1.9479461107990677,0.13801848971676303,1.0,m4_cross_base
EWA,F2,6,0.23578166961669922,0.7417863100250582,0.31785659350970535,5.580365094782367,2.089593407857831,1.936202247495509,0.1392147551334113,1.0,m4_cross_base
EWC,F2,6,0.20674896240234375,0.7417863100250582,0.2787176840663986,3.1590420917966515,1.5413448280446345,1.32340676798608,-0.23624962161185054,1.0,m4_cross_base
EWG,F2,6,0.18102264404296875,0.7417863100250582,0.2440361079686866,8.734565785004857,10.301798281161304,2.5364704471710686,0.09804778048475497,1.0,m4_cross_base
EWJ,F2,6,0.1963658332824707,0.7417863100250582,0.2647202174381424,6.1790880382491995,2.9722828831531447,2.6675078517341806,0.2706262272930519,1.0,m4_cross_base
EWU,F2,6,0.18116283416748047,0.7417863100250582,0.24422509787402333,9.930232221705122,27.530916449701685,2.072473864769376,0.2925481239801543,1.0,m4_cross_base
FXI,F2,6,0.19553089141845703,0.7417863100250582,0.26359463470261646,8.95056877982929,13.219889702775028,2.310554417414815,0.20907268080519417,1.0,m4_cross_base
GLD,F2,6,0.2323446273803711,0.7417863100250582,0.31322312671491914,13.19832533344412,-3.387984233699322,2.1315523382647283,0.07380154439600685,1.0,m4_cross_base
IWM,F2,6,0.2130117416381836,0.7417863100250582,0.28716051881705373,-2.7751631018311773,0.821426908840311,-0.742141731023774,-0.24680139475202278,1.0,m4_cross_base
IYR,F2,6,0.19078636169433594,0.7417863100250582,0.25719854777030193,10.12927464235181,-5.748609169156481,2.8156375391990394,-0.1599898258540924,1.0,m4_cross_base
LQD,F2,6,0.22573280334472656,0.7417863100250582,0.30430974566934393,16.170202497141485,-1.4528227520126127,2.031499294264212,0.4668906368995334,1.0,m4_cross_base
MDY,F2,6,0.1928272247314453,0.7417863100250582,0.25994982938540806,2.955041835274695,1.5653259081939501,1.591386883989094,0.06475696473148755,1.0,m4_cross_base
SPY,F2,6,0.21168041229248047,0.7417863100250582,0.28536575753916205,2.3899879613500055,1.303615390401263,0.9349658165416691,0.19930234910112937,1.0,m4_cross_base
TIP,F2,6,0.21942806243896484,0.7417863100250582,0.29581034251164917,14.90509078682142,-2.0002762146810156,3.060707841396713,-0.055476886377812104,1.0,m4_cross_base
TLT,F2,6,0.23215627670288086,0.7417863100250582,0.31296921170604836,11.838602546747461,-1.9045099746799021,2.0549816635970384,0.11619712300186108,1.0,m4_cross_base
USO,F2,6,0.19114398956298828,0.7417863100250582,0.25768066487575275,11.596011623770915,-2.8639024676347256,7.20022059142387,-0.1630866224780016,1.0,m4_cross_base
XLB,F2,6,0.21100997924804688,0.7417863100250582,0.2844619486721435,3.9143942940939054,1.6848517262999294,1.3134592343080906,0.5783584301496116,1.0,m4_cross_base
XLI,F2,6,0.2226886749267578,0.7417863100250582,0.3002059648677463,1.8643899266472062,1.1982181886600496,0.522974225152023,0.40164849880797604,1.0,m4_cross_base
XLK,F2,6,0.20114707946777344,0.7417863100250582,0.27116580172661653,3.3125103616562406,1.4480357804439632,0.8857054890765867,0.6276684939037073,1.0,m4_cross_base
XLP,F2,6,0.21715354919433594,0.7417863100250582,0.29274407772098177,12.00418355434773,-8.054235160167222,2.8185919193677207,-0.13080550879510594,1.0,m4_cross_base
XLU,F2,6,0.22341680526733398,0.7417863100250582,0.30118755529444424,6.913397786092272,3.245272097402847,1.4233602909780274,0.4612270827632737,1.0,m4_cross_base
XLV,F2,6,0.2062702178955078,0.7417863100250582,0.2780722899679017,13.526436508988294,-2.4710791666904823,3.322472477699736,-0.07506795534506307,1.0,m4_cross_base
XLY,F2,6,0.22010517120361328,0.7417863100250582,0.2967231508979694,4.5710362672554865,1.9336006719230474,2.1153975714405986,0.3313753760336791,1.0,m4_cross_base
^GDAXI,F2,6,0.20827960968017578,0.7417863100250582,0.2807811452777282,6.232887114152768,2.725639546548134,2.6179188571191543,0.0765441344069444,1.0,m4_cross_base
DBC,F4,6,0.27039146423339844,0.7461684008301606,0.36237324434078216,2.8858963918344376,3.6699813046842893,0.7022063286248341,-0.32807960206963793,1.0,m4_cross_base
DIA,F4,6,0.2488536834716797,0.7461684008301606,0.33350874037926814,1.010893663837006,1.201140847739608,0.6049519125114292,0.20231414808058515,1.0,m4_cross_base
EFA,F4,6,0.268463134765625,0.7461684008301606,0.35978893567047654,5.009547593655249,10.246225683393128,0.9463525414048228,-0.23465569479718634,1.0,m4_cross_base
EWA,F4,6,0.2535409927368164,0.7461684008301606,0.3397905787148527,2.3161525190581216,2.1156805586280667,0.7541406812915276,0.06552870261957304,1.0,m4_cross_base
EWC,F4,6,0.23074722290039062,0.7461684008301606,0.3092428232603651,0.7442754008791717,2.169999913812276,0.5674801535094361,-0.15332370813865978,1.0,m4_cross_base
EWG,F4,6,0.2445058822631836,0.7461684008301606,0.3276819039658541,7.879420570421404,-296.552815821135,1.0511200952369713,-0.18501142039735205,1.0,m4_cross_base
EWJ,F4,6,0.2716407775878906,0.7461684008301606,0.3640475491667467,0.60396555297711,2.274436516528687,0.586107490559088,-0.39019143683403906,1.0,m4_cross_base
EWU,F4,6,0.25319385528564453,0.7461684008301606,0.33932535203038616,4.643728664497934,28.377356668207888,0.8217832961205861,-0.1299697129938215,1.0,m4_cross_base
FXI,F4,6,0.24619102478027344,0.7461684008301606,0.3299402983379757,4.913308347886044,1.8778806962207104,1.6801097805587297,0.08999793781100593,1.0,m4_cross_base
GLD,F4,6,0.24073410034179688,0.7461684008301606,0.32262703710578555,7.293095265443151,7.776812330825143,1.5316055524761096,0.2789563016313714,1.0,m4_cross_base
IWM,F4,6,0.23729896545410156,0.7461684008301606,0.3180233378820265,-0.20133819865214697,1.7537240182054215,0.4356826070255349,-0.02954993060489641,1.0,m4_cross_base
IYR,F4,6,0.2599782943725586,0.7461684008301606,0.3484177219020746,2.5653257873262545,1.4917677598869512,1.249910488648726,-0.017547339908297294,1.0,m4_cross_base
LQD,F4,6,0.23814964294433594,0.7461684008301606,0.3191633988780268,15.839120047209716,-2.7331039282451917,3.437765264714626,0.11768347211072107,1.0,m4_cross_base
MDY,F4,6,0.24416351318359375,0.7461684008301606,0.32722306775782256,-2.5196305603690483,1.185790208084124,0.16231425463569854,-0.05486352734036582,1.0,m4_cross_base
SPY,F4,6,0.24188899993896484,0.7461684008301606,0.3241748104983375,-2.0170873920809846,0.9241656898774183,-0.24916949495270266,0.13965876964850812,1.0,m4_cross_base
TIP,F4,6,0.2392864227294922,0.7461684008301606,0.3206868884601259,8.521472887470791,5.330283096279374,1.7418083759179581,0.09883104711379982,1.0,m4_cross_base
TLT,F4,6,0.27039623260498047,0.7461684008301606,0.36237963481721713,20.817204342781487,-1.6497329333698225,3.040998845864917,-0.10396645014031217,1.0,m4_cross_base
USO,F4,6,0.2181835174560547,0.7461684008301606,0.29240519594948194,5.943276968418437,19.790056331283253,1.0861966014192426,-0.39882329296197977,1.0,m4_cross_base
XLB,F4,6,0.2800168991088867,0.7461684008301606,0.3752730600724311,-0.41352451780906385,1.448949868771672,0.4668608900236662,-0.4266980671146899,1.0,m4_cross_base
XLI,F4,6,0.2578115463256836,0.7461684008301606,0.34551388941002004,-0.4051940000775254,1.82587010529454,0.46017423403669777,-0.09884007837410105,1.0,m4_cross_base
XLK,F4,6,0.23824310302734375,0.7461684008301606,0.31928865221615244,1.0874742115956426,1.3473671129011708,0.4878154518433042,0.06524211572252123,1.0,m4_cross_base
XLP,F4,6,0.2659492492675781,0.7461684008301606,0.3564198764939555,5.250339819907655,2.9362999834764767,1.1506366666777443,-0.02250110297424153,1.0,m4_cross_base
XLU,F4,6,0.2526397705078125,0.7461684008301606,0.3385827786686416,3.5731955233459587,1.6465410763337767,1.3470044124772294,0.05010806348309123,1.0,m4_cross_base
XLV,F4,6,0.24286651611328125,0.7461684008301606,0.3254848581675082,1.8012417591520853,1.516313002372474,0.6819953259322763,0.04719885649424587,1.0,m4_cross_base
XLY,F4,6,0.2574625015258789,0.7461684008301606,0.3450461065349796,0.4126711929771183,1.415983654486585,0.4244330134852994,-0.13654011409196404,1.0,m4_cross_base
^GDAXI,F4,6,0.24993133544921875,0.7461684008301606,0.33495298805357343,7.14990277539737,12.175998736413728,1.094706461870982,-0.18484797406480563,1.0,m4_cross_base
DBC,F3,6,0.28780245780944824,0.7005901889162436,0.4108000117082076,9.318940154841114,-1.1670958307422228,1.3782997297551227,0.3316293438873336,1.0,m4_cross_base
DIA,F3,6,0.28758907318115234,0.7005901889162436,0.4104954333231948,4.332397011066226,-89.48654940724141,1.3126176911383098,0.12960077311456966,1.0,m4_cross_base
EFA,F3,6,0.25430822372436523,0.7005901889162436,0.36299141459254447,13.712295534169465,-0.7405471342307121,3.447275223752447,0.09599637132575423,1.0,m4_cross_base
EWA,F3,6,0.2678365707397461,0.7005901889162436,0.38230134389130915,5.6943203787977525,-5.753090557492544,1.8099244054878276,0.34246988023134234,1.0,m4_cross_base
EWC,F3,6,0.27239513397216797,0.7005901889162436,0.38880809106610703,10.27435158441748,-1.1043864993779127,1.936464696485816,0.16274112093127846,1.0,m4_cross_base
EWG,F3,6,0.2722787857055664,0.7005901889162436,0.38864201927629,16.185046442238402,-0.5640123180092165,5.664492168063035,0.298304927122585,1.0,m4_cross_base
EWJ,F3,6,0.2676568031311035,0.7005901889162436,0.3820447493636001,11.99548965956263,-0.7885050902609129,2.749446792588646,-0.32573485346474773,1.0,m4_cross_base
EWU,F3,6,0.24579858779907227,0.7005901889162436,0.3508450327848622,9.82671460820914,-0.9954363360662991,2.35763040686187,-0.1457436214058829,1.0,m4_cross_base
FXI,F3,6,0.27994441986083984,0.7005901889162436,0.39958369998570953,8.402075610598008,-2.619287812030608,2.322538368438189,-0.17588297033479067,1.0,m4_cross_base
GLD,F3,6,0.3305168151855469,0.7005901889162436,0.4717691175447799,8.557236337885733,178.23182839103345,0.6673179913756488,-0.48043260441330204,1.0,m4_cross_base
IWM,F3,6,0.2863326072692871,0.7005901889162436,0.40870199411758895,13.6026132427773,-0.7803195802403649,1.9957818702137038,0.3517936509048463,1.0,m4_cross_base
IYR,F3,6,0.2906646728515625,0.7005901889162436,0.41488544579991515,0.28074868071318626,1.4028795917390822,0.37173089903478773,0.3546542025277241,1.0,m4_cross_base
LQD,F3,6,0.32077884674072266,0.7005901889162436,0.45786945323476713,3.6468954148091797,5.237916221985503,0.841941539183912,-0.2121959711772694,1.0,m4_cross_base
MDY,F3,6,0.24797868728637695,0.7005901889162436,0.353956836977663,14.864080057623653,-0.5569925442573996,2.538242842983375,0.34133493976478935,1.0,m4_cross_base
SPY,F3,6,0.24835729598999023,0.7005901889162436,0.35449725091665774,7.553429231480028,-2.3747880947690403,1.6338092576992194,0.369703491589734,1.0,m4_cross_base
TIP,F3,6,0.31181812286376953,0.7005901889162436,0.4450792029304992,14.717561832950986,-0.7974241302824795,2.8316268939058706,0.2974518296683013,1.0,m4_cross_base
TLT,F3,6,0.30967116355895996,0.7005901889162436,0.44201470197291265,6.340685619016056,45.905649406121874,1.2796704978224955,0.13999868350546474,1.0,m4_cross_base
USO,F3,6,0.29000329971313477,0.7005901889162436,0.41394142296189795,8.862447790964488,-1.5262873691462955,1.2470201531657161,0.40054573664251947,1.0,m4_cross_base
XLB,F3,6,0.26624083518981934,0.7005901889162436,0.3800236420690852,9.743045971409938,-1.0233083776437442,2.402736443782486,-0.10639556411289729,1.0,m4_cross_base
XLI,F3,6,0.27418088912963867,0.7005901889162436,0.39135702079096246,10.156439749572062,-1.0405345568046895,2.567093549289468,0.34845945046572174,1.0,m4_cross_base
XLK,F3,6,0.2547950744628906,0.7005901889162436,0.3636863297458362,6.37550653613094,-10.0539243274447,1.7521918514777657,0.5950350963598534,1.0,m4_cross_base
XLP,F3,6,0.2685086727142334,0.7005901889162436,0.3832606807263382,4.485297863879028,5.496479457205438,0.8059764867371375,-0.09020538455088466,1.0,m4_cross_base
XLU,F3,6,0.2896566390991211,0.7005901889162436,0.41344661070289396,-3.8942942735072545,0.5835513006267569,-1.3000882844256139,-0.06812849707502679,1.0,m4_cross_base
XLV,F3,6,0.24229669570922852,0.7005901889162436,0.3458465441602057,-1.1754165359470488,1.1185816932011214,0.09978748431823949,-0.16105459645424355,1.0,m4_cross_base
XLY,F3,6,0.24147939682006836,0.7005901889162436,0.3446799578989501,6.47459883250375,19.950155465084862,0.9128109027624753,0.2301247296429716,1.0,m4_cross_base
^GDAXI,F3,6,0.3011281490325928,0.7005901889162436,0.42982067661897133,13.320886340622911,-0.7011876117116352,3.2264784157821764,0.560435789581027,1.0,m4_cross_base
DBC,F1,7,0.2587195038795471,0.6705690378738257,0.3858208316624183,24.649204284969365,-0.5250602647910735,3.7528030763065807,-0.3601560084343303,1.0,m4_cross_base
DIA,F1,7,0.23372149467468262,0.6705690378738257,0.3485420314301175,4.811345898192876,8.240463447309624,1.4614681391365487,-0.5616037645174038,1.0,m4_cross_base
EFA,F1,7,0.2515249252319336,0.6705690378738257,0.37509176688122087,8.793562522473833,-3.9770465615529504,2.067706375554986,-0.4042739947246436,1.0,m4_cross_base
EWA,F1,7,0.2574578523635864,0.6705690378738257,0.38393936764499065,10.179794330618801,-2.145811958059865,2.398651679678765,-0.6346871692881737,1.0,m4_cross_base
EWC,F1,7,0.2498621940612793,0.6705690378738257,0.37261218450156564,14.263980638309235,-0.914536372588857,1.7533504542662597,-0.31523832311710864,1.0,m4_cross_base
EWG,F1,7,0.2489030361175537,0.6705690378738257,0.3711818203040674,9.531046756073598,-1.3725809208913236,3.770919812706499,-0.3829696195488948,1.0,m4_cross_base
EWJ,F1,7,0.259523868560791,0.6705690378738257,0.38702035719344235,3.4593171578214843,1.9504611910373093,0.9274162595238921,-0.12731480311103202,1.0,m4_cross_base
EWU,F1,7,0.2262403964996338,0.6705690378738257,0.3373856884549495,18.00700806304438,-0.7143823082089933,2.567341054640291,-0.4373622650192934,1.0,m4_cross_base
FXI,F1,7,0.2384452223777771,0.6705690378738257,0.35558638844080204,-0.4717663246889341,0.9496647624390582,-0.12538803125255463,-0.18255926026835165,1.0,m4_cross_base
GLD,F1,7,0.2764403820037842,0.6705690378738257,0.41224745908384636,17.26680781137801,-0.8877907853748452,3.3660457288157546,-0.2182835418050751,1.0,m4_cross_base
IWM,F1,7,0.2658514976501465,0.6705690378738257,0.396456565446389,2.627723620253641,2.3295988390238263,1.019018141531156,-0.28649313285129135,1.0,m4_cross_base
IYR,F1,7,0.2459721565246582,0.6705690378738257,0.3668110852606057,1.7909690922127806,1.4921754779556418,0.5836520005495783,-0.4231209208450168,1.0,m4_cross_base
LQD,F1,7,0.29314279556274414,0.6705690378738257,0.4371552800770708,9.005917449089221,-11.920606936791753,1.5764503372554848,0.2327347745022456,1.0,m4_cross_base
MDY,F1,7,0.250063419342041,0.6705690378738257,0.3729122658793157,8.195046623417245,-2.9565936491267104,2.2255004834628354,-0.20000751380090628,1.0,m4_cross_base
SPY,F1,7,0.2549276351928711,0.6705690378738257,0.38016612875710837,4.770300355258566,4.250394306203228,1.4074460701426978,-0.6765720069689547,1.0,m4_cross_base
TIP,F1,7,0.27491939067840576,0.6705690378738257,0.40997924919124373,11.59447537941794,-1.3070709650362848,2.056145016118432,0.6081756059349247,1.0,m4_cross_base
TLT,F1,7,0.2628753185272217,0.6705690378738257,0.39201827653826793,-3.517917658418762,0.6843321688202934,-1.2673989543642878,0.33032996821516414,1.0,m4_cross_base
USO,F1,7,0.29813504219055176,0.6705690378738257,0.4446000715091902,11.326652917855075,-2.842104067021504,1.9408043047792378,0.3337391172061866,1.0,m4_cross_base
XLB,F1,7,0.23685097694396973,0.6705690378738257,0.3532089368381121,7.309725841243488,17.384645562693468,2.466671307189949,-0.6049854996457475,1.0,m4_cross_base
XLI,F1,7,0.24965369701385498,0.6705690378738257,0.37230125895080446,4.6748308928986875,8.307304487930235,2.5314323876297182,-0.4862322150422946,1.0,m4_cross_base
XLK,F1,7,0.26060962677001953,0.6705690378738257,0.3886395166653308,0.18392132584767173,1.0341302230056915,0.05834367187529728,-0.6328034124546504,1.0,m4_cross_base
XLP,F1,7,0.23690319061279297,0.6705690378738257,0.35328680155579845,6.3976153213828315,5.797179840626288,1.7936872396114931,-0.2759048356529115,1.0,m4_cross_base
XLU,F1,7,0.2663455009460449,0.6705690378738257,0.3971932581178323,0.8435639539110773,1.1563576621162792,0.20428552233284722,-0.17812835296251286,1.0,m4_cross_base
XLV,F1,7,0.2263120412826538,0.6705690378738257,0.3374925302251081,-0.6818821227611433,0.9349621399729265,-0.1570584531272262,-0.22239240275285496,1.0,m4_cross_base
XLY,F1,7,0.2293095588684082,0.6705690378738257,0.3419626405589503,3.474347872427911,2.402573282920325,1.2776552033961788,-0.6960071880707602,1.0,m4_cross_base
^GDAXI,F1,7,0.2687103748321533,0.6705690378738257,0.40071992539970785,6.232175258580172,-4.2409892910137685,2.0378912068808233,-0.19260220633374245,1.0,m4_cross_base
DBC,F2,7,0.29493141174316406,0.791350100064096,0.3726939716306043,8.33188933120036,5.5654265683597055,3.7468256879696447,-0.1440771755890069,1.0,m4_cross_base
DIA,F2,7,0.24051952362060547,0.791350100064096,0.30393567095161095,3.582186874865985,1.2558901409535617,0.4677984834446493,0.3784718725880353,1.0,m4_cross_base
EFA,F2,7,0.2396688461303711,0.791350100064096,0.3028607011118833,9.540931840396274,14.552235883708672,2.92253015429681,0.3567055553347026,1.0,m4_cross_base
EWA,F2,7,0.2533273696899414,0.791350100064096,0.32012047470446137,12.360056873199259,-5.893586300383209,6.057137282060674,-0.20418618370877523,1.0,m4_cross_base
EWC,F2,7,0.27568960189819336,0.791350100064096,0.34837880462245935,7.561279864806294,4.255116017089832,4.10866530758164,0.09602435474876794,1.0,m4_cross_base
EWG,F2,7,0.2502889633178711,0.791350100064096,0.3162809523845372,5.880655095158606,2.2292173526703296,1.8201642542503929,0.16223513458991004,1.0,m4_cross_base
EWJ,F2,7,0.25875043869018555,0.791350100064096,0.32697340743272524,6.453206917705986,2.6311220208571027,2.775106985326592,-0.0006227457067161991,1.0,m4_cross_base
EWU,F2,7,0.247802734375,0.791350100064096,0.31313919636192505,7.877847601759688,4.8091249656667605,3.5926879487840173,-0.0798142224562545,1.0,m4_cross_base
FXI,F2,7,0.23101425170898438,0.791350100064096,0.2919242086281068,8.584022547677183,3.4725372525400404,2.763885482981485,-0.1675746344528008,1.0,m4_cross_base
GLD,F2,7,0.2751436233520508,0.791350100064096,0.34768887162554896,12.183236446701809,-2.329177578863473,2.579550411756483,-0.23153776435261403,1.0,m4_cross_base
IWM,F2,7,0.2652149200439453,0.791350100064096,0.33514233462845844,6.54794276694761,2.7724750199980956,2.7469582262535552,-0.1513038372304248,1.0,m4_cross_base
IYR,F2,7,0.2789759635925293,0.791350100064096,0.3525316589584476,6.511718472730475,3.97052335355329,1.3718165937140512,-0.32169675437694273,1.0,m4_cross_base
LQD,F2,7,0.26590538024902344,0.791350100064096,0.3360148437808831,18.858337765783695,-1.279288436695276,2.887102212384403,0.3505000483524481,1.0,m4_cross_base
MDY,F2,7,0.2774543762207031,0.791350100064096,0.3506088849906388,8.295663700997121,6.5027249172381465,3.5773423673003717,0.26126316495740326,1.0,m4_cross_base
SPY,F2,7,0.23891067504882812,0.791350100064096,0.3019026282166103,9.07090275919577,4.563955721659531,2.028257924928638,0.34099132114881914,1.0,m4_cross_base
TIP,F2,7,0.2870521545410156,0.791350100064096,0.36273724425859755,17.075882602860887,-1.758244622190048,2.6872110356685153,0.07480862075340382,1.0,m4_cross_base
TLT,F2,7,0.2647256851196289,0.791350100064096,0.3345241064583011,18.868876318319714,-1.6800824074071503,2.856888428286626,0.0826001583604145,1.0,m4_cross_base
USO,F2,7,0.2851696014404297,0.791350100064096,0.3603583311827877,7.833161165942134,4.70925565490334,3.4557302236374006,0.029927422316072715,1.0,m4_cross_base
XLB,F2,7,0.26082801818847656,0.791350100064096,0.32959876819040096,3.0865308774694418,1.548409852136396,1.2817886632596365,0.23550649279606972,1.0,m4_cross_base
XLI,F2,7,0.2626523971557617,0.791350100064096,0.3319041687547496,7.779717605732308,2.9278633387612008,1.5118382004734914,0.30895764697223693,1.0,m4_cross_base
XLK,F2,7,0.24899673461914062,0.791350100064096,0.31464801053158764,4.4283110331224,1.7359032627564033,1.672904369272656,0.2905389832454219,1.0,m4_cross_base
XLP,F2,7,0.24843120574951172,0.791350100064096,0.3139333725103337,11.890396532664745,-7.359203913682071,4.557330559257384,-0.37294998749581126,1.0,m4_cross_base
XLU,F2,7,0.25484657287597656,0.791350100064096,0.32204023586442343,11.172750213994881,11.207220482202214,4.671116131315026,-0.11254606784777253,1.0,m4_cross_base
XLV,F2,7,0.22813749313354492,0.791350100064096,0.2882889546801937,13.427154038188139,-14.825342652930793,4.010798657335069,-0.21141848508510905,1.0,m4_cross_base
XLY,F2,7,0.25797367095947266,0.791350100064096,0.3259918346362474,8.62100355694571,4.970537474226112,3.3556025895623622,0.2620864154400128,1.0,m4_cross_base
^GDAXI,F2,7,0.26715850830078125,0.791350100064096,0.3375983755851456,7.278878879446994,2.5240441712045136,2.1331267528989075,0.0670883732084084,1.0,m4_cross_base
DBC,F5,7,0.2824068069458008,0.7660565131502468,0.36865009578009067,17.11622444090429,-2.164989966685953,3.6998664516653585,0.5195371220268951,1.0,m4_cross_base
DIA,F5,7,0.25405359268188477,0.7660565131502468,0.33163818637497466,12.866827529610076,-5.921828611144085,3.4679624235358912,0.33592597269237,1.0,m4_cross_base
EFA,F5,7,0.24354314804077148,0.7660565131502468,0.3179179915059417,11.440039885139262,-6.826959924309855,2.8921466908081266,-0.06897651786841666,1.0,m4_cross_base
EWA,F5,7,0.2534928321838379,0.7660565131502468,0.3309061770670179,10.722421604714839,28.048411361715033,3.247870366090557,0.061080317217465305,1.0,m4_cross_base
EWC,F5,7,0.25260400772094727,0.7660565131502468,0.32974591741563064,14.846742304360248,-2.1936338830393187,2.943633818225864,0.1970471792613336,1.0,m4_cross_base
EWG,F5,7,0.26755809783935547,0.7660565131502468,0.34926678808470524,9.651178974338006,-22.44784125514393,1.9479049808323001,-0.14257123627465051,1.0,m4_cross_base
EWJ,F5,7,0.26528477668762207,0.7660565131502468,0.34629922484007614,17.007105427136146,-2.0239327182124422,2.2630466580326853,-0.49455580105935876,1.0,m4_cross_base
EWU,F5,7,0.23429107666015625,0.7660565131502468,0.30584046038154983,15.930208477690849,-2.566615908644639,4.180530628935186,0.16544175173255135,1.0,m4_cross_base
FXI,F5,7,0.27367401123046875,0.7660565131502468,0.3572504202138322,18.95747600694327,-1.0780516141045104,3.321022311254581,0.2896770737618919,1.0,m4_cross_base
GLD,F5,7,0.2964463233947754,0.7660565131502468,0.3869770941254739,18.256362371299055,-1.8689728439092512,3.2640945709951397,0.22600114111044728,1.0,m4_cross_base
IWM,F5,7,0.2101764678955078,0.7660565131502468,0.2743615703118314,15.063194767073515,-2.568641777449946,3.5772071098691094,-0.27003223623971734,1.0,m4_cross_base
IYR,F5,7,0.21279478073120117,0.7660565131502468,0.27777948111964645,15.589618953854359,-1.62069823193648,4.637969446199067,0.5234783464836766,1.0,m4_cross_base
LQD,F5,7,0.23917102813720703,0.7660565131502468,0.3122106842400782,20.080895495452616,-1.1211114276328074,2.644016363883918,-0.23435810712482175,1.0,m4_cross_base
MDY,F5,7,0.25287389755249023,0.7660565131502468,0.3300982280179296,13.04690938403726,-4.37291950572008,4.352542958477578,0.18232960406365922,1.0,m4_cross_base
SPY,F5,7,0.23691940307617188,0.7660565131502468,0.3092714427841498,13.563054398058199,-4.376072325539669,2.907835638015682,-0.026070646125622012,1.0,m4_cross_base
TIP,F5,7,0.25794363021850586,0.7660565131502468,0.33671618972047734,19.028460395925812,-1.2843077203631936,7.02989074913369,0.1785908044500773,1.0,m4_cross_base
TLT,F5,7,0.2518043518066406,0.7660565131502468,0.32870205720351886,21.313963830149657,-1.121999606615803,4.676026821179562,0.12997181586160947,1.0,m4_cross_base
USO,F5,7,0.2866940498352051,0.7660565131502468,0.3742466057187294,15.932304569658724,-8.10791056946807,1.6458367362907476,0.11651480649460305,1.0,m4_cross_base
XLB,F5,7,0.2579460144042969,0.7660565131502468,0.33671930200495,11.315893645373222,-18.477573637206188,2.9935881377374716,0.1340929772897725,1.0,m4_cross_base
XLI,F5,7,0.2368483543395996,0.7660565131502468,0.3091786967068662,12.240500860833345,-170.9230620397994,1.8636537601265735,-0.10098241658813825,1.0,m4_cross_base
XLK,F5,7,0.22638893127441406,0.7660565131502468,0.295525104725547,14.651463789630636,-3.594491458659372,3.174320016274614,-0.3050744021283865,1.0,m4_cross_base
XLP,F5,7,0.22113370895385742,0.7660565131502468,0.2886650072910305,11.907287305812126,-5.396072518202522,4.502870885444253,0.12790784090803717,1.0,m4_cross_base
XLU,F5,7,0.22922182083129883,0.7660565131502468,0.29922312113589655,14.75426279343281,-2.6107447097503367,3.555875789394548,0.4124901488271726,1.0,m4_cross_base
XLV,F5,7,0.2098407745361328,0.7660565131502468,0.27392336065808853,5.701511486819399,3.0021964935470016,1.7073813596268177,0.46847201584778636,1.0,m4_cross_base
XLY,F5,7,0.2307577133178711,0.7660565131502468,0.30122805479314885,6.625946894800814,4.2662694984942755,1.9154470620750248,-0.3212936352406879,1.0,m4_cross_base
^GDAXI,F5,7,0.22844409942626953,0.7660565131502468,0.2982078939409327,12.941146308398654,-4.527479231693406,3.5354930842083694,0.4044539549508897,1.0,m4_cross_base
DBC,F3,7,0.23380470275878906,0.7603328756998362,0.30750308217777284,10.685142697946567,-30.68670494277492,2.5392997903554417,0.26275441256386023,1.0,m4_cross_base
DIA,F3,7,0.2338409423828125,0.7603328756998362,0.307550745017539,9.316131630151492,47.62369608984815,3.389945431048476,0.25534682833445915,1.0,m4_cross_base
EFA,F3,7,0.2445354461669922,0.7603328756998362,0.32161629988958906,17.54286260485909,-1.4637960929471265,3.91384684856995,0.4839375809809485,1.0,m4_cross_base
EWA,F3,7,0.2240161895751953,0.7603328756998362,0.29462909829987716,17.406608462583847,-1.592790716185248,4.284054623245526,0.251406903987432,1.0,m4_cross_base
EWC,F3,7,0.24598407745361328,0.7603328756998362,0.32352155919497916,14.57994421824647,-1.9269942494599592,2.61645713904217,-0.18897411667150474,1.0,m4_cross_base
EWG,F3,7,0.26044654846191406,0.7603328756998362,0.3425427951174546,15.02591037449047,-2.3521917986187995,4.202465253923742,0.2659610467890145,1.0,m4_cross_base
EWJ,F3,7,0.2561511993408203,0.7603328756998362,0.3368934943199057,18.94831391024698,-1.287474662709803,5.658245135998336,0.3512652035977868,1.0,m4_cross_base
EWU,F3,7,0.2418069839477539,0.7603328756998362,0.3180277897692988,19.539708536042934,-1.0023173938338639,5.140753837699236,0.47964337805226986,1.0,m4_cross_base
FXI,F3,7,0.27782535552978516,0.7603328756998362,0.36539963535585024,16.55046569930049,-2.019751558370939,2.6937744163459296,-0.1082489888991618,1.0,m4_cross_base
GLD,F3,7,0.30495357513427734,0.7603328756998362,0.40107903377660437,12.288984638744022,22.875351941178113,1.8029902709789285,-0.5025144646230004,1.0,m4_cross_base
IWM,F3,7,0.22591304779052734,0.7603328756998362,0.29712387167605936,12.4265701919074,-7.5456259171393665,2.6191256039904722,-0.14567907764591212,1.0,m4_cross_base
IYR,F3,7,0.2492084503173828,0.7603328756998362,0.32776229764891185,8.558405289667139,5.3008743645857,2.227191211374776,-0.135955257489423,1.0,m4_cross_base
LQD,F3,7,0.2932300567626953,0.7603328756998362,0.3856601051122463,20.011838386062564,-1.4000444012249014,5.024457937364089,-0.007225746129535655,1.0,m4_cross_base
MDY,F3,7,0.23329448699951172,0.7603328756998362,0.3068320395652753,8.93100104234069,27.39850252834941,1.7813824390636004,-0.2386585963648778,1.0,m4_cross_base
SPY,F3,7,0.23707294464111328,0.7603328756998362,0.31180151775352777,12.12172533062596,-4.391418570484251,4.590669945920673,0.4516848946435767,1.0,m4_cross_base
TIP,F3,7,0.31064414978027344,0.7603328756998362,0.4085633539051511,21.810937182148702,-1.4008585216417886,6.176894372258983,0.2988249882188237,1.0,m4_cross_base
TLT,F3,7,0.27046966552734375,0.7603328756998362,0.3557253331685734,11.214006265142475,10.73990412003612,2.412627408640809,0.3197967808458961,1.0,m4_cross_base
USO,F3,7,0.23575878143310547,0.7603328756998362,0.3100731126693753,14.265877691956025,-2.424288465224608,2.0920866750562275,0.3766882934451314,1.0,m4_cross_base
XLB,F3,7,0.22081565856933594,0.7603328756998362,0.29041971697736957,7.409812036081936,5.696648599762425,2.4015102911278055,0.3123017648743004,1.0,m4_cross_base
XLI,F3,7,0.26314258575439453,0.7603328756998362,0.34608865953900675,10.95642570416286,-6.551180509835848,3.470551003031376,0.2656463931221056,1.0,m4_cross_base
XLK,F3,7,0.24576187133789062,0.7603328756998362,0.3232293107300971,11.103926689491251,-19.468511384883993,2.7870336206405284,0.218814255722771,1.0,m4_cross_base
XLP,F3,7,0.22114944458007812,0.7603328756998362,0.2908587168173212,7.802220387473194,11.334952707436111,1.4390580629078569,-0.20614811786164192,1.0,m4_cross_base
XLU,F3,7,0.24512100219726562,0.7603328756998362,0.32238643103738995,4.801809355321902,2.218077974963438,1.0095073896657867,-0.024775326459509556,1.0,m4_cross_base
XLV,F3,7,0.22501754760742188,0.7603328756998362,0.295946097819732,8.073682143678802,12.68081207403666,1.3857900163494625,-0.04337807851017768,1.0,m4_cross_base
XLY,F3,7,0.2590761184692383,0.7603328756998362,0.34074038720313893,4.732300545015812,2.876569494419767,1.3077593247607064,-0.10368075111791011,1.0,m4_cross_base
^GDAXI,F3,7,0.21295833587646484,0.7603328756998362,0.28008566074490826,18.65957506741929,-1.1226368438138443,4.508642147993395,0.3265605993568313,1.0,m4_cross_base
DBC,F4,7,0.28156089782714844,0.7233591297662911,0.389240815856043,-3.5407269172042426,2.0601411381380528,0.25953709692514343,-0.38338161728418674,1.0,m4_cross_base
DIA,F4,7,0.2376689910888672,0.7233591297662911,0.3285629244296056,0.21694191300700982,1.7453899494514382,0.5257885213110842,-0.21646906322015025,1.0,m4_cross_base
EFA,F4,7,0.25307178497314453,0.7233591297662911,0.34985635012985744,3.2633949518212972,-11.362387592079518,0.7525805748613159,-0.13133176689682116,1.0,m4_cross_base
EWA,F4,7,0.27530336380004883,0.7233591297662911,0.38059015566582555,2.506639888499903,-96.8234424904508,0.6507968540254947,-0.17511177095916466,1.0,m4_cross_base
EWC,F4,7,0.24867820739746094,0.7233591297662911,0.34378249636222324,-0.3607684275325589,1.4672886766589133,0.29648936438478857,-0.23627614311787076,1.0,m4_cross_base
EWG,F4,7,0.25631141662597656,0.7233591297662911,0.35433494384564934,1.8458979942548872,4.379574793504461,0.7395577007186216,0.013090797727839639,1.0,m4_cross_base
EWJ,F4,7,0.2575979232788086,0.7233591297662911,0.356113461043943,-0.5915845684813252,1.4752336386355347,0.2588915999033486,-0.12850881652151522,1.0,m4_cross_base
EWU,F4,7,0.27220678329467773,0.7233591297662911,0.37630932146059254,3.311680768914609,-865.7196275499472,0.7574458676025764,0.012296594948514742,1.0,m4_cross_base
FXI,F4,7,0.26502418518066406,0.7233591297662911,0.36637981643542716,5.698727284301344,58.112044676481645,1.763305286098465,-0.11496937544258193,1.0,m4_cross_base
GLD,F4,7,0.2981891632080078,0.7233591297662911,0.4122283813634166,3.826432688540769,3.6680504908898124,0.8773649187408272,0.15582671656225183,1.0,m4_cross_base
IWM,F4,7,0.25290966033935547,0.7233591297662911,0.3496322226845573,0.9820181476334318,5.835791306615975,0.5568457690082874,-0.058874470148352634,1.0,m4_cross_base
IYR,F4,7,0.28734397888183594,0.7233591297662911,0.39723557366957324,3.342498363332038,7.713639735925839,0.9232128560642303,-0.3415577443911406,1.0,m4_cross_base
LQD,F4,7,0.26348114013671875,0.7233591297662911,0.3642466505148645,13.66663903903141,-1.2727645086086328,2.9419055530423486,0.17919241407057618,1.0,m4_cross_base
MDY,F4,7,0.25257205963134766,0.7233591297662911,0.34916551023963815,-0.4103585042273963,1.626508223003412,0.2737108282506469,-0.08441993274457593,1.0,m4_cross_base
SPY,F4,7,0.25557374954223633,0.7233591297662911,0.35331516396953366,-0.5340670177003597,1.5141729807324111,0.36254252403701503,-0.23666390943163465,1.0,m4_cross_base
TIP,F4,7,0.25072193145751953,0.7233591297662911,0.34660782056974226,4.481848491230728,2.7636184849376892,1.6775823488161519,-0.23946765222256347,1.0,m4_cross_base
TLT,F4,7,0.2684755325317383,0.7233591297662911,0.37115109422684633,13.494203367529389,-3.547413772123199,0.984730787287584,0.09970279113485335,1.0,m4_cross_base
USO,F4,7,0.25189924240112305,0.7233591297662911,0.3482353813416425,0.02203253847467046,3.2851335630359864,0.4193564498447515,-0.5429135529114664,1.0,m4_cross_base
XLB,F4,7,0.27752017974853516,0.7233591297662911,0.3836547688811209,-0.499019550995758,1.575224250807456,0.37042306590547847,-0.24405462114662368,1.0,m4_cross_base
XLI,F4,7,0.27276611328125,0.7233591297662911,0.3770825611468781,-0.19912255493138886,1.800383048592143,0.4862107691589713,-0.05245275093247957,1.0,m4_cross_base
XLK,F4,7,0.2462625503540039,0.7233591297662911,0.3404429974272509,-0.7594143866944698,1.2936010822964834,0.3330139005194497,-0.1433260687570927,1.0,m4_cross_base
XLP,F4,7,0.2618131637573242,0.7233591297662911,0.361940774621747,0.6978037881770778,2.9669706605956936,0.6021638665846386,-0.2642468814405873,1.0,m4_cross_base
XLU,F4,7,0.26604747772216797,0.7233591297662911,0.36779445613429224,1.2536911744847679,1.7758889960644737,0.8202684595483278,-0.3955398980123661,1.0,m4_cross_base
XLV,F4,7,0.24442100524902344,0.7233591297662911,0.3378971733279886,0.1408629682675695,1.7867666809724772,0.5463131080532689,-0.30255065451956614,1.0,m4_cross_base
XLY,F4,7,0.27028703689575195,0.7233591297662911,0.3736553888288913,-4.447078845514261,0.8340292230389803,-0.2156542549050415,-0.1617812673822094,1.0,m4_cross_base
^GDAXI,F4,7,0.2689847946166992,0.7233591297662911,0.3718551180844362,3.0727374080811023,-7.3592306611687865,0.7627426974437536,-0.12005981163524491,1.0,m4_cross_base
DBC,F1,8,0.2243201732635498,0.6651026540878637,0.3372715052102557,42.347383182183606,-0.29330242493678577,4.790651873479792,-0.07080423569296178,1.0,m4_cross_base
DIA,F1,8,0.21594882011413574,0.6651026540878637,0.3246849471835181,8.648859055851768,-6.121573730589842,3.0261156178281556,-0.5304321322688857,1.0,m4_cross_base
EFA,F1,8,0.23889756202697754,0.6651026540878637,0.3591890072286764,17.05780655998506,-1.035933275413554,3.704539764038413,0.044700297955463965,1.0,m4_cross_base
EWA,F1,8,0.22356820106506348,0.6651026540878637,0.33614089447841666,11.889756199048414,-3.9628465235982335,2.405601890332505,0.01609410265580305,1.0,m4_cross_base
EWC,F1,8,0.20648431777954102,0.6651026540878637,0.31045480951014714,6.575104551905398,-135.75831199830498,1.4570816335554535,-0.0907669922817324,1.0,m4_cross_base
EWG,F1,8,0.2202620506286621,0.6651026540878637,0.3311700070280644,12.89046678840308,-2.2724652529605986,2.2819383899080177,-0.27344234741044987,1.0,m4_cross_base
EWJ,F1,8,0.2713170051574707,0.6651026540878637,0.407932525137132,12.514228828043152,-1.776659322210154,3.3585788612121905,-0.2808414907060869,1.0,m4_cross_base
EWU,F1,8,0.22780060768127441,0.6651026540878637,0.3425044333850767,21.215116949485903,-0.7218285573703562,4.166163801692985,-0.2683448266133131,1.0,m4_cross_base
FXI,F1,8,0.24479389190673828,0.6651026540878637,0.3680543001928837,7.50758304770728,3.858256429563536,1.9174777678651558,-0.21630803841253995,1.0,m4_cross_base
GLD,F1,8,0.26856493949890137,0.6651026540878637,0.40379471927866106,13.4017094171549,-1.8005037463955837,2.8064654993674267,-0.13987294401701506,1.0,m4_cross_base
IWM,F1,8,0.24239587783813477,0.6651026540878637,0.3644488205667466,7.390374966352011,42.43765034984249,2.502696097693924,-0.18639155515289094,1.0,m4_cross_base
IYR,F1,8,0.23537611961364746,0.6651026540878637,0.35389442241280394,7.7809811672896325,8.811205513347675,1.4861589937470299,0.08537479574965584,1.0,m4_cross_base
LQD,F1,8,0.24398398399353027,0.6651026540878637,0.36683658153211735,10.427251500303013,52.121504806640736,2.4787221901843712,-0.00583932720771457,1.0,m4_cross_base
MDY,F1,8,0.2573966979980469,0.6651026540878637,0.38700296325090794,10.122710283062098,-25.241263750078186,2.594521333827747,-0.1802706438599945,1.0,m4_cross_base
SPY,F1,8,0.2379014492034912,0.6651026540878637,0.3576913244012752,11.148379551942897,-2.776278393574928,2.905282415781095,-0.22279594889556814,1.0,m4_cross_base
TIP,F1,8,0.2273547649383545,0.6651026540878637,0.3418340966480637,15.873745813940054,-1.680052970642758,2.662301124378063,0.09935803845693626,1.0,m4_cross_base
TLT,F1,8,0.2524142265319824,0.6651026540878637,0.37951168136315555,6.013612603245111,2.1480315932391107,1.7202482328618625,-0.08587671529467518,1.0,m4_cross_base
USO,F1,8,0.2167813777923584,0.6651026540878637,0.3259367203844001,31.639635035327842,-0.4076523386340891,2.8515907606791586,0.5335148966362409,1.0,m4_cross_base
XLB,F1,8,0.2345409393310547,0.6651026540878637,0.3526387060546454,7.973031818247422,10.14424570598621,3.2409739367586425,-0.23120056196906663,1.0,m4_cross_base
XLI,F1,8,0.2605278491973877,0.6651026540878637,0.39171073457026157,15.284860360806064,-1.3662250151546338,4.140554008933153,-0.558674172699931,1.0,m4_cross_base
XLK,F1,8,0.2382185459136963,0.6651026540878637,0.35816808796289407,8.985971716750832,-3.6862654174485137,2.2114555373785625,-0.5857560283118406,1.0,m4_cross_base
XLP,F1,8,0.23115277290344238,0.6651026540878637,0.3475445053221902,7.497804931478342,5.4629586368525676,1.776071328151293,-0.13896332662473326,1.0,m4_cross_base
XLU,F1,8,0.23411154747009277,0.6651026540878637,0.3519931036678217,8.127764467344969,6.076164226582573,1.4173170165394937,-0.13050300600384462,1.0,m4_cross_base
XLV,F1,8,0.23684144020080566,0.6651026540878637,0.35609757192386365,5.033883988340337,2.5627002275926696,1.5653170603450484,-0.45665050694818177,1.0,m4_cross_base
XLY,F1,8,0.21365571022033691,0.6651026540878637,0.32123719384844285,9.67642299798257,-11.892147039618376,2.800748611070699,-0.49794613800677706,1.0,m4_cross_base
^GDAXI,F1,8,0.19837522506713867,0.6651026540878637,0.29826256721106426,3.6889455566960634,2.3410436579085974,1.2117129395519235,-0.3358183849020143,1.0,m4_cross_base
DBC,F5,8,0.30682194232940674,0.6583735828073268,0.46603015421898886,14.045472215872213,-1.2064201063789974,0.7078633704090382,0.015160536739273981,1.0,m4_cross_base
DIA,F5,8,0.2862091064453125,0.6583735828073268,0.4347214315995295,6.364637394333071,-8.201107687499594,1.2084232389519913,0.253014526890086,1.0,m4_cross_base
EFA,F5,8,0.3074870705604553,0.6583735828073268,0.4670404138169096,4.616292215798614,-3.8608953163330106,1.1825995482238674,0.30123508344876937,1.0,m4_cross_base
EWA,F5,8,0.30060553550720215,0.6583735828073268,0.45658808821795394,7.012252834768482,-1.430745677922008,1.6815977656308438,-0.11738491943358023,1.0,m4_cross_base
EWC,F5,8,0.3246382474899292,0.6583735828073268,0.4930912417622544,8.683037897578512,-1.0203287825078589,1.8847683408233242,0.03240063189264829,1.0,m4_cross_base
EWG,F5,8,0.3172950744628906,0.6583735828073268,0.48193773679365126,3.3472117857464703,-1.9026034877002904,0.8124305527151173,0.12802720987573704,1.0,m4_cross_base
EWJ,F5,8,0.2790260314941406,0.6583735828073268,0.4238110987144477,9.54299877400344,-0.6487814893680843,1.4409228700118397,-0.09287531539413209,1.0,m4_cross_base
EWU,F5,8,0.31874799728393555,0.6583735828073268,0.48414457324484905,3.902061756755164,12.901738190577209,1.548942033934918,0.389984131787306,1.0,m4_cross_base
FXI,F5,8,0.29935526847839355,0.6583735828073268,0.45468906453070723,9.695694856706414,-0.790063297986842,1.9450895599328502,0.4665472482844087,1.0,m4_cross_base
GLD,F5,8,0.32599854469299316,0.6583735828073268,0.4951573896736934,8.474888464508222,-1.0887797840373448,2.2347871553113006,0.21829816974797406,1.0,m4_cross_base
IWM,F5,8,0.3142979145050049,0.6583735828073268,0.4773853670811458,12.829579752306696,-0.6701310933969521,1.7418608483364189,0.2861149720317855,1.0,m4_cross_base
IYR,F5,8,0.3363875150680542,0.6583735828073268,0.5109371394181502,10.071755735148262,-0.7840428859343048,3.060785481975347,0.33150328255548844,1.0,m4_cross_base
LQD,F5,8,0.29666173458099365,0.6583735828073268,0.4505978707651333,15.8475424519522,-0.34784442751681605,2.4963913871656316,-0.2013519712508884,1.0,m4_cross_base
MDY,F5,8,0.3013908863067627,0.6583735828073268,0.4577809532114304,3.259917536023361,2.32852519142791,0.6309400199006646,0.1837704622678045,1.0,m4_cross_base
SPY,F5,8,0.30015575885772705,0.6583735828073268,0.4559049249483142,6.010756671106826,-124.22066402799831,1.0634512449316385,0.13025664305357193,1.0,m4_cross_base
TIP,F5,8,0.29301929473876953,0.6583735828073268,0.44506538899894116,14.841728956518864,-0.4875198395779525,4.09112482102751,0.2643756258233044,1.0,m4_cross_base
TLT,F5,8,0.3041565418243408,0.6583735828073268,0.4619816921077046,17.144573809865733,-0.35437705751987486,2.9334272026277937,-0.08585859144925047,1.0,m4_cross_base
USO,F5,8,0.3003559112548828,0.6583735828073268,0.45620893531929885,7.981759606998503,3.4623997314481394,0.34053786306442846,-0.20275317503594986,1.0,m4_cross_base
XLB,F5,8,0.319297194480896,0.6583735828073268,0.4849787458351566,9.976595213306748,-0.9158941925944851,2.0421247485746594,0.33486315366934527,1.0,m4_cross_base
XLI,F5,8,0.2798048257827759,0.6583735828073268,0.4249940050596787,4.853405198574658,9.017981526963935,0.6262161932723931,0.2327404377900065,1.0,m4_cross_base
XLK,F5,8,0.2987251877784729,0.6583735828073268,0.45373203843431686,4.875528738405912,151.314702226675,1.214157479583876,-0.05645724998321798,1.0,m4_cross_base
XLP,F5,8,0.3238033652305603,0.6583735828073268,0.4918231437079416,4.129626931396309,-6.1434985184890065,1.385531780079111,0.16216204210957055,1.0,m4_cross_base
XLU,F5,8,0.34326934814453125,0.6583735828073268,0.5213899176829352,8.608741361558392,-1.4951791664373129,1.322534285390664,0.27111184797675153,1.0,m4_cross_base
XLV,F5,8,0.3006804585456848,0.6583735828073268,0.45670188840745,-1.8837947421432069,0.7303253350927816,-0.4451169875304912,0.31062490559101263,1.0,m4_cross_base
XLY,F5,8,0.3068326711654663,0.6583735828073268,0.46604645018884505,7.512284989802392,-1.2778930704471658,1.7117254622819262,-0.04255206974217159,1.0,m4_cross_base
^GDAXI,F5,8,0.3353288173675537,0.6583735828073268,0.5093290893260032,10.510378044236594,-0.6456846152152814,2.00975010695401,0.2618240990662618,1.0,m4_cross_base
DBC,F4,8,0.2105644941329956,0.7418583140981375,0.2838338401436866,-10.992464012571224,0.19564164797296926,-0.7858064077123345,-0.4790532041409423,1.0,m4_cross_base
DIA,F4,8,0.2129371464252472,0.7418583140981375,0.28703209545357816,-6.326043820419261,0.20751324145252759,-1.9823631626591667,0.4292622469206526,1.0,m4_cross_base
EFA,F4,8,0.22302603721618652,0.7418583140981375,0.3006315801519524,-6.108513591525684,0.4445582016111987,-0.1871469799172298,-0.07930486149766455,1.0,m4_cross_base
EWA,F4,8,0.20358753204345703,0.7418583140981375,0.2744291304343665,-3.644051756580456,1.8499438991019854,0.06655438658360954,0.05502107102470327,1.0,m4_cross_base
EWC,F4,8,0.2055985927581787,0.7418583140981375,0.2771399724866882,-6.49338312589739,0.42746030858897854,-0.22696947433926393,-0.140524580693708,1.0,m4_cross_base
EWG,F4,8,0.21691548824310303,0.7418583140981375,0.2923947661175745,-2.7337555303974135,0.4101993114746302,-0.37719544601918126,0.23037559956322506,1.0,m4_cross_base
EWJ,F4,8,0.20017993450164795,0.7418583140981375,0.2698358038151837,-15.079550809154448,0.13078698751743523,-0.8676465960796657,-0.1729190072628733,1.0,m4_cross_base
EWU,F4,8,0.17915773391723633,0.7418583140981375,0.24149858606765748,-1.2010517671924976,-2.3187905437842375,0.23889183537242853,-0.004896753036419261,1.0,m4_cross_base
FXI,F4,8,0.23234808444976807,0.7418583140981375,0.31319738558464366,-4.201026841073489,0.29772495918011793,-0.6728280923550127,-0.020036683125408433,1.0,m4_cross_base
GLD,F4,8,0.2586686611175537,0.7418583140981375,0.3486766356888675,-6.30874326796194,0.40595800323647024,-0.29237756979897556,0.009951383053029866,1.0,m4_cross_base
IWM,F4,8,0.20849210023880005,0.7418583140981375,0.28104032303292276,-11.440287640181992,0.13745667029694397,-1.6097527482052902,-0.21574264194910553,1.0,m4_cross_base
IYR,F4,8,0.22850003838539124,0.7418583140981375,0.3080103492041795,-5.426320962617854,0.30494188425691793,-0.4736008563102474,-0.13925540313296403,1.0,m4_cross_base
LQD,F4,8,0.21475714445114136,0.7418583140981375,0.28948539144191887,2.9157283936854332,-0.8866823039714959,0.8295394626035085,-0.02454166982063825,1.0,m4_cross_base
MDY,F4,8,0.217840313911438,0.7418583140981375,0.2936413999434139,-9.462240253707407,0.27365112600741043,-0.37116718197556575,-0.17422172484547122,1.0,m4_cross_base
SPY,F4,8,0.24224555492401123,0.7418583140981375,0.32653884214872536,-8.166294365118576,0.19334334127333797,-1.2504476808473874,0.015625523973303128,1.0,m4_cross_base
TIP,F4,8,0.23043739795684814,0.7418583140981375,0.31062184459978226,-4.000739065609322,0.27037732702251616,-0.7949594746112282,-0.2464853794078173,1.0,m4_cross_base
TLT,F4,8,0.25799643993377686,0.7418583140981375,0.34777050419313293,3.9000450707376544,-1.81297515297765,0.48161509585667445,-0.24013072772283917,1.0,m4_cross_base
USO,F4,8,0.24974536895751953,0.7418583140981375,0.33664833865362825,-6.488726613822694,0.5237688596472881,-0.1548286436855255,-0.38683958484940495,1.0,m4_cross_base
XLB,F4,8,0.21345704793930054,0.7418583140981375,0.2877329051690902,-10.035818114888016,0.21505189098205815,-0.5684363433594649,-0.07261024976031978,1.0,m4_cross_base
XLI,F4,8,0.2222924828529358,0.7418583140981375,0.2996427735977757,-5.759998157236257,0.25706595304430174,-0.9067823823961412,0.025907112175151466,1.0,m4_cross_base
XLK,F4,8,0.2339494228363037,0.7418583140981375,0.3153559357499571,-8.843435541012617,0.14524192264767305,-2.5372068685524924,0.5468887807795333,1.0,m4_cross_base
XLP,F4,8,0.21302056312561035,0.7418583140981375,0.28714453835376264,-3.166993158077437,0.5168444227761811,-0.3721125068605304,0.0877797529892743,1.0,m4_cross_base
XLU,F4,8,0.26685696840286255,0.7418583140981375,0.3597141978886835,-1.8891437118535346,1.0220651746755716,0.006354340334529453,-0.12410669627602407,1.0,m4_cross_base
XLV,F4,8,0.22552573680877686,0.7418583140981375,0.3040010909400456,-3.7745617002947442,0.31081304284611955,-1.0526299747521821,0.18178380031909147,1.0,m4_cross_base
XLY,F4,8,0.19761376082897186,0.7418583140981375,0.26637668820791877,-9.12287852140401,0.17764752831334812,-1.2254392185372731,0.004356641761019328,1.0,m4_cross_base
^GDAXI,F4,8,0.22439265251159668,0.7418583140981375,0.3024737315027417,-4.643884395903067,0.6661602587334358,-0.06691086434357635,0.08272860438468935,1.0,m4_cross_base
DBC,F2,8,0.2845529317855835,0.6234199801195576,0.45643858211123234,2.3910146270970003,2.4502201077284638,0.4989563475095297,-0.04587924735769833,1.0,m4_cross_base
DIA,F2,8,0.2939739227294922,0.6234199801195576,0.4715503707037345,-8.034484290645167,0.30937737345047944,-1.6305959268406174,0.16369705340956023,1.0,m4_cross_base
EFA,F2,8,0.2592911720275879,0.6234199801195576,0.41591732747779725,-4.690230334832648,0.42181010124244367,-1.794835000540779,0.12594265228053023,1.0,m4_cross_base
EWA,F2,8,0.2910337448120117,0.6234199801195576,0.4668341633134667,-1.8160316622721089,0.6649756972908507,-0.6660083682610692,0.24509363752447008,1.0,m4_cross_base
EWC,F2,8,0.3320920467376709,0.6234199801195576,0.5326939420099807,-4.557282880958105,0.4445330133309308,-1.5300687960309272,0.3057248192645347,1.0,m4_cross_base
EWG,F2,8,0.28112030029296875,0.6234199801195576,0.4509324520511139,-4.442201571525814,0.4767688000240003,-1.2819751777954125,0.07468937489725885,1.0,m4_cross_base
EWJ,F2,8,0.27319395542144775,0.6234199801195576,0.43821815811719006,-5.672018495180426,0.3706863983944244,-2.166845669618894,0.09602430773237054,1.0,m4_cross_base
EWU,F2,8,0.28737354278564453,0.6234199801195576,0.4609629975775446,0.8109668562452166,1.3198535720008409,0.2805751128516996,0.3049390581650011,1.0,m4_cross_base
FXI,F2,8,0.29413771629333496,0.6234199801195576,0.471813104605544,-3.705116643651836,0.5024511897101224,-1.090047152821714,0.1789405297843429,1.0,m4_cross_base
GLD,F2,8,0.3122732639312744,0.6234199801195576,0.500903522327577,6.204161271795923,-0.9619980665426734,0.9767660419227538,-0.15034054266355118,1.0,m4_cross_base
IWM,F2,8,0.3202705383300781,0.6234199801195576,0.5137315911316439,-5.8781158329544585,0.35441162244146085,-2.4430174532979216,0.22680412029420796,1.0,m4_cross_base
IYR,F2,8,0.32028675079345703,0.6234199801195576,0.513757596816248,0.26392530660289326,7.801182717765753,0.4183900859294623,-0.3426968259458418,1.0,m4_cross_base
LQD,F2,8,0.3490631580352783,0.6234199801195576,0.5599165396789754,1.961072599680477,1.599594901558004,0.14798844228793528,0.45693887633361674,1.0,m4_cross_base
MDY,F2,8,0.33057451248168945,0.6234199801195576,0.5302597334437258,-4.1284099107130485,0.43778656390179027,-1.5313383037010784,0.2539797953704084,1.0,m4_cross_base
SPY,F2,8,0.27143049240112305,0.6234199801195576,0.43538946626168273,-4.1693219085173405,0.4396348396623735,-1.6610118651074273,0.22877111588126886,1.0,m4_cross_base
TIP,F2,8,0.3529839515686035,0.6234199801195576,0.5662057085512552,11.23435108036665,-0.5996466073985933,1.7150947895412787,0.309109481714756,1.0,m4_cross_base
TLT,F2,8,0.31948423385620117,0.6234199801195576,0.5124703154283433,4.184200836027055,-1.4787227846569029,0.8012226636782807,0.1108561621668088,1.0,m4_cross_base
USO,F2,8,0.3440901041030884,0.6234199801195576,0.5519394871449257,3.1082179720567344,8.02278687438377,0.7509156987359747,-0.16015929476249416,1.0,m4_cross_base
XLB,F2,8,0.3092975616455078,0.6234199801195576,0.49613033189310307,-2.9567424843176404,0.46835051781393255,-0.9087474444463375,0.4898316691104585,1.0,m4_cross_base
XLI,F2,8,0.29556894302368164,0.6234199801195576,0.4741088711449356,-5.3188812251537225,0.3884377384673461,-1.5258388438812425,0.5134900850488905,1.0,m4_cross_base
XLK,F2,8,0.2626008987426758,0.6234199801195576,0.42122631150242407,-6.639727467872332,0.3825401614352743,-2.241582538016001,0.4553304604027397,1.0,m4_cross_base
XLP,F2,8,0.30146145820617676,0.6234199801195576,0.48356079018892434,0.5804902528433686,1.772578522281549,0.4067873685602316,-0.29361934531080663,1.0,m4_cross_base
XLU,F2,8,0.31444430351257324,0.6234199801195576,0.5043859894453016,2.73926796632675,3.6541512088922072,0.4444251875835993,-0.2336045256208303,1.0,m4_cross_base
XLV,F2,8,0.28650689125061035,0.6234199801195576,0.4595728407608382,-0.1556589550731271,1.0058676573499266,0.006019225835537279,0.01678042370697396,1.0,m4_cross_base
XLY,F2,8,0.3012270927429199,0.6234199801195576,0.4831848550717792,-2.610223486722661,0.5308889840223683,-0.9226271744075059,0.4562085778984962,1.0,m4_cross_base
^GDAXI,F2,8,0.32589006423950195,0.6234199801195576,0.5227456203392836,-3.405531975009506,0.5186278248317084,-0.8677966142178403,0.37528538215403257,1.0,m4_cross_base
DBC,F3,8,0.20374274253845215,0.7406130810697567,0.27510011333335077,11.350986478349983,-0.18031184074368609,1.812926467227574,0.5926912031660309,1.0,m4_cross_base
DIA,F3,8,0.20307433605194092,0.7406130810697567,0.2741976090384688,1.9263527910407399,-0.5647581378603099,0.8438126487256281,0.17089969143669828,1.0,m4_cross_base
EFA,F3,8,0.24103444814682007,0.7406130810697567,0.32545259367909757,11.910918356219309,-0.1377156629154625,3.4201951953078202,0.33392338146412814,1.0,m4_cross_base
EWA,F3,8,0.23304736614227295,0.7406130810697567,0.3146681743801427,3.626658590573063,-0.4506601445453699,0.9630985441886719,-0.2297144030507184,1.0,m4_cross_base
EWC,F3,8,0.21462571620941162,0.7406130810697567,0.28979466025553025,5.793425984180043,-0.25658668588927286,1.7371715789468336,0.19337454396023798,1.0,m4_cross_base
EWG,F3,8,0.22721922397613525,0.7406130810697567,0.30679882624802574,7.038199061662525,-0.24286235772197706,1.5316079780106675,0.27748451192020107,1.0,m4_cross_base
EWJ,F3,8,0.2072945237159729,0.7406130810697567,0.2798958444219652,11.554084661256512,-0.12961509782033967,4.508482370287991,0.01861564545111804,1.0,m4_cross_base
EWU,F3,8,0.21684521436691284,0.7406130810697567,0.2927914992450541,12.098020673748781,-0.11864200213333143,3.0760475463193795,0.3451222935195937,1.0,m4_cross_base
FXI,F3,8,0.24500632286071777,0.7406130810697567,0.33081554879752545,3.870389510186107,-0.5262371966178967,1.1567994730358169,-0.13439501723191313,1.0,m4_cross_base
GLD,F3,8,0.27678346633911133,0.7406130810697567,0.3737220870300044,11.40513615998911,-0.5172833440090915,0.5044759487942455,-0.3453382617580873,1.0,m4_cross_base
IWM,F3,8,0.21705400943756104,0.7406130810697567,0.29307342117701163,7.188822535386458,-0.20809260328339294,0.9545848987779715,0.0364710160554928,1.0,m4_cross_base
IYR,F3,8,0.20933520793914795,0.7406130810697567,0.2826512429901723,0.21218348195165948,-1.1981702194214974,0.42684826964324285,0.003738296559546923,1.0,m4_cross_base
LQD,F3,8,0.24191245436668396,0.7406130810697567,0.326638106387833,1.913975818036812,-4.894361671985783,0.5239029935359513,0.270436060776655,1.0,m4_cross_base
MDY,F3,8,0.2495824098587036,0.7406130810697567,0.33699433109958266,8.086424604122943,-0.18787165341523274,1.1845480834136555,0.1718276166934865,1.0,m4_cross_base
SPY,F3,8,0.23144268989562988,0.7406130810697567,0.31250148803924627,2.2751115870899055,-0.6387430165884833,0.9888808223367087,-0.019095785833557265,1.0,m4_cross_base
TIP,F3,8,0.2332412600517273,0.7406130810697567,0.3149299762769905,15.291990950507953,-0.19008466237497387,2.6240659488088656,0.5802774606137274,1.0,m4_cross_base
TLT,F3,8,0.2402518391609192,0.7406130810697567,0.32439588943513464,2.119304555295005,1.7932256695272921,0.16189115319586264,0.5254991882212948,1.0,m4_cross_base
USO,F3,8,0.21272212266921997,0.7406130810697567,0.2872243660103327,3.6735535509049173,-0.9318916865998533,0.6506328759786306,0.6851901009960584,1.0,m4_cross_base
XLB,F3,8,0.24296769499778748,0.7406130810697567,0.32806292679416355,7.162893070866832,-0.230614137025602,1.4695145355359005,0.5124559895097416,1.0,m4_cross_base
XLI,F3,8,0.21086108684539795,0.7406130810697567,0.2847115345854085,9.481679779917059,-0.1409386472375174,2.2301958450027337,0.2710985728175728,1.0,m4_cross_base
XLK,F3,8,0.23133793473243713,0.7406130810697567,0.31236004419242486,2.0787390143716684,-1.4061827895900183,0.6482543562465745,0.44472844923229216,1.0,m4_cross_base
XLP,F3,8,0.21351760625839233,0.7406130810697567,0.28829845396463044,-6.244751885444769,0.13644704961043774,-1.5042250444934313,0.00022009223048390948,1.0,m4_cross_base
XLU,F3,8,0.22843366861343384,0.7406130810697567,0.3084386091094686,-3.2923337174921183,0.27472907468325036,-0.8572888682666079,-0.07523620997898046,1.0,m4_cross_base
XLV,F3,8,0.21734488010406494,0.7406130810697567,0.2934661642623535,-2.013288068574583,0.6782080527448295,-0.09790510379758655,-0.10576070529542982,1.0,m4_cross_base
XLY,F3,8,0.232505202293396,0.7406130810697567,0.31393612702271034,4.936228829013488,-0.2822833199839071,0.7926826920968201,0.08202734024234373,1.0,m4_cross_base
^GDAXI,F3,8,0.23491600155830383,0.7406130810697567,0.31719126702297284,6.50806132058816,-0.19798124533607683,2.0973048072465397,0.35242761066290196,1.0,m4_cross_base
DBC,F1,9,0.2466902732849121,0.6779118401540106,0.363897277895114,35.34760491683551,-0.5356936575414573,3.8039304769216495,0.13428040795842794,1.0,m4_cross_base
DIA,F1,9,0.2190101146697998,0.6779118401540106,0.32306577595700975,13.1184772730809,-2.562439950916787,4.707535024085925,-0.5860973790272024,1.0,m4_cross_base
EFA,F1,9,0.22228312492370605,0.6779118401540106,0.3278938525003589,18.525678965464742,-1.2498586319698803,3.682516774526966,-0.10375702582599093,1.0,m4_cross_base
EWA,F1,9,0.21510791778564453,0.6779118401540106,0.31730957485087663,25.358247120522655,-0.7645802764280126,2.9373140145763084,-0.3244844705620392,1.0,m4_cross_base
EWC,F1,9,0.23221111297607422,0.6779118401540106,0.3425388069978533,11.827728760400653,-3.002608809585073,1.7535416023136052,0.02790788028489358,1.0,m4_cross_base
EWG,F1,9,0.2173924446105957,0.6779118401540106,0.3206795216339748,11.78969323942599,-3.691433723057819,3.683784797920435,-0.2707503873009915,1.0,m4_cross_base
EWJ,F1,9,0.22464895248413086,0.6779118401540106,0.33138372746682554,12.091596873406804,-5.775722570733639,4.008415549127489,-0.27485746285600965,1.0,m4_cross_base
EWU,F1,9,0.23298263549804688,0.6779118401540106,0.34367689380542016,23.56993935985921,-0.9058474201843278,3.288837378542142,-0.2078888531106605,1.0,m4_cross_base
FXI,F1,9,0.2376112937927246,0.6779118401540106,0.35050471125971655,4.6515846121118205,1.9067088849624643,1.5917868010175473,0.09382047856665693,1.0,m4_cross_base
GLD,F1,9,0.25899219512939453,0.6779118401540106,0.3820440650078566,19.857860137927045,-1.5202547307016796,5.693745980636706,-0.46480156619579027,1.0,m4_cross_base
IWM,F1,9,0.21984648704528809,0.6779118401540106,0.32429952395482947,11.077896094584752,-3.644698992244877,6.6859060562074415,0.02947647777212319,1.0,m4_cross_base
IYR,F1,9,0.2523472309112549,0.6779118401540106,0.3722419582669122,8.274973668631581,3.376872376773953,1.6113131331409771,0.16132694791283722,1.0,m4_cross_base
LQD,F1,9,0.2492837905883789,0.6779118401540106,0.3677230221141228,14.179351198691025,-3.721822720090141,3.3260413639727884,0.0985367953053881,1.0,m4_cross_base
MDY,F1,9,0.2511453628540039,0.6779118401540106,0.37046906098726307,13.118458768099163,-2.250207244508112,3.5873449720245123,-0.3120553421385693,1.0,m4_cross_base
SPY,F1,9,0.23092269897460938,0.6779118401540106,0.3406382442326829,12.774111602038662,-2.2673320885990575,3.8780817666137604,-0.5243894345601794,1.0,m4_cross_base
TIP,F1,9,0.2425398826599121,0.6779118401540106,0.3577749617189323,13.373994789007817,-3.2521852147881534,1.9386211889143086,0.5408866551744763,1.0,m4_cross_base
TLT,F1,9,0.22675538063049316,0.6779118401540106,0.3344909576722808,8.579605490249397,3.8090584452489513,2.981140950633391,0.3310320975136249,1.0,m4_cross_base
USO,F1,9,0.2561917304992676,0.6779118401540106,0.3779130490493645,27.83174694026313,-0.7171753401823052,3.3075757530629315,0.5984802388793113,1.0,m4_cross_base
XLB,F1,9,0.22178888320922852,0.6779118401540106,0.32716478762023343,8.939323967837009,12.055205990461861,5.3227114225353604,-0.33459189818303653,1.0,m4_cross_base
XLI,F1,9,0.21471714973449707,0.6779118401540106,0.3167331458404928,14.874757853251777,-2.6818126515806355,2.8179137409887525,-0.6408646204801708,1.0,m4_cross_base
XLK,F1,9,0.2204270362854004,0.6779118401540106,0.32515590262492383,5.795392889606471,3.1939983050674767,1.936726741592737,-0.1786416092957498,1.0,m4_cross_base
XLP,F1,9,0.22545313835144043,0.6779118401540106,0.33256999656507125,3.885212637707341,1.7769310955655697,1.3213128344383782,-0.00011263002193031886,1.0,m4_cross_base
XLU,F1,9,0.2452831268310547,0.6779118401540106,0.36182157074484833,7.695810681960152,5.553986173438749,1.6232242323807893,-0.2786556989616533,1.0,m4_cross_base
XLV,F1,9,0.21271944046020508,0.6779118401540106,0.313786288806932,1.9222101587600067,1.2058466601493947,0.48195119102524475,0.46789487250324974,1.0,m4_cross_base
XLY,F1,9,0.23035407066345215,0.6779118401540106,0.3397994503402086,9.564044224653024,-169.1542313287674,3.299705631626677,-0.285864490644319,1.0,m4_cross_base
^GDAXI,F1,9,0.22899723052978516,0.6779118401540106,0.33779795095149934,7.094656758741635,4.521777478654501,2.3644829615714373,0.14639824229557205,1.0,m4_cross_base
DBC,F2,9,0.22249644994735718,0.7382765878979654,0.301372755948896,-1.1838166852122347,0.3982379284902545,-0.3182545105772882,0.36241909899948616,1.0,m4_cross_base
DIA,F2,9,0.191828191280365,0.7382765878979654,0.2598324183982886,-8.957725152007889,0.09589406921158375,-2.037944107972395,0.3608148773187856,1.0,m4_cross_base
EFA,F2,9,0.19683003425598145,0.7382765878979654,0.2666074442593385,-3.5609087479037047,0.24320120321763103,-1.2692536404580834,0.0742919772833869,1.0,m4_cross_base
EWA,F2,9,0.20427173376083374,0.7382765878979654,0.2766872702037592,-5.3589273914791615,0.17298614639820847,-1.7429412016784747,0.3008622556148784,1.0,m4_cross_base
EWC,F2,9,0.22261476516723633,0.7382765878979654,0.3015330146132213,-5.884101671421129,0.136450089802227,-1.6474362886226879,0.4241664994450004,1.0,m4_cross_base
EWG,F2,9,0.20666682720184326,0.7382765878979654,0.27993143841966983,-1.0584745730257286,1.595814265806136,0.09476690158986341,0.2484941794901794,1.0,m4_cross_base
EWJ,F2,9,0.19515091180801392,0.7382765878979654,0.2643330629834154,-3.8662961617498297,0.2214645900085135,-1.637720553552409,-0.13413074176100323,1.0,m4_cross_base
EWU,F2,9,0.20410609245300293,0.7382765878979654,0.27646290807370383,-0.6021262812722101,0.636574002216169,-0.2243571499325159,0.16623894258191863,1.0,m4_cross_base
FXI,F2,9,0.1801072359085083,0.7382765878979654,0.24395631510043264,-0.8915331031557017,0.3984306204135326,-0.514639282647406,0.32182572900773043,1.0,m4_cross_base
GLD,F2,9,0.24961552023887634,0.7382765878979654,0.33810569687654085,4.7275544013531,-0.3368136610296424,0.6325994611713008,0.24874546869094888,1.0,m4_cross_base
IWM,F2,9,0.22254741191864014,0.7382765878979654,0.30144178424007895,-5.642747335088096,0.16602057328670236,-1.5412089564085774,0.36588514375870207,1.0,m4_cross_base
IYR,F2,9,0.2240145206451416,0.7382765878979654,0.30342899167771237,-2.3346240773837215,0.5520000805029696,-0.13224866791892675,-0.01679604142354134,1.0,m4_cross_base
LQD,F2,9,0.22210562229156494,0.7382765878979654,0.3008433775801399,0.9050885491546805,3.2693623994639562,0.05826495005714685,0.20112621826318636,1.0,m4_cross_base
MDY,F2,9,0.21534031629562378,0.7382765878979654,0.29167973063963015,-6.434520547381584,0.13449546856159555,-1.760454726870128,0.42310616180022304,1.0,m4_cross_base
SPY,F2,9,0.18958508968353271,0.7382765878979654,0.2567941240332744,-4.517262375370244,0.18124252432704943,-1.548945190867009,0.504442613064239,1.0,m4_cross_base
TIP,F2,9,0.23588413000106812,0.7382765878979654,0.31950644767522934,7.36105504345977,-0.16945092024513864,0.8695660101950935,0.1468827098328526,1.0,m4_cross_base
TLT,F2,9,0.21525543928146362,0.7382765878979654,0.2915647642225021,3.267617601293603,-0.21726458985966832,0.7642113501241392,-0.12390090017250575,1.0,m4_cross_base
USO,F2,9,0.19992107152938843,0.7382765878979654,0.27079427250782445,-0.06240715470672842,1.373707033978228,0.06469529632201225,0.2658772162297762,1.0,m4_cross_base
XLB,F2,9,0.21232983469963074,0.7382765878979654,0.2876020155321194,-6.1089946199825595,0.12615884285698295,-1.677218366206545,0.578348810354838,1.0,m4_cross_base
XLI,F2,9,0.23089277744293213,0.7382765878979654,0.3127456311466334,-8.562626549876272,0.1030457775124435,-2.344595273259755,0.5122112274962535,1.0,m4_cross_base
XLK,F2,9,0.1861644983291626,0.7382765878979654,0.2521609128351389,-8.989945773876697,0.11138888767986896,-2.739846680740403,0.3678606258354151,1.0,m4_cross_base
XLP,F2,9,0.21528160572052002,0.7382765878979654,0.2916002068187937,1.61422673980569,-0.7647115730627262,0.45998398941973756,0.12203684145467951,1.0,m4_cross_base
XLU,F2,9,0.2382938265800476,0.7382765878979654,0.3227703959277947,-0.41878401956966504,1.2960742431467627,0.04692381433993469,0.1386451462003315,1.0,m4_cross_base
XLV,F2,9,0.20092487335205078,0.7382765878979654,0.2721539280070194,1.578532404304904,-1.11267439173972,0.4517584806360156,-0.008838997976132773,1.0,m4_cross_base
XLY,F2,9,0.22690236568450928,0.7382765878979654,0.3073405948447449,-2.662584887653347,0.2760856985696314,-0.9854896591156134,0.45593198492859793,1.0,m4_cross_base
^GDAXI,F2,9,0.20142066478729248,0.7382765878979654,0.27282548043515925,-6.992463188361427,0.14220539270811308,-2.2567022309368294,0.0659688383141224,1.0,m4_cross_base
DBC,F3,9,0.25554418563842773,0.6892561837973589,0.37075356252960023,10.285318918390384,-0.8356919926296237,2.1636450813547285,0.18765496260992412,1.0,m4_cross_base
DIA,F3,9,0.271543025970459,0.6892561837973589,0.3939653097842827,4.178857348098578,15.259565234166278,0.8393023566618841,-0.016763645860915305,1.0,m4_cross_base
EFA,F3,9,0.27025747299194336,0.6892561837973589,0.39210017892476245,12.24921487862354,-0.6456052356183752,4.34099051217384,0.24885377035292142,1.0,m4_cross_base
EWA,F3,9,0.2993912696838379,0.6892561837973589,0.43436863784722873,10.607645447264494,-0.7005666190892659,2.7749065197154623,0.042069550324261254,1.0,m4_cross_base
EWC,F3,9,0.26619911193847656,0.6892561837973589,0.3862121489746968,9.909151934395474,-0.9549788465898087,1.5028707250878317,0.3934743827150342,1.0,m4_cross_base
EWG,F3,9,0.2522745132446289,0.6892561837973589,0.36600979312910675,11.69939753284603,-0.6571469035986941,4.008346144588746,0.5184351848341239,1.0,m4_cross_base
EWJ,F3,9,0.277360200881958,0.6892561837973589,0.4024050961050236,6.374833510170102,-1.4208199607424348,1.862542884729578,0.06558900968337393,1.0,m4_cross_base
EWU,F3,9,0.26207637786865234,0.6892561837973589,0.38023072411883174,8.981663562505084,-0.9771587469817584,2.4198299195135617,0.0287938989322478,1.0,m4_cross_base
FXI,F3,9,0.27478647232055664,0.6892561837973589,0.3986710294083394,12.090822052938012,-0.6200199539607675,4.42066137701761,0.09681895839052855,1.0,m4_cross_base
GLD,F3,9,0.2983675003051758,0.6892561837973589,0.43288331293795945,14.236011062396155,-0.9025859194129968,0.9474299321699512,-0.26175471588012145,1.0,m4_cross_base
IWM,F3,9,0.2645587921142578,0.6892561837973589,0.3838323084121042,8.269541551461192,-1.2805575519680148,0.9733401534730038,0.3355152281302934,1.0,m4_cross_base
IYR,F3,9,0.28875112533569336,0.6892561837973589,0.4189314976397602,2.072223444631013,1.8844247285561457,0.5528017839557061,0.3536493328028418,1.0,m4_cross_base
LQD,F3,9,0.28224802017211914,0.6892561837973589,0.4094965367116677,2.046369229451439,1.950213199347115,0.35813254707845776,-0.10708281837374965,1.0,m4_cross_base
MDY,F3,9,0.2615807056427002,0.6892561837973589,0.37951158334417623,12.632603054084772,-0.6375772956381205,1.7692896856764966,0.4107082201049163,1.0,m4_cross_base
SPY,F3,9,0.24892663955688477,0.6892561837973589,0.3611525662134199,6.728975846192627,-1.2584029016965157,1.4196645752497883,0.3544842308783399,1.0,m4_cross_base
TIP,F3,9,0.29703783988952637,0.6892561837973589,0.43095418927261364,11.21831697238819,-0.8939055063862432,2.2515847076310975,0.25075317215983733,1.0,m4_cross_base
TLT,F3,9,0.31765246391296387,0.6892561837973589,0.46086269718017303,5.452219033480706,7.707076264342563,0.8083823946338436,0.0492111447458923,1.0,m4_cross_base
USO,F3,9,0.2718162536621094,0.6892561837973589,0.39436171927334246,7.143678393091166,-1.0093869143537055,1.004785123618442,0.3574522474636635,1.0,m4_cross_base
XLB,F3,9,0.25911688804626465,0.6892561837973589,0.37593697980146806,7.749542795223607,-1.2862224831996776,1.7254220237042701,0.38292187874653405,1.0,m4_cross_base
XLI,F3,9,0.2756466865539551,0.6892561837973589,0.39991906207546646,7.608734658552292,-0.9374785083726539,1.7919705427702488,0.17286041217211112,1.0,m4_cross_base
XLK,F3,9,0.2598886489868164,0.6892561837973589,0.37705668094988554,2.1683897818616957,1.978263236437712,0.46057867012384207,0.5805388769480198,1.0,m4_cross_base
XLP,F3,9,0.2917144298553467,0.6892561837973589,0.42323077647006013,9.30520845513653,-0.9442514315422089,1.293693987795441,0.02472815122471634,1.0,m4_cross_base
XLU,F3,9,0.323375940322876,0.6892561837973589,0.469166542026917,-0.6573709201466111,0.903454422893174,-0.14430209742248,-0.31550621352067604,1.0,m4_cross_base
XLV,F3,9,0.27054500579833984,0.6892561837973589,0.3925173428373332,1.263257833236946,3.596754402916847,0.5269693381053447,-0.11185486494655114,1.0,m4_cross_base
XLY,F3,9,0.2511434555053711,0.6892561837973589,0.36436881004350513,3.2697355131169434,6.225416460910478,0.7535658187475293,0.19071617216710673,1.0,m4_cross_base
^GDAXI,F3,9,0.2522173523902893,0.6892561837973589,0.36592686191182744,13.229605751826826,-0.5292176848066757,3.234230049566254,0.6140747712191263,1.0,m4_cross_base
DBC,F4,9,0.27694201469421387,0.6580756361994992,0.4208361462727932,-9.091295671536377,0.6831231798497986,-0.12744392890314496,-0.45394346190191653,1.0,m4_cross_base
DIA,F4,9,0.27286601066589355,0.6580756361994992,0.41464232324682626,0.14806065846010608,4.156564067022449,0.3676640200741442,0.13267822806391433,1.0,m4_cross_base
EFA,F4,9,0.26631736755371094,0.6580756361994992,0.4046911219685018,-2.3471967998003844,2.4221642411705853,0.23923234072893979,-0.0880041591266942,1.0,m4_cross_base
EWA,F4,9,0.2624044418334961,0.6580756361994992,0.39874510983103284,-0.9536960767533484,-38.66237058284165,0.38782150356114486,0.04540469493553805,1.0,m4_cross_base
EWC,F4,9,0.2698707580566406,0.6580756361994992,0.41009079080208927,-1.1590272635917191,7.05684769743259,0.31803071338643546,-0.011920171859075538,1.0,m4_cross_base
EWG,F4,9,0.26317477226257324,0.6580756361994992,0.3999156902122272,2.7223507897778356,-1.66294826360595,0.6831168278140464,0.032425873051411244,1.0,m4_cross_base
EWJ,F4,9,0.2892928123474121,0.6580756361994992,0.43960419811030876,-4.037996410390297,1.3093393529175557,0.07625770416151383,-0.2256623999662237,1.0,m4_cross_base
EWU,F4,9,0.26841282844543457,0.6580756361994992,0.4078753469670526,-0.5872812242701251,5.977092803382299,0.325237031559207,0.014287299007447485,1.0,m4_cross_base
FXI,F4,9,0.2976647615432739,0.6580756361994992,0.4523260627947564,1.7681512146430562,-2.7371232643099943,0.7052815978159496,-0.20011910288270573,1.0,m4_cross_base
GLD,F4,9,0.3122706413269043,0.6580756361994992,0.47452089721832186,-5.058203684299848,0.667244559035476,-0.24184109346503826,0.1576420559271397,1.0,m4_cross_base
IWM,F4,9,0.26796483993530273,0.6580756361994992,0.40719459161692434,-9.428937974850605,0.297145096678445,-1.090395815054379,-0.1576824674129255,1.0,m4_cross_base
IYR,F4,9,0.2960764169692993,0.6580756361994992,0.44991244270824543,-2.712091452225712,0.8366296867647048,-0.1501247141810483,-0.2390352720638252,1.0,m4_cross_base
LQD,F4,9,0.30109548568725586,0.6580756361994992,0.4575393300170395,5.729736232642699,-3.4138813244391883,1.0353242845650288,0.344669576399349,1.0,m4_cross_base
MDY,F4,9,0.2571272850036621,0.6580756361994992,0.39072603643042725,-7.766050293588446,0.542638723966938,-0.2885928779546341,-0.1234422017681334,1.0,m4_cross_base
SPY,F4,9,0.24898290634155273,0.6580756361994992,0.3783499838703529,-5.050598238011641,0.6234352182997626,-0.30386279984708275,0.08673728225873006,1.0,m4_cross_base
TIP,F4,9,0.28318262100219727,0.6580756361994992,0.4303192603172881,-0.7834912078883374,0.660587465796117,-0.2718569997079863,0.20080257365716758,1.0,m4_cross_base
TLT,F4,9,0.27990245819091797,0.6580756361994992,0.4253347834109209,8.171740645466837,-1.7232919207455437,0.539805108005344,0.15499207622010855,1.0,m4_cross_base
USO,F4,9,0.246659517288208,0.6580756361994992,0.37481940330249797,-2.389963070725978,-2.058638300201718,0.4306702028378051,-0.31630077148863106,1.0,m4_cross_base
XLB,F4,9,0.2842433452606201,0.6580756361994992,0.4319311179823868,-3.87050250370297,0.7827591836017145,-0.12587150153927207,-0.045646574044920035,1.0,m4_cross_base
XLI,F4,9,0.2788872718811035,0.6580756361994992,0.42379212440035896,-3.807203750407001,0.8364917490420433,-0.08550467114559046,-0.007552308450611363,1.0,m4_cross_base
XLK,F4,9,0.27921366691589355,0.6580756361994992,0.4242881084739755,-3.5551974374289834,0.673907050356946,-0.26272087578553255,-0.03294441285537029,1.0,m4_cross_base
XLP,F4,9,0.29459285736083984,0.6580756361994992,0.447658051986493,3.6870110315242353,-3.3429252039931003,0.8073279626074664,0.2722393715891293,1.0,m4_cross_base
XLU,F4,9,0.30451107025146484,0.6580756361994992,0.46272959140391373,-0.822934941105486,3.601329548245109,0.37092923970153613,-0.34015220454683326,1.0,m4_cross_base
XLV,F4,9,0.26859045028686523,0.6580756361994992,0.4081452579494078,-1.7357291773135857,1.423760627446724,0.18028763049722524,-0.06563967262183794,1.0,m4_cross_base
XLY,F4,9,0.2774834632873535,0.6580756361994992,0.4216589218982009,-4.31286381126424,0.7333556141398381,-0.1906645175667743,-0.033352493505779346,1.0,m4_cross_base
^GDAXI,F4,9,0.27525925636291504,0.6580756361994992,0.4182790567245202,0.9270483770279709,-5.402028100942724,0.43905755692662135,0.1623073516981589,1.0,m4_cross_base
DBC,F5,9,0.32101523876190186,0.6648566814650284,0.4828337410320322,6.215894218498663,4.12251499916772,0.17114489485723247,-0.07490857565202859,1.0,m4_cross_base
DIA,F5,9,0.28530558943748474,0.6648566814650284,0.42912344478332787,6.680527975113291,-0.5492126281298797,1.1955590643568996,0.22167828453252642,0.9931506849315068,m4_cross_base
EFA,F5,9,0.2696158289909363,0.6648566814650284,0.4055247341379363,11.144370723134447,-0.3426721985948436,1.567028736957034,0.06216693090699737,1.0,m4_cross_base
EWA,F5,9,0.2973233461380005,0.6648566814650284,0.4471991549860656,9.276267361077007,-0.27823965985692384,1.9565075531600802,0.26071410546618023,1.0,m4_cross_base
EWC,F5,9,0.27610206604003906,0.6648566814650284,0.41528057660733925,11.092783194839862,-0.294112369767562,2.196573670319019,0.3073198482778394,1.0,m4_cross_base
EWG,F5,9,0.2764306664466858,0.6648566814650284,0.41577481907463704,12.58386392134496,-0.2770191953843963,1.828400993517041,0.058501377185836534,1.0,m4_cross_base
EWJ,F5,9,0.2646309733390808,0.6648566814650284,0.398027094735605,10.835195568367968,-0.35846794596477055,1.2599254922025176,-0.09244518147272889,1.0,m4_cross_base
EWU,F5,9,0.300506591796875,0.6648566814650284,0.4519870224282039,12.564826266745886,-0.29983501958396463,3.367677641096383,0.33955756897848427,1.0,m4_cross_base
FXI,F5,9,0.3096630573272705,0.6648566814650284,0.4657591116403014,10.85869253714717,-0.2618839198820799,2.3580792734722023,0.5436098416323097,1.0,m4_cross_base
GLD,F5,9,0.3186970353126526,0.6648566814650284,0.4793469693504405,12.455582793262462,-0.3382630587015783,1.1396487345656545,-0.12454079874648487,1.0,m4_cross_base
IWM,F5,9,0.2849905490875244,0.6648566814650284,0.4286495977742761,5.253732710814969,-1.1988655380096356,0.98334495082628,0.37630604555786806,1.0,m4_cross_base
IYR,F5,9,0.27230262756347656,0.6648566814650284,0.40956590368235585,12.049867856724617,-0.23652818159975839,3.1971277232687214,0.31865068099196536,1.0,m4_cross_base
LQD,F5,9,0.31049346923828125,0.6648566814650284,0.4670081205382506,12.921566545315308,-0.24321211453296665,1.8353264947881491,0.07292783292882908,1.0,m4_cross_base
MDY,F5,9,0.2910159230232239,0.6648566814650284,0.43771226361441234,6.917787910780015,-0.6851191015345917,1.3336034471427867,0.27076906502794423,1.0,m4_cross_base
SPY,F5,9,0.28869324922561646,0.6648566814650284,0.4342187681553769,8.180504729772991,-0.5335866502662118,1.750456229982392,0.23731119227507025,1.0,m4_cross_base
TIP,F5,9,0.3108711242675781,0.6648566814650284,0.4675761452566977,14.32953500364923,-0.21827630979206533,3.9875762338707594,-0.09558742513137401,1.0,m4_cross_base
TLT,F5,9,0.285089373588562,0.6648566814650284,0.4287982380809657,15.458217908248105,-0.18484132385167043,4.898422439335379,0.2522294816118313,1.0,m4_cross_base
USO,F5,9,0.2959967851638794,0.6648566814650284,0.4452038964422273,2.601002841345446,1.1375022791942355,0.036311208281957975,-0.2234152252839836,1.0,m4_cross_base
XLB,F5,9,0.33677345514297485,0.6648566814650284,0.5065354151226789,8.70128899307305,-0.5272688398701157,1.486495018467801,0.29693329601530793,1.0,m4_cross_base
XLI,F5,9,0.31728339195251465,0.6648566814650284,0.4772207316219982,12.805314652306881,-0.30211340170217643,1.6599510556957604,0.1504240758873544,1.0,m4_cross_base
XLK,F5,9,0.29811108112335205,0.6648566814650284,0.4483839742220185,4.633850260389254,-1.8484915569418163,0.9801329225789914,0.1187780112870986,1.0,m4_cross_base
XLP,F5,9,0.27123403549194336,0.6648566814650284,0.40795865192220426,3.519348964625034,-2.759293216041448,1.1345098943877656,0.16763189037364837,1.0,m4_cross_base
XLU,F5,9,0.3158900737762451,0.6648566814650284,0.4751250646683333,2.884067188941814,250.52753102349376,0.6241511732980238,0.4284839591277256,1.0,m4_cross_base
XLV,F5,9,0.2821727395057678,0.6648566814650284,0.42441137672557205,5.854018572147585,-0.6437354618943542,1.7387000314649659,0.2740752120251186,1.0,m4_cross_base
XLY,F5,9,0.27883028984069824,0.6648566814650284,0.4193840531560707,7.182413635694754,-0.7558359594995547,0.9270016029000685,0.13758514027767266,1.0,m4_cross_base
^GDAXI,F5,9,0.2970675230026245,0.6648566814650284,0.4468143756155519,4.1366784391596205,-1.6565391928137636,0.5839644759631594,0.1701988440925823,1.0,m4_cross_base
^GDAXI,F5,0,0.2133427858352661,0.6859054591021498,0.3110381802683591,5.050465121309883,-0.21581517436417208,1.466415514230939,0.4704824868223044,1.0,m4_single_resid
^GDAXI,F3,0,0.22798210382461548,0.5420478665073171,0.4205940432781649,7.941579374655625,-0.39290698549945796,2.177059420541244,0.43417481789498474,1.0,m4_single_resid
^GDAXI,F1,0,0.259232759475708,0.4361509936431889,0.5943647114278592,4.834982577131351,-1.874860800590497,1.1279772399772547,0.1452248348734502,1.0,m4_single_resid
^GDAXI,F5,1,0.21084821224212646,0.552549610277117,0.38159145951868645,0.5991660509405985,1.3737508598427919,0.22633015406406193,0.18904383283128512,1.0,m4_single_resid
^GDAXI,F1,1,0.22148466110229492,0.49814886728581736,0.44461540645281866,7.8154492269333335,-0.5595141894747538,1.797256397067716,0.2893222691304709,1.0,m4_single_resid
^GDAXI,F2,0,0.19241929054260254,0.6383178262927015,0.301447464909696,1.9085724916328646,-2.1541420054421936,0.2616131417723485,0.009211612637009684,1.0,m4_single_resid
^GDAXI,F4,0,0.23110580444335938,0.43144837648716167,0.5356511161891838,2.7717988510034894,4.647175155757015,0.5523254148138276,-0.024863414651776647,1.0,m4_single_resid
^GDAXI,F4,1,0.2149057388305664,0.39538764866777726,0.5435317455026017,9.110602099410471,9.10522249900867,1.9176847259076233,0.07712192656716911,1.0,m4_single_resid
^GDAXI,F2,1,0.2214803695678711,0.3614871945540903,0.6126921586837301,6.429798886882962,3.226150354045804,1.5216780868383293,0.24513541250627416,1.0,m4_single_resid
^GDAXI,F2,2,0.2410717010498047,0.3426709255290781,0.7035078936959536,2.268413905499128,1.2771054654877383,0.4548082163917266,0.3020025522735499,1.0,m4_single_resid
^GDAXI,F1,2,0.30979442596435547,0.2790983926794409,1.1099828379168437,9.666341791806646,-11.701200376688773,2.493901572141208,0.06964435883519093,1.0,m4_single_resid
^GDAXI,F3,1,0.2170429229736328,0.34997280542203374,0.6201708235927069,15.519235377379129,-3.960741180444203,4.379062089851213,-0.10415718034843663,1.0,m4_single_resid
^GDAXI,F3,2,0.23243999481201172,0.3494618443953394,0.66513697715467,16.105856488415654,-2.6091769479924123,3.219379268582677,-0.06391727120800929,1.0,m4_single_resid
^GDAXI,F4,2,0.1799764633178711,0.33873992261914854,0.53131163851691,4.681140420769291,2.08362590693121,1.0384306865939557,-0.1348520992034658,1.0,m4_single_resid
^GDAXI,F5,2,0.21457648277282715,0.5336995385118924,0.4020548403903964,0.3278462926923147,1.7457765882368088,0.2900778599618074,0.14144416763480505,1.0,m4_single_resid
^GDAXI,F1,3,0.16576050221920013,0.6762493593372823,0.2451174258880538,3.6326693601925633,-0.16846499629679992,1.0413480049416317,-0.31024251617711174,1.0,m4_single_resid
^GDAXI,F5,3,0.2345256805419922,0.5168413489106327,0.4537672557281096,1.5900505107626433,3.5207716454685802,0.39637081011544895,0.20543749003755765,1.0,m4_single_resid
^GDAXI,F3,3,0.2289142608642578,0.5323848903594018,0.429978883716483,3.6871198516645394,-0.9429892644414093,1.5540802935076532,0.20369532475175275,1.0,m4_single_resid
^GDAXI,F4,3,0.19762744009494781,0.7320013481572548,0.26998234442116326,-0.5800438814512479,-0.6481281196876653,0.21687650078444728,-0.08384678572903946,1.0,m4_single_resid
^GDAXI,F2,3,0.24319696426391602,0.394117190381958,0.61706763926796,3.0309983725704193,1.6861250736307678,0.9328138579346104,0.1985433198598751,1.0,m4_single_resid
^GDAXI,F1,4,0.20212218165397644,0.6045519307256803,0.33433386179307534,7.943750091364647,-0.2328220773034863,1.727566381736954,0.0920680498314137,1.0,m4_single_resid
^GDAXI,F2,4,0.2606048583984375,0.30520649806150985,0.8538640561509816,8.779181777002456,3.633484009853278,2.2925531343583043,0.31890966914838714,1.0,m4_single_resid
^GDAXI,F3,4,0.21518421173095703,0.32223006340062577,0.6677968202595064,19.538279471190414,-2.982048497044363,5.058486637811807,-0.10794058702383214,1.0,m4_single_resid
^GDAXI,F4,4,0.22726678848266602,0.3605507735556261,0.6303322725990577,9.502891929667811,51.95393737795562,2.233475506225862,-0.10311289930881602,1.0,m4_single_resid
^GDAXI,F5,4,0.2193697690963745,0.5120566846834915,0.42840915011581115,6.0168895703131415,-1.3592608831430089,1.1400289253276255,0.4459664233074078,1.0,m4_single_resid
^GDAXI,F1,5,0.2017817497253418,0.4134955155786373,0.4879901767325638,3.2390951517803295,-3.7700908351674545,0.6271436824560197,0.005540804391934554,1.0,m4_single_resid
^GDAXI,F5,5,0.1728038787841797,0.42950477303257734,0.4023328485131241,9.563806899375013,-3.219289164255286,1.7226292341643292,-0.23385534394007018,1.0,m4_single_resid
^GDAXI,F3,5,0.22527480125427246,0.37461766090719045,0.6013459181522227,18.46879823756149,-0.9201867165263804,4.360638551201619,0.4413662225405253,1.0,m4_single_resid
^GDAXI,F2,5,0.17894089221954346,0.6485709537779679,0.2759002560586489,-4.24690237651907,0.19279182343722362,-1.3976352370010872,-0.026906059115180004,1.0,m4_single_resid
^GDAXI,F4,5,0.2012615203857422,0.36757290412711957,0.547541775049172,1.2923958327868057,1.941129690213831,0.4675213467143021,-0.0396379634445248,1.0,m4_single_resid
^GDAXI,F1,6,0.2687196731567383,0.2659982492652669,1.0102309842225972,10.559179239665902,-25.78556703154004,1.6044730616798886,0.13322244960482318,1.0,m4_single_resid
^GDAXI,F5,6,0.19450139999389648,0.46745140018661585,0.4160890306805107,7.065376833451369,-13.614589490314188,2.8818941450120783,0.32506345931362013,1.0,m4_single_resid
^GDAXI,F4,6,0.22703856229782104,0.6941759215610783,0.3270619957362561,-5.203179452399254,0.2949374062201661,-0.2636383857387448,-0.14725725495992267,1.0,m4_single_resid
^GDAXI,F3,6,0.2169356346130371,0.3439332648014859,0.6307492086822417,16.12230305031374,-2.974486736111437,3.4876362088692296,0.22428768441946959,1.0,m4_single_resid
^GDAXI,F2,6,0.2016754150390625,0.31596406054910625,0.6382859325474414,8.866678278948916,8.021402102453084,2.044118453486913,0.05199721170425596,1.0,m4_single_resid
^GDAXI,F1,7,0.2871432304382324,0.34152328593531345,0.8407720418004501,4.434979529097909,2.3117105712033643,0.6730651162169322,0.2462683094045022,1.0,m4_single_resid
^GDAXI,F2,7,0.2248743772506714,0.522333002029006,0.43051918292955904,-1.2296575661982299,0.5521831492290434,-0.33850556649275404,0.06923553529152257,1.0,m4_single_resid
^GDAXI,F3,7,0.22345399856567383,0.43724586632078744,0.511048853236581,17.594444535858997,-0.542650144049218,5.127805711188531,-0.07038835389038631,1.0,m4_single_resid
^GDAXI,F5,7,0.21788883209228516,0.5010838838285976,0.4348350428424813,9.277282978103448,-2.0240787682147254,1.7892729863199088,0.19578227506219265,1.0,m4_single_resid
^GDAXI,F4,7,0.19462132453918457,0.6761795027164095,0.2878249396163802,-5.024795302142673,0.36372730353275,-0.14113554446022253,-0.17722780165588461,1.0,m4_single_resid
^GDAXI,F2,8,0.2623767852783203,0.31678648325862374,0.8282448877849264,8.425064293009616,3.6303283150423886,2.1634297751291682,0.42602946571968175,1.0,m4_single_resid
^GDAXI,F5,8,0.2272782325744629,0.48793382718093675,0.4657972452690456,6.21420133570242,9.14555700893951,1.0577383617783391,0.247891558949194,1.0,m4_single_resid
^GDAXI,F1,8,0.3147239685058594,0.27050465064796514,1.1634697139290269,10.688710591970972,-10.71180856022712,1.5656686291389537,0.13657200649187481,1.0,m4_single_resid
^GDAXI,F3,8,0.22966724634170532,0.47273746106674136,0.48582408896357965,10.713902040776501,-0.7056527067853254,2.6255756349693145,0.21288249522522593,1.0,m4_single_resid
^GDAXI,F1,9,0.23978471755981445,0.30030128708017284,0.7984804856856907,9.07484526830776,-2.8902085892671687,1.5701004589249987,0.09419242161299862,1.0,m4_single_resid
^GDAXI,F4,8,0.17737644910812378,0.6962091915888086,0.25477464424641627,0.8287815047525009,-0.9295927706770276,0.3613081195075528,0.2662735389558201,1.0,m4_single_resid
^GDAXI,F2,9,0.23776483535766602,0.25274906810807457,0.9407149831943145,8.275689113643422,2.9891635024459378,2.837750013711117,-0.0038932183765118867,1.0,m4_single_resid
^GDAXI,F3,9,0.22696495056152344,0.3191416707480091,0.7111730349394974,18.585967290823227,-2.2876183808200907,3.508696945303972,-0.08003676479146012,1.0,m4_single_resid
^GDAXI,F5,9,0.20639419555664062,0.3924555415513119,0.5259046534055768,11.298664061521459,-3.597535752406111,3.2308748959950573,-0.002314827908738281,1.0,m4_single_resid
^GDAXI,F4,9,0.22686481475830078,0.510782721466181,0.44415130979194944,-3.0690379711803697,1.0252883201774707,0.010372212823624875,0.010659942306107492,1.0,m4_single_resid
DBC,F1,0,0.12571334838867188,0.787373432613604,0.1596616588540199,27.66638000526131,-0.38416521559510475,2.601714402987555,-0.27290954531533707,1.0,m4_cross_resid_transformer
DIA,F1,0,0.09676885604858398,0.787373432613604,0.1229008397290849,6.991288938948426,-11.596254413648026,1.573953711669477,-0.3470721335162785,1.0,m4_cross_resid_transformer
EFA,F1,0,0.09868311882019043,0.787373432613604,0.12533204034154682,14.711249854329733,-0.8064139500607941,2.3266702319846546,-0.43587673002950134,1.0,m4_cross_resid_transformer
EWA,F1,0,0.09611797332763672,0.787373432613604,0.12207418912850936,13.91133193445176,-0.9434619900474914,1.714701848747032,-0.3869372587048313,1.0,m4_cross_resid_transformer
EWC,F1,0,0.10589027404785156,0.787373432613604,0.1344854546290187,5.165168220067399,-2.4727541907533728,0.797401282744027,0.12298219679952875,1.0,m4_cross_resid_transformer
EWG,F1,0,0.10497903823852539,0.787373432613604,0.13332814378821295,12.178028459948775,-1.0977619432759853,2.6687758355092464,-0.5197246427636651,1.0,m4_cross_resid_transformer
EWJ,F1,0,0.12003326416015625,0.787373432613604,0.15244769405251374,5.610861956684796,3.580091259205334,1.066780834249669,0.09868335160131869,1.0,m4_cross_resid_transformer
EWU,F1,0,0.09212732315063477,0.787373432613604,0.1170058822594861,16.597425934369493,-0.7472431074409547,2.0724323111575824,-0.5783432017063986,1.0,m4_cross_resid_transformer
FXI,F1,0,0.08572196960449219,0.787373432613604,0.1088707925030529,-2.8605494069769373,0.8495146690490791,-0.20499836656384432,-0.15920532018856537,1.0,m4_cross_resid_transformer
GLD,F1,0,0.14261937141418457,0.787373432613604,0.1811330754973208,15.493022504210789,-0.9107294347537072,2.9981436738503398,-0.121227092547989,1.0,m4_cross_resid_transformer
IWM,F1,0,0.1033468246459961,0.787373432613604,0.1312551584360004,10.617882708042986,-1.7280511808386976,2.942091836122363,-0.030825443041289577,1.0,m4_cross_resid_transformer
IYR,F1,0,0.09477686882019043,0.787373432613604,0.12037092552842238,-2.9577990577653948,0.7181138709080233,-0.5163674946523671,-0.04989730647107602,1.0,m4_cross_resid_transformer
LQD,F1,0,0.10213923454284668,0.787373432613604,0.12972146418987765,0.7270329784933054,1.001284111254421,0.001670695524906617,0.24268486402828002,1.0,m4_cross_resid_transformer
MDY,F1,0,0.10482120513916016,0.787373432613604,0.13312768858763382,8.07763573397674,-3.103027906269618,2.0471468717725325,-0.28055907729034124,1.0,m4_cross_resid_transformer
SPY,F1,0,0.09754419326782227,0.787373432613604,0.12388555319174853,4.937603200004377,5.605718784885678,1.124268088717478,-0.27028661297404694,1.0,m4_cross_resid_transformer
TIP,F1,0,0.10688090324401855,0.787373432613604,0.13574359867494962,6.793370062920678,17.857137738826,0.9608776839620703,0.11301295196687235,1.0,m4_cross_resid_transformer
TLT,F1,0,0.10127592086791992,0.787373432613604,0.12862501663504833,-1.707342078946196,0.7516741790437182,-0.6697971385549555,0.38711901300533486,1.0,m4_cross_resid_transformer
USO,F1,0,0.12996816635131836,0.787373432613604,0.16506547080195808,16.39345312564201,-0.840519863135468,1.9880185900789735,0.12891568884551052,1.0,m4_cross_resid_transformer
XLB,F1,0,0.10535120964050293,0.787373432613604,0.1338008183623882,7.212567281731504,-3.066969535746693,1.4100944873749446,-0.24393890547649413,1.0,m4_cross_resid_transformer
XLI,F1,0,0.09668922424316406,0.787373432613604,0.12279970372154196,9.006867218705448,-2.317024702442811,2.081527506224439,-0.3788799627007969,1.0,m4_cross_resid_transformer
XLK,F1,0,0.08194422721862793,0.787373432613604,0.104072888193119,2.2794804595941196,2.2412100245291775,0.8203984869446158,-0.27126895769054915,1.0,m4_cross_resid_transformer
XLP,F1,0,0.08547115325927734,0.787373432613604,0.10855224435953441,1.5980625455233488,1.1165134146168156,0.16230903750975395,-0.23939017027312365,1.0,m4_cross_resid_transformer
XLU,F1,0,0.09154677391052246,0.787373432613604,0.11626855837215956,2.2951522049218847,1.2602443959796248,0.2504591168432986,0.06791680003887106,1.0,m4_cross_resid_transformer
XLV,F1,0,0.0783090591430664,0.787373432613604,0.09945605972902546,-0.1825527158265441,0.9103945687033246,-0.1960543628874044,-0.10428187130654497,1.0,m4_cross_resid_transformer
XLY,F1,0,0.09055614471435547,0.787373432613604,0.11501041432622865,7.996830309740743,-4.628357072197032,2.1744969631946316,-0.34239342895030817,1.0,m4_cross_resid_transformer
^GDAXI,F1,0,0.07949638366699219,0.787373432613604,0.1009640157696358,8.380867639831422,-3.040017467102382,2.105706076725267,-0.13146820855662977,1.0,m4_cross_resid_transformer
DBC,F5,0,0.24946290254592896,0.794200976109014,0.31410550987749863,3.6837853742513396,1.3572377327411047,0.04276026740887973,-0.078481279334811,1.0,m4_cross_resid_transformer
DIA,F5,0,0.24759185314178467,0.794200976109014,0.31174962080101953,5.732186614762212,-0.658413718114991,0.9980868277757768,0.741907332074247,1.0,m4_cross_resid_transformer
EFA,F5,0,0.2191094160079956,0.794200976109014,0.2758866113228248,9.053377270986633,-0.3466386708843957,1.2593260923649006,0.7510847183358081,1.0,m4_cross_resid_transformer
EWA,F5,0,0.2457931637763977,0.794200976109014,0.30948484221286016,4.906909629682691,-0.6354733062438845,0.8454006679845798,0.555368127300207,1.0,m4_cross_resid_transformer
EWC,F5,0,0.2417626976966858,0.794200976109014,0.30440997300348427,7.719334422099861,-0.3539173670176508,1.6856968156119414,0.4999202814732169,1.0,m4_cross_resid_transformer
EWG,F5,0,0.20190203189849854,0.794200976109014,0.25422032706087355,8.614740469324992,-0.33042796836651156,1.3770316677573848,0.7600825060116122,1.0,m4_cross_resid_transformer
EWJ,F5,0,0.22858202457427979,0.794200976109014,0.2878138298118939,7.523337214071416,-0.4418784952926821,1.0867106766490124,0.734822735149229,1.0,m4_cross_resid_transformer
EWU,F5,0,0.24236971139907837,0.794200976109014,0.30517428042774164,7.467153483191916,-0.45371533294450617,1.6699495484244369,0.4842914240681344,1.0,m4_cross_resid_transformer
FXI,F5,0,0.25474393367767334,0.794200976109014,0.320754999478503,11.668198482791885,-0.20527166777960937,1.9282047341652837,0.7063502166251547,1.0,m4_cross_resid_transformer
GLD,F5,0,0.20781898498535156,0.794200976109014,0.26167052325156775,7.720918239148784,-0.49020251871008463,0.8910302440419238,0.36902745154960176,1.0,m4_cross_resid_transformer
IWM,F5,0,0.24954718351364136,0.794200976109014,0.31421163033094524,5.423384579145151,-0.7398941232782701,1.0711783020494356,0.6902739268892139,1.0,m4_cross_resid_transformer
IYR,F5,0,0.26323413848876953,0.794200976109014,0.33144524674147136,8.010398941058316,-0.3209859933342641,1.9795962542579502,0.5513339818724249,1.0,m4_cross_resid_transformer
LQD,F5,0,0.27148324251174927,0.794200976109014,0.3418319174597499,14.845122395832597,-0.18491958071189807,1.725621674553229,0.32095694194216584,1.0,m4_cross_resid_transformer
MDY,F5,0,0.22374945878982544,0.794200976109014,0.28172901509896037,3.720479813659131,-2.2369958327414814,0.6254921218379492,0.5478738330246979,1.0,m4_cross_resid_transformer
SPY,F5,0,0.23102885484695435,0.794200976109014,0.2908947002039982,4.68419805953726,-0.7765315968362444,0.8935676415724041,0.6899246998839452,1.0,m4_cross_resid_transformer
TIP,F5,0,0.23798340559005737,0.794200976109014,0.2996513637593303,11.47906268765633,-0.22743013043862068,2.7834459465789805,0.7278195954505043,1.0,m4_cross_resid_transformer
TLT,F5,0,0.2669389247894287,0.794200976109014,0.33611004370358266,14.924466156236603,-0.18617063200644338,2.423602513470089,0.7008509648647566,1.0,m4_cross_resid_transformer
USO,F5,0,0.22034084796905518,0.794200976109014,0.2774371407204247,2.5996115408541662,0.7969103683033952,-0.05403282016473903,-0.2117225311672031,1.0,m4_cross_resid_transformer
XLB,F5,0,0.2245960235595703,0.794200976109014,0.2827949477724411,5.34128628792394,-0.7693968013326757,0.9869458718338928,0.69804948721171,1.0,m4_cross_resid_transformer
XLI,F5,0,0.18986248970031738,0.794200976109014,0.2390610127810475,3.6609083763350894,-2.3731757850160555,0.5111732142964805,0.6092714820954687,1.0,m4_cross_resid_transformer
XLK,F5,0,0.21999764442443848,0.794200976109014,0.2770050038244237,3.7028454602651815,-2.2471406765750457,0.5867672275891674,0.7315546040726464,1.0,m4_cross_resid_transformer
XLP,F5,0,0.22431933879852295,0.794200976109014,0.2824465664818477,3.9955854958371755,-0.7208477833802023,1.0088163502207248,0.6792894972860992,1.0,m4_cross_resid_transformer
XLU,F5,0,0.2484813928604126,0.794200976109014,0.3128696643987824,2.3285872418657,-41.82637477272294,0.39461499932662963,0.6962638204949169,1.0,m4_cross_resid_transformer
XLV,F5,0,0.22702866792678833,0.794200976109014,0.2858579563060444,3.227349132746075,-1.2292131975164853,0.9059143893972038,0.7537335585455135,1.0,m4_cross_resid_transformer
XLY,F5,0,0.22279369831085205,0.794200976109014,0.280525591144918,7.509174637434516,-0.5821734418033919,0.8604701931937814,0.6571782417028442,1.0,m4_cross_resid_transformer
^GDAXI,F5,0,0.18712317943572998,0.794200976109014,0.23561187289455685,4.753492758004592,-0.9766512583150079,0.7181840703484309,0.597125906989932,1.0,m4_cross_resid_transformer
DBC,F2,0,0.06319136917591095,0.8094878117377774,0.07806339794079684,-2.527070763524251,0.08992185977355636,-0.6033410558729457,0.32991784718885564,1.0,m4_cross_resid_transformer
DIA,F2,0,0.06785804033279419,0.8094878117377774,0.08382836572562982,-8.449741318224568,0.037063809474881505,-2.5815760102925536,0.5029981172466226,1.0,m4_cross_resid_transformer
EFA,F2,0,0.06869935989379883,0.8094878117377774,0.08486768904687728,-1.4936580494889025,0.3534569901793733,-0.20202554042913812,-0.1671428587183442,1.0,m4_cross_resid_transformer
EWA,F2,0,0.07453295588493347,0.8094878117377774,0.09207421631825312,-3.6567663640030243,0.08171600142753972,-1.3157811749205444,0.28355297832942394,1.0,m4_cross_resid_transformer
EWC,F2,0,0.0646473616361618,0.8094878117377774,0.07986205684478352,-3.3413445430017563,0.07504830124240523,-1.237745013197631,0.25043847819092047,1.0,m4_cross_resid_transformer
EWG,F2,0,0.07405386865139008,0.8094878117377774,0.09148237635896465,-0.19759291232913112,4.252976368711452,0.089355118112545,0.20493078185002783,1.0,m4_cross_resid_transformer
EWJ,F2,0,0.0646810531616211,0.8094878117377774,0.07990367763878531,-2.975840975536112,0.1326577285056954,-0.9893414395593599,0.02076758115218416,1.0,m4_cross_resid_transformer
EWU,F2,0,0.0688251256942749,0.8094878117377774,0.08502305370913957,0.8420921032053001,-0.1554637293309373,0.5280617800076081,0.17462710945055482,1.0,m4_cross_resid_transformer
FXI,F2,0,0.06932717561721802,0.8094878117377774,0.08564326060498563,-2.045060537124857,0.18271027043777263,-0.6470307629119161,0.3259458094084259,1.0,m4_cross_resid_transformer
GLD,F2,0,0.06535601615905762,0.8094878117377774,0.08073749253710667,0.7391934616727731,-0.2862943504340889,0.20660660857572968,-0.15953217906230588,1.0,m4_cross_resid_transformer
IWM,F2,0,0.06794488430023193,0.8094878117377774,0.08393564833838629,-9.694435249983542,0.036735250764042875,-2.898024713449869,0.3887126019690277,1.0,m4_cross_resid_transformer
IYR,F2,0,0.06525459885597229,0.8094878117377774,0.08061220676798854,-0.03798946951138327,-1.688465113023449,0.10340988325208833,0.1157243633719105,1.0,m4_cross_resid_transformer
LQD,F2,0,0.0628911554813385,0.8094878117377774,0.07769252923811933,-2.352372924735722,0.8195170875901465,-0.009250002685223536,-0.0339103663909074,1.0,m4_cross_resid_transformer
MDY,F2,0,0.0673123300075531,0.8094878117377774,0.0831542229932401,-6.7911770523937784,0.04477365236795229,-2.531570155709199,0.36038683585267783,1.0,m4_cross_resid_transformer
SPY,F2,0,0.07192511856555939,0.8094878117377774,0.08885262696068678,-4.293774912806204,0.06429493158290189,-1.5653264758963408,0.36742088586244864,1.0,m4_cross_resid_transformer
TIP,F2,0,0.07611823081970215,0.8094878117377774,0.09403258420444213,8.082735433854072,-0.05589127882816467,1.64303198710568,0.009005068879466524,1.0,m4_cross_resid_transformer
TLT,F2,0,0.06691789627075195,0.8094878117377774,0.08266695965081325,3.860778525442721,-0.05800353840600664,0.9379506422208638,-0.11735883780432625,1.0,m4_cross_resid_transformer
USO,F2,0,0.06403940916061401,0.8094878117377774,0.07911102333108223,-0.5556242582502992,0.2739255442505907,-0.26937648077902426,0.4772909354215578,1.0,m4_cross_resid_transformer
XLB,F2,0,0.0689452588558197,0.8094878117377774,0.08517146009624366,-3.0376670101169116,0.07986591427336663,-1.2127656303602656,0.3951990973801682,1.0,m4_cross_resid_transformer
XLI,F2,0,0.06353902816772461,0.8094878117377774,0.07849287814639415,-9.250581171894066,0.03638617046080193,-2.4484138838757343,0.44826281384674554,1.0,m4_cross_resid_transformer
XLK,F2,0,0.06658165156841278,0.8094878117377774,0.08225158007688571,-9.703681733956703,0.03549609545800173,-3.1775477711378897,0.41368585524786766,1.0,m4_cross_resid_transformer
XLP,F2,0,0.058044955134391785,0.8094878117377774,0.07170578023872046,6.811416307554602,-0.06914187175540604,1.8419321546729874,0.07505868715977174,1.0,m4_cross_resid_transformer
XLU,F2,0,0.05950579047203064,0.8094878117377774,0.07351042178669237,2.5809790031326045,-0.7857520595572306,0.18138927529232565,-0.15983114457691006,1.0,m4_cross_resid_transformer
XLV,F2,0,0.0650290846824646,0.8094878117377774,0.08033361804776609,-3.199762845951021,0.11888564970616547,-1.120040428062811,0.3457899680988461,1.0,m4_cross_resid_transformer
XLY,F2,0,0.07080352306365967,0.8094878117377774,0.08746706502184558,-4.01309106820639,0.07425598924290343,-1.675245875372526,0.5123247686701241,1.0,m4_cross_resid_transformer
^GDAXI,F2,0,0.07616177201271057,0.8094878117377774,0.09408637277590308,-5.516025751713208,0.0655116072408827,-2.068851515047137,0.06615809766251479,1.0,m4_cross_resid_transformer
DBC,F3,0,0.2821303606033325,0.770326397560573,0.3662478158567165,4.876842698328403,-0.37757259404794125,0.4844510054695901,0.23941379104452923,1.0,m4_cross_resid_transformer
DIA,F3,0,0.20834004878997803,0.770326397560573,0.27045684718807217,-0.4747706936075855,-2.96497763406507,0.2277694142642632,0.372824521288132,1.0,m4_cross_resid_transformer
EFA,F3,0,0.2715860605239868,0.770326397560573,0.3525597219360917,9.04557236074622,-0.1509930323185107,1.9839609245301055,0.06792483672176275,1.0,m4_cross_resid_transformer
EWA,F3,0,0.3043055534362793,0.770326397560573,0.3950345650881721,5.5067344615846965,-0.28209318172883097,1.262967153425259,0.31532383052877344,1.0,m4_cross_resid_transformer
EWC,F3,0,0.26963138580322266,0.770326397560573,0.3500222589503312,7.322956101122321,-0.25944660887793847,1.0087957855496388,0.353735916799721,1.0,m4_cross_resid_transformer
EWG,F3,0,0.27395564317703247,0.770326397560573,0.3556357980780356,14.898996965891369,-0.08965677221196505,3.5125136489530213,0.2013049429791198,1.0,m4_cross_resid_transformer
EWJ,F3,0,0.24213486909866333,0.770326397560573,0.31432762769839206,8.95465275641003,-0.14725453485868234,2.023177345859832,0.3895041434821588,1.0,m4_cross_resid_transformer
EWU,F3,0,0.26762521266937256,0.770326397560573,0.3474179432470097,9.502400557168137,-0.16115667654864452,1.6660965684783908,0.18593738574305405,1.0,m4_cross_resid_transformer
FXI,F3,0,0.2778109312057495,0.770326397560573,0.3606405441712835,7.7671748706407175,-0.23440645432069512,1.1282583831661668,0.5480075253656475,1.0,m4_cross_resid_transformer
GLD,F3,0,0.2516147494316101,0.770326397560573,0.32663394403776086,7.952859032336311,-0.8808137983101774,0.24871137653870878,0.7406750895254792,1.0,m4_cross_resid_transformer
IWM,F3,0,0.27370011806488037,0.770326397560573,0.3553040878926372,4.643293155710028,-0.29644791339128246,0.5757928797741446,0.5258000657308661,1.0,m4_cross_resid_transformer
IYR,F3,0,0.25319141149520874,0.770326397560573,0.3286806895064239,-6.259541775278826,0.15987729911581414,-1.0388142024989149,0.4440398679573109,1.0,m4_cross_resid_transformer
LQD,F3,0,0.20292365550994873,0.770326397560573,0.26342555071792445,-7.795814194349948,0.18090466222093046,-0.6454824873345851,0.5667247836473317,1.0,m4_cross_resid_transformer
MDY,F3,0,0.25446009635925293,0.770326397560573,0.3303276340588393,7.399710947987976,-0.15573433078164728,1.0245196957780833,0.5078855163945818,1.0,m4_cross_resid_transformer
SPY,F3,0,0.23520654439926147,0.770326397560573,0.30533361591151564,-0.42475342331314825,18.66323225505364,0.15810007411518992,0.4396401186879126,1.0,m4_cross_resid_transformer
TIP,F3,0,0.22513854503631592,0.770326397560573,0.29226383225249997,-1.0685398500362009,0.5408562685061636,-0.1722856023737924,0.38087418614521695,1.0,m4_cross_resid_transformer
TLT,F3,0,0.24670827388763428,0.770326397560573,0.32026459779763017,-2.9820160844991026,0.2833640931752762,-0.49052987758295147,0.3220916375910897,1.0,m4_cross_resid_transformer
USO,F3,0,0.2734043598175049,0.770326397560573,0.3549201490216442,3.818067505333173,-0.3163166284648312,0.5404711993257011,0.22157518954183808,1.0,m4_cross_resid_transformer
XLB,F3,0,0.26157063245773315,0.770326397560573,0.3395581837595863,8.660792189163342,-0.14634478981520618,1.8559605875534526,0.3274280030996541,1.0,m4_cross_resid_transformer
XLI,F3,0,0.24264144897460938,0.770326397560573,0.31498524488190055,4.378500989321633,-0.28814769406766966,0.85263490065374,0.5151093265072356,1.0,m4_cross_resid_transformer
XLK,F3,0,0.24780893325805664,0.770326397560573,0.3216934198838366,-0.049389811939771544,1.3825832329342311,0.054807274390085405,0.27237972588659104,1.0,m4_cross_resid_transformer
XLP,F3,0,0.2383798360824585,0.770326397560573,0.30945302775206274,-8.045517220981536,0.1827211427922419,-0.5930156031101979,0.14081811952382794,1.0,m4_cross_resid_transformer
XLU,F3,0,0.22358369827270508,0.770326397560573,0.29024540633780377,-9.160118071091912,0.11507613401237012,-1.8824280897927599,0.05357737137937537,1.0,m4_cross_resid_transformer
XLV,F3,0,0.23359590768814087,0.770326397560573,0.3032427662194616,-5.117628953694957,0.19844317289164687,-0.535091907775385,0.5224288019867032,1.0,m4_cross_resid_transformer
XLY,F3,0,0.24271202087402344,0.770326397560573,0.315076857865225,-0.7443822033592022,1.4700274669481275,0.04864074834020491,0.2994084394844277,1.0,m4_cross_resid_transformer
^GDAXI,F3,0,0.26293623447418213,0.770326397560573,0.3413309414124117,13.46400203626444,-0.10956862388409733,2.2201776265607864,0.3870384169475188,1.0,m4_cross_resid_transformer
DBC,F4,0,0.1250910758972168,0.7764566241859797,0.16110504051447763,-15.143144038195182,0.17480190875222115,-0.4737392851885534,-0.10579450709706757,1.0,m4_cross_resid_transformer
DIA,F4,0,0.1226586103439331,0.7764566241859797,0.15797226338628476,-8.970172225959733,0.279893717448607,-0.37153674620182625,-0.11032772254874472,1.0,m4_cross_resid_transformer
EFA,F4,0,0.1343909502029419,0.7764566241859797,0.17308236676303002,-8.411982061961307,0.3790556221264213,-0.2025784195813342,0.012206383312538734,1.0,m4_cross_resid_transformer
EWA,F4,0,0.12232732772827148,0.7764566241859797,0.15754560385973498,-8.516111152822663,0.42735390447607424,-0.14217140795697017,-0.04545022943258374,1.0,m4_cross_resid_transformer
EWC,F4,0,0.126839280128479,0.7764566241859797,0.16335655615206393,-10.402388454198855,0.32725680859659645,-0.19160864774794473,-0.1342500774242184,1.0,m4_cross_resid_transformer
EWG,F4,0,0.12384212017059326,0.7764566241859797,0.159496507999306,-5.146449514475385,0.5262323490667018,-0.10971936221471862,0.07690421075132411,1.0,m4_cross_resid_transformer
EWJ,F4,0,0.11523699760437012,0.7764566241859797,0.1484139538704845,-12.190147671589946,0.22536618804486236,-0.35730628845724816,-0.18444181039851162,1.0,m4_cross_resid_transformer
EWU,F4,0,0.11746692657470703,0.7764566241859797,0.1512858837386529,-6.565822954259396,0.7341268773856842,-0.039590462421814285,0.0788827106022053,1.0,m4_cross_resid_transformer
FXI,F4,0,0.15028345584869385,0.7764566241859797,0.19355035576681154,-5.704098439295538,0.30479422158554464,-0.5956663475352626,0.38981919686769223,1.0,m4_cross_resid_transformer
GLD,F4,0,0.10719287395477295,0.7764566241859797,0.13805391134005926,-8.002751777265269,0.20113478677743823,-0.6894472304558394,0.36466101582482113,1.0,m4_cross_resid_transformer
IWM,F4,0,0.11887156963348389,0.7764566241859797,0.15309492627241897,-14.214097378454165,0.1804596539594557,-0.4300039328533533,-0.08604997476669031,1.0,m4_cross_resid_transformer
IYR,F4,0,0.12619757652282715,0.7764566241859797,0.16253010482733657,-8.39893959982214,0.22883263628075098,-0.537149192311322,0.03611079878228321,1.0,m4_cross_resid_transformer
LQD,F4,0,0.12378835678100586,0.7764566241859797,0.15942726602504406,1.5295345725187492,2.2625991887040184,0.167262842375289,0.3352822875217087,1.0,m4_cross_resid_transformer
MDY,F4,0,0.11914527416229248,0.7764566241859797,0.1534474308686616,-13.750485980839503,0.1539743102412561,-0.5981959716218557,-0.11872221564622638,1.0,m4_cross_resid_transformer
SPY,F4,0,0.12102973461151123,0.7764566241859797,0.15587443115498717,-12.08299099443035,0.15894164333910812,-0.8097760754097885,0.0027001912750188903,1.0,m4_cross_resid_transformer
TIP,F4,0,0.117470383644104,0.7764566241859797,0.15129033610506884,-6.661998401116085,0.17669998265634032,-1.4992056644662048,0.4438374359747962,1.0,m4_cross_resid_transformer
TLT,F4,0,0.12872314453125,0.7764566241859797,0.16578278878900743,6.504962631693431,-0.6463233114967846,0.31130342477628686,-0.04856494687727572,1.0,m4_cross_resid_transformer
USO,F4,0,0.13763010501861572,0.7764566241859797,0.17725408056490488,-6.20612559551372,20.954183467713737,0.11736033570252541,0.07597040106751791,1.0,m4_cross_resid_transformer
XLB,F4,0,0.1132548451423645,0.7764566241859797,0.14586113585043908,-10.674385802240439,0.17776892957086937,-0.690871846662402,-0.172719814642533,1.0,m4_cross_resid_transformer
XLI,F4,0,0.12141275405883789,0.7764566241859797,0.15636772264789986,-11.084889402047834,0.23014726942901756,-0.41797013872299743,-0.04860419783132258,1.0,m4_cross_resid_transformer
XLK,F4,0,0.13615083694458008,0.7764566241859797,0.1753489283285047,-8.874415552304752,0.1857704073760666,-0.976930234765052,0.1436232678801233,1.0,m4_cross_resid_transformer
XLP,F4,0,0.11620891094207764,0.7764566241859797,0.14966568295287394,-7.612497803160943,0.2249575858119464,-0.7446412984538952,0.11285181413186171,1.0,m4_cross_resid_transformer
XLU,F4,0,0.12630975246429443,0.7764566241859797,0.16267457644104052,-4.6335965051465084,0.4964247873340761,-0.1780192926231385,0.19234795583845132,1.0,m4_cross_resid_transformer
XLV,F4,0,0.11928564310073853,0.7764566241859797,0.15362821229813708,-8.977427878341777,0.18996577382119703,-0.8182417299029215,0.02889770628227549,1.0,m4_cross_resid_transformer
XLY,F4,0,0.11798220872879028,0.7764566241859797,0.15194951662944503,-10.562515562307755,0.19915195949036368,-0.547324359488019,-0.006580690396853343,1.0,m4_cross_resid_transformer
^GDAXI,F4,0,0.11586177349090576,0.7764566241859797,0.14921860395276135,-5.877499296737481,0.28892738158166914,-0.39982109755388884,-0.021581685240277027,1.0,m4_cross_resid_transformer
DBC,F1,1,0.13855838775634766,0.7729009615044092,0.1792705594344861,32.0584621711791,-0.09089971908566291,2.464349931287422,-0.42671641961205775,1.0,m4_cross_resid_transformer
DIA,F1,1,0.11591941118240356,0.7729009615044092,0.14997964416653436,0.5005725226688449,1.3451200095101248,0.14183084584767777,-0.28129677677937,1.0,m4_cross_resid_transformer
EFA,F1,1,0.1256328821182251,0.7729009615044092,0.16254719346407281,9.722122291682954,-0.2861089602406204,1.5369039398229447,-0.5867438126212939,1.0,m4_cross_resid_transformer
EWA,F1,1,0.13439524173736572,0.7729009615044092,0.17388416942291388,10.442550642052815,-0.3048826232330659,1.1218842587190794,-0.3824030576062376,1.0,m4_cross_resid_transformer
EWC,F1,1,0.12463200092315674,0.7729009615044092,0.1612522265214516,3.0548488918801775,-0.4886607120516763,0.5666537624146673,-0.16914096820750377,1.0,m4_cross_resid_transformer
EWG,F1,1,0.13157635927200317,0.7729009615044092,0.1702370236619929,11.442963045058825,-0.252289747996158,1.9185001498719867,-0.4270453289001516,1.0,m4_cross_resid_transformer
EWJ,F1,1,0.1303553581237793,0.7729009615044092,0.1686572596184248,3.515351026881202,-6.70934561740549,0.5025907592490512,-0.04283080692050156,1.0,m4_cross_resid_transformer
EWU,F1,1,0.1340651512145996,0.7729009615044092,0.17345708944862634,12.028155159894595,-0.277143758473761,1.5857148769356326,-0.5119788493403374,1.0,m4_cross_resid_transformer
FXI,F1,1,0.12248420715332031,0.7729009615044092,0.15847335331930695,-8.575874512017375,0.24719306915160275,-1.399728250995037,0.1509988259353051,1.0,m4_cross_resid_transformer
GLD,F1,1,0.14305555820465088,0.7729009615044092,0.18508911921418897,11.619974503717888,-0.25720870888471603,2.2227948275245706,-0.08851411488883294,1.0,m4_cross_resid_transformer
IWM,F1,1,0.14718329906463623,0.7729009615044092,0.1904297010811735,3.0442520922470138,15.133001993679077,0.47410909067151463,-0.012224679311279603,1.0,m4_cross_resid_transformer
IYR,F1,1,0.14283865690231323,0.7729009615044092,0.1848084864900228,-10.061606420582155,0.1929647483450992,-2.237941943600707,-0.4478062462189549,1.0,m4_cross_resid_transformer
LQD,F1,1,0.14254331588745117,0.7729009615044092,0.18442636636134913,-4.402572708483999,0.3636109303062051,-1.231416628984647,0.023931301887966914,1.0,m4_cross_resid_transformer
MDY,F1,1,0.1345909833908081,0.7729009615044092,0.17413742522565137,0.7813596885099992,1.8578124574908395,0.22317077628957796,-0.33162917030449096,1.0,m4_cross_resid_transformer
SPY,F1,1,0.12732183933258057,0.7729009615044092,0.16473241162070185,-0.7676057027467529,0.9529523036212041,-0.023072951856401885,-0.30793807013693336,1.0,m4_cross_resid_transformer
TIP,F1,1,0.138838529586792,0.7729009615044092,0.17963301445058424,1.8877295309182889,-3.111939967602358,0.537680563932635,-0.0483359126985837,1.0,m4_cross_resid_transformer
TLT,F1,1,0.1418752670288086,0.7729009615044092,0.1835620268250879,-11.200914533771709,0.16654158095675778,-4.414331847042071,0.3553610517197267,1.0,m4_cross_resid_transformer
USO,F1,1,0.1338183879852295,0.7729009615044092,0.17313782056210586,23.678810865116503,-0.12604017194367204,1.8088459684918705,0.005786235399788825,1.0,m4_cross_resid_transformer
XLB,F1,1,0.1217045783996582,0.7729009615044092,0.15746464872131474,2.574354578970459,-1.1630280077289123,0.6399767319095551,-0.4557192373035846,1.0,m4_cross_resid_transformer
XLI,F1,1,0.12049782276153564,0.7729009615044092,0.15590331590090567,2.771666288243285,-2.5856968494673205,0.6894615862704864,-0.5644537436144655,1.0,m4_cross_resid_transformer
XLK,F1,1,0.13168466091156006,0.7729009615044092,0.17037714722885466,-3.1956164681967514,0.4733586410935242,-0.4847799162298147,-0.2609578698150253,1.0,m4_cross_resid_transformer
XLP,F1,1,0.12332361936569214,0.7729009615044092,0.1595594073600963,-2.8496415071966363,0.38981898497238865,-0.8890209073840679,-0.1115997356139157,1.0,m4_cross_resid_transformer
XLU,F1,1,0.13709235191345215,0.7729009615044092,0.17737376292896495,-6.694147222783423,0.22984712215046657,-1.4086409975401466,-0.27168794123476186,1.0,m4_cross_resid_transformer
XLV,F1,1,0.14698755741119385,0.7729009615044092,0.190176445278436,-8.794169677210105,0.197449223325812,-2.4370993965561136,0.16745663917285805,1.0,m4_cross_resid_transformer
XLY,F1,1,0.1300661563873291,0.7729009615044092,0.16828308265286987,-1.6839408401242655,0.5369421920594397,-0.4354461000746709,-0.17195462968016711,1.0,m4_cross_resid_transformer
^GDAXI,F1,1,0.14684152603149414,0.7729009615044092,0.18998750596153377,4.119427149594237,-1.8234457873121477,0.7251184478026461,-0.17884137226803173,1.0,m4_cross_resid_transformer
DBC,F5,1,0.4874749183654785,0.7499997784940442,0.6499667497826462,5.534861079371214,4.47540774612549,0.3963048084483097,-0.15202877268194737,1.0,m4_cross_resid_transformer
DIA,F5,1,0.12160730361938477,0.7499997784940442,0.16214311938006853,9.640616811456042,-0.9476636320942937,2.720682925655195,0.8809026341018216,1.0,m4_cross_resid_transformer
EFA,F5,1,0.15299606323242188,0.7499997784940442,0.20399481122465002,13.017293076890763,-0.6962406504785261,2.662061963318668,0.8305422954049266,1.0,m4_cross_resid_transformer
EWA,F5,1,0.19484519958496094,0.7499997784940442,0.25979367617440996,8.065285051214003,-1.2440572592628627,1.9252126548613744,0.5325930980383388,1.0,m4_cross_resid_transformer
EWC,F5,1,0.1187741756439209,0.7499997784940442,0.15836561429713022,9.090550332851778,-0.9371595022625571,2.5427079160794794,0.7058979059624508,1.0,m4_cross_resid_transformer
EWG,F5,1,0.20442485809326172,0.7499997784940442,0.27256655795783685,9.431530367676586,-0.8143661498682633,1.626797187398873,0.7869878367898615,1.0,m4_cross_resid_transformer
EWJ,F5,1,0.2832353115081787,0.7499997784940442,0.37764719354570836,10.316906094206235,-0.9254689763941508,1.8559611207229705,0.8645148385193979,1.0,m4_cross_resid_transformer
EWU,F5,1,0.11616683006286621,0.7499997784940442,0.15488915249564797,11.037286951482509,-0.8687032214902405,2.724630073188747,0.8642561101965344,1.0,m4_cross_resid_transformer
FXI,F5,1,0.19558238983154297,0.7499997784940442,0.26077659679348303,13.064937368250673,-0.6220685366408614,3.1297807870186034,0.8208059505947867,1.0,m4_cross_resid_transformer
GLD,F5,1,0.13002252578735352,0.7499997784940442,0.17336341891784443,11.671451671089395,-0.7445844175311921,2.5671173012371247,0.2926939090066707,1.0,m4_cross_resid_transformer
IWM,F5,1,0.2993490695953369,0.7499997784940442,0.3991322106739983,7.087719574065607,-2.0946169881184886,2.3327739869709694,0.842513111693542,1.0,m4_cross_resid_transformer
IYR,F5,1,0.17630887031555176,0.7499997784940442,0.23507856318247145,11.875054068280779,-0.6043041052086783,3.22308307753625,0.7831784596036095,1.0,m4_cross_resid_transformer
LQD,F5,1,0.6354823112487793,0.7499997784940442,0.8473099985773205,12.391994868190885,-0.760925896434732,1.9732190727351668,0.9423754408098357,1.0,m4_cross_resid_transformer
MDY,F5,1,0.21823692321777344,0.7499997784940442,0.29098265022955133,6.707155951595766,-2.242448761917791,2.4957579849564415,0.8626745124717617,1.0,m4_cross_resid_transformer
SPY,F5,1,0.11810564994812012,0.7499997784940442,0.15747424643947144,9.960967378514766,-1.0192307762346642,2.4114265203940524,0.8023624908182937,1.0,m4_cross_resid_transformer
TIP,F5,1,0.5087287425994873,0.7499997784940442,0.6783051904641691,11.26819372799807,-0.8689225241544496,3.0561172992784953,0.7067326025640187,1.0,m4_cross_resid_transformer
TLT,F5,1,0.8650429248809814,0.7499997784940442,1.1533909071519157,9.55061385319936,-2.4744493166949897,7.720288451233805,0.9242618862916058,1.0,m4_cross_resid_transformer
USO,F5,1,0.13364863395690918,0.7499997784940442,0.17819823123850495,6.139886898607587,9.813762219499825,0.5166558899270886,-0.3753820093475858,1.0,m4_cross_resid_transformer
XLB,F5,1,0.11422085762023926,0.7499997784940442,0.15229452180584382,8.021214038084146,-1.7104164799915047,1.8515643459999793,0.8175626893293076,1.0,m4_cross_resid_transformer
XLI,F5,1,0.12131452560424805,0.7499997784940442,0.16175274857792696,9.83977801086763,-1.0571472413684304,2.267677969227311,0.8620464959952852,1.0,m4_cross_resid_transformer
XLK,F5,1,0.32436585426330566,0.7499997784940442,0.432487933415945,6.743377464594214,-2.577182017712442,2.406498159625044,0.8337299325877703,1.0,m4_cross_resid_transformer
XLP,F5,1,0.14218616485595703,0.7499997784940442,0.1895816091325501,7.278497565819297,-1.4951734552393297,2.4000565273313086,0.7681385242576148,1.0,m4_cross_resid_transformer
XLU,F5,1,0.15120863914489746,0.7499997784940442,0.20161157840408378,8.535321713249715,-1.615518454338115,1.6036185595101375,0.3535801356258864,1.0,m4_cross_resid_transformer
XLV,F5,1,0.12860679626464844,0.7499997784940442,0.1714757789967397,4.98744122646238,-59.10556777154355,1.542542698633071,0.5844959727936692,1.0,m4_cross_resid_transformer
XLY,F5,1,0.46022963523864746,0.7499997784940442,0.6136396948846594,10.172129542601247,-1.415037874327579,2.326388831492902,0.9314053078040337,1.0,m4_cross_resid_transformer
^GDAXI,F5,1,0.17741870880126953,0.7499997784940442,0.23655834826713676,8.783192070146162,-1.3260743548354816,2.097413362045282,0.8980092964204363,1.0,m4_cross_resid_transformer
DBC,F2,1,0.20938754081726074,0.7625910717888543,0.2745738162474,-4.681462059537427,0.19710729970784607,-0.8678887815213647,0.6843104024619415,1.0,m4_cross_resid_transformer
DIA,F2,1,0.15158617496490479,0.7625910717888543,0.1987777992329759,-15.734464940134398,0.07478856687681106,-2.9079182304283484,0.16679990477020437,1.0,m4_cross_resid_transformer
EFA,F2,1,0.1928526759147644,0.7625910717888543,0.2528913372436667,-8.417908551771037,0.16410133002061317,-1.8407455120656055,0.26673204761519503,1.0,m4_cross_resid_transformer
EWA,F2,1,0.15551114082336426,0.7625910717888543,0.20392468070544376,-7.670260518037576,0.1421928652630522,-2.2804138822231024,0.5212522821362106,1.0,m4_cross_resid_transformer
EWC,F2,1,0.16515684127807617,0.7625910717888543,0.2165732689351557,-8.500989065790748,0.12406114915247315,-2.2463914683465527,0.4919963130356047,1.0,m4_cross_resid_transformer
EWG,F2,1,0.18151390552520752,0.7625910717888543,0.2380225945989897,-7.822747566093817,0.1570066871896501,-1.7840471128905726,0.4251237357493213,1.0,m4_cross_resid_transformer
EWJ,F2,1,0.18210148811340332,0.7625910717888543,0.23879310268639423,-8.815335140170953,0.15083292359851494,-2.5888220545175877,0.27208524973910514,1.0,m4_cross_resid_transformer
EWU,F2,1,0.20866048336029053,0.7625910717888543,0.27362041214411736,-4.567363205265357,0.28920733471408394,-0.9341450064420121,0.511467656795401,1.0,m4_cross_resid_transformer
FXI,F2,1,0.17950034141540527,0.7625910717888543,0.23538217015095766,-9.625315705190504,0.12855067811179774,-2.4514016661665594,0.6489052316793271,1.0,m4_cross_resid_transformer
GLD,F2,1,0.2690376043319702,0.7625910717888543,0.35279406523980544,1.0206252493307486,-6.048506575096556,0.17304721245349183,-0.08163124138961034,1.0,m4_cross_resid_transformer
IWM,F2,1,0.16576623916625977,0.7625910717888543,0.21737238383530014,-11.39645627181614,0.10051454599029729,-3.6435391287159917,0.7659684680604156,1.0,m4_cross_resid_transformer
IYR,F2,1,0.18304169178009033,0.7625910717888543,0.24002600941907012,-4.446909294034741,0.31413547941657954,-0.34429474652219183,0.3944341206502659,1.0,m4_cross_resid_transformer
LQD,F2,1,0.20359289646148682,0.7625910717888543,0.26697519023387867,-8.636062307686348,0.1699578707316032,-0.48483619520428994,0.002652734310032943,1.0,m4_cross_resid_transformer
MDY,F2,1,0.16196978092193604,0.7625910717888543,0.2123940168116499,-10.677187236231882,0.10464394341717034,-2.7387614930623507,0.7505633939367948,1.0,m4_cross_resid_transformer
SPY,F2,1,0.15330493450164795,0.7625910717888543,0.20103164090556638,-12.042816734963615,0.092266971201901,-3.355652195799374,0.29190124889756724,1.0,m4_cross_resid_transformer
TIP,F2,1,0.20786285400390625,0.7625910717888543,0.272574465783228,-2.963061240538905,0.32249764093315125,-0.3463587511336841,-0.2698372437927947,1.0,m4_cross_resid_transformer
TLT,F2,1,0.3730279207229614,0.7625910717888543,0.48915852089367906,-0.8303919797393124,-0.6164317113868235,0.3537787227546076,-0.4676467331395772,1.0,m4_cross_resid_transformer
USO,F2,1,0.2827725410461426,0.7625910717888543,0.37080494580513057,0.28511488908455496,1.2051396109289398,0.05120446175707212,0.8317679715033091,1.0,m4_cross_resid_transformer
XLB,F2,1,0.16925740242004395,0.7625910717888543,0.2219504118019727,-9.642720519303591,0.10460187338457494,-2.3102159939679914,0.5116068210678071,1.0,m4_cross_resid_transformer
XLI,F2,1,0.16473710536956787,0.7625910717888543,0.2160228613523293,-10.98724302689519,0.10306563446431527,-2.2771251342513636,0.5512340301299349,1.0,m4_cross_resid_transformer
XLK,F2,1,0.15886658430099487,0.7625910717888543,0.20832473677974261,-13.812137661330832,0.08896744895278125,-3.739616375717855,0.364355726324716,1.0,m4_cross_resid_transformer
XLP,F2,1,0.19120371341705322,0.7625910717888543,0.25072902173970585,-2.569155177508397,0.38536299143396446,-0.38291834710287953,0.49619121047613146,1.0,m4_cross_resid_transformer
XLU,F2,1,0.18225014209747314,0.7625910717888543,0.23898803544861646,-4.711257100351045,0.21673493505073355,-0.7377124719708344,-0.04826503303230606,1.0,m4_cross_resid_transformer
XLV,F2,1,0.19800078868865967,0.7625910717888543,0.25964215424683335,-3.6953181874322123,0.32281524424426095,-0.6972091857301548,0.6962384731798857,1.0,m4_cross_resid_transformer
XLY,F2,1,0.16494321823120117,0.7625910717888543,0.21629314102023808,-7.0490350825755925,0.1380296195913683,-1.7811203314912214,0.38056418406741,1.0,m4_cross_resid_transformer
^GDAXI,F2,1,0.1631307601928711,0.7625910717888543,0.21391643074210895,-9.290459236087646,0.1280028561612819,-2.066313599487858,0.14053254608903484,1.0,m4_cross_resid_transformer
DBC,F3,1,0.2593111991882324,0.7854023602015865,0.3301635089582312,10.666175853747946,-0.4616019606963603,1.6078534397184905,0.011198271187096577,1.0,m4_cross_resid_transformer
DIA,F3,1,0.10907363891601562,0.7854023602015865,0.1388761282663068,-1.6987585820108517,0.7913626320898223,-0.1677670085490671,0.6327935454598064,1.0,m4_cross_resid_transformer
EFA,F3,1,0.10983943939208984,0.7854023602015865,0.13985117050564724,12.063510641628234,-0.3796551671833729,3.3878675916351604,0.33938875990410017,1.0,m4_cross_resid_transformer
EWA,F3,1,0.1038968563079834,0.7854023602015865,0.13228487915584639,9.164673542848746,-0.538457688293263,2.397565636013667,0.0454668287383832,1.0,m4_cross_resid_transformer
EWC,F3,1,0.11316800117492676,0.7854023602015865,0.14408920434855876,9.034707223610642,-0.6107361434841636,1.5600686140652198,-0.08161094416863045,1.0,m4_cross_resid_transformer
EWG,F3,1,0.14270424842834473,0.7854023602015865,0.1816957214028709,13.619758066499813,-0.33347099857803714,3.733144697713167,0.4237050104586832,1.0,m4_cross_resid_transformer
EWJ,F3,1,0.11745715141296387,0.7854023602015865,0.14955029086342006,8.452435367306208,-0.6347242089746089,2.1703294430956865,0.5588818685557476,1.0,m4_cross_resid_transformer
EWU,F3,1,0.1221015453338623,0.7854023602015865,0.15546368526639381,11.925620880102345,-0.41361243373645584,3.1467341298430385,0.2802763681180486,1.0,m4_cross_resid_transformer
FXI,F3,1,0.11867713928222656,0.7854023602015865,0.15110361936239422,7.942343292282988,-0.7775815445263682,2.0381017215360404,0.48318336904177994,1.0,m4_cross_resid_transformer
GLD,F3,1,0.13661813735961914,0.7854023602015865,0.17394668552377898,12.530475981980015,-0.7552577894759882,0.9348330348124599,0.7760579842391696,1.0,m4_cross_resid_transformer
IWM,F3,1,0.12882113456726074,0.7854023602015865,0.1640192862855628,8.671558622521665,-0.5109036228757696,1.2575854846987842,-0.4726038712798617,1.0,m4_cross_resid_transformer
IYR,F3,1,0.0977025032043457,0.7854023602015865,0.1243980259739336,0.6753876962277294,1.5203166316610628,0.22522983888049525,-0.3268406536560072,1.0,m4_cross_resid_transformer
LQD,F3,1,0.11752510070800781,0.7854023602015865,0.14963680613060934,0.02273355142474376,1.5699393838411546,0.18287096161013647,0.33524751533756697,1.0,m4_cross_resid_transformer
MDY,F3,1,0.10986995697021484,0.7854023602015865,0.13989002648529716,8.554272012531044,-0.5509231752885484,1.5995853587744975,-0.2873782509334834,1.0,m4_cross_resid_transformer
SPY,F3,1,0.09968829154968262,0.7854023602015865,0.1269263967122482,1.7492309767606353,-18.109396365545336,0.6381214815631621,-0.010607219863451655,1.0,m4_cross_resid_transformer
TIP,F3,1,0.11756038665771484,0.7854023602015865,0.14968173335707957,4.937021793513875,-1.9203252722066242,1.1450833131875626,0.529422935992868,1.0,m4_cross_resid_transformer
TLT,F3,1,0.1345200538635254,0.7854023602015865,0.17127533692284627,0.8011917178565762,1.1523134974862275,0.07401104509767027,0.6505124471314169,1.0,m4_cross_resid_transformer
USO,F3,1,0.1915593147277832,0.7854023602015865,0.24389959138729395,5.1114051428137435,-0.9978230061872287,0.891839335558548,-0.046408793562674244,1.0,m4_cross_resid_transformer
XLB,F3,1,0.11161375045776367,0.7854023602015865,0.14211028144748147,7.654801057478118,-0.6466502693043616,2.1165392718381386,0.4110990512865418,1.0,m4_cross_resid_transformer
XLI,F3,1,0.10348176956176758,0.7854023602015865,0.13175637712013913,4.955739748452063,-1.2824459883171953,1.2048823013401664,0.5204165075152763,1.0,m4_cross_resid_transformer
XLK,F3,1,0.09476900100708008,0.7854023602015865,0.12066299493008405,2.196743761879503,-6.647717492387676,0.7084067652668151,-0.0909962336356993,1.0,m4_cross_resid_transformer
XLP,F3,1,0.1126413345336914,0.7854023602015865,0.14341863513725647,-0.6652218367160323,1.0072614996228215,0.0034919372017584603,0.7503673188874719,1.0,m4_cross_resid_transformer
XLU,F3,1,0.10163021087646484,0.7854023602015865,0.129398911979816,-3.1604959318331343,0.5106350315561429,-0.8169614420689622,0.24850323863421317,1.0,m4_cross_resid_transformer
XLV,F3,1,0.10682058334350586,0.7854023602015865,0.1360074641437143,-2.0808788088504686,0.6542279220860175,-0.272937590891863,0.5349881137969712,1.0,m4_cross_resid_transformer
XLY,F3,1,0.11331415176391602,0.7854023602015865,0.14427528806360101,1.8142416225539475,-64.5392737766399,0.4933011119100481,-0.23707569926849076,1.0,m4_cross_resid_transformer
^GDAXI,F3,1,0.11266195774078369,0.7854023602015865,0.14344489327975427,12.108394170032568,-0.4277789303534634,2.5472612651227937,-0.022926411378248992,1.0,m4_cross_resid_transformer
DBC,F1,2,0.09235692024230957,0.8289046711603646,0.11142043645745324,29.012483485545133,-0.2464366189439699,3.008005273206884,-0.3919888645578229,1.0,m4_cross_resid_transformer
DIA,F1,2,0.08708667755126953,0.8289046711603646,0.10506235587906496,1.2952982913506852,1.5939475207539466,0.5652669101805385,-0.21338654841536597,1.0,m4_cross_resid_transformer
EFA,F1,2,0.09092068672180176,0.8289046711603646,0.10968774804287684,10.264795218712276,-1.0123266791073688,2.030109063072407,-0.360751581754665,1.0,m4_cross_resid_transformer
EWA,F1,2,0.08065390586853027,0.8289046711603646,0.09730178713509326,11.20393338555375,-0.9030802611785494,1.4434792696812615,-0.2628765935212337,1.0,m4_cross_resid_transformer
EWC,F1,2,0.0883183479309082,0.8289046711603646,0.10654825699953335,5.554656648351914,-1.0448776473299497,0.9281587475532531,-0.16626501313897787,1.0,m4_cross_resid_transformer
EWG,F1,2,0.09041094779968262,0.8289046711603646,0.10907279322375926,12.360082175128008,-0.6950754061811129,2.283623975359805,-0.17349639722118254,1.0,m4_cross_resid_transformer
EWJ,F1,2,0.07942605018615723,0.8289046711603646,0.09582048810868748,6.532252238954873,-11.87834219620766,1.4992883157819106,-0.015035005157779354,1.0,m4_cross_resid_transformer
EWU,F1,2,0.0845797061920166,0.8289046711603646,0.10203791718728694,10.985568926983145,-1.0016300127546487,2.0190451097865694,-0.23080921661913534,1.0,m4_cross_resid_transformer
FXI,F1,2,0.09489703178405762,0.8289046711603646,0.11448485584140025,-2.24220925347257,0.730484187073728,-0.4914788084670116,0.20261598663000688,1.0,m4_cross_resid_transformer
GLD,F1,2,0.10574555397033691,0.8289046711603646,0.12757263609373337,12.767775519644584,-0.6693110599048826,2.530326090484361,-0.18476693325604404,1.0,m4_cross_resid_transformer
IWM,F1,2,0.09162592887878418,0.8289046711603646,0.1105385601827037,7.177945930490156,-3.0636281294290946,2.0001320547082364,-0.1504678621660991,1.0,m4_cross_resid_transformer
IYR,F1,2,0.08733940124511719,0.8289046711603646,0.10536724461071352,-4.077450209284106,0.5956036743112875,-0.8916178088643657,-0.2841658214763886,1.0,m4_cross_resid_transformer
LQD,F1,2,0.09390139579772949,0.8289046711603646,0.11328370929105645,3.602221921023445,2.6337547727766037,0.7741835518152483,0.06804094621530463,1.0,m4_cross_resid_transformer
MDY,F1,2,0.09604239463806152,0.8289046711603646,0.11586663458370186,5.1104094959530535,-7.413726204850436,1.3692690912053531,-0.23726517669823116,1.0,m4_cross_resid_transformer
SPY,F1,2,0.09073114395141602,0.8289046711603646,0.10945908149414042,1.2480223161917139,1.557037796860889,0.4520692566440597,-0.19028453905766582,1.0,m4_cross_resid_transformer
TIP,F1,2,0.09411144256591797,0.8289046711603646,0.11353711209537946,7.742589642502755,-1.779107718987523,1.4102413771305466,-0.039555385582024344,1.0,m4_cross_resid_transformer
TLT,F1,2,0.10138058662414551,0.8289046711603646,0.12230668996258057,-4.613344086599374,0.5127200410747668,-2.1097344450364948,0.37749188389495986,1.0,m4_cross_resid_transformer
USO,F1,2,0.09676313400268555,0.8289046711603646,0.1167361427306581,22.11907407136723,-0.3568920674009038,2.1122606639999137,-0.2258903416173319,1.0,m4_cross_resid_transformer
XLB,F1,2,0.08338594436645508,0.8289046711603646,0.10059774937656583,5.28036238535076,-3.7447853052694926,1.1567401960245902,-0.3741295083443535,1.0,m4_cross_resid_transformer
XLI,F1,2,0.08941936492919922,0.8289046711603646,0.10787653639835701,7.282870620927326,-2.2323660796798066,1.8496645320437313,-0.27608241313236814,1.0,m4_cross_resid_transformer
XLK,F1,2,0.08332443237304688,0.8289046711603646,0.10052354060980609,-3.039320855347608,0.6962458136655514,-0.5356588973893122,-0.00742960768949414,1.0,m4_cross_resid_transformer
XLP,F1,2,0.08169794082641602,0.8289046711603646,0.09856132275385654,0.3746323689467186,0.9245013247685466,-0.12284644996941203,-0.07941191538168907,1.0,m4_cross_resid_transformer
XLU,F1,2,0.08033895492553711,0.8289046711603646,0.0969218267440482,-0.9016514708621282,0.833890793765299,-0.28980043596387817,0.020346273883339688,1.0,m4_cross_resid_transformer
XLV,F1,2,0.0779116153717041,0.8289046711603646,0.09399345676582739,-0.603259390807592,0.8583726962388158,-0.2735003676109503,0.15186872561509615,1.0,m4_cross_resid_transformer
XLY,F1,2,0.08297467231750488,0.8289046711603646,0.10010158611043964,0.19330301432905062,1.1065217851572555,0.11453777040288139,-0.20845327757110246,1.0,m4_cross_resid_transformer
^GDAXI,F1,2,0.08510065078735352,0.8289046711603646,0.10266639065771348,5.2193483896882205,9.199813762746942,1.160368550845116,0.02377483246268695,1.0,m4_cross_resid_transformer
DBC,F4,1,0.10287952423095703,0.7332154234966036,0.14031282067190937,-8.109550389952979,0.6411734683869882,-0.2763497689298285,-0.1943355642705968,1.0,m4_cross_resid_transformer
DIA,F4,1,0.074554443359375,0.7332154234966036,0.10168149901134799,-2.9804533767707166,1.1734250400490545,0.09403890572849787,0.027816074762018965,1.0,m4_cross_resid_transformer
EFA,F4,1,0.07906913757324219,0.7332154234966036,0.10783889023524947,-1.9361669109328128,2.2458250867833263,0.28071384534732124,-0.18854732897166843,1.0,m4_cross_resid_transformer
EWA,F4,1,0.07742977142333984,0.7332154234966036,0.10560303144482136,-0.8626989259168942,2.590149106673635,0.3276460500288713,0.060732892811014585,1.0,m4_cross_resid_transformer
EWC,F4,1,0.08817815780639648,0.7332154234966036,0.12026227897101095,-2.4734917421225626,2.376911399414799,0.2749745427581702,0.11506974138964828,1.0,m4_cross_resid_transformer
EWG,F4,1,0.07033681869506836,0.7332154234966036,0.09592926777186674,-0.8737341055582526,3.087202582813569,0.3828082989091918,-0.16693068621275464,1.0,m4_cross_resid_transformer
EWJ,F4,1,0.07149076461791992,0.7332154234966036,0.09750308344168523,-4.995999358386154,0.986429316192159,-0.007321726731292226,-0.35840382272175897,1.0,m4_cross_resid_transformer
EWU,F4,1,0.08504199981689453,0.7332154234966036,0.11598501216919431,1.1049756366651202,-15.403278712718159,0.5358196344299447,-0.11665131015771035,1.0,m4_cross_resid_transformer
FXI,F4,1,0.07730722427368164,0.7332154234966036,0.10543589482203485,-1.379156865990793,1.014412927162912,0.01517152643362766,-0.010296683473305578,1.0,m4_cross_resid_transformer
GLD,F4,1,0.06899261474609375,0.7332154234966036,0.09409596761764427,0.32308194741922414,1.5573660494905792,0.3558837172067687,-0.20956571301854932,1.0,m4_cross_resid_transformer
IWM,F4,1,0.07685184478759766,0.7332154234966036,0.10481482293580482,-6.705563546825392,0.7307336998574785,-0.1843505254288262,-0.11370955146971558,1.0,m4_cross_resid_transformer
IYR,F4,1,0.0772552490234375,0.7332154234966036,0.10536500808318765,-2.043497420653247,1.05840098082343,0.04933899764535961,0.433945783240225,1.0,m4_cross_resid_transformer
LQD,F4,1,0.07580947875976562,0.7332154234966036,0.10339318613653901,5.737177453486021,57.94996803505775,1.6422900441772978,0.4186217421190374,1.0,m4_cross_resid_transformer
MDY,F4,1,0.09718894958496094,0.7332154234966036,0.1325516982737218,-7.587947489945622,0.6214450756958636,-0.3240313347897427,0.07594225608907006,1.0,m4_cross_resid_transformer
SPY,F4,1,0.0922694206237793,0.7332154234966036,0.12584217089127656,-4.091880006164541,0.9413896115875383,-0.04312559286435762,0.3018895514526842,1.0,m4_cross_resid_transformer
TIP,F4,1,0.07355260848999023,0.7332154234966036,0.10031514086164194,0.7522877602666003,1.1337846408714807,0.21311790510670728,0.11795331984967714,1.0,m4_cross_resid_transformer
TLT,F4,1,0.08941650390625,0.7332154234966036,0.12195120429932445,9.475328816872562,-2.343976619157134,1.068332771484468,-0.3068816925844523,1.0,m4_cross_resid_transformer
USO,F4,1,0.20044279098510742,0.7332154234966036,0.2733750335327417,2.318226908555186,-18.510022139842793,0.5718865242506561,0.8730423905920823,1.0,m4_cross_resid_transformer
XLB,F4,1,0.07812213897705078,0.7332154234966036,0.10654732084671246,-3.231439990466999,1.0499725103952688,0.03412132075680684,-0.06610433406239874,1.0,m4_cross_resid_transformer
XLI,F4,1,0.10445737838745117,0.7332154234966036,0.1424647859824174,-2.637892032784059,1.2503687129686238,0.13983636993021983,0.41317480377106813,1.0,m4_cross_resid_transformer
XLK,F4,1,0.06672048568725586,0.7332154234966036,0.09099711155703058,-0.8885605262079261,1.143739568419784,0.14139415503134498,0.2822096791693359,1.0,m4_cross_resid_transformer
XLP,F4,1,0.06718111038208008,0.7332154234966036,0.0916253371508507,0.6295365378515605,2.2679685828544964,0.5313344223404758,0.2765601365241254,1.0,m4_cross_resid_transformer
XLU,F4,1,0.0834035873413086,0.7332154234966036,0.1137504540528735,0.7804333003527457,2.3803624097082055,0.4788040025856068,0.5073202513375138,1.0,m4_cross_resid_transformer
XLV,F4,1,0.07124900817871094,0.7332154234966036,0.09717336255548772,0.21249101579915397,1.670238930440704,0.394909819104858,0.26802841106207104,1.0,m4_cross_resid_transformer
XLY,F4,1,0.06358671188354492,0.7332154234966036,0.08672309644048215,-3.6371630788912377,0.9891955800462529,-0.007814773912394163,-0.0851688259895255,1.0,m4_cross_resid_transformer
^GDAXI,F4,1,0.07526063919067383,0.7332154234966036,0.10264464818779477,1.600265895284637,4.507365949015268,0.5555997929704292,0.05974473152040226,1.0,m4_cross_resid_transformer
DBC,F2,2,0.10512650012969971,0.8154521545977671,0.12891804814907232,-1.7849846677837897,0.446509419677436,-0.4438968072356825,0.07957042321312155,1.0,m4_cross_resid_transformer
DIA,F2,2,0.11021804809570312,0.8154521545977671,0.1351618822444214,-9.387986387854003,0.1561423012661373,-2.554056179388927,0.09148695806804681,1.0,m4_cross_resid_transformer
EFA,F2,2,0.11229491233825684,0.8154521545977671,0.13770876893893036,-4.90351797406151,0.29205550741849295,-1.5212259785598425,0.008552624115101999,1.0,m4_cross_resid_transformer
EWA,F2,2,0.11043214797973633,0.8154521545977671,0.13542443582629135,-3.6871526497276044,0.3247033005366228,-1.3752483337660122,0.33429271099092417,1.0,m4_cross_resid_transformer
EWC,F2,2,0.0912020206451416,0.8154521545977671,0.11184227073399326,-5.590363245264317,0.23575412999378773,-1.7375803820909546,0.4252005227909686,1.0,m4_cross_resid_transformer
EWG,F2,2,0.09655642509460449,0.8154521545977671,0.11840844928815261,-5.432026676622062,0.2630719648446126,-1.5185290424367723,0.20791401268589393,1.0,m4_cross_resid_transformer
EWJ,F2,2,0.09785401821136475,0.8154521545977671,0.11999970526735879,-7.781146628659625,0.2044656606504769,-2.4481045991420056,0.42132781656138873,1.0,m4_cross_resid_transformer
EWU,F2,2,0.08783125877380371,0.8154521545977671,0.1077086598871367,-2.8553485210719094,0.43207233743904316,-0.7429915049435525,0.1511939792391529,1.0,m4_cross_resid_transformer
FXI,F2,2,0.09433972835540771,0.8154521545977671,0.1156900841128344,-7.6781986574426515,0.2011854942520365,-2.3790574184633417,0.3000318021570018,1.0,m4_cross_resid_transformer
GLD,F2,2,0.09705901145935059,0.8154521545977671,0.11902477774091635,5.961305018535986,-0.49295543061050623,0.7683142134854444,-0.13227701480541973,1.0,m4_cross_resid_transformer
IWM,F2,2,0.10338842868804932,0.8154521545977671,0.1267866276459188,-7.574515374039541,0.19944300456103325,-2.446691394140531,0.07236745829703375,1.0,m4_cross_resid_transformer
IYR,F2,2,0.08714532852172852,0.8154521545977671,0.10686749434700328,0.45085045523255896,2.557416147551422,0.1439065113277519,0.11386555594640206,1.0,m4_cross_resid_transformer
LQD,F2,2,0.10932135581970215,0.8154521545977671,0.13406225638538707,-5.81655554763265,0.37368424840850406,-0.27030143087666997,-0.21652120452324333,1.0,m4_cross_resid_transformer
MDY,F2,2,0.09763431549072266,0.8154521545977671,0.11973028085121942,-7.423836986053889,0.19358313333650146,-2.3298965516373173,0.0007462401623797883,1.0,m4_cross_resid_transformer
SPY,F2,2,0.10394322872161865,0.8154521545977671,0.12746698642655505,-8.840374787776991,0.16259578539058225,-2.995854985374529,0.23528612333008753,1.0,m4_cross_resid_transformer
TIP,F2,2,0.13046932220458984,0.8154521545977671,0.15999629342931299,-0.2690525665683481,0.9784859176233622,-0.005064558772458062,-0.26888505909931903,1.0,m4_cross_resid_transformer
TLT,F2,2,0.11461484432220459,0.8154521545977671,0.14055373289036183,2.281007257386551,-0.6213193762733593,0.6269636044414371,-0.296046330768976,1.0,m4_cross_resid_transformer
USO,F2,2,0.10977542400360107,0.8154521545977671,0.13461908633713685,2.5353138446864585,-6.2003741921498,0.46385221182077396,0.026916967122731845,1.0,m4_cross_resid_transformer
XLB,F2,2,0.0994957685470581,0.8154521545977671,0.12201300589626347,-5.575321508106581,0.21589010826811222,-1.7060019998026335,-0.012991176237662294,1.0,m4_cross_resid_transformer
XLI,F2,2,0.10312914848327637,0.8154521545977671,0.12646866882600394,-7.531322409159564,0.1795086345331778,-2.3065497963423502,0.32595292398005843,1.0,m4_cross_resid_transformer
XLK,F2,2,0.10985541343688965,0.8154521545977671,0.13471717846043013,-8.65378799964031,0.18703621736638507,-2.5094939440218322,0.20496960358340646,1.0,m4_cross_resid_transformer
XLP,F2,2,0.1170809268951416,0.8154521545977671,0.14357792328465105,0.13419681763017066,1.0566017306696902,0.018418236912709902,0.24877761445445942,1.0,m4_cross_resid_transformer
XLU,F2,2,0.11704444885253906,0.8154521545977671,0.14353318976791818,-1.4291003071995472,0.588161460860491,-0.2191529459753955,0.08012423394586822,1.0,m4_cross_resid_transformer
XLV,F2,2,0.10180056095123291,0.8154521545977671,0.12483940397637115,0.015842892377727402,1.0300028005342265,0.01356687359615188,0.08332612333967666,1.0,m4_cross_resid_transformer
XLY,F2,2,0.11028456687927246,0.8154521545977671,0.13524345512787544,-3.7635471675029732,0.28084628639546316,-1.185997121333916,0.024164138869380937,1.0,m4_cross_resid_transformer
^GDAXI,F2,2,0.10804593563079834,0.8154521545977671,0.13249819136733224,-7.967365914597302,0.18607484347747855,-2.7888394997125228,0.3443825859320593,1.0,m4_cross_resid_transformer
DBC,F5,2,0.10085749626159668,0.7819082126758594,0.12898892047244326,6.434616886835654,-3.6309936950598507,0.6475650703291529,-0.33368110812399676,1.0,m4_cross_resid_transformer
DIA,F5,2,0.09582972526550293,0.7819082126758594,0.12255879106008215,8.31524935648478,-0.9340849320441332,1.9310110066793105,0.5993347821942261,1.0,m4_cross_resid_transformer
EFA,F5,2,0.09568727016448975,0.7819082126758594,0.1223766020272727,9.046392145861844,-0.8989220822573868,1.6751838738582105,0.5805783087579655,1.0,m4_cross_resid_transformer
EWA,F5,2,0.10613441467285156,0.7819082126758594,0.1357376901179188,6.19573742420631,-1.4189806027800378,1.334699992516151,0.5345359151569994,1.0,m4_cross_resid_transformer
EWC,F5,2,0.1178734302520752,0.7819082126758594,0.1507509811780679,9.193752820095757,-0.7315565221823601,2.1712112888318265,0.594756112690761,1.0,m4_cross_resid_transformer
EWG,F5,2,0.09699046611785889,0.7819082126758594,0.12404328864373541,10.767227887697064,-0.6308327965836507,1.9461378137220122,0.5545798591633521,1.0,m4_cross_resid_transformer
EWJ,F5,2,0.10345673561096191,0.7819082126758594,0.1323131461388678,8.706208854055898,-0.7863555328300917,1.499769740242729,0.39422494294079574,1.0,m4_cross_resid_transformer
EWU,F5,2,0.10243105888366699,0.7819082126758594,0.13100138510263973,9.775634622447415,-0.7429289042315913,2.5690210807691676,0.6332964631494895,1.0,m4_cross_resid_transformer
FXI,F5,2,0.1002652645111084,0.7819082126758594,0.1282315019661693,12.255878820399253,-0.4750574598841903,2.5792177928824187,0.553572399468695,1.0,m4_cross_resid_transformer
GLD,F5,2,0.11838829517364502,0.7819082126758594,0.15140945350669052,9.614059122858961,-0.8357262342647687,1.8391080061400031,-0.014530378381125865,1.0,m4_cross_resid_transformer
IWM,F5,2,0.1007012128829956,0.7819082126758594,0.12878904614439873,5.680589496103341,-4.1252135178666265,1.1457449731447586,0.3573695739023832,1.0,m4_cross_resid_transformer
IYR,F5,2,0.09537172317504883,0.7819082126758594,0.12197304188514163,9.070336900172983,-0.6644666825463457,2.4691998664973034,0.45974743814859154,1.0,m4_cross_resid_transformer
LQD,F5,2,0.10102581977844238,0.7819082126758594,0.1292041932040976,13.187204045004211,-0.4219914316979351,2.255798925647253,0.18158677610799379,1.0,m4_cross_resid_transformer
MDY,F5,2,0.10590910911560059,0.7819082126758594,0.13544954177314067,6.376532961392803,-1.8420164827360013,1.4654468497912,0.4591921962216726,1.0,m4_cross_resid_transformer
SPY,F5,2,0.10608184337615967,0.7819082126758594,0.13567045550413726,6.840054134089561,-1.4270153355653812,1.5142605124851471,0.4325685103798779,1.0,m4_cross_resid_transformer
TIP,F5,2,0.0960928201675415,0.7819082126758594,0.12289526904787333,11.796272367910994,-0.5193859975366394,3.2643594223131425,0.34338229129801495,1.0,m4_cross_resid_transformer
TLT,F5,2,0.11416053771972656,0.7819082126758594,0.1460024794074543,11.210586607783103,-0.5342033101625403,4.684864795794057,0.3922446740091858,1.0,m4_cross_resid_transformer
USO,F5,2,0.10750949382781982,0.7819082126758594,0.13749630977771551,4.15717017664675,1.8644843381221994,0.22873546225418323,-0.3289929805207572,1.0,m4_cross_resid_transformer
XLB,F5,2,0.09903156757354736,0.7819082126758594,0.12665369920420694,9.294406600263553,-0.8102524570013112,2.0867725688721146,0.6280771271397542,1.0,m4_cross_resid_transformer
XLI,F5,2,0.10275542736053467,0.7819082126758594,0.13141622724345522,8.897306694796995,-0.9283391723423331,1.7172087963619669,0.4762891233399661,1.0,m4_cross_resid_transformer
XLK,F5,2,0.10467016696929932,0.7819082126758594,0.13386503079574433,5.8757181241563625,-2.1460240632551533,1.7405969054014165,0.4601239755153182,1.0,m4_cross_resid_transformer
XLP,F5,2,0.09704232215881348,0.7819082126758594,0.12410960850086689,7.221087269195374,-1.2987483192552376,2.2289559634226612,0.7828656940750042,1.0,m4_cross_resid_transformer
XLU,F5,2,0.10436129570007324,0.7819082126758594,0.1334700083823474,5.611326335835777,-1.8839170153505171,1.3928130606656708,0.6487695386717843,1.0,m4_cross_resid_transformer
XLV,F5,2,0.09761834144592285,0.7819082126758594,0.12484629252307214,4.604966663688431,-5.661566366516056,1.447096828577002,0.6200827221212027,1.0,m4_cross_resid_transformer
XLY,F5,2,0.10024476051330566,0.7819082126758594,0.12820527894220007,9.737304681236953,-0.8317758304973523,1.994190077084251,0.632500897619016,1.0,m4_cross_resid_transformer
^GDAXI,F5,2,0.10359072685241699,0.7819082126758594,0.13248451055131788,7.710156217162204,-1.0515368928210866,1.5070597202466474,0.31615346592322996,1.0,m4_cross_resid_transformer
DBC,F3,2,0.11656689643859863,0.7917894911487242,0.14721955487118674,9.431499470788795,-0.7039154218896096,1.770629838507226,0.20002242881238758,1.0,m4_cross_resid_transformer
DIA,F3,2,0.11100506782531738,0.7917894911487242,0.14019517695829958,3.796007222661769,-2.6073574015054906,1.134647626529744,0.5670527423177848,1.0,m4_cross_resid_transformer
EFA,F3,2,0.11870217323303223,0.7917894911487242,0.1499163282160006,9.583336635848989,-0.6620145563619717,2.788540652903043,0.7812027867507346,1.0,m4_cross_resid_transformer
EWA,F3,2,0.10879349708557129,0.7917894911487242,0.13740204726351474,8.442691919670901,-0.8470691461907528,2.5823344190125828,0.48139257611352326,1.0,m4_cross_resid_transformer
EWC,F3,2,0.1149897575378418,0.7917894911487242,0.14522768844912962,9.774236866489789,-0.6992847879335328,2.023355819667561,0.6982733710628095,1.0,m4_cross_resid_transformer
EWG,F3,2,0.11863279342651367,0.7917894911487242,0.14982870416024568,11.989720703825313,-0.4874381020168338,3.885729269019109,0.7616280572291261,1.0,m4_cross_resid_transformer
EWJ,F3,2,0.11657595634460449,0.7917894911487242,0.1472309971877458,9.772307427580817,-0.6306598675713264,3.041995206912491,0.6943086496616135,1.0,m4_cross_resid_transformer
EWU,F3,2,0.1142888069152832,0.7917894911487242,0.14434241448377091,11.313460538050862,-0.5621086748842777,3.0846051963740653,0.6715895472112645,1.0,m4_cross_resid_transformer
FXI,F3,2,0.11401534080505371,0.7917894911487242,0.14399703719184354,9.464958763082752,-0.9506346893888592,1.9109472423431784,0.5370538652203284,1.0,m4_cross_resid_transformer
GLD,F3,2,0.1166536808013916,0.7917894911487242,0.14732916021927878,9.439727659551888,-2.057181219431902,0.7183853427199732,0.574284746715502,1.0,m4_cross_resid_transformer
IWM,F3,2,0.10772705078125,0.7917894911487242,0.13605516615907612,10.91547022822482,-0.6239008277516024,1.7104677369827577,0.1866755447804448,1.0,m4_cross_resid_transformer
IYR,F3,2,0.10325169563293457,0.7917894911487242,0.13040296289249498,-1.723743892802597,0.7739743767806478,-0.2864111435853577,0.45782703520065715,1.0,m4_cross_resid_transformer
LQD,F3,2,0.1220088005065918,0.7917894911487242,0.1540924726464632,0.5136497638272353,1.545800267503151,0.24931306168772918,0.388196756965821,1.0,m4_cross_resid_transformer
MDY,F3,2,0.10413503646850586,0.7917894911487242,0.13151858875700317,9.392200026353724,-0.6891491584427132,1.779598061771372,0.3036773642103607,1.0,m4_cross_resid_transformer
SPY,F3,2,0.10512566566467285,0.7917894911487242,0.1327697157386581,3.7769961162403205,-2.1244325442080134,0.9771890534537689,0.48838055855584384,1.0,m4_cross_resid_transformer
TIP,F3,2,0.11311483383178711,0.7917894911487242,0.14285973114859188,5.095661389942911,-2.9586568328338303,1.2766764699221151,0.579783545735834,1.0,m4_cross_resid_transformer
TLT,F3,2,0.11678838729858398,0.7917894911487242,0.14749928939969634,2.9361795684361818,2.786415470836297,0.5900509225122897,0.7061111715928274,1.0,m4_cross_resid_transformer
USO,F3,2,0.12087607383728027,0.7917894911487242,0.15266188196298724,6.179501033174077,-1.2361421769661125,1.127076064475674,0.21511731286508015,1.0,m4_cross_resid_transformer
XLB,F3,2,0.11465692520141602,0.7917894911487242,0.14480733387238107,8.721836622606649,-0.7218735721723365,2.2076337100289294,0.5965418178466567,1.0,m4_cross_resid_transformer
XLI,F3,2,0.11606431007385254,0.7917894911487242,0.14658480741575267,5.204507767073096,-1.889410299593636,1.349888757398903,0.6480290177212881,1.0,m4_cross_resid_transformer
XLK,F3,2,0.09843277931213379,0.7917894911487242,0.12431685493745062,2.8636928411791187,3.724029795121655,0.8293946263801634,0.5778109871184114,1.0,m4_cross_resid_transformer
XLP,F3,2,0.09870100021362305,0.7917894911487242,0.12465560773031747,-0.17349929895067628,1.0422075862926956,0.026741409974261342,0.3073071065358019,1.0,m4_cross_resid_transformer
XLU,F3,2,0.11113286018371582,0.7917894911487242,0.14035657384450104,-2.1270380704495846,0.6388956645984805,-0.7503542507212281,0.31790990333207764,1.0,m4_cross_resid_transformer
XLV,F3,2,0.10811591148376465,0.7917894911487242,0.13654628243033465,0.701808553334506,1.379443053911043,0.1733568642137041,0.2178161822018988,1.0,m4_cross_resid_transformer
XLY,F3,2,0.10472702980041504,0.7917894911487242,0.13226625381005952,5.371568868536277,-1.7473820551103827,0.9903444706347014,0.22647090850058813,1.0,m4_cross_resid_transformer
^GDAXI,F3,2,0.11034226417541504,0.7917894911487242,0.1393580811679264,10.305429821732332,-0.6388841274239514,2.728028012947124,0.7034172275068639,1.0,m4_cross_resid_transformer
DBC,F4,2,0.10035538673400879,0.8079949222731887,0.12420299183523574,-7.073856148996059,0.6400603122002928,-0.17520768573839235,-0.1354762490424316,1.0,m4_cross_resid_transformer
DIA,F4,2,0.12328910827636719,0.8079949222731887,0.1525864889466252,-4.344930831072287,0.7921014548275795,-0.13215435171082077,0.07253474629668474,1.0,m4_cross_resid_transformer
EFA,F4,2,0.11925697326660156,0.8079949222731887,0.1475961914848271,-4.617991800158649,1.1015635236842585,0.03357587575975902,-0.04811981597815545,1.0,m4_cross_resid_transformer
EWA,F4,2,0.11644506454467773,0.8079949222731887,0.1441160845628518,-4.52934103873622,0.8466900667129771,-0.06711967754601864,0.01509709622088976,1.0,m4_cross_resid_transformer
EWC,F4,2,0.11448073387145996,0.8079949222731887,0.14168496696660332,-5.269219115448909,0.7419777359908634,-0.1415284491327226,-0.055004815267170264,1.0,m4_cross_resid_transformer
EWG,F4,2,0.11475610733032227,0.8079949222731887,0.1420257778445821,-1.616926674955426,1.3737940374301083,0.12204546656946545,-0.04882974792454275,1.0,m4_cross_resid_transformer
EWJ,F4,2,0.10796523094177246,0.8079949222731887,0.1336211750415786,-5.642235547538435,0.9471827859197829,-0.019439357401135136,-0.11913667929605172,1.0,m4_cross_resid_transformer
EWU,F4,2,0.12343764305114746,0.8079949222731887,0.15277032026868645,-3.558459786671679,1.7731288766602589,0.13571426185699245,-0.03362167142089247,1.0,m4_cross_resid_transformer
FXI,F4,2,0.11114740371704102,0.8079949222731887,0.1375595324341176,-2.286792681743954,0.9406676365670621,-0.04492619628438281,0.057975613520204215,1.0,m4_cross_resid_transformer
GLD,F4,2,0.11762213706970215,0.8079949222731887,0.14557286664474023,2.1697318345537058,-4.379542676540824,0.8298437753181891,0.06758407111659029,1.0,m4_cross_resid_transformer
IWM,F4,2,0.1109163761138916,0.8079949222731887,0.1372736053858393,-5.320399935497756,0.682352668409435,-0.1825698198032785,-0.02484990843321376,1.0,m4_cross_resid_transformer
IYR,F4,2,0.12267923355102539,0.8079949222731887,0.15183168875106703,-1.167946134640924,2.3725446590610297,0.27011080174242885,0.30163359081911456,1.0,m4_cross_resid_transformer
LQD,F4,2,0.11154699325561523,0.8079949222731887,0.13805407705012832,4.591390267218583,-3.171155242247888,1.1221145271903334,0.3349317042009335,1.0,m4_cross_resid_transformer
MDY,F4,2,0.11564993858337402,0.8079949222731887,0.1431320115948352,-4.792553104532971,0.673307032535214,-0.2160163905526232,0.03136574289177778,1.0,m4_cross_resid_transformer
SPY,F4,2,0.11458277702331543,0.8079949222731887,0.14181125878978507,-6.878647992906318,0.5762549300879692,-0.31987736674638895,0.1593744504810581,1.0,m4_cross_resid_transformer
TIP,F4,2,0.11903738975524902,0.8079949222731887,0.1473244280055038,-1.0248724754244458,0.8452262999704205,-0.1833730063562421,0.47829443053240084,1.0,m4_cross_resid_transformer
TLT,F4,2,0.11800765991210938,0.8079949222731887,0.14605000187391048,8.173900602410109,-1.4350124273462883,0.7695659836986611,-0.29768155796870055,1.0,m4_cross_resid_transformer
USO,F4,2,0.1099996566772461,0.8079949222731887,0.13613904449767625,-3.917639981426591,1.9138646899331564,0.1458506303971259,-0.14845326139455386,1.0,m4_cross_resid_transformer
XLB,F4,2,0.11391067504882812,0.8079949222731887,0.14097944418803432,-7.329087940182399,0.5342148045363019,-0.3949511262403568,0.12475885862205183,1.0,m4_cross_resid_transformer
XLI,F4,2,0.1104421615600586,0.8079949222731887,0.13668670249726808,-2.6285774916032114,0.9280547448101959,-0.04614760030113894,0.1048297932901735,1.0,m4_cross_resid_transformer
XLK,F4,2,0.11118030548095703,0.8079949222731887,0.1376002526948631,-5.6333022904423515,0.4952361776590405,-0.847811362812421,0.1803041307643515,1.0,m4_cross_resid_transformer
XLP,F4,2,0.11972808837890625,0.8079949222731887,0.14817925840680637,-3.8335388219773208,0.809418099052264,-0.1349449467153707,0.22185830411771618,1.0,m4_cross_resid_transformer
XLU,F4,2,0.12012553215026855,0.8079949222731887,0.14867114735363804,0.299875491584233,4.426781774375151,0.4372003883802005,0.24219134829222763,1.0,m4_cross_resid_transformer
XLV,F4,2,0.11543059349060059,0.8079949222731887,0.14286054318986513,-3.061648381815913,0.6860342289517561,-0.3412687909384773,0.21227524303271256,1.0,m4_cross_resid_transformer
XLY,F4,2,0.11447620391845703,0.8079949222731887,0.141679360553892,-6.803494111945449,0.5014684212183812,-0.5395198593361893,0.08687314609615306,1.0,m4_cross_resid_transformer
^GDAXI,F4,2,0.11271286010742188,0.8079949222731887,0.13949699063741502,1.0117058560937164,8.436320124299494,0.39562565261110694,0.05105622990006326,1.0,m4_cross_resid_transformer
DBC,F1,3,0.09336942434310913,0.7849558304056479,0.11894863472108726,32.560168114133646,-0.05355511400785411,2.5894688239097974,-0.02312356567058362,1.0,m4_cross_resid_transformer
DIA,F1,3,0.09481579065322876,0.7849558304056479,0.12079124325279557,-0.015485653038703862,0.7951941390209276,-0.11889213616577457,-0.15489658232599157,1.0,m4_cross_resid_transformer
EFA,F1,3,0.09498661756515503,0.7849558304056479,0.12100886939850876,10.407277775622937,-0.16987613553177028,1.3464870052488263,-0.30068814833495333,1.0,m4_cross_resid_transformer
EWA,F1,3,0.09906429052352905,0.7849558304056479,0.12620364953826105,10.3022266633157,-0.20657765410920598,1.0505102144979537,-0.1723913948414019,1.0,m4_cross_resid_transformer
EWC,F1,3,0.10061180591583252,0.7849558304056479,0.12817511765450365,5.978025956650135,-0.21337555066400823,0.7316985669275895,-0.1425580830946686,1.0,m4_cross_resid_transformer
EWG,F1,3,0.085446298122406,0.7849558304056479,0.10885491235634143,6.736701646883444,-0.30092101253950254,1.2197986587390939,-0.16127641497631062,1.0,m4_cross_resid_transformer
EWJ,F1,3,0.09860247373580933,0.7849558304056479,0.1256153147940232,-1.5249988581242908,0.44729655070423635,-0.3521595162903178,-0.20438708775350534,1.0,m4_cross_resid_transformer
EWU,F1,3,0.0911569595336914,0.7849558304056479,0.11613004961894925,10.231920249026883,-0.1795614038236863,1.7193995427334814,0.008380541370831005,1.0,m4_cross_resid_transformer
FXI,F1,3,0.09858161211013794,0.7849558304056479,0.12558873797929895,-4.230765231454468,0.3099222371998819,-0.7443931080695076,0.009972244840494986,1.0,m4_cross_resid_transformer
GLD,F1,3,0.09690433740615845,0.7849558304056479,0.12345196207547171,14.12598523692334,-0.1268060179211325,2.7100503570509886,-0.24823748673338716,1.0,m4_cross_resid_transformer
IWM,F1,3,0.10289841890335083,0.7849558304056479,0.13108816434954715,3.3072934159584157,-1.4771157304985345,0.5590604228887451,-0.06503203281504001,1.0,m4_cross_resid_transformer
IYR,F1,3,0.10464692115783691,0.7849558304056479,0.13331568109221853,-8.654649925745684,0.17104996806971082,-1.37409724844101,-0.1629319457487046,1.0,m4_cross_resid_transformer
LQD,F1,3,0.09827226400375366,0.7849558304056479,0.12519464178381695,0.6805554456476534,1.0120404563191079,0.0047282978616911345,0.18289819640153185,1.0,m4_cross_resid_transformer
MDY,F1,3,0.10111826658248901,0.7849558304056479,0.12882032678225133,0.4839543573397035,1.014746997542499,0.005011178840876344,-0.21539847989610317,1.0,m4_cross_resid_transformer
SPY,F1,3,0.09368664026260376,0.7849558304056479,0.11935275417240811,-2.5505710534108252,0.45374093564183743,-0.37749533506029664,-0.2770702509312897,1.0,m4_cross_resid_transformer
TIP,F1,3,0.0974963903427124,0.7849558304056479,0.12420621207734506,6.6256484524981865,-0.27851005494918873,1.1200080216126915,-0.25135611968085686,1.0,m4_cross_resid_transformer
TLT,F1,3,0.09865909814834595,0.7849558304056479,0.12568745186256033,-11.52408899432252,0.12131017802113653,-4.175703224924362,0.12767208595296778,1.0,m4_cross_resid_transformer
USO,F1,3,0.09542453289031982,0.7849558304056479,0.1215667547064483,25.103379970022246,-0.07673927593539309,1.6804375479153164,0.025776699564913862,1.0,m4_cross_resid_transformer
XLB,F1,3,0.08868658542633057,0.7849558304056479,0.11298289915306355,5.436025516198469,-0.3368191573067834,0.9484342825478141,-0.1383825724906345,1.0,m4_cross_resid_transformer
XLI,F1,3,0.0868077278137207,0.7849558304056479,0.11058931528524399,0.5737240056204249,1.202838352801742,0.07462833769410489,-0.20483527036255766,1.0,m4_cross_resid_transformer
XLK,F1,3,0.09638571739196777,0.7849558304056479,0.12279126246142762,-4.241294319428873,0.2863779849607652,-0.7994631342553187,-0.3399810904917394,1.0,m4_cross_resid_transformer
XLP,F1,3,0.10952401161193848,0.7849558304056479,0.1395288847722029,-8.761201054362282,0.16669372336451196,-2.151004362160603,-0.19105954862339422,1.0,m4_cross_resid_transformer
XLU,F1,3,0.095054030418396,0.7849558304056479,0.12109475047694616,-6.16130528036999,0.20454795874983525,-1.1326212948953036,-0.07279570722397345,1.0,m4_cross_resid_transformer
XLV,F1,3,0.1006891131401062,0.7849558304056479,0.12827360373649596,-7.847356574184181,0.15617721395477294,-2.5817042845225897,-0.03972149654487792,1.0,m4_cross_resid_transformer
XLY,F1,3,0.10139137506484985,0.7849558304056479,0.12916825525386955,-1.936661134905311,0.3962007099469142,-0.49623384195747494,-0.011641389589853092,1.0,m4_cross_resid_transformer
^GDAXI,F1,3,0.0888373851776123,0.7849558304056479,0.11317501155664147,2.410392379844276,-3.7731854837137506,0.3970611862121963,-0.10210997669890857,1.0,m4_cross_resid_transformer
DBC,F2,3,0.10513830184936523,0.7879080556107395,0.1334398107757234,0.6699473685905073,1.0934384169305962,0.02320115839319965,0.30124102637772454,1.0,m4_cross_resid_transformer
DIA,F2,3,0.10944688320159912,0.7879080556107395,0.13890819166300108,-11.4387561157014,0.12005712123648178,-1.936861454240285,0.32427974036898793,1.0,m4_cross_resid_transformer
EFA,F2,3,0.10090792179107666,0.7879080556107395,0.1280706816899579,-2.707276396372191,0.3876889233417678,-1.0162064293221182,0.5588043732568463,1.0,m4_cross_resid_transformer
EWA,F2,3,0.11282694339752197,0.7879080556107395,0.14319810870579971,-3.489599022799606,0.3149496564763563,-1.2060127296602683,0.39741159827679984,1.0,m4_cross_resid_transformer
EWC,F2,3,0.10289502143859863,0.7879080556107395,0.1305926760183211,-3.176925969030793,0.2717814882738826,-0.9641925787651593,0.27154320798215703,1.0,m4_cross_resid_transformer
EWG,F2,3,0.09991204738616943,0.7879080556107395,0.12680673420545693,-3.6413308245416802,0.3249336818929014,-0.9732584961309151,0.4973783792574454,1.0,m4_cross_resid_transformer
EWJ,F2,3,0.09591341018676758,0.7879080556107395,0.12173172936075796,-4.468950803918371,0.2543323490460603,-1.6809194934412899,0.3383065774879563,1.0,m4_cross_resid_transformer
EWU,F2,3,0.1000443696975708,0.7879080556107395,0.12697467551594246,-2.7499675457520025,0.4090284876283717,-0.6715572847851331,0.5804695949459656,1.0,m4_cross_resid_transformer
FXI,F2,3,0.10505127906799316,0.7879080556107395,0.13332936288684555,-5.790108096406924,0.21759198518847953,-1.7569093548193557,0.22173880490350906,1.0,m4_cross_resid_transformer
GLD,F2,3,0.09941697120666504,0.7879080556107395,0.12617839162667643,1.6231299771910908,-0.785891470375906,0.43802969336360326,-0.0007414506213149182,1.0,m4_cross_resid_transformer
IWM,F2,3,0.10640597343444824,0.7879080556107395,0.1350487187898703,-5.420190759537132,0.23202207427453173,-1.5922629946944094,0.24142960380979786,1.0,m4_cross_resid_transformer
IYR,F2,3,0.10725808143615723,0.7879080556107395,0.1361302003100059,1.1326144130470177,-33.276111683762124,0.21258114423355423,0.10979566319862591,1.0,m4_cross_resid_transformer
LQD,F2,3,0.10844039916992188,0.7879080556107395,0.13763077861396572,0.21022303064573933,-1.1317543987196947,0.24382994375743544,-0.16656642138525682,1.0,m4_cross_resid_transformer
MDY,F2,3,0.10218167304992676,0.7879080556107395,0.12968730592647842,-6.804276505773343,0.16918159824476095,-1.8581386312353723,0.3208459260765294,1.0,m4_cross_resid_transformer
SPY,F2,3,0.10218179225921631,0.7879080556107395,0.12968745722495634,-5.51756952631702,0.203096036345791,-1.9422945065453538,0.4511745467743496,1.0,m4_cross_resid_transformer
TIP,F2,3,0.09999275207519531,0.7879080556107395,0.12690916327500532,5.690739082755934,-0.4054578518094379,0.7804018266977895,-0.137592273292593,1.0,m4_cross_resid_transformer
TLT,F2,3,0.1013568639755249,0.7879080556107395,0.12864047175778534,3.329135484857729,-0.24475641129894898,0.8199946000670664,-0.26006047861529785,1.0,m4_cross_resid_transformer
USO,F2,3,0.10387003421783447,0.7879080556107395,0.13183014626918696,2.169965000763998,34.59538014905047,0.26694491186342384,0.33830169286147743,1.0,m4_cross_resid_transformer
XLB,F2,3,0.09809398651123047,0.7879080556107395,0.12449928111877703,-8.294730191562211,0.14413114942698813,-2.48019134028521,0.34253611088787866,1.0,m4_cross_resid_transformer
XLI,F2,3,0.10399150848388672,0.7879080556107395,0.13198431941818223,-5.957666909676376,0.18035870316876348,-1.7064056039754276,0.47640996376058176,1.0,m4_cross_resid_transformer
XLK,F2,3,0.11512243747711182,0.7879080556107395,0.14611151219652874,-8.154210000502896,0.15956915024658674,-2.652885935496524,0.2611645219269683,1.0,m4_cross_resid_transformer
XLP,F2,3,0.11874210834503174,0.7879080556107395,0.15070553917993632,2.5679876019361862,-3.836191344872608,0.4445290646465613,0.2103273773545194,1.0,m4_cross_resid_transformer
XLU,F2,3,0.10126543045043945,0.7879080556107395,0.12852442582522464,-1.1301449037373783,0.4420887954274704,-0.42375297326001804,-0.07927068109105559,1.0,m4_cross_resid_transformer
XLV,F2,3,0.09321856498718262,0.7879080556107395,0.11831147596901408,0.9430590840197948,9.937286489733575,0.40296582642959,0.34979728931943693,1.0,m4_cross_resid_transformer
XLY,F2,3,0.10015869140625,0.7879080556107395,0.12711977075626285,-3.642702935084058,0.27724282410886353,-1.2240691249708395,0.2632768060058829,1.0,m4_cross_resid_transformer
^GDAXI,F2,3,0.10704350471496582,0.7879080556107395,0.13585786304975908,-5.599716459627647,0.21722291873400776,-1.1951251059874768,0.26655732557981054,1.0,m4_cross_resid_transformer
DBC,F5,3,0.1963193416595459,0.8283469844619884,0.2370013356021998,8.188595702474444,8.87716219731708,0.6608432543825565,-0.7241160423981865,1.0,m4_cross_resid_transformer
DIA,F5,3,0.12706303596496582,0.8283469844619884,0.15339349131269345,8.979638989356241,-2.723333389815752,1.8881631417735993,0.09789489222780617,1.0,m4_cross_resid_transformer
EFA,F5,3,0.13593721389770508,0.8283469844619884,0.16410660803696453,13.541177590073046,-1.0146274554121877,2.476621522236048,0.21825662837808418,1.0,m4_cross_resid_transformer
EWA,F5,3,0.12601947784423828,0.8283469844619884,0.1521336833574495,7.830002066974025,-2.9860958325167153,1.7974109521561878,0.05136197756881676,1.0,m4_cross_resid_transformer
EWC,F5,3,0.14403891563415527,0.8283469844619884,0.17388717329333744,10.628980004160244,-1.4546085740051515,2.5951595678632744,-0.062385441344933706,1.0,m4_cross_resid_transformer
EWG,F5,3,0.13241147994995117,0.8283469844619884,0.15985025892977986,11.912328131207538,-0.957708656652632,1.7481682416572195,0.10632247960099447,1.0,m4_cross_resid_transformer
EWJ,F5,3,0.1451869010925293,0.8283469844619884,0.1752730483914639,11.517998461960175,-1.253651556041306,2.17986168222211,0.3299484125478483,1.0,m4_cross_resid_transformer
EWU,F5,3,0.1346290111541748,0.8283469844619884,0.16252731485660732,13.36750183481004,-1.055475016576326,3.575648152819611,0.3280555801816675,1.0,m4_cross_resid_transformer
FXI,F5,3,0.13808941841125488,0.8283469844619884,0.16670480004335864,11.591758362736051,-1.0629574607653742,2.9228909116838957,0.2180378201964302,1.0,m4_cross_resid_transformer
GLD,F5,3,0.12049365043640137,0.8283469844619884,0.14546277429217905,12.352086814650082,-1.6745800773851898,1.9829126765143377,0.07425636234595405,1.0,m4_cross_resid_transformer
IWM,F5,3,0.14464211463928223,0.8283469844619884,0.174615369346974,9.477479524667185,-2.487259437165498,2.2355065497783064,0.19382483871300987,1.0,m4_cross_resid_transformer
IYR,F5,3,0.10842204093933105,0.8283469844619884,0.13088964283458002,12.481183200846168,-0.8715523707138361,3.6357122716161854,0.1943079533560416,1.0,m4_cross_resid_transformer
LQD,F5,3,0.1442103385925293,0.8283469844619884,0.17409411912834324,17.368668220138588,-0.5623394250792202,2.840695473232329,0.6416941030865274,1.0,m4_cross_resid_transformer
MDY,F5,3,0.16059064865112305,0.8283469844619884,0.19386881544021883,8.740379975526466,-3.5084270185802677,2.4776249644333332,0.3544285206543357,1.0,m4_cross_resid_transformer
SPY,F5,3,0.1448376178741455,0.8283469844619884,0.17485138545921983,9.939999208690471,-1.8021450617737196,2.1490605940783025,0.11454796128423153,1.0,m4_cross_resid_transformer
TIP,F5,3,0.14817428588867188,0.8283469844619884,0.17887948971639114,14.948884682730947,-0.7551656016425944,4.837442578926113,0.5884679171748775,1.0,m4_cross_resid_transformer
TLT,F5,3,0.16463041305541992,0.8283469844619884,0.19874571422789378,10.69937350892478,-1.2984634547861882,2.572029275522257,0.6052028290094543,1.0,m4_cross_resid_transformer
USO,F5,3,0.1758434772491455,0.8283469844619884,0.21228238956330106,7.478514169559521,4.224823160767924,0.6756939686413475,-0.5423684848185892,1.0,m4_cross_resid_transformer
XLB,F5,3,0.1268148422241211,0.8283469844619884,0.15309386597995206,11.99335374550244,-1.2330352336941255,2.88627353217058,0.11004004768300146,1.0,m4_cross_resid_transformer
XLI,F5,3,0.1363203525543213,0.8283469844619884,0.16456914205206094,10.041015416791515,-2.9472102104956166,1.6631280597863687,0.0947691708092464,1.0,m4_cross_resid_transformer
XLK,F5,3,0.16396117210388184,0.8283469844619884,0.19793779078024248,9.102206739456598,-2.777532773297663,2.0661505578679757,0.15281996515576102,1.0,m4_cross_resid_transformer
XLP,F5,3,0.14086389541625977,0.8283469844619884,0.17005421406555962,7.564025068513619,-3.319258945827327,2.5513551743684535,0.01468289000194424,1.0,m4_cross_resid_transformer
XLU,F5,3,0.13367414474487305,0.8283469844619884,0.1613745776254554,5.702565518014783,234.81116203498027,1.3602554593680178,0.27534349392412305,1.0,m4_cross_resid_transformer
XLV,F5,3,0.1522688865661621,0.8283469844619884,0.1838225881453058,6.734017455731229,-8.354082787433253,2.1461743285161656,0.3717380922038462,1.0,m4_cross_resid_transformer
XLY,F5,3,0.1462852954864502,0.8283469844619884,0.17659905598794753,11.353569705542702,-1.7443235831754986,1.831920790798937,0.28328809935458854,1.0,m4_cross_resid_transformer
^GDAXI,F5,3,0.13035869598388672,0.8283469844619884,0.15737208975119857,8.827606290407207,-2.329376835793222,1.918320137754063,0.34308726272088935,1.0,m4_cross_resid_transformer
DBC,F3,3,0.1042168140411377,0.7521454167837562,0.13855939518554602,7.931245844704639,-1.0564406249979268,1.3529077272991594,0.212270210046046,1.0,m4_cross_resid_transformer
DIA,F3,3,0.1069631576538086,0.7521454167837562,0.14221074178872617,3.567275475824972,-3.402655192484626,1.017418696580148,0.4726155666121687,1.0,m4_cross_resid_transformer
EFA,F3,3,0.09837937355041504,0.7521454167837562,0.13079834212258368,11.674329121230615,-0.5052933549777644,2.6356443778788794,0.7123181529594419,1.0,m4_cross_resid_transformer
EWA,F3,3,0.10505080223083496,0.7521454167837562,0.13966820761873677,4.06487615753775,-4.508623632048671,1.3530876284554796,0.3536782478921717,1.0,m4_cross_resid_transformer
EWC,F3,3,0.0949716567993164,0.7521454167837562,0.12626767999920022,9.66036904336508,-0.6750724361441313,1.8375218286447812,0.47765319572203496,1.0,m4_cross_resid_transformer
EWG,F3,3,0.12752151489257812,0.7521454167837562,0.16954369733165695,15.083913158561543,-0.3586546581821285,4.864270083010544,0.8156942270543981,1.0,m4_cross_resid_transformer
EWJ,F3,3,0.10924696922302246,0.7521454167837562,0.14524713810019965,8.439048675870634,-0.7124808634344638,2.169541264394397,0.6384057953870499,1.0,m4_cross_resid_transformer
EWU,F3,3,0.10971689224243164,0.7521454167837562,0.1458719149171862,12.525864450587187,-0.4549641671913244,3.4639979665483875,0.6581339427390386,1.0,m4_cross_resid_transformer
FXI,F3,3,0.10767817497253418,0.7521454167837562,0.14316137886338,8.71057985515959,-0.7930134135961165,2.8980695739152744,0.5190798874664733,1.0,m4_cross_resid_transformer
GLD,F3,3,0.0828390121459961,0.7521454167837562,0.11013696327529776,9.926147639456936,-1.55551406367135,0.7688228605741018,0.28751776474196067,1.0,m4_cross_resid_transformer
IWM,F3,3,0.0903315544128418,0.7521454167837562,0.12009852403157348,10.159746025001535,-0.5740599060817538,1.4913819555194363,0.228370833906292,1.0,m4_cross_resid_transformer
IYR,F3,3,0.09274768829345703,0.7521454167837562,0.1233108468440249,0.7321364383977631,1.640265691283093,0.3296648507331233,0.23499166358712115,1.0,m4_cross_resid_transformer
LQD,F3,3,0.1027679443359375,0.7521454167837562,0.1366330792460091,2.619244579528874,-4.451774018304504,0.7216064581222088,-0.1436789463189191,1.0,m4_cross_resid_transformer
MDY,F3,3,0.09249496459960938,0.7521454167837562,0.12297484307639132,9.447318557183165,-0.6530777418017942,1.6712613944782007,0.324763683001631,1.0,m4_cross_resid_transformer
SPY,F3,3,0.08943819999694824,0.7521454167837562,0.11891078241145749,5.218883083866841,-1.2398447569962805,1.3337948974071465,0.2745827024643243,1.0,m4_cross_resid_transformer
TIP,F3,3,0.09616756439208984,0.7521454167837562,0.12785767518641714,9.702752674679349,-0.7049896356906369,2.236500971700144,0.7358562748215917,1.0,m4_cross_resid_transformer
TLT,F3,3,0.10123991966247559,0.7521454167837562,0.13460152439057183,4.1781118908393875,1017.9303647460048,0.9498051350398686,0.7172363094294606,1.0,m4_cross_resid_transformer
USO,F3,3,0.08774876594543457,0.7521454167837562,0.11666462892329578,10.501800245332587,-0.5175113878460628,1.6265781825434236,0.11523754322668968,1.0,m4_cross_resid_transformer
XLB,F3,3,0.08784222602844238,0.7521454167837562,0.11678888692038292,8.715235160929954,-0.6726608222800502,2.4232333416826384,0.5214172825530528,1.0,m4_cross_resid_transformer
XLI,F3,3,0.09377789497375488,0.7521454167837562,0.12468053767416132,7.073966487520842,-0.82328835506017,1.6402998541831433,0.5110952440144525,1.0,m4_cross_resid_transformer
XLK,F3,3,0.10144853591918945,0.7521454167837562,0.13487888599121275,3.439455201101347,70.48448074709641,1.0191335112908129,0.44045072011603026,1.0,m4_cross_resid_transformer
XLP,F3,3,0.10119748115539551,0.7521454167837562,0.13454510111638432,3.3058295411632903,7.051309359756956,0.7674292058848007,0.3583811930445669,1.0,m4_cross_resid_transformer
XLU,F3,3,0.08925437927246094,0.7521454167837562,0.11866638721820703,-1.591809338465203,0.7623961554431687,-0.390761062830638,0.24343565496023506,1.0,m4_cross_resid_transformer
XLV,F3,3,0.08887076377868652,0.7521454167837562,0.11815635885771421,1.6301719425631633,2.076649995882151,0.3356728282924881,0.2637538564133937,1.0,m4_cross_resid_transformer
XLY,F3,3,0.0988316535949707,0.7521454167837562,0.13139966207277318,4.40982276727423,-1.924308712549199,0.9681996023347036,0.20908804435807896,1.0,m4_cross_resid_transformer
^GDAXI,F3,3,0.10909616947174072,0.7521454167837562,0.14504664528602207,9.228904241742345,-0.8319404839625105,2.26936616669207,0.6586219777639983,1.0,m4_cross_resid_transformer
DBC,F4,3,0.09905385971069336,0.7564194534151083,0.1309509680951245,-5.821583262038427,0.9164589610272252,-0.041223962928362834,-0.38643622073746087,1.0,m4_cross_resid_transformer
DIA,F4,3,0.09271049499511719,0.7564194534151083,0.12256492687561735,-3.5831299831614576,0.9648833134383035,-0.026369878985484926,-0.005215700245827968,1.0,m4_cross_resid_transformer
EFA,F4,3,0.0921778678894043,0.7564194534151083,0.12186078434820326,-4.182173191403102,1.2178818095709647,0.08705533089316275,-0.015479789521758235,1.0,m4_cross_resid_transformer
EWA,F4,3,0.09369039535522461,0.7564194534151083,0.12386037261763698,-3.6602524875593776,1.230630285728245,0.09595166324183016,0.11112635505528098,1.0,m4_cross_resid_transformer
EWC,F4,3,0.09459924697875977,0.7564194534151083,0.12506189066351991,-3.3739803210489345,1.8830471556880157,0.20235108442142974,-0.07175336731521896,1.0,m4_cross_resid_transformer
EWG,F4,3,0.09285736083984375,0.7564194534151083,0.12275908614011469,1.4342000312422054,17.646890995347835,0.5073567101043913,-0.10734799096334231,1.0,m4_cross_resid_transformer
EWJ,F4,3,0.09622383117675781,0.7564194534151083,0.1272096199302162,-5.463608426452659,0.8510237614502456,-0.09995054387941996,-0.16289235512785155,1.0,m4_cross_resid_transformer
EWU,F4,3,0.09694671630859375,0.7564194534151083,0.1281652869593655,-1.4541461522429673,4.85744967605523,0.3581238926131156,-0.1941426331620246,1.0,m4_cross_resid_transformer
FXI,F4,3,0.10238409042358398,0.7564194534151083,0.13535359245632408,-0.9676249716444367,1.0453003022037133,0.05121496228996488,0.1251360753077979,1.0,m4_cross_resid_transformer
GLD,F4,3,0.09708261489868164,0.7564194534151083,0.12834494731774776,-0.6056136897211717,1.8403887927541325,0.36916318678105065,0.10740390627884547,1.0,m4_cross_resid_transformer
IWM,F4,3,0.09942626953125,0.7564194534151083,0.1314433005158142,-6.976587712288428,0.7367881121302015,-0.1611861679221708,-0.16877878186694714,1.0,m4_cross_resid_transformer
IYR,F4,3,0.10181140899658203,0.7564194534151083,0.1345964974022289,-1.3933940527764284,1.9828933569784075,0.3006062860298905,0.1920451286869167,1.0,m4_cross_resid_transformer
LQD,F4,3,0.09550046920776367,0.7564194534151083,0.12625332251384452,7.348220388048769,-2.404048746602027,1.8427017441248779,0.0450297116242135,1.0,m4_cross_resid_transformer
MDY,F4,3,0.08115100860595703,0.7564194534151083,0.10728307983034241,-4.600264191960132,0.982297875642536,-0.00951207533202171,-0.05034173762460877,1.0,m4_cross_resid_transformer
SPY,F4,3,0.08990335464477539,0.7564194534151083,0.11885383729738397,-3.0286090492294715,1.1363012167306308,0.07684094802562066,0.04626196539292319,1.0,m4_cross_resid_transformer
TIP,F4,3,0.0972895622253418,0.7564194534151083,0.12861853537226675,2.095944321081414,2.8927679283680083,0.916009734306408,0.13130467932465334,1.0,m4_cross_resid_transformer
TLT,F4,3,0.10388755798339844,0.7564194534151083,0.1373412033685323,10.394674691766996,-1.420267707515701,1.0555737454817644,-0.3284961741801278,1.0,m4_cross_resid_transformer
USO,F4,3,0.09752655029296875,0.7564194534151083,0.12893183782179657,-1.4174105842110736,20.48680070098914,0.400058897157363,-0.4076611402834053,1.0,m4_cross_resid_transformer
XLB,F4,3,0.09273672103881836,0.7564194534151083,0.12259959817284902,-5.372829520706411,0.7667209500987796,-0.20085504947824914,0.05231556846054027,1.0,m4_cross_resid_transformer
XLI,F4,3,0.0930633544921875,0.7564194534151083,0.12303141342018889,-3.384184097175744,1.3295181414569555,0.12817325415813577,-0.1164354567732462,1.0,m4_cross_resid_transformer
XLK,F4,3,0.082305908203125,0.7564194534151083,0.10880987768298063,-3.965432700153606,0.7345312605238128,-0.3757811902193462,0.20956603432487309,1.0,m4_cross_resid_transformer
XLP,F4,3,0.08192682266235352,0.7564194534151083,0.10830871984117742,-0.4424264548479311,1.4655739041138256,0.2812271663849692,-0.0009807484792500737,1.0,m4_cross_resid_transformer
XLU,F4,3,0.08604812622070312,0.7564194534151083,0.11375715660432861,0.23546197618810538,2.2871725590242384,0.4046049178695383,0.18690539576299742,1.0,m4_cross_resid_transformer
XLV,F4,3,0.08709430694580078,0.7564194534151083,0.11514022617026101,-1.5481339060322723,1.1225131468265586,0.1029941720521454,0.16672289380860653,1.0,m4_cross_resid_transformer
XLY,F4,3,0.08006858825683594,0.7564194534151083,0.10585210083550806,-3.8736600820721403,0.9265345582663902,-0.04989399539017978,0.005937266945869548,1.0,m4_cross_resid_transformer
^GDAXI,F4,3,0.0899806022644043,0.7564194534151083,0.1189559600274118,1.7968083044364693,7.394619482931361,0.5436709962293069,-0.10695343653700987,1.0,m4_cross_resid_transformer
DBC,F1,4,0.12120676040649414,0.8780292641342988,0.1380441009856307,26.148263510976857,-0.378758957847154,2.621125266078223,-0.10284669543797569,1.0,m4_cross_resid_transformer
DIA,F1,4,0.10263872146606445,0.8780292641342988,0.1168966977054712,4.426196739943418,3.3441671820643823,1.4388452390732585,-0.4845781157113939,1.0,m4_cross_resid_transformer
EFA,F1,4,0.0853269100189209,0.8780292641342988,0.09718002976022647,12.077644024146597,-1.068978517948922,2.2788373384204497,-0.5024048640292912,1.0,m4_cross_resid_transformer
EWA,F1,4,0.09530901908874512,0.8780292641342988,0.10854879556060804,13.238424710907285,-1.1417497635883191,1.9438127992016903,-0.3217955933764476,1.0,m4_cross_resid_transformer
EWC,F1,4,0.10395383834838867,0.8780292641342988,0.11839450300199611,4.487434002560272,-3.2464784512225964,0.8364621959112386,0.21538317562740605,1.0,m4_cross_resid_transformer
EWG,F1,4,0.08741617202758789,0.8780292641342988,0.09955951993670357,15.221529427877446,-0.6781804295425994,3.3682230781648426,-0.7072804138008307,1.0,m4_cross_resid_transformer
EWJ,F1,4,0.10030293464660645,0.8780292641342988,0.1142364369204722,6.611628513602481,17.49294590407482,1.3723201853920748,-0.5160101241188306,1.0,m4_cross_resid_transformer
EWU,F1,4,0.08704590797424316,0.8780292641342988,0.09913782094730851,13.77605130280741,-1.005424744592069,2.369870366929127,-0.5070787397396234,1.0,m4_cross_resid_transformer
FXI,F1,4,0.09793651103973389,0.8780292641342988,0.11154128346313753,-3.2256175203584183,0.7680533862494752,-0.41085572786555613,0.10112784214455581,1.0,m4_cross_resid_transformer
GLD,F1,4,0.09985995292663574,0.8780292641342988,0.11373191874771235,14.593791117307592,-0.9215024423167448,3.307082281149209,-0.37930354551179957,1.0,m4_cross_resid_transformer
IWM,F1,4,0.09898257255554199,0.8780292641342988,0.11273265778121278,8.177334286354213,-4.558423642849691,2.163876478754978,-0.6407543710677688,1.0,m4_cross_resid_transformer
IYR,F1,4,0.09591150283813477,0.8780292641342988,0.10923497286015815,-2.302062590048166,0.8449383229051797,-0.268281708207892,-0.4707064527729998,1.0,m4_cross_resid_transformer
LQD,F1,4,0.1034092903137207,0.8780292641342988,0.11777430951083169,3.398015660851682,1.6403859605794506,0.6497973741473683,0.06160029569847709,1.0,m4_cross_resid_transformer
MDY,F1,4,0.10795354843139648,0.8780292641342988,0.12294982962536481,5.801351323090955,17.681916835909245,1.5663836729656895,-0.7769151642246566,1.0,m4_cross_resid_transformer
SPY,F1,4,0.10199165344238281,0.8780292641342988,0.11615974274267776,2.4784163800360446,1.7967538399010428,0.7175661166220471,-0.5734018873459888,1.0,m4_cross_resid_transformer
TIP,F1,4,0.09630298614501953,0.8780292641342988,0.10968083875879736,9.843614482000607,-2.3944538856710533,1.4334318129441315,0.1894021758387643,1.0,m4_cross_resid_transformer
TLT,F1,4,0.10041141510009766,0.8780292641342988,0.11435998684975407,-2.4422382187011022,0.7371261020936143,-0.883468461745074,0.39038727560650743,1.0,m4_cross_resid_transformer
USO,F1,4,0.11613106727600098,0.8780292641342988,0.1322633219867694,24.81490481231327,-0.4350231613351791,2.15544886350802,0.2752442777731626,1.0,m4_cross_resid_transformer
XLB,F1,4,0.10580134391784668,0.8780292641342988,0.12049865333607361,6.544004895252456,-6.1690847649522835,1.6016025082244196,-0.31613956512166835,1.0,m4_cross_resid_transformer
XLI,F1,4,0.10099554061889648,0.8780292641342988,0.1150252556997334,6.682360518022589,-9.879351743645977,2.140870561544343,-0.6657839302938007,1.0,m4_cross_resid_transformer
XLK,F1,4,0.10787320137023926,0.8780292641342988,0.1228583212162044,0.7876625990022421,1.2450279995410674,0.28746449563222826,-0.3486295265882369,1.0,m4_cross_resid_transformer
XLP,F1,4,0.09639453887939453,0.8780292641342988,0.10978510946834515,-1.9264690687558783,0.8019709641565701,-0.4988108039055559,-0.49790174619843075,1.0,m4_cross_resid_transformer
XLU,F1,4,0.1050565242767334,0.8780292641342988,0.11965036766777343,-0.8276222945354763,0.8884683838198046,-0.190797156269311,-0.23615247017929508,1.0,m4_cross_resid_transformer
XLV,F1,4,0.09183740615844727,0.8780292641342988,0.10459492628528186,0.08742629799848523,0.9727004161878798,-0.057217500511719026,-0.2922142387212107,1.0,m4_cross_resid_transformer
XLY,F1,4,0.11379837989807129,0.8780292641342988,0.1296065911997499,3.7379812317042003,2.1376858065945523,0.9216627471630622,-0.333231866366189,1.0,m4_cross_resid_transformer
^GDAXI,F1,4,0.07965278625488281,0.8780292641342988,0.09071768961301901,8.380034825535027,-3.0550180322637708,1.8053052575911968,-0.6856838480419565,1.0,m4_cross_resid_transformer
DBC,F2,4,0.15384221076965332,0.7628561499413108,0.2016660818445115,0.2153824004156526,0.7442628107075132,-0.19951751270411403,0.0568086884490338,1.0,m4_cross_resid_transformer
DIA,F2,4,0.09307074546813965,0.7628561499413108,0.12200300866067594,-6.544771565426496,0.2822991832376019,-1.5082137426296125,0.40465488439075703,1.0,m4_cross_resid_transformer
EFA,F2,4,0.08979678153991699,0.7628561499413108,0.11771129006015797,-1.9969584666414049,0.5896842940527611,-0.5141175166726206,0.16383194873283027,1.0,m4_cross_resid_transformer
EWA,F2,4,0.09992313385009766,0.7628561499413108,0.1309855519389666,-2.987668966259255,0.4832911565358621,-1.2764712119248143,0.1619683136430999,1.0,m4_cross_resid_transformer
EWC,F2,4,0.09919881820678711,0.7628561499413108,0.13003607326809757,-5.315379162955521,0.3194052305238369,-1.759086348038735,-0.23709876630631246,1.0,m4_cross_resid_transformer
EWG,F2,4,0.09883880615234375,0.7628561499413108,0.12956414673978545,-1.3932836502301358,0.7248627817999627,-0.2682009548986514,0.23083304389162412,1.0,m4_cross_resid_transformer
EWJ,F2,4,0.09646153450012207,0.7628561499413108,0.12644786898230184,-4.266154421727428,0.410939285848351,-1.6166516973927523,0.2576882220605159,1.0,m4_cross_resid_transformer
EWU,F2,4,0.09949684143066406,0.7628561499413108,0.1304267409239851,-1.6210372520080951,0.6502451203402423,-0.554598699249674,0.13850267494528978,1.0,m4_cross_resid_transformer
FXI,F2,4,0.09465146064758301,0.7628561499413108,0.12407510990750337,-1.869201869827343,0.6172801640005332,-0.6153197622992135,0.36448216180474213,1.0,m4_cross_resid_transformer
GLD,F2,4,0.20410490036010742,0.7628561499413108,0.2675535884135036,3.291374810860158,-1.7396486154943023,0.5587229957750058,-0.4734150913652327,1.0,m4_cross_resid_transformer
IWM,F2,4,0.1045379638671875,0.7628561499413108,0.13703496245685373,-5.375872164333906,0.33856119230590453,-2.1352441704521974,0.205025125657561,1.0,m4_cross_resid_transformer
IYR,F2,4,0.09351420402526855,0.7628561499413108,0.12258432213263658,1.351714529887659,75.45353719270405,0.4382834845327361,-0.32756506866983864,1.0,m4_cross_resid_transformer
LQD,F2,4,0.11511516571044922,0.7628561499413108,0.150900226365489,-2.2784588972695703,0.923235269455963,-0.023422723720169566,-0.06201051091728828,1.0,m4_cross_resid_transformer
MDY,F2,4,0.10102033615112305,0.7628561499413108,0.13242383398088212,-2.8212342231203644,0.4416077087129276,-1.2742017301290696,0.3159689348020107,1.0,m4_cross_resid_transformer
SPY,F2,4,0.10314607620239258,0.7628561499413108,0.13521038823679662,-3.9389964978254755,0.38597059282114404,-1.4595283699463766,0.2754731792909793,1.0,m4_cross_resid_transformer
TIP,F2,4,0.12817001342773438,0.7628561499413108,0.1680133448981108,1.4963322973908646,2.8204095666633444,0.28685608047014055,-0.15341989077801657,1.0,m4_cross_resid_transformer
TLT,F2,4,0.30124521255493164,0.7628561499413108,0.39489124204885484,5.6370971671928105,-0.5438772934124433,1.120389266605096,-0.10385618164597514,1.0,m4_cross_resid_transformer
USO,F2,4,0.20829463005065918,0.7628561499413108,0.27304575058703273,3.0263459113781948,8.812774882632796,0.8024723299556128,0.44539695828197057,1.0,m4_cross_resid_transformer
XLB,F2,4,0.09430623054504395,0.7628561499413108,0.12362256049492326,-4.311818339193943,0.36866452622792856,-1.4925679942079901,0.24677932071694095,1.0,m4_cross_resid_transformer
XLI,F2,4,0.09512805938720703,0.7628561499413108,0.1246998656227987,-7.158319524767196,0.2648581449568451,-2.6002956526189056,0.45931817544438286,1.0,m4_cross_resid_transformer
XLK,F2,4,0.09187984466552734,0.7628561499413108,0.1204419007077494,-5.242743936253696,0.3421281969713607,-1.9779695620016091,0.3624404588113659,1.0,m4_cross_resid_transformer
XLP,F2,4,0.132826566696167,0.7628561499413108,0.17411744888782218,2.1582458566079166,2.545246925102449,0.41292888963361707,-0.25637960465881826,1.0,m4_cross_resid_transformer
XLU,F2,4,0.10675311088562012,0.7628561499413108,0.1399387170095345,-0.4560053822706611,0.949684373799677,-0.032254142778685935,-0.24948134859526433,1.0,m4_cross_resid_transformer
XLV,F2,4,0.14310383796691895,0.7628561499413108,0.18758954486757226,0.47964471005700604,1.31590135010561,0.21592787683706247,0.38831586644596194,1.0,m4_cross_resid_transformer
XLY,F2,4,0.09091758728027344,0.7628561499413108,0.11918051298041976,-2.7678046120259907,0.44793104340492396,-0.8987778570439351,0.3304840197009855,1.0,m4_cross_resid_transformer
^GDAXI,F2,4,0.1041419506072998,0.7628561499413108,0.1365158432757104,-4.6426141452609215,0.3671881859824228,-1.4291314771253858,0.39247434936063447,1.0,m4_cross_resid_transformer
DBC,F3,4,0.1402449607849121,0.7983875855941837,0.17566024737288174,7.883257995349849,-1.3687566132160418,1.509578902489994,0.40002103184076593,1.0,m4_cross_resid_transformer
DIA,F3,4,0.1215357780456543,0.7983875855941837,0.15222653788536025,4.111783544600483,-31.32668257908865,1.0545443293698893,0.6652655321010692,1.0,m4_cross_resid_transformer
EFA,F3,4,0.13335752487182617,0.7983875855941837,0.16703356524835936,10.585577036056048,-0.7974147295554025,3.543172520369437,0.5718342693277008,1.0,m4_cross_resid_transformer
EWA,F3,4,0.1330575942993164,0.7983875855941837,0.16665789486229424,9.344591626452495,-1.0746473304679673,2.7718892392249836,0.5898149385480271,1.0,m4_cross_resid_transformer
EWC,F3,4,0.12017297744750977,0.7983875855941837,0.15051959676711843,8.691690951244674,-1.17909668373064,1.811979736303854,0.6368703895597541,1.0,m4_cross_resid_transformer
EWG,F3,4,0.1291646957397461,0.7983875855941837,0.16178194409625984,13.248829777982255,-0.5547999984920556,4.749678204749297,0.6490709486638865,1.0,m4_cross_resid_transformer
EWJ,F3,4,0.1275944709777832,0.7983875855941837,0.15981519913391892,11.150175107920383,-0.7046230757227292,3.3698752294950247,0.6903135602673497,1.0,m4_cross_resid_transformer
EWU,F3,4,0.1315913200378418,0.7983875855941837,0.16482135044711102,9.542188930760348,-1.0420100108223946,2.2126133584037437,0.6739246880008849,1.0,m4_cross_resid_transformer
FXI,F3,4,0.12903833389282227,0.7983875855941837,0.1616236727889351,10.933291852707885,-0.9310924101848752,2.296619175013251,0.4701456588717256,1.0,m4_cross_resid_transformer
GLD,F3,4,0.10644102096557617,0.7983875855941837,0.13331998503754242,11.492061704829924,-1.5725962147029924,0.9069233182292319,0.6418532994963541,1.0,m4_cross_resid_transformer
IWM,F3,4,0.1351161003112793,0.7983875855941837,0.16923622404614658,7.640033959711994,-1.3226632572129782,1.1282037933687896,0.2585876320009974,1.0,m4_cross_resid_transformer
IYR,F3,4,0.11904764175415039,0.7983875855941837,0.14911008625660382,-0.7392151832048892,0.9772297430800605,-0.02300104059115935,0.1890302084296009,1.0,m4_cross_resid_transformer
LQD,F3,4,0.10791635513305664,0.7983875855941837,0.1351678772068357,1.3027891487030923,2.1027397402101355,0.35637383882472634,0.12131883211382134,1.0,m4_cross_resid_transformer
MDY,F3,4,0.14072370529174805,0.7983875855941837,0.17625988659006678,8.818218262939613,-1.0414414069159805,1.822420703900478,0.48752046400852833,1.0,m4_cross_resid_transformer
SPY,F3,4,0.1181635856628418,0.7983875855941837,0.148002784355547,7.696489419363962,-1.108237811391256,1.7107951343977486,0.6770074147431969,1.0,m4_cross_resid_transformer
TIP,F3,4,0.11841869354248047,0.7983875855941837,0.1483223132212781,3.7199539064187244,7.36060300694447,1.0148779157809305,0.7011197907675566,1.0,m4_cross_resid_transformer
TLT,F3,4,0.12038898468017578,0.7983875855941837,0.15079015111511127,1.1776715756392901,1.3068811622127736,0.24196327849424074,0.6545030930868638,1.0,m4_cross_resid_transformer
USO,F3,4,0.1348423957824707,0.7983875855941837,0.16889340242197906,4.13098839287768,-2.4641518970986342,0.8396734303806651,0.35614307679817947,1.0,m4_cross_resid_transformer
XLB,F3,4,0.13051891326904297,0.7983875855941837,0.16347813471060793,8.475281588515028,-1.195811826528407,2.6981685945745224,0.6628527466253645,1.0,m4_cross_resid_transformer
XLI,F3,4,0.13225603103637695,0.7983875855941837,0.16565391724866074,7.049553474088405,-1.8319477219066043,1.7096225837385393,0.675616104511284,1.0,m4_cross_resid_transformer
XLK,F3,4,0.12046575546264648,0.7983875855941837,0.15088630839993875,3.9656918292700523,6.032789326189758,0.9069285788163868,0.4707621301713628,1.0,m4_cross_resid_transformer
XLP,F3,4,0.1407628059387207,0.7983875855941837,0.176308861107805,1.8074104323579738,2.146277574409031,0.4962187922197792,0.7572472762169435,1.0,m4_cross_resid_transformer
XLU,F3,4,0.10619020462036133,0.7983875855941837,0.13300583142375821,-2.6665140160252268,0.6224635061980238,-0.8616499721522761,0.20803138644702207,1.0,m4_cross_resid_transformer
XLV,F3,4,0.12748098373413086,0.7983875855941837,0.15967305358243483,2.0537554576704204,2.4106954589245966,0.504214463158088,0.5678372216573813,1.0,m4_cross_resid_transformer
XLY,F3,4,0.1166081428527832,0.7983875855941837,0.146054554149912,3.1457067139065487,5.834560440244238,0.7348203237150965,0.19950415364556512,1.0,m4_cross_resid_transformer
^GDAXI,F3,4,0.1388024091720581,0.7983875855941837,0.17385341615596045,12.596971316987926,-0.7099332902184391,2.8699137970217508,0.7394372455988516,1.0,m4_cross_resid_transformer
DBC,F4,4,0.08604669570922852,0.8358199282743403,0.10294884436039135,-6.14751972083938,0.7754029949933716,-0.12321387721239359,-0.05016016903472822,1.0,m4_cross_resid_transformer
DIA,F4,4,0.0782771110534668,0.8358199282743403,0.09365308053264552,-1.1587935483079281,1.511539517686874,0.28133410737001424,0.29067352759121035,1.0,m4_cross_resid_transformer
EFA,F4,4,0.08831024169921875,0.8358199282743403,0.10565701858957445,-4.4597983219202675,1.0110668462184327,0.005590084806218207,0.1365043085059431,1.0,m4_cross_resid_transformer
EWA,F4,4,0.0939946174621582,0.8358199282743403,0.11245797603345305,-3.3253898456252706,1.0454510145262,0.024719451291947216,0.28453317655632665,1.0,m4_cross_resid_transformer
EWC,F4,4,0.08406925201416016,0.8358199282743403,0.10058297148732998,-3.613938816607048,1.108574734638416,0.054542878480268786,0.04855493213228956,1.0,m4_cross_resid_transformer
EWG,F4,4,0.08852100372314453,0.8358199282743403,0.10590918058858412,-1.5383112386891273,1.294735607925203,0.146751822907916,-0.21187282252974776,1.0,m4_cross_resid_transformer
EWJ,F4,4,0.09262609481811523,0.8358199282743403,0.11082063454667077,-4.103907405690096,0.9189678037019472,-0.05537990618710422,-0.15439373604340378,1.0,m4_cross_resid_transformer
EWU,F4,4,0.08490228652954102,0.8358199282743403,0.10157963893590442,-0.9758981093052324,1.9704130012271985,0.27630400000052785,0.18458657913306326,1.0,m4_cross_resid_transformer
FXI,F4,4,0.08898162841796875,0.8358199282743403,0.10646028577194011,-2.26486436734836,1.0076376830079308,0.00667788918016981,0.07586736619328022,1.0,m4_cross_resid_transformer
GLD,F4,4,0.10262489318847656,0.8358199282743403,0.12278349644086507,1.3711749050101307,2.8642736640843345,0.6217079149704,0.060875977464035384,1.0,m4_cross_resid_transformer
IWM,F4,4,0.09173059463500977,0.8358199282743403,0.10974923130200975,-5.996492965684277,0.7303022007080878,-0.18937599001547273,-0.023076676307476292,1.0,m4_cross_resid_transformer
IYR,F4,4,0.09333562850952148,0.8358199282743403,0.11166954190985266,-0.41972758266630983,1.9548910464189453,0.34377477118502414,0.41250126275562177,1.0,m4_cross_resid_transformer
LQD,F4,4,0.0967411994934082,0.8358199282743403,0.11574406905222168,5.837260617872749,-2.594843683313288,1.5646106797397623,0.17231203178251092,1.0,m4_cross_resid_transformer
MDY,F4,4,0.08315229415893555,0.8358199282743403,0.09948589564095983,-4.178848571056735,0.8300010936441737,-0.1199556518150126,0.06996062603500308,1.0,m4_cross_resid_transformer
SPY,F4,4,0.08230161666870117,0.8358199282743403,0.09846811960875788,-3.729510012832792,0.8528076013721102,-0.1311920840296978,0.16860767642190352,1.0,m4_cross_resid_transformer
TIP,F4,4,0.09590625762939453,0.8358199282743403,0.11474511959460641,2.4013742414923374,2.7887255858600803,1.0244487910113074,0.1800934798234817,1.0,m4_cross_resid_transformer
TLT,F4,4,0.11373281478881836,0.8358199282743403,0.1360733465922913,8.483201106850693,-2.2332449332778093,0.9161423061918185,-0.2974512939203485,1.0,m4_cross_resid_transformer
USO,F4,4,0.09097957611083984,0.8358199282743403,0.1088506902421902,-1.4169606273032551,5.384096808186222,0.3574927980881306,-0.16928490333272384,1.0,m4_cross_resid_transformer
XLB,F4,4,0.09427642822265625,0.8358199282743403,0.11279514286923295,-2.425104423076304,1.00443780411518,0.0034106328717174875,0.12170484609348196,1.0,m4_cross_resid_transformer
XLI,F4,4,0.0843815803527832,0.8358199282743403,0.10095665046776287,-5.413454320386194,0.7219650557820997,-0.2493950217759234,-0.02089373995131146,1.0,m4_cross_resid_transformer
XLK,F4,4,0.07531976699829102,0.8358199282743403,0.09011482551486723,-3.7344895307886823,0.6873255537524637,-0.5214417896064265,0.3839000362792743,1.0,m4_cross_resid_transformer
XLP,F4,4,0.08709478378295898,0.8358199282743403,0.1042028083283173,-1.4469009785855418,1.2013367460299234,0.13620127922026362,-0.014113090497936694,1.0,m4_cross_resid_transformer
XLU,F4,4,0.09901762008666992,0.8358199282743403,0.11846764684243025,-0.052619762022094285,1.7859265614416475,0.3590443848663859,0.18360042912340063,1.0,m4_cross_resid_transformer
XLV,F4,4,0.07889938354492188,0.8358199282743403,0.09439758598221029,-0.25513245948380003,1.4137858846680758,0.26777227875071113,0.22790859759273305,1.0,m4_cross_resid_transformer
XLY,F4,4,0.0790705680847168,0.8358199282743403,0.09460239629362313,-5.949630206644365,0.6552406281433109,-0.35976965742628825,-0.10090718522032063,1.0,m4_cross_resid_transformer
^GDAXI,F4,4,0.0885472297668457,0.8358199282743403,0.10594055821289527,0.6508108088365008,2.1863803815145353,0.42479030152204983,0.18912981674637022,1.0,m4_cross_resid_transformer
DBC,F5,4,0.12459015846252441,0.8135976299802998,0.15313485913859065,6.253276238744679,4.410418949013507,0.5673745073712317,-0.06397646512690422,1.0,m4_cross_resid_transformer
DIA,F5,4,0.1024923324584961,0.8135976299802998,0.1259742269172758,8.910751888685345,-1.7547240325408888,2.0969669482274385,0.6408744615600841,1.0,m4_cross_resid_transformer
EFA,F5,4,0.11382341384887695,0.8135976299802998,0.13990135867484402,10.714908562498376,-1.2784733898532354,2.168398653850189,0.7285864522440929,1.0,m4_cross_resid_transformer
EWA,F5,4,0.10427069664001465,0.8135976299802998,0.12816002996781029,7.456419829662602,-2.6571851856340234,1.7184997954196704,0.4330468777142651,1.0,m4_cross_resid_transformer
EWC,F5,4,0.12215781211853027,0.8135976299802998,0.1501452408624742,10.070036900220629,-1.2241648654898691,2.69253702215258,0.5230071943414152,1.0,m4_cross_resid_transformer
EWG,F5,4,0.1052093505859375,0.8135976299802998,0.12931373778520594,11.686159311219637,-0.7666846217807148,1.997128985676322,0.6745242201345703,1.0,m4_cross_resid_transformer
EWJ,F5,4,0.10535931587219238,0.8135976299802998,0.1294980614370073,9.440501977741835,-1.5115003640477853,1.7017247931280515,0.7683414962455918,1.0,m4_cross_resid_transformer
EWU,F5,4,0.10287046432495117,0.8135976299802998,0.12643899211879714,11.636787061581543,-1.0369078263520877,3.194937965853974,0.6629486141108196,1.0,m4_cross_resid_transformer
FXI,F5,4,0.1203765869140625,0.8135976299802998,0.1479559213034793,11.781034298553688,-0.8572933840647798,3.7273787260299382,0.4700745719427003,1.0,m4_cross_resid_transformer
GLD,F5,4,0.1089482307434082,0.8135976299802998,0.13390922825825616,11.635781677817747,-1.5072944223952416,1.8059733981952995,0.2146127636354839,1.0,m4_cross_resid_transformer
IWM,F5,4,0.12508535385131836,0.8135976299802998,0.1537435081446183,8.64679274826857,-2.2238459088882325,1.9727228792303315,0.8425962541330904,1.0,m4_cross_resid_transformer
IYR,F5,4,0.10134458541870117,0.8135976299802998,0.12456352093989641,11.047377528489612,-0.9247101461237516,2.924289751098356,0.5533465890749015,1.0,m4_cross_resid_transformer
LQD,F5,4,0.12346434593200684,0.8135976299802998,0.15175111305940794,13.511998876188592,-0.8149418868052879,1.9139917934380202,0.6032035697296683,1.0,m4_cross_resid_transformer
MDY,F5,4,0.10893535614013672,0.8135976299802998,0.13389340397018418,7.63974887152758,-3.8589112809767925,1.8517264884637896,0.7960707105096817,1.0,m4_cross_resid_transformer
SPY,F5,4,0.09699010848999023,0.8135976299802998,0.11921139506310843,11.499784066987019,-1.086137421231694,2.904337077047288,0.8846083154755211,1.0,m4_cross_resid_transformer
TIP,F5,4,0.12479281425476074,0.8135976299802998,0.1533839451545384,15.528314264447424,-0.6360886485020362,5.704744715368764,0.6223980574720785,1.0,m4_cross_resid_transformer
TLT,F5,4,0.15135622024536133,0.8135976299802998,0.18603326099785494,15.4045460072599,-0.6366329291554349,3.5948394718335326,0.5039859987999519,1.0,m4_cross_resid_transformer
USO,F5,4,0.11430025100708008,0.8135976299802998,0.1404874434182505,7.278416038979422,7.108604309480988,0.7083238901063676,-0.15849008719252033,1.0,m4_cross_resid_transformer
XLB,F5,4,0.11108231544494629,0.8135976299802998,0.13653225052737186,7.325549049912418,-3.234101195115667,1.809429664270568,0.7527350131683003,1.0,m4_cross_resid_transformer
XLI,F5,4,0.10502409934997559,0.8135976299802998,0.12908604386239253,7.611229311481727,-5.405838815046078,1.3504487091908575,0.8402004284584694,1.0,m4_cross_resid_transformer
XLK,F5,4,0.11711740493774414,0.8135976299802998,0.14395003208229598,8.094107480047839,-4.626003011730288,1.699675192604646,0.8410143265421746,1.0,m4_cross_resid_transformer
XLP,F5,4,0.12906265258789062,0.8135976299802998,0.15863204098937175,5.674060572874336,-8.342068716428832,1.9383336882501714,0.47536398040311867,1.0,m4_cross_resid_transformer
XLU,F5,4,0.1173710823059082,0.8135976299802998,0.14426182916578822,4.304697618481842,10.045120906916571,1.1098066629401073,0.456219942308139,1.0,m4_cross_resid_transformer
XLV,F5,4,0.10454988479614258,0.8135976299802998,0.1285031825850748,5.226095853735148,17.76898845406195,1.6647947717213876,0.5668004924738158,1.0,m4_cross_resid_transformer
XLY,F5,4,0.10814666748046875,0.8135976299802998,0.13292401980458987,10.351332641907035,-1.6855819570042663,1.6715258214933384,0.5788121256416916,1.0,m4_cross_resid_transformer
^GDAXI,F5,4,0.10210466384887695,0.8135976299802998,0.12549774002088634,8.662446942922887,-1.6910819741687275,1.4565571548096246,0.494034959168055,1.0,m4_cross_resid_transformer
DBC,F1,5,0.10860264301300049,0.8256234046482731,0.13154017001161286,25.828965179691604,-0.03392326776140764,2.461211563298365,-0.2814045210430326,1.0,m4_cross_resid_transformer
DIA,F1,5,0.10208749771118164,0.8256234046482731,0.12364898710044722,-3.7567118058216105,0.18103056413372906,-0.8483416836279086,-0.14409924778340943,1.0,m4_cross_resid_transformer
EFA,F1,5,0.09843778610229492,0.8256234046482731,0.11922843459631667,8.815107014143324,-0.08685010166935109,1.4824368354301283,-0.38182026213072645,1.0,m4_cross_resid_transformer
EWA,F1,5,0.09989804029464722,0.8256234046482731,0.12099710319768024,8.660322685661091,-0.10874935927617256,0.8813354802847664,-0.4192621867913801,1.0,m4_cross_resid_transformer
EWC,F1,5,0.09719023108482361,0.8256234046482731,0.11771738850623788,0.17216294954473038,-0.23392119058342498,0.33975990209267415,-0.2459838611587792,1.0,m4_cross_resid_transformer
EWG,F1,5,0.10514646768569946,0.8256234046482731,0.12735402980792834,5.424489901332876,-0.17376031210807394,0.8803690118337346,-0.15610625967599043,1.0,m4_cross_resid_transformer
EWJ,F1,5,0.09228365123271942,0.8256234046482731,0.11177450967736739,0.9843227777784532,-2.086302296650921,0.18886410668101075,0.128223512020652,1.0,m4_cross_resid_transformer
EWU,F1,5,0.09922021627426147,0.8256234046482731,0.12017611869485537,3.9046828961076256,-0.20608272334769587,0.7313183366966828,-0.23939710219594215,1.0,m4_cross_resid_transformer
FXI,F1,5,0.10701972246170044,0.8256234046482731,0.1296229271834806,-10.049039112524078,0.07066700289702656,-1.4949279101505135,0.20253486760544828,1.0,m4_cross_resid_transformer
GLD,F1,5,0.09128683805465698,0.8256234046482731,0.11056716360111718,10.01566755725782,-0.08027355721483853,2.5861586819194162,-0.2558233009719458,1.0,m4_cross_resid_transformer
IWM,F1,5,0.10159860551357269,0.8256234046482731,0.12305683795005193,7.022012688212438,-0.13543513360235118,1.5962226124672783,-0.16862461698575407,1.0,m4_cross_resid_transformer
IYR,F1,5,0.09452381730079651,0.8256234046482731,0.11448781220181731,-6.421916458107294,0.11387767284137443,-0.7911025433449196,-0.35762959193383026,1.0,m4_cross_resid_transformer
LQD,F1,5,0.11300104856491089,0.8256234046482731,0.13686754509224563,-0.9672754210179562,0.3687352852738284,-0.2357410732676621,-0.18638173224916615,1.0,m4_cross_resid_transformer
MDY,F1,5,0.09794095158576965,0.8256234046482731,0.11862666566180236,0.6784788041847607,-0.9229894410780297,0.3026165469378847,-0.3333346001345713,1.0,m4_cross_resid_transformer
SPY,F1,5,0.10976821184158325,0.8256234046482731,0.13295191393992278,-4.511686969745149,0.15149080625930914,-0.857465082827945,-0.23217062435067487,1.0,m4_cross_resid_transformer
TIP,F1,5,0.0996469259262085,0.8256234046482731,0.12069295197446522,0.42154785790545957,2.3225697972813673,0.05888657575924534,0.17973601950172977,1.0,m4_cross_resid_transformer
TLT,F1,5,0.09544935822486877,0.8256234046482731,0.11560883289825281,-12.765825190667154,0.05087144353875166,-4.172012562291861,0.3047616127394578,1.0,m4_cross_resid_transformer
USO,F1,5,0.1178465187549591,0.8256234046482731,0.14273640753336364,19.73773855790825,-0.04691608298484218,1.826821309030166,-0.27430686646876395,1.0,m4_cross_resid_transformer
XLB,F1,5,0.10467593371868134,0.8256234046482731,0.12678411625609706,-1.1595982121575767,1.0720220399916118,0.007615335448828493,-0.39848802002713424,1.0,m4_cross_resid_transformer
XLI,F1,5,0.10194119811058044,0.8256234046482731,0.12347178815020245,0.009389078314058608,0.9021678438387499,-0.01675637332063405,-0.2922349233185168,1.0,m4_cross_resid_transformer
XLK,F1,5,0.10604351758956909,0.8256234046482731,0.12844054201048852,-7.102656477381306,0.1147035150031987,-0.9500394242051022,-0.14195756905704365,1.0,m4_cross_resid_transformer
XLP,F1,5,0.10607057809829712,0.8256234046482731,0.1284733178603199,-3.201662410529198,0.1584174557415088,-0.8021687626691004,0.014922227130324683,1.0,m4_cross_resid_transformer
XLU,F1,5,0.11652928590774536,0.8256234046482731,0.14114096723964412,-5.824638641656621,0.093332868806847,-1.2056417143586817,-0.18814005130381792,1.0,m4_cross_resid_transformer
XLV,F1,5,0.10883519053459167,0.8256234046482731,0.13182183295900746,-10.552437673851227,0.06302322824710758,-2.9051617571982895,0.19431094919006978,1.0,m4_cross_resid_transformer
XLY,F1,5,0.09374821186065674,0.8256234046482731,0.11354839425923828,-5.029471017535871,0.1272930217718289,-1.4116828957928758,-0.050567861373768154,1.0,m4_cross_resid_transformer
^GDAXI,F1,5,0.10144150257110596,0.8256234046482731,0.12286655392760024,4.07317093866771,-0.26072210635807486,0.893320072384224,-0.039170722417232934,1.0,m4_cross_resid_transformer
DBC,F5,5,0.4170699119567871,0.7919207596256567,0.526656116647248,3.321836978733929,1.1315649455207386,0.01245712869692045,-0.19291448337798603,1.0,m4_cross_resid_transformer
DIA,F5,5,0.15293824672698975,0.7919207596256567,0.19312316903939242,5.392590328986155,-0.36974692384655883,1.1899826469029129,0.5405703080719808,1.0,m4_cross_resid_transformer
EFA,F5,5,0.20182329416275024,0.7919207596256567,0.2548528899004399,6.819277356190968,-0.3552131841973361,1.1576130748778668,0.8010110297234668,1.0,m4_cross_resid_transformer
EWA,F5,5,0.18417179584503174,0.7919207596256567,0.23256341446597548,5.937915788258806,-0.32594182850942977,1.100139891004864,0.6393755084376266,1.0,m4_cross_resid_transformer
EWC,F5,5,0.14636754989624023,0.7919207596256567,0.18482600451771036,7.993893227817575,-0.22743214469809842,1.7501948956676106,0.3945998759260358,1.0,m4_cross_resid_transformer
EWG,F5,5,0.43014878034591675,0.7919207596256567,0.5431714917402208,6.987898354957075,-0.29950108257429753,1.087220866825836,0.917514480285984,1.0,m4_cross_resid_transformer
EWJ,F5,5,0.2949749827384949,0.7919207596256567,0.3724804270542553,6.60223166511853,-0.3427046378352615,1.1694830094667164,0.8352994928507387,1.0,m4_cross_resid_transformer
EWU,F5,5,0.146266907453537,0.7919207596256567,0.18469891801128915,9.142201229649565,-0.21322752171823986,2.1043601587307292,0.6180100140011058,1.0,m4_cross_resid_transformer
FXI,F5,5,0.3355581760406494,0.7919207596256567,0.4237269600045196,9.175117767198834,-0.2066653160703267,1.976354492127147,0.7552051969072451,1.0,m4_cross_resid_transformer
GLD,F5,5,0.21430671215057373,0.7919207596256567,0.2706163584496474,7.458651128197415,-0.3858058772994436,0.8696049756838815,-0.00364913398493574,1.0,m4_cross_resid_transformer
IWM,F5,5,0.22825002670288086,0.7919207596256567,0.2882233151846851,4.382612274977475,-0.7813553563206936,0.9680601171082965,0.8071811201651956,1.0,m4_cross_resid_transformer
IYR,F5,5,0.3334287405014038,0.7919207596256567,0.42103800973599503,6.936962084403753,-0.26190071992317393,1.9696826907167873,0.5043690649464605,1.0,m4_cross_resid_transformer
LQD,F5,5,1.0244929790496826,0.7919207596256567,1.2936811752907746,11.117067563686213,-0.26293153911912664,1.6707809876988735,0.9346699681065188,1.0,m4_cross_resid_transformer
MDY,F5,5,0.1818879246711731,0.7919207596256567,0.22967945019796182,5.131043097068397,-0.5566594804588288,1.2094580181343701,0.5094290970961911,1.0,m4_cross_resid_transformer
SPY,F5,5,0.2048196792602539,0.7919207596256567,0.25863658297968195,6.054839322483205,-0.3786200210225938,1.087705931559614,0.771127869203045,1.0,m4_cross_resid_transformer
TIP,F5,5,0.9016550779342651,0.7919207596256567,1.138567296001282,10.491261634886358,-0.20472122954890304,2.6336902661395047,0.7558507996177961,1.0,m4_cross_resid_transformer
TLT,F5,5,1.0207440853118896,0.7919207596256567,1.2889472499677852,12.58966738592934,-0.21329974757963815,2.761360056731908,0.910470410943872,1.0,m4_cross_resid_transformer
USO,F5,5,0.24456584453582764,0.7919207596256567,0.3088261566112178,1.5947131510396757,0.45573766690922024,-0.18289490538905084,-0.3885754483928025,1.0,m4_cross_resid_transformer
XLB,F5,5,0.20101869106292725,0.7919207596256567,0.25383687524235304,5.231419762082224,-0.4364360859217461,1.1623518807940387,0.7088494625874358,1.0,m4_cross_resid_transformer
XLI,F5,5,0.1532599925994873,0.7919207596256567,0.19352945447715472,6.1697388144766165,-0.40687202864493066,1.040884617225485,0.5583182762605848,1.0,m4_cross_resid_transformer
XLK,F5,5,0.3319949507713318,0.7919207596256567,0.41922748802325477,3.7423530707213963,-0.9755095100608067,0.8768361122969364,0.8878655129964447,1.0,m4_cross_resid_transformer
XLP,F5,5,0.1804661750793457,0.7919207596256567,0.2278841322011215,4.517079175717473,-0.4097055598352067,1.4087777913264325,0.6818911887170429,1.0,m4_cross_resid_transformer
XLU,F5,5,0.2958821654319763,0.7919207596256567,0.3736259743611731,2.5050733700224783,-0.797123289964715,0.6211877574375297,0.5821881208613139,1.0,m4_cross_resid_transformer
XLV,F5,5,0.15729820728302002,0.7919207596256567,0.19862872057726502,4.179280892764419,-0.4458261485987953,1.215968604028836,0.4525261342277596,1.0,m4_cross_resid_transformer
XLY,F5,5,0.5087437033653259,0.7919207596256567,0.6424174353073034,6.560418966497596,-0.4886984288871815,1.021102825093637,0.8778216558242729,1.0,m4_cross_resid_transformer
^GDAXI,F5,5,0.2393796443939209,0.7919207596256567,0.30227726888619055,4.404272339193602,-0.7496113424133921,0.7260110432015416,0.8408868197367078,1.0,m4_cross_resid_transformer
DBC,F2,5,0.09264755249023438,0.8075119627043038,0.11473211143518405,-0.6847575303651414,0.7844276251049943,-0.3829100754109382,0.2004398783332015,1.0,m4_cross_resid_transformer
DIA,F2,5,0.10618972778320312,0.8075119627043038,0.13150235871129487,-7.127114169596547,0.3870060576361057,-2.0435320188597386,0.4801067630128552,1.0,m4_cross_resid_transformer
EFA,F2,5,0.11109304428100586,0.8075119627043038,0.13757448732890923,-1.9170246303441427,0.8136673058974057,-0.3723088053769761,0.24673528583530263,1.0,m4_cross_resid_transformer
EWA,F2,5,0.11054039001464844,0.8075119627043038,0.1368900958995778,-0.8424293857292398,0.7876352085582252,-0.49605186810743823,0.4200693538929111,1.0,m4_cross_resid_transformer
EWC,F2,5,0.09614944458007812,0.8075119627043038,0.1190687556603868,-1.0432526929237085,0.7602679886974287,-0.44917191085423663,0.08168878351122615,1.0,m4_cross_resid_transformer
EWG,F2,5,0.10065507888793945,0.8075119627043038,0.12464840588968155,-0.47375704525636575,0.9477549167762449,-0.08571321570359147,0.3566814802857107,1.0,m4_cross_resid_transformer
EWJ,F2,5,0.09276962280273438,0.8075119627043038,0.11488327986133491,-1.9025069210252532,0.745706420137924,-0.7136408172920721,0.36862746146279524,1.0,m4_cross_resid_transformer
EWU,F2,5,0.09984683990478516,0.8075119627043038,0.12364750556809677,1.3057169152403088,1.2970558940697128,0.5234014769840889,0.3417966876766889,1.0,m4_cross_resid_transformer
FXI,F2,5,0.08733510971069336,0.8075119627043038,0.10815333238929847,-2.076093810746248,0.7381998641843213,-0.7061035832634366,0.4375072852400945,1.0,m4_cross_resid_transformer
GLD,F2,5,0.19761371612548828,0.8075119627043038,0.24471924287498242,7.696643547167269,-2.267516685602302,1.1510250094564085,-0.3025249297572758,1.0,m4_cross_resid_transformer
IWM,F2,5,0.09335088729858398,0.8075119627043038,0.11560310139054544,-3.62937975602137,0.5742897220288127,-1.6095394286669926,0.1408274286821958,1.0,m4_cross_resid_transformer
IYR,F2,5,0.1077423095703125,0.8075119627043038,0.13342503213140108,3.1868603773025455,3.552217831064345,0.7222952961918779,-0.11487409195010745,1.0,m4_cross_resid_transformer
LQD,F2,5,0.11755084991455078,0.8075119627043038,0.1455716513732884,-0.9967742949036058,1.189310574161086,0.08349272213998785,-0.02468083528673293,1.0,m4_cross_resid_transformer
MDY,F2,5,0.0827946662902832,0.8075119627043038,0.10253057553848413,-3.6472432003726922,0.5239189163665542,-1.5212071375869174,0.14178290995406187,1.0,m4_cross_resid_transformer
SPY,F2,5,0.10306024551391602,0.8075119627043038,0.12762689628618518,-3.113324720255047,0.5686036436862969,-1.5054843741405455,0.3938108066418189,1.0,m4_cross_resid_transformer
TIP,F2,5,0.106658935546875,0.8075119627043038,0.13208341234931223,1.9717817274274596,4.478612461657533,0.6250861161633408,-0.3019854242283525,1.0,m4_cross_resid_transformer
TLT,F2,5,0.24478673934936523,0.8075119627043038,0.3031369820573193,3.704580048529293,-2.209173333730705,0.9825934663895869,-0.22198548166599547,1.0,m4_cross_resid_transformer
USO,F2,5,0.17661762237548828,0.8075119627043038,0.21871827357703486,5.252051355353304,-16.409438636723806,1.8820614977047745,0.33095715737323006,1.0,m4_cross_resid_transformer
XLB,F2,5,0.10777711868286133,0.8075119627043038,0.13346813875292068,-3.3551369845645755,0.5504247420148294,-1.2472711302554431,0.4141935973421692,1.0,m4_cross_resid_transformer
XLI,F2,5,0.10175895690917969,0.8075119627043038,0.12601541724335044,-5.172919836250012,0.47189790095020845,-1.860718306716338,0.31572991403043577,1.0,m4_cross_resid_transformer
XLK,F2,5,0.09151458740234375,0.8075119627043038,0.11332907947997141,-4.953767290367921,0.51948273082049,-1.7180964299641999,0.5422449002399089,1.0,m4_cross_resid_transformer
XLP,F2,5,0.11096382141113281,0.8075119627043038,0.1374144613777886,0.944874208657807,1.4679439938847567,0.39888441251891155,0.0011408096000864471,1.0,m4_cross_resid_transformer
XLU,F2,5,0.12018966674804688,0.8075119627043038,0.14883948758547141,3.6528264709761453,3.2324332068468435,0.80047541045915,0.012264697509871624,1.0,m4_cross_resid_transformer
XLV,F2,5,0.10448217391967773,0.8075119627043038,0.1293877722501768,1.9069573619481335,1.7444745699682855,0.6438491444008065,0.4782335430451958,1.0,m4_cross_resid_transformer
XLY,F2,5,0.117095947265625,0.8075119627043038,0.1450083127852106,-0.8320542288796684,0.7630175684202714,-0.5102417391324555,0.3461316549766971,1.0,m4_cross_resid_transformer
^GDAXI,F2,5,0.1051931381225586,0.8075119627043038,0.13026821023217264,-0.7861234556403875,0.8916744787166794,-0.2088108666656066,0.432566421833619,1.0,m4_cross_resid_transformer
DBC,F3,5,0.07881355285644531,0.7799532104173104,0.10104907807774326,12.234774062761936,-0.8368486282202183,2.2256482486895557,0.5255050394802147,1.0,m4_cross_resid_transformer
DIA,F3,5,0.07455825805664062,0.7799532104173104,0.09559324464700719,6.950909843959838,-1.8052685075210821,2.043971781833059,0.5583888326216379,1.0,m4_cross_resid_transformer
EFA,F3,5,0.07775640487670898,0.7799532104173104,0.09969367884915273,11.562848431600464,-0.8004805280683644,4.039890810379749,0.7324973735489396,1.0,m4_cross_resid_transformer
EWA,F3,5,0.07453298568725586,0.7799532104173104,0.09556084222972469,10.527000759697668,-1.0626204693224848,3.564762740097164,0.6388321740511446,1.0,m4_cross_resid_transformer
EWC,F3,5,0.06912803649902344,0.7799532104173104,0.08863100449581687,11.754730804851278,-0.8722286611482014,2.901952361145034,0.4280736443121945,1.0,m4_cross_resid_transformer
EWG,F3,5,0.07492208480834961,0.7799532104173104,0.0960597171826024,12.22743042080431,-0.8428322923137148,3.3937811242596276,0.08969246776755112,1.0,m4_cross_resid_transformer
EWJ,F3,5,0.07310104370117188,0.7799532104173104,0.09372490903917108,11.008553024862128,-0.938368561019496,4.169393198093221,0.5182799365041265,1.0,m4_cross_resid_transformer
EWU,F3,5,0.07034587860107422,0.7799532104173104,0.09019243418901499,14.380209979971994,-0.6514872533285643,3.8305921234932643,0.5768210666767555,1.0,m4_cross_resid_transformer
FXI,F3,5,0.07016372680664062,0.7799532104173104,0.08995889223803546,7.994609476289469,-1.8672080181846926,2.5304042501004402,0.48660883290047896,1.0,m4_cross_resid_transformer
GLD,F3,5,0.07169818878173828,0.7799532104173104,0.09192626919681053,12.316445013067385,-1.690157376163918,1.135135006014519,0.30761413237780055,1.0,m4_cross_resid_transformer
IWM,F3,5,0.07161808013916016,0.7799532104173104,0.09182355964768865,8.75443798040461,-1.6106777134132855,1.430663449624987,0.16674483836315143,1.0,m4_cross_resid_transformer
IYR,F3,5,0.06845712661743164,0.7799532104173104,0.08777081202192112,2.2919610070240974,1.906313563088907,0.7040673192592769,0.2752700483149999,1.0,m4_cross_resid_transformer
LQD,F3,5,0.06485128402709961,0.7799532104173104,0.08314765957870887,4.789612993113898,-5.12886088432908,1.0737868817075455,-0.010751488934880432,1.0,m4_cross_resid_transformer
MDY,F3,5,0.07348442077636719,0.7799532104173104,0.09421644759568294,11.012684060617062,-0.7810507073530699,2.234154092813575,0.20402787419142476,1.0,m4_cross_resid_transformer
SPY,F3,5,0.07364130020141602,0.7799532104173104,0.09441758712937995,5.9007248169241615,-3.738435665193503,1.3534504465697343,0.33451877318754225,1.0,m4_cross_resid_transformer
TIP,F3,5,0.07277727127075195,0.7799532104173104,0.09330979127813681,6.806249874823562,-2.85714571786749,1.8350914656217767,0.5566987894944937,1.0,m4_cross_resid_transformer
TLT,F3,5,0.07318305969238281,0.7799532104173104,0.09383006405374825,4.835767012511168,5.54930533411897,1.006952925197872,0.4627515926522091,1.0,m4_cross_resid_transformer
USO,F3,5,0.07269096374511719,0.7799532104173104,0.09319913396628526,8.548437934585674,-1.203820917946809,1.848641778890091,0.553438138970449,1.0,m4_cross_resid_transformer
XLB,F3,5,0.07564353942871094,0.7799532104173104,0.09698471449106313,10.048456096832433,-1.0349218420609905,3.5801838346848247,0.5329514036423091,1.0,m4_cross_resid_transformer
XLI,F3,5,0.0644216537475586,0.7799532104173104,0.08259681848490641,7.075064964118531,-1.8766516245477454,1.8484567570066603,0.5210457830137512,1.0,m4_cross_resid_transformer
XLK,F3,5,0.06928777694702148,0.7799532104173104,0.0888358122276968,4.897241963897137,-10.66325261180958,1.4023587909867143,0.28479098411030757,1.0,m4_cross_resid_transformer
XLP,F3,5,0.06821537017822266,0.7799532104173104,0.08746084927546402,3.6347388713787994,7.260195316513904,0.9348674470731823,0.12710436870605457,1.0,m4_cross_resid_transformer
XLU,F3,5,0.07740640640258789,0.7799532104173104,0.09924493593810832,-0.82486523692031,0.8790389626592192,-0.2555499413946991,0.20361587003581547,1.0,m4_cross_resid_transformer
XLV,F3,5,0.06746482849121094,0.7799532104173104,0.08649855861881021,-0.2053612355454666,1.0035787846469943,0.004767255212196712,0.19160267162215272,1.0,m4_cross_resid_transformer
XLY,F3,5,0.07323265075683594,0.7799532104173104,0.0938936461555856,7.083411940427496,-1.5863935914272327,1.8856185358249673,0.165769716109183,1.0,m4_cross_resid_transformer
^GDAXI,F3,5,0.07151031494140625,0.7799532104173104,0.09168539084946517,11.900632605097647,-0.7957772218879032,3.4798137007951406,0.49412903737436403,1.0,m4_cross_resid_transformer
DBC,F4,5,0.11420440673828125,0.7687848019041884,0.14855185281422126,-4.834955506940803,1.010055692062431,0.005227118205573323,0.615222728546671,1.0,m4_cross_resid_transformer
DIA,F4,5,0.08511066436767578,0.7687848019041884,0.11070804750154634,-2.874858377470739,1.0532865016969037,0.03280173059356561,0.37225514887903166,1.0,m4_cross_resid_transformer
EFA,F4,5,0.09005880355834961,0.7687848019041884,0.11714435994999468,-3.678854860490853,1.0370739611342372,0.02062518274705655,0.3813419567834839,1.0,m4_cross_resid_transformer
EWA,F4,5,0.08896780014038086,0.7687848019041884,0.11572523275696686,-2.0317987536675046,1.6618774043607514,0.21865464472015547,0.5158556044945425,1.0,m4_cross_resid_transformer
EWC,F4,5,0.09328055381774902,0.7687848019041884,0.12133506487993025,-3.202585168652769,1.556353981334185,0.16646506338731892,0.5099750109216524,1.0,m4_cross_resid_transformer
EWG,F4,5,0.08500957489013672,0.7687848019041884,0.11057655494694761,1.8168152425716717,4.0279345416379915,0.4632651320768936,0.6207085559535737,1.0,m4_cross_resid_transformer
EWJ,F4,5,0.09198713302612305,0.7687848019041884,0.11965264245375543,-4.8833362958032165,0.9398380819148364,-0.030026449422431697,0.11908698059654695,1.0,m4_cross_resid_transformer
EWU,F4,5,0.09852361679077148,0.7687848019041884,0.12815500065394142,0.10684595708334133,2.8476249121188184,0.35915415166424336,0.4809245976428623,1.0,m4_cross_resid_transformer
FXI,F4,5,0.08874845504760742,0.7687848019041884,0.11543991872340356,0.6848814622558814,2.107464404464807,0.5699159682490392,0.23695669713967252,1.0,m4_cross_resid_transformer
GLD,F4,5,0.09891414642333984,0.7687848019041884,0.12866298368326387,1.2308475717045373,3.924709223784391,0.6054584382236552,-0.0035598666068822793,1.0,m4_cross_resid_transformer
IWM,F4,5,0.09471464157104492,0.7687848019041884,0.123200460436325,-5.069988943901425,0.8582784528650632,-0.08437409406805123,0.38090024758325014,1.0,m4_cross_resid_transformer
IYR,F4,5,0.09515571594238281,0.7687848019041884,0.12377418974294684,0.05705192995855857,1.7193866097505557,0.32429342555801116,0.5026480834648687,1.0,m4_cross_resid_transformer
LQD,F4,5,0.09324526786804199,0.7687848019041884,0.1212891665354005,5.222488889027857,-4.299678177459943,1.1303711315526492,0.5942284837035829,1.0,m4_cross_resid_transformer
MDY,F4,5,0.08736658096313477,0.7687848019041884,0.11364244031195485,-4.75510878993742,0.8946485632524579,-0.06198050073392749,0.4214872485713799,1.0,m4_cross_resid_transformer
SPY,F4,5,0.07799720764160156,0.7687848019041884,0.10145518934350908,-5.315131303969887,0.7440184328906525,-0.23088235044365538,0.4414040671078741,1.0,m4_cross_resid_transformer
TIP,F4,5,0.07837724685668945,0.7687848019041884,0.10194952691905244,1.521491964658555,1.8436516781263368,0.6737890160368221,0.6063756227866146,1.0,m4_cross_resid_transformer
TLT,F4,5,0.09877634048461914,0.7687848019041884,0.12848373204043825,8.899465515424001,-2.69536165055323,0.8090274704197329,-0.3935327785954312,1.0,m4_cross_resid_transformer
USO,F4,5,0.5257129669189453,0.7687848019041884,0.6838233087033158,0.878918841623741,13.27686584287565,0.4944412714718502,0.9388599460042371,1.0,m4_cross_resid_transformer
XLB,F4,5,0.08339452743530273,0.7687848019041884,0.10847577531286313,-4.119794395582819,0.8316460050462068,-0.15104717667010875,0.38330114822440353,1.0,m4_cross_resid_transformer
XLI,F4,5,0.10310840606689453,0.7687848019041884,0.1341186842033132,-4.75545291308474,0.9282677181661978,-0.04732299895171192,0.5576915586967345,1.0,m4_cross_resid_transformer
XLK,F4,5,0.08166623115539551,0.7687848019041884,0.10622768680275414,-4.577137976794347,0.7027529352632752,-0.3829911265381971,0.5236368266812721,1.0,m4_cross_resid_transformer
XLP,F4,5,0.08010673522949219,0.7687848019041884,0.10419916604890907,-1.044020381821154,1.2317149538712147,0.1660452104409214,0.3335617950330915,1.0,m4_cross_resid_transformer
XLU,F4,5,0.09360647201538086,0.7687848019041884,0.12175900431893136,2.061877528097047,2.6676692220942404,0.6714827341468713,0.4900993959130945,1.0,m4_cross_resid_transformer
XLV,F4,5,0.08087825775146484,0.7687848019041884,0.10520272714957297,-0.5726118782694556,1.2730527962630525,0.19367877944426223,0.33754616669183446,1.0,m4_cross_resid_transformer
XLY,F4,5,0.08456563949584961,0.7687848019041884,0.10999910415293147,-4.528353833254686,0.8037561674008958,-0.16432691855214646,0.5032673361471749,1.0,m4_cross_resid_transformer
^GDAXI,F4,5,0.0821080207824707,0.7687848019041884,0.10680234648122454,0.7078324404936627,2.91180521154061,0.4008237988441317,0.5995365694008117,1.0,m4_cross_resid_transformer
DBC,F5,6,0.30721402168273926,0.8028426352109821,0.3826578313220813,4.013096809513522,1.5611728165893524,0.04635675316222938,-0.17495814154371778,1.0,m4_cross_resid_transformer
DIA,F5,6,0.24992233514785767,0.8028426352109821,0.3112967899147255,2.2925014276909774,-1.2897905092976778,0.5436016180660029,0.7856295763521638,1.0,m4_cross_resid_transformer
EFA,F5,6,0.3095875382423401,0.8028426352109821,0.38561422209594337,6.660332539851629,-0.2945862699389074,1.203556858471052,0.8358148521750023,1.0,m4_cross_resid_transformer
EWA,F5,6,0.23661193251609802,0.8028426352109821,0.29471769701657397,4.531584781176786,-0.3681679921503659,0.8752193349844862,0.586120742390303,1.0,m4_cross_resid_transformer
EWC,F5,6,0.285992830991745,0.8028426352109821,0.3562252656357592,6.938261170708593,-0.23258958721279588,1.3622028969612872,0.5572406332947896,1.0,m4_cross_resid_transformer
EWG,F5,6,0.37981945276260376,0.8028426352109821,0.4730932764461239,6.4355017252126006,-0.27085883443088765,1.1008983935959349,0.851831296237821,1.0,m4_cross_resid_transformer
EWJ,F5,6,0.37723952531814575,0.8028426352109821,0.46987978561827315,5.200763913995511,-0.3501393418608763,0.9870600590673938,0.8847376733993673,1.0,m4_cross_resid_transformer
EWU,F5,6,0.22182610630989075,0.8028426352109821,0.2763008547143192,5.395294930250586,-0.32493694176776183,1.5228255280514806,0.4188982637381754,1.0,m4_cross_resid_transformer
FXI,F5,6,0.2848442494869232,0.8028426352109821,0.3547946222513057,7.772448382048463,-0.2089135964839809,1.8604653278578056,0.5343391413830249,1.0,m4_cross_resid_transformer
GLD,F5,6,0.2092055082321167,0.8028426352109821,0.26058096450886514,4.204418252134176,-0.5041924003833251,0.6589309015278504,0.16619379642005974,1.0,m4_cross_resid_transformer
IWM,F5,6,0.3075410723686218,0.8028426352109821,0.38306519718873916,3.3354141456357516,-0.8756576324220748,0.6958157425469044,0.8161851540398644,1.0,m4_cross_resid_transformer
IYR,F5,6,0.3313096761703491,0.8028426352109821,0.4126707546906536,6.070566494762096,-0.22358408823015458,1.6510209944954266,0.3962946519214571,1.0,m4_cross_resid_transformer
LQD,F5,6,0.6632882356643677,0.8028426352109821,0.826174653131195,12.779974552200837,-0.15648256449047468,1.543208011907764,0.9444726186906918,1.0,m4_cross_resid_transformer
MDY,F5,6,0.2823604345321655,0.8028426352109821,0.3517008466521748,2.796275606830579,-1.1366974925709215,0.6326790664315907,0.7710744651285488,1.0,m4_cross_resid_transformer
SPY,F5,6,0.3702206313610077,0.8028426352109821,0.46113723303162146,3.20729535031613,-0.5983823066240971,0.7740716693798264,0.8237634357524952,1.0,m4_cross_resid_transformer
TIP,F5,6,0.7083500027656555,0.8028426352109821,0.8823024235372172,9.116326303693796,-0.20233686233323056,2.5787864244489933,0.5536961658095608,1.0,m4_cross_resid_transformer
TLT,F5,6,0.7422515153884888,0.8028426352109821,0.9245292699153049,11.927023380412122,-0.17253693758404942,2.6354746148032384,0.9482960583919697,1.0,m4_cross_resid_transformer
USO,F5,6,0.14543002843856812,0.8028426352109821,0.18114387809056753,1.2114442043822258,0.3309965685621431,-0.2624169002262642,0.003108887094214713,1.0,m4_cross_resid_transformer
XLB,F5,6,0.258928120136261,0.8028426352109821,0.3225141625272757,3.8358098806862015,-0.5607328478548166,0.9042859114135623,0.5495250957906908,1.0,m4_cross_resid_transformer
XLI,F5,6,0.24477195739746094,0.8028426352109821,0.3048816127373908,3.2224981190949062,-1.1706172626257125,0.48320874799657093,0.7174524912386248,1.0,m4_cross_resid_transformer
XLK,F5,6,0.46202123165130615,0.8028426352109821,0.5754816839415732,3.426421650927499,-1.0693748538988936,0.7277091377011689,0.9120439178535342,1.0,m4_cross_resid_transformer
XLP,F5,6,0.20165729522705078,0.8028426352109821,0.2511791058207272,2.990255165449737,-0.7800025421549801,0.7395676372144094,0.5460784653437396,1.0,m4_cross_resid_transformer
XLU,F5,6,0.25252223014831543,0.8028426352109821,0.314535151813349,3.2222894008796823,-0.7429382507811078,0.6359617735273494,0.6871850362035066,1.0,m4_cross_resid_transformer
XLV,F5,6,0.19384652376174927,0.8028426352109821,0.24145021111242754,1.6090093914541896,-1.860117238326253,0.5867490999810778,0.5044296700749233,1.0,m4_cross_resid_transformer
XLY,F5,6,0.5258864760398865,0.8028426352109821,0.655030578815345,6.981282118239796,-0.3950106518104463,0.8692062465196175,0.9337943020198421,1.0,m4_cross_resid_transformer
^GDAXI,F5,6,0.303733229637146,0.8028426352109821,0.3783222468713645,2.5644304608359487,-1.0562829852051685,0.5092599600150869,0.7679803192155594,1.0,m4_cross_resid_transformer
DBC,F1,6,0.09063196182250977,0.7932265804126879,0.11425734343818526,28.663485391920197,-0.2869295996682927,2.7942640789994537,-0.0951895814220532,1.0,m4_cross_resid_transformer
DIA,F1,6,0.11533093452453613,0.7932265804126879,0.14539469222593815,4.603899526069261,5.375485777125463,1.0345304468815149,-0.39098775032233624,1.0,m4_cross_resid_transformer
EFA,F1,6,0.10503005981445312,0.7932265804126879,0.13240864893837734,10.730280397702384,-1.2263116641187781,2.1138238393755295,-0.4641496494914189,1.0,m4_cross_resid_transformer
EWA,F1,6,0.1086585521697998,0.7932265804126879,0.13698299433343317,11.957071016215586,-1.122342240024224,1.5955470626551447,-0.39831286462451,1.0,m4_cross_resid_transformer
EWC,F1,6,0.09932136535644531,0.7932265804126879,0.12521184716827302,5.309212597202077,-2.1369430771663285,0.8090751122423032,-0.12066359232898925,1.0,m4_cross_resid_transformer
EWG,F1,6,0.10540151596069336,0.7932265804126879,0.1328769339850622,11.301941772983687,-0.9484126682738724,2.3407471198801355,-0.23595334020401196,1.0,m4_cross_resid_transformer
EWJ,F1,6,0.11032533645629883,0.7932265804126879,0.13908426568219692,4.1215697395115365,2.761762754774886,0.8225565766195274,-0.2948500419908571,1.0,m4_cross_resid_transformer
EWU,F1,6,0.08846545219421387,0.7932265804126879,0.11152608142327808,14.230107793465269,-0.858848261383308,2.010061616357273,-0.49529362973705926,1.0,m4_cross_resid_transformer
FXI,F1,6,0.10535979270935059,0.7932265804126879,0.13282433457352827,-2.637154963100633,0.7988912178983613,-0.30746162320112863,0.009518539872887298,1.0,m4_cross_resid_transformer
GLD,F1,6,0.11819171905517578,0.7932265804126879,0.14900120844876982,13.547020670224788,-0.8330004658178656,2.8737238721776355,-0.39216568546134994,1.0,m4_cross_resid_transformer
IWM,F1,6,0.10035562515258789,0.7932265804126879,0.1265157114381825,7.171302212725216,-14.641855771666167,1.6735757709784367,-0.3311083690490392,1.0,m4_cross_resid_transformer
IYR,F1,6,0.10713624954223633,0.7932265804126879,0.13506386723260977,-5.303645229429271,0.5820657432434818,-1.004114862118464,-0.29862878912173535,1.0,m4_cross_resid_transformer
LQD,F1,6,0.10925912857055664,0.7932265804126879,0.13774012529145577,1.5191845310203766,1.2335412580595875,0.2645771846168216,-0.04183927267368842,1.0,m4_cross_resid_transformer
MDY,F1,6,0.12786436080932617,0.7932265804126879,0.1611952548826627,5.181939231094471,40.3859946962332,1.3971717758960358,-0.4123136381113044,1.0,m4_cross_resid_transformer
SPY,F1,6,0.1120758056640625,0.7932265804126879,0.14129103642209442,5.33030252451702,8.455439601861759,1.1010029931873846,-0.3519828523685374,1.0,m4_cross_resid_transformer
TIP,F1,6,0.1067655086517334,0.7932265804126879,0.1345964838901226,7.72116277045018,-3.74198145898411,1.0890313626017194,-0.0868261458876954,1.0,m4_cross_resid_transformer
TLT,F1,6,0.09779024124145508,0.7932265804126879,0.12328159904901101,-4.083672503365298,0.6070424867098562,-1.3536499903301815,0.21833657676856727,1.0,m4_cross_resid_transformer
USO,F1,6,0.09659028053283691,0.7932265804126879,0.12176883997329538,17.407191207411632,-0.540953374909813,2.254784849943887,-0.09546464265416221,1.0,m4_cross_resid_transformer
XLB,F1,6,0.09920191764831543,0.7932265804126879,0.12506126256725306,6.319624882870001,-2.7749734880785404,1.3874768884645448,-0.3272260240449384,1.0,m4_cross_resid_transformer
XLI,F1,6,0.1060340404510498,0.7932265804126879,0.13367434106391646,7.356915454674026,-2.9734039894582303,1.7592254552470887,-0.31142385009388907,1.0,m4_cross_resid_transformer
XLK,F1,6,0.11137807369232178,0.7932265804126879,0.1404114239772143,3.0327595510387253,3.4687438759497073,0.9715946790485374,-0.48579985182658364,1.0,m4_cross_resid_transformer
XLP,F1,6,0.1152353286743164,0.7932265804126879,0.14527416443150898,0.34826863472557346,0.9289649582833986,-0.12821406394984075,-0.3860346760636434,1.0,m4_cross_resid_transformer
XLU,F1,6,0.09337186813354492,0.7932265804126879,0.11771147165160152,-4.338546499005579,0.6021479338209309,-0.8803320113760359,-0.026575194875736126,1.0,m4_cross_resid_transformer
XLV,F1,6,0.10009527206420898,0.7932265804126879,0.12618749111021083,-0.42450698785392893,0.8706588026858009,-0.30053677733153367,-0.32914554875280877,1.0,m4_cross_resid_transformer
XLY,F1,6,0.10308122634887695,0.7932265804126879,0.12995180556764427,5.043279667418583,11.69047661067273,1.5940048203984427,-0.2519983032538092,1.0,m4_cross_resid_transformer
^GDAXI,F1,6,0.10240840911865234,0.7932265804126879,0.1291036024856515,7.757661016470108,-2.8727104091674796,1.9153969159831532,-0.25587164372797183,1.0,m4_cross_resid_transformer
DBC,F2,6,0.1309361457824707,0.7469683728540778,0.17529007992959483,2.4289477222510976,1.5656920863500055,0.43385522895859524,0.00111804522386267,1.0,m4_cross_resid_transformer
DIA,F2,6,0.10582256317138672,0.7469683728540778,0.1416694026375591,-4.93254214879372,0.4962588259661923,-1.5488867793975374,0.3525207788412058,1.0,m4_cross_resid_transformer
EFA,F2,6,0.10224294662475586,0.7469683728540778,0.13687720971919823,-0.11731872323351045,1.0499061232981675,0.0972164494228758,0.41660279912776405,1.0,m4_cross_resid_transformer
EWA,F2,6,0.1114039421081543,0.7469683728540778,0.14914144447976158,-0.9112763270287418,0.8319874881778903,-0.4440982312845189,0.3397376947216177,1.0,m4_cross_resid_transformer
EWC,F2,6,0.11342430114746094,0.7469683728540778,0.15184618957035637,0.6276274325908862,0.9930461422349215,-0.011592695460966912,0.22896544765399215,1.0,m4_cross_resid_transformer
EWG,F2,6,0.10706806182861328,0.7469683728540778,0.14333680744677166,-0.0333670267614794,1.0037975949014444,0.008402915411158812,0.2384384142169091,1.0,m4_cross_resid_transformer
EWJ,F2,6,0.10806465148925781,0.7469683728540778,0.14467098663944172,-1.8779750940965947,0.7491388194243648,-0.848307001933309,0.534762993115718,1.0,m4_cross_resid_transformer
EWU,F2,6,0.11322498321533203,0.7469683728540778,0.15157935373182235,1.68830296044452,1.4817770650610842,0.7238228503157796,0.45410952050100034,1.0,m4_cross_resid_transformer
FXI,F2,6,0.10334491729736328,0.7469683728540778,0.13835246719013627,-0.869282074586204,0.8409526236253412,-0.37989951383021936,0.2548774085482628,1.0,m4_cross_resid_transformer
GLD,F2,6,0.11888408660888672,0.7469683728540778,0.1591554487837881,4.397088793430904,6.347128759438758,0.758025151949161,-0.34266010009981246,1.0,m4_cross_resid_transformer
IWM,F2,6,0.10916566848754883,0.7469683728540778,0.1461449673838796,-3.376997557162385,0.6005731952111564,-1.4295350863980443,0.3795492662982695,1.0,m4_cross_resid_transformer
IYR,F2,6,0.11959314346313477,0.7469683728540778,0.1601046949366591,2.145349784588832,2.458491007367785,0.5333921395358779,-0.13354750312253294,1.0,m4_cross_resid_transformer
LQD,F2,6,0.10197067260742188,0.7469683728540778,0.13651270430340176,1.2563830353168415,2.0990827566830954,0.3387736899655082,-0.4923705377653579,1.0,m4_cross_resid_transformer
MDY,F2,6,0.11002302169799805,0.7469683728540778,0.14729274450752594,-2.8176849612199746,0.6153719912293678,-1.3610317805303014,0.36055388717694203,1.0,m4_cross_resid_transformer
SPY,F2,6,0.10601997375488281,0.7469683728540778,0.14193368502309278,-1.5776588300903462,0.7055348691308047,-0.8660821391650979,0.39105602005340373,1.0,m4_cross_resid_transformer
TIP,F2,6,0.11656570434570312,0.7469683728540778,0.15605172666189246,3.969927390431989,21.82168564980566,1.0975810792237466,-0.21357208938030436,1.0,m4_cross_resid_transformer
TLT,F2,6,0.1240229606628418,0.7469683728540778,0.16603508952991508,5.8824997547882365,-1.4913907056704125,1.5045855955958454,-0.3138092579908319,1.0,m4_cross_resid_transformer
USO,F2,6,0.11810541152954102,0.7469683728540778,0.15811300159640523,4.81057722898049,5.079836506916057,1.1804045448178226,0.21065993268617722,1.0,m4_cross_resid_transformer
XLB,F2,6,0.10635614395141602,0.7469683728540778,0.14238373111440017,-1.193357309311681,0.7093976604813182,-0.6581841310766742,0.2526481307828648,1.0,m4_cross_resid_transformer
XLI,F2,6,0.10229301452636719,0.7469683728540778,0.13694423786045676,-2.977014004535434,0.5942702709038434,-1.1569911980931675,0.3481375934967175,1.0,m4_cross_resid_transformer
XLK,F2,6,0.10561704635620117,0.7469683728540778,0.14139426807677402,-4.770328531050861,0.5463880908355683,-1.626091686366845,0.3589338796665576,1.0,m4_cross_resid_transformer
XLP,F2,6,0.12876653671264648,0.7469683728540778,0.1723855271417246,3.234138887417151,2.8806756711357213,0.9026209527307035,0.11536007150433115,1.0,m4_cross_resid_transformer
XLU,F2,6,0.12402677536010742,0.7469683728540778,0.16604019643591572,2.8461728906407737,1.959096119544893,0.5839822012874079,0.08187446977279506,1.0,m4_cross_resid_transformer
XLV,F2,6,0.12851715087890625,0.7469683728540778,0.17205166316193204,3.9862679495706903,4.1563770109489555,1.2698572373986163,0.29618957123191864,1.0,m4_cross_resid_transformer
XLY,F2,6,0.11159896850585938,0.7469683728540778,0.14940253504904488,0.8004650283107431,0.9529580626098443,-0.08266722410744666,0.28052744091422643,1.0,m4_cross_resid_transformer
^GDAXI,F2,6,0.1373891830444336,0.7469683728540778,0.18392904979294608,-0.1630988980650736,0.9860644565171546,-0.027220264133176263,0.43421594713725364,1.0,m4_cross_resid_transformer
DBC,F4,6,0.21895861625671387,0.7610524224921177,0.2877050381624423,-9.623030572449691,0.5721401586401534,-0.24525513884270086,0.8212744055738597,1.0,m4_cross_resid_transformer
DIA,F4,6,0.12712860107421875,0.7610524224921177,0.16704315933707634,-5.905411192584905,0.5460560493227338,-0.3970111588747261,0.5106211082030738,1.0,m4_cross_resid_transformer
EFA,F4,6,0.14397501945495605,0.7610524224921177,0.1891788465550114,-3.5407279755240504,1.6482183989596713,0.11814103049862014,0.38228766286612964,1.0,m4_cross_resid_transformer
EWA,F4,6,0.14955615997314453,0.7610524224921177,0.1965122973834217,-4.5169042108269215,1.015312203303281,0.004818485730187282,0.42496315980793137,1.0,m4_cross_resid_transformer
EWC,F4,6,0.12102031707763672,0.7610524224921177,0.15901705782808956,-7.185760710332172,0.8197184475007405,-0.04906045111823611,0.2632112945723538,1.0,m4_cross_resid_transformer
EWG,F4,6,0.12890911102294922,0.7610524224921177,0.1693826958737318,-2.6231577590334325,1.3741374280855632,0.07939590379811609,0.4380681978035224,1.0,m4_cross_resid_transformer
EWJ,F4,6,0.146087646484375,0.7610524224921177,0.19195477494966917,-6.473705548490662,0.7727961291060529,-0.08270869780731686,0.23240805059501346,1.0,m4_cross_resid_transformer
EWU,F4,6,0.20230770111083984,0.7610524224921177,0.2658262363167698,-0.8195254130683747,33.58622450810866,0.3331815858961874,0.7252521792234066,1.0,m4_cross_resid_transformer
FXI,F4,6,0.14325618743896484,0.7610524224921177,0.18823432289967984,-3.491953347449946,0.5744668808489313,-0.35435453782951754,0.4680881201367544,1.0,m4_cross_resid_transformer
GLD,F4,6,0.12003278732299805,0.7610524224921177,0.15771947342331893,-6.937500022323324,0.4502489734535287,-0.4000377785859991,-0.1428882816274479,1.0,m4_cross_resid_transformer
IWM,F4,6,0.13697028160095215,0.7610524224921177,0.1799748316317471,-7.318132605847332,0.609376670355434,-0.1795270811882043,0.36071355181714987,1.0,m4_cross_resid_transformer
IYR,F4,6,0.12201261520385742,0.7610524224921177,0.1603209077297446,-3.7448569172995043,0.8140980536683984,-0.09559246265450996,0.42455266815419035,1.0,m4_cross_resid_transformer
LQD,F4,6,0.12326765060424805,0.7610524224921177,0.16196998650973315,5.429054754452961,-1.353238322523374,0.9319658378389093,0.5949542535928306,1.0,m4_cross_resid_transformer
MDY,F4,6,0.11908864974975586,0.7610524224921177,0.15647890504019685,-6.3066815940717085,0.5688904597218979,-0.26128991247265826,0.23978563357319568,1.0,m4_cross_resid_transformer
SPY,F4,6,0.12143802642822266,0.7610524224921177,0.15956591535516781,-6.795885876613893,0.5210822866106171,-0.33417753957700014,0.42440595246007284,1.0,m4_cross_resid_transformer
TIP,F4,6,0.11251568794250488,0.7610524224921177,0.14784223085981993,-1.131302378525993,1.044086759905174,0.02781071819200576,0.5214826613971888,1.0,m4_cross_resid_transformer
TLT,F4,6,0.11849641799926758,0.7610524224921177,0.15570073032714754,8.69994680396557,-0.7701086914453568,0.6662940073981732,-0.2868011181646736,1.0,m4_cross_resid_transformer
USO,F4,6,0.6194801330566406,0.7610524224921177,0.8139782684458332,-2.7541479023485973,11.671130125782396,0.2890615460987902,0.9205196182712931,1.0,m4_cross_resid_transformer
XLB,F4,6,0.1441655158996582,0.7610524224921177,0.1894291531555454,-9.255832788820243,0.3790360764877465,-0.5725241558306259,0.1904206880962817,1.0,m4_cross_resid_transformer
XLI,F4,6,0.12889719009399414,0.7610524224921177,0.16936703213152068,-4.978715093700419,0.762701194375259,-0.12609143646228083,0.4296811435409095,1.0,m4_cross_resid_transformer
XLK,F4,6,0.10932374000549316,0.7610524224921177,0.1436481072453658,-6.400149254696453,0.3850872497719681,-0.9534680059342928,0.5822468613322751,1.0,m4_cross_resid_transformer
XLP,F4,6,0.12694120407104492,0.7610524224921177,0.16679692530951726,-0.9709569010676096,1.8972619081068798,0.2322047620468266,0.6062697007204739,1.0,m4_cross_resid_transformer
XLU,F4,6,0.13648414611816406,0.7610524224921177,0.17933606422437692,-0.39692010691735913,1.9751210393054626,0.24101976150965568,0.6038352795837677,1.0,m4_cross_resid_transformer
XLV,F4,6,0.12104201316833496,0.7610524224921177,0.15904556583891383,-4.994144288731359,0.5182812171417283,-0.4610995224739835,0.3934168840541241,1.0,m4_cross_resid_transformer
XLY,F4,6,0.11284804344177246,0.7610524224921177,0.14827893599266645,-8.109656661792886,0.4297462416231184,-0.44493769333247096,0.3481908062787863,1.0,m4_cross_resid_transformer
^GDAXI,F4,6,0.12072014808654785,0.7610524224921177,0.15862264479921312,-1.7307351585700594,2.3050458459551613,0.1910046876344656,0.46615510954160877,1.0,m4_cross_resid_transformer
DBC,F3,6,0.10625171661376953,0.7862266337910349,0.13514133463203098,7.056056062224618,-1.4737567231854778,1.5231635006533502,0.11009998801614403,1.0,m4_cross_resid_transformer
DIA,F3,6,0.10860824584960938,0.7862266337910349,0.1381385992050678,3.0078652983905183,11.395168444810396,0.8680589092148613,0.08604409050391443,1.0,m4_cross_resid_transformer
EFA,F3,6,0.12174129486083984,0.7862266337910349,0.1548424965888354,12.233998985235251,-0.6248487282803268,3.7312911646610205,0.3306609048563375,1.0,m4_cross_resid_transformer
EWA,F3,6,0.10608339309692383,0.7862266337910349,0.13492724430538552,7.362393793878455,-1.8162457640028176,2.3286963159008667,0.2339052748732636,1.0,m4_cross_resid_transformer
EWC,F3,6,0.11589574813842773,0.7862266337910349,0.14740755802128014,9.362023213396,-1.0543522181084124,2.0739973615308243,0.07519142640458117,1.0,m4_cross_resid_transformer
EWG,F3,6,0.1171579360961914,0.7862266337910349,0.14901293222703255,12.553571141066127,-0.5835156922414283,3.770650780238433,0.47560938864304797,1.0,m4_cross_resid_transformer
EWJ,F3,6,0.11037969589233398,0.7862266337910349,0.14039170278435384,10.585861406669885,-0.7301191191846788,3.0743992769075636,0.4089807182206858,1.0,m4_cross_resid_transformer
EWU,F3,6,0.11288118362426758,0.7862266337910349,0.1435733397633403,10.955275360194673,-0.8291417273179705,2.7433700941899897,0.08967569128701647,1.0,m4_cross_resid_transformer
FXI,F3,6,0.11398839950561523,0.7862266337910349,0.14498160531141627,8.917780185196904,-1.1932780434542476,2.266668094573593,0.4587702397533562,1.0,m4_cross_resid_transformer
GLD,F3,6,0.11696338653564453,0.7862266337910349,0.14876548505062642,9.770226521981243,-2.9296546095972227,0.8679339858391227,-0.14132086222596088,1.0,m4_cross_resid_transformer
IWM,F3,6,0.11594486236572266,0.7862266337910349,0.14747002630355913,8.995518336565691,-1.0793990410899912,1.402872467086781,-0.04872720156449737,1.0,m4_cross_resid_transformer
IYR,F3,6,0.1067957878112793,0.7862266337910349,0.13583333764251967,-1.856797474207708,0.7894996042935207,-0.34445461020082874,-0.10594532939705627,1.0,m4_cross_resid_transformer
LQD,F3,6,0.1296238899230957,0.7862266337910349,0.16486835265052524,-0.25268662650100815,1.2748858736923565,0.16374635992408917,0.17584193371835163,1.0,m4_cross_resid_transformer
MDY,F3,6,0.10962629318237305,0.7862266337910349,0.13943345146395764,9.944027624303372,-0.876799169740626,1.7986908272822306,-0.05726399585813372,1.0,m4_cross_resid_transformer
SPY,F3,6,0.10860157012939453,0.7862266337910349,0.13813010837058326,6.295454627989548,-1.6705451101559565,1.4164949976710433,-0.04310724819425798,1.0,m4_cross_resid_transformer
TIP,F3,6,0.10851287841796875,0.7862266337910349,0.1380173015695746,3.954530674408035,4.555374071864462,1.0187726266981696,0.1875753692736201,1.0,m4_cross_resid_transformer
TLT,F3,6,0.12453699111938477,0.7862266337910349,0.15839833677331833,2.654316160161305,1.9124878975272124,0.5387399673432274,0.258039999313857,1.0,m4_cross_resid_transformer
USO,F3,6,0.10456609725952148,0.7862266337910349,0.13299739892468881,7.810011365541463,-1.486446110227228,1.0808796570550552,0.11363865671960499,1.0,m4_cross_resid_transformer
XLB,F3,6,0.11473655700683594,0.7862266337910349,0.14593318526186036,8.743569809190276,-1.0438080798334393,2.4700069541447807,0.21709335627106377,1.0,m4_cross_resid_transformer
XLI,F3,6,0.11453390121459961,0.7862266337910349,0.14567542778643733,8.30099153152634,-1.1210079571439866,2.0477062156972274,0.023926461928502292,1.0,m4_cross_resid_transformer
XLK,F3,6,0.10927867889404297,0.7862266337910349,0.13899132158258495,6.129332744125632,-2.7490652259898996,1.423877976760175,0.09993421019259587,1.0,m4_cross_resid_transformer
XLP,F3,6,0.09342336654663086,0.7862266337910349,0.11882498319366415,0.7298006238143531,1.3413992099540661,0.19400057716736652,0.19609783075425677,1.0,m4_cross_resid_transformer
XLU,F3,6,0.10726261138916016,0.7862266337910349,0.13642708956825883,-3.5442628214082053,0.5582981406313672,-1.2723097631105889,0.36368790774444765,1.0,m4_cross_resid_transformer
XLV,F3,6,0.1030263900756836,0.7862266337910349,0.1310390485996512,0.7684523742500389,1.61206184448589,0.34411644910290656,0.17972924528613324,1.0,m4_cross_resid_transformer
XLY,F3,6,0.10378599166870117,0.7862266337910349,0.1320051842663545,4.534904057001745,-4.7386372932202425,1.1266633558559833,-0.09281875455740543,1.0,m4_cross_resid_transformer
^GDAXI,F3,6,0.11933732032775879,0.7862266337910349,0.15178488644214072,12.018013070068193,-0.7674810659665972,3.100734517610496,0.22764968161199625,1.0,m4_cross_resid_transformer
DBC,F1,7,0.23582959175109863,0.7879233382116747,0.2993052500340373,29.34784377421832,-0.17480088197209878,2.4074734849001524,-0.08492875781079322,1.0,m4_cross_resid_transformer
DIA,F1,7,0.09894335269927979,0.7879233382116747,0.12557484707058997,1.9956609517089714,2.7219067291329044,0.7973510944730742,-0.4680185058516811,1.0,m4_cross_resid_transformer
EFA,F1,7,0.1012352705001831,0.7879233382116747,0.12848365518649782,8.588749655772684,-0.7248927279530103,1.8854962727303108,-0.48982108116066236,1.0,m4_cross_resid_transformer
EWA,F1,7,0.09675788879394531,0.7879233382116747,0.12280114587486862,9.722219695254726,-0.7683939413229133,1.4493970485177432,-0.6097094702634087,1.0,m4_cross_resid_transformer
EWC,F1,7,0.09465646743774414,0.7879233382116747,0.12013410803718926,2.46499651830144,-1.1538055367758535,0.6193537290424547,0.05750388450897032,1.0,m4_cross_resid_transformer
EWG,F1,7,0.11292111873626709,0.7879233382116747,0.1433148547072621,8.438015241683793,-0.7408005484914362,1.7479742115602823,-0.37339321962947836,1.0,m4_cross_resid_transformer
EWJ,F1,7,0.09361600875854492,0.7879233382116747,0.11881360053507527,3.9852750828203636,4.048043344671534,0.6680854627494267,-0.21047002229635933,1.0,m4_cross_resid_transformer
EWU,F1,7,0.09879553318023682,0.7879233382116747,0.12538724059687073,6.997058389539068,-1.164720868073116,1.8709061842828714,-0.683033962924971,1.0,m4_cross_resid_transformer
FXI,F1,7,0.09577107429504395,0.7879233382116747,0.12154872136724951,-3.214438019090199,0.5976271754093481,-0.5346426224722302,-0.0273306435569186,1.0,m4_cross_resid_transformer
GLD,F1,7,0.1000525951385498,0.7879233382116747,0.12698265210120072,10.950106730350573,-0.5656728289235782,2.4368897400625196,-0.269918576661226,1.0,m4_cross_resid_transformer
IWM,F1,7,0.10179734230041504,0.7879233382116747,0.1291970136732608,4.910623372475886,-4.1555297682769545,1.408542873359711,-0.3002298694918145,1.0,m4_cross_resid_transformer
IYR,F1,7,0.08897280693054199,0.7879233382116747,0.11292063912268524,-4.890713639263268,0.4993749014446688,-0.9246670058336991,-0.512025401976304,1.0,m4_cross_resid_transformer
LQD,F1,7,0.11101233959197998,0.7879233382116747,0.14089231046759101,1.543543945444569,1.3950277265723796,0.3423805959861045,-0.05194355019212166,1.0,m4_cross_resid_transformer
MDY,F1,7,0.09118223190307617,0.7879233382116747,0.1157247507226143,6.859403609079835,-1.3437710435159467,1.68648929431226,-0.6202914158318904,1.0,m4_cross_resid_transformer
SPY,F1,7,0.08425438404083252,0.7879233382116747,0.10693221022245908,1.8188398895067357,1.8067394596137965,0.5312896912402689,-0.6225220629534233,1.0,m4_cross_resid_transformer
TIP,F1,7,0.09803903102874756,0.7879233382116747,0.12442711907894964,5.015104976068313,-5.075002628645561,0.7660785094092181,0.05959300306097637,1.0,m4_cross_resid_transformer
TLT,F1,7,0.10679078102111816,0.7879233382116747,0.13553448139193072,-6.34016961014155,0.3809574970989967,-2.6154277081375694,0.26026089691220555,1.0,m4_cross_resid_transformer
USO,F1,7,0.33301734924316406,0.7879233382116747,0.4226519676381249,27.639838330915552,-0.19176373978654157,2.243819642004349,0.15567839223108754,1.0,m4_cross_resid_transformer
XLB,F1,7,0.08234000205993652,0.7879233382116747,0.10450255509225186,5.875692620788065,-2.138488084550665,1.6266913263226739,-0.5800813539309508,1.0,m4_cross_resid_transformer
XLI,F1,7,0.09506368637084961,0.7879233382116747,0.12065093361317704,2.083603494639225,4.505795272965062,0.808632552726558,-0.6397052119631975,1.0,m4_cross_resid_transformer
XLK,F1,7,0.09488832950592041,0.7879233382116747,0.12042837786895046,-3.193015253583236,0.5967299489659651,-0.6582035866149455,-0.5655568742371584,1.0,m4_cross_resid_transformer
XLP,F1,7,0.0813753604888916,0.7879233382116747,0.10327827155569062,-1.9372555242321017,0.602840389822781,-0.9142949425108173,-0.22661522347391183,1.0,m4_cross_resid_transformer
XLU,F1,7,0.10427618026733398,0.7879233382116747,0.1323430532010975,-3.375790531234347,0.5030212071019853,-0.8461751216121975,-0.27439766679198446,1.0,m4_cross_resid_transformer
XLV,F1,7,0.09050750732421875,0.7879233382116747,0.11486841794741205,-3.4507472138522455,0.4947811490301114,-1.2695393802498331,-0.15380991068636807,1.0,m4_cross_resid_transformer
XLY,F1,7,0.09576165676116943,0.7879233382116747,0.12153676901932707,4.641464051638819,-6.6514259215527805,1.1063311784737373,-0.4250631393502591,1.0,m4_cross_resid_transformer
^GDAXI,F1,7,0.09664177894592285,0.7879233382116747,0.12265378401567305,2.474114212347605,2.1630752352499085,0.4664603177664994,-0.3192929826796167,1.0,m4_cross_resid_transformer
DBC,F2,7,0.2389078140258789,0.7738142425743405,0.30874052308868816,-5.099613507011089,0.15878751919656225,-0.8803700077632645,0.6905729937338408,1.0,m4_cross_resid_transformer
DIA,F2,7,0.2903306484222412,0.7738142425743405,0.37519424229820775,-16.067172118314403,0.05672865001132665,-2.8744381032548723,0.13624787060898186,1.0,m4_cross_resid_transformer
EFA,F2,7,0.21612495183944702,0.7738142425743405,0.2792982345742801,-8.028581720384567,0.1330552994983022,-1.7361539244072848,0.05592987513684122,1.0,m4_cross_resid_transformer
EWA,F2,7,0.2539558410644531,0.7738142425743405,0.32818708559768534,-7.282438742924626,0.12257772371071217,-2.333995414098548,0.4388645090008329,1.0,m4_cross_resid_transformer
EWC,F2,7,0.19459092617034912,0.7738142425743405,0.2514698172561159,-7.348542108984159,0.11937699859651528,-1.9342152058964803,0.38263881369849473,1.0,m4_cross_resid_transformer
EWG,F2,7,0.22356265783309937,0.7738142425743405,0.2889099806296492,-7.201428138345216,0.13537413978824764,-1.578005781273709,0.18149857882987824,1.0,m4_cross_resid_transformer
EWJ,F2,7,0.19889140129089355,0.7738142425743405,0.25702732044478493,-9.827080218014922,0.10136055862829704,-2.8667208599504326,0.0601180902682841,1.0,m4_cross_resid_transformer
EWU,F2,7,0.2064990997314453,0.7738142425743405,0.26685874770727924,-4.899859665162553,0.20983684909747344,-1.1440299634401567,0.31730549281973397,1.0,m4_cross_resid_transformer
FXI,F2,7,0.23995989561080933,0.7738142425743405,0.3101001279228281,-8.736091352823927,0.10694374567568257,-2.3453837426560287,0.48472689703168287,1.0,m4_cross_resid_transformer
GLD,F2,7,0.25124019384384155,0.7738142425743405,0.32467765520573866,0.8444397662877683,-16.800556147466995,0.11198732694235639,0.25856331959586953,1.0,m4_cross_resid_transformer
IWM,F2,7,0.2792395353317261,0.7738142425743405,0.36086119893935587,-11.12514754666637,0.0808324113894802,-3.4828081352963314,0.49748453680587973,1.0,m4_cross_resid_transformer
IYR,F2,7,0.188676655292511,0.7738142425743405,0.24382680611411048,-3.409054826804354,0.36632788830652163,-0.2537069831852228,0.2135729305441888,1.0,m4_cross_resid_transformer
LQD,F2,7,0.2662820816040039,0.7738142425743405,0.3441162839264,-9.307052863296821,0.11583089347432274,-0.5601824801720745,0.41153345147110204,1.0,m4_cross_resid_transformer
MDY,F2,7,0.20488005876541138,0.7738142425743405,0.26476646137167537,-9.792866902672746,0.09348613112044855,-2.8234778486176824,0.47666855869562125,1.0,m4_cross_resid_transformer
SPY,F2,7,0.26458388566970825,0.7738142425743405,0.3419217056402133,-11.617446380686221,0.07432705780367846,-3.180944996553147,0.28704452175744555,1.0,m4_cross_resid_transformer
TIP,F2,7,0.22121655941009521,0.7738142425743405,0.2858781180792791,-2.847487321324097,0.2699526631747074,-0.33149095243384114,0.31530674380517093,1.0,m4_cross_resid_transformer
TLT,F2,7,0.22508865594863892,0.7738142425743405,0.29088202770707544,-0.7095761352922973,-0.36531851036760854,0.37574126356827553,0.2603553234922725,1.0,m4_cross_resid_transformer
USO,F2,7,0.20166879892349243,0.7738142425743405,0.2606165508825176,-0.09765925299506906,1.0013677995394874,0.0002951903294504628,0.6693546262393808,1.0,m4_cross_resid_transformer
XLB,F2,7,0.2567964792251587,0.7738142425743405,0.33185804175798456,-9.347177643861707,0.08260114763043747,-2.3792400593471643,0.46321533682451427,1.0,m4_cross_resid_transformer
XLI,F2,7,0.2900491952896118,0.7738142425743405,0.37483052046789733,-12.08303646076058,0.06939540597437549,-2.8762799242169867,0.3698828526301378,1.0,m4_cross_resid_transformer
XLK,F2,7,0.30621522665023804,0.7738142425743405,0.395721879751806,-14.369540781949855,0.06616309524682865,-3.7688716863376497,0.169469408730582,1.0,m4_cross_resid_transformer
XLP,F2,7,0.21609675884246826,0.7738142425743405,0.27926180076959206,-3.1322428162905505,0.3098456005000954,-0.44406376240220286,0.3828360106344625,1.0,m4_cross_resid_transformer
XLU,F2,7,0.2629600763320923,0.7738142425743405,0.33982325713891165,-4.945501521734136,0.15959070443955806,-0.7978498983954022,0.300998743132778,1.0,m4_cross_resid_transformer
XLV,F2,7,0.23711472749710083,0.7738142425743405,0.306423317705116,-3.1992967393136036,0.2616106652345376,-0.6618461859882134,0.6101456469635118,1.0,m4_cross_resid_transformer
XLY,F2,7,0.21062761545181274,0.7738142425743405,0.27219402779547275,-6.966109850411704,0.11304969713748259,-1.8219910401255912,0.27355327081917474,1.0,m4_cross_resid_transformer
^GDAXI,F2,7,0.2538560628890991,0.7738142425743405,0.32805814228045965,-9.1688537602567,0.09945008411471476,-2.17767819084921,0.004418631464516807,1.0,m4_cross_resid_transformer
DBC,F5,7,0.14242029190063477,0.7835375334551248,0.18176575571639994,6.531723694904207,-2.152052327106495,0.5337692238200699,-0.3630418207768854,1.0,m4_cross_resid_transformer
DIA,F5,7,0.1156696081161499,0.7835375334551248,0.14762484651639807,4.4276187587516365,-3.2875663411266816,0.8848211381742705,0.8362755839219963,1.0,m4_cross_resid_transformer
EFA,F5,7,0.1448291540145874,0.7835375334551248,0.18484009741810556,9.317104046966204,-0.6384483953021487,1.5555087919071657,0.8062501235400042,1.0,m4_cross_resid_transformer
EWA,F5,7,0.1321697235107422,0.7835375334551248,0.1686833340681463,8.311794810014474,-0.6317848339624215,1.5618623719680618,0.6845163351259929,1.0,m4_cross_resid_transformer
EWC,F5,7,0.13158905506134033,0.7835375334551248,0.1679422483835317,8.8244790081615,-0.5440038752205255,2.0650784647117084,0.6379713671174957,1.0,m4_cross_resid_transformer
EWG,F5,7,0.12177741527557373,0.7835375334551248,0.15542001509305903,9.465121173064288,-0.45574683745972766,1.230653048740341,0.7702400735894542,1.0,m4_cross_resid_transformer
EWJ,F5,7,0.1334974765777588,0.7835375334551248,0.1703778962433132,9.602938317479385,-0.5739288013208408,1.651160897252833,0.52738806422354,1.0,m4_cross_resid_transformer
EWU,F5,7,0.10940194129943848,0.7835375334551248,0.13962565496641166,5.37300153794636,-1.3331803854820314,1.841877498130374,0.45333946585259205,1.0,m4_cross_resid_transformer
FXI,F5,7,0.13188695907592773,0.7835375334551248,0.16832245226894577,9.669676306670116,-0.4233645286144483,1.925873185333864,0.702770449344316,1.0,m4_cross_resid_transformer
GLD,F5,7,0.13418173789978027,0.7835375334551248,0.17125119368319988,7.170522330953347,-1.059918099733332,1.1287891325324428,0.04990693709913161,1.0,m4_cross_resid_transformer
IWM,F5,7,0.1279599666595459,0.7835375334551248,0.16331057696149856,6.272808007075653,-2.1205617501144345,0.9590363166277681,0.7525900737607046,1.0,m4_cross_resid_transformer
IYR,F5,7,0.1376183032989502,0.7835375334551248,0.17563715511125794,9.38952219239992,-0.4854239212783759,2.500060825221629,0.73125140374374,1.0,m4_cross_resid_transformer
LQD,F5,7,0.145135760307312,0.7835375334551248,0.1852314076995321,13.644644438582198,-0.4120118022173815,1.9438118908303528,0.9037002626712302,1.0,m4_cross_resid_transformer
MDY,F5,7,0.12487196922302246,0.7835375334551248,0.15936947994358486,6.061135997744706,-1.5447977944560585,1.3659780097069616,0.61497748257373,1.0,m4_cross_resid_transformer
SPY,F5,7,0.12999510765075684,0.7835375334551248,0.16590795220431134,5.732549771128639,-1.4462001284993826,1.1171652698874688,0.8703809151940877,1.0,m4_cross_resid_transformer
TIP,F5,7,0.14845311641693115,0.7835375334551248,0.1894652267164601,11.864833386239942,-0.45057253212607634,3.2616439191527187,0.4906267673772392,1.0,m4_cross_resid_transformer
TLT,F5,7,0.14763426780700684,0.7835375334551248,0.18842016049440755,14.937232755135938,-0.32629205874540235,2.8669585432019775,0.601227745211326,1.0,m4_cross_resid_transformer
USO,F5,7,0.10866570472717285,0.7835375334551248,0.13868602343527225,3.9264396684355187,1.8512270939020674,0.17938186246917387,-0.4895875519506949,1.0,m4_cross_resid_transformer
XLB,F5,7,0.11285555362701416,0.7835375334551248,0.1440333727592613,6.4170636405208805,-1.0921421509655302,1.4016266091475573,0.7160972019444333,1.0,m4_cross_resid_transformer
XLI,F5,7,0.10071641206741333,0.7835375334551248,0.1285406349626793,4.808696774980024,-4.507184987657156,0.7526580107945927,0.8522085325499426,1.0,m4_cross_resid_transformer
XLK,F5,7,0.1382237672805786,0.7835375334551248,0.1764098864173876,5.780495849880694,-1.7935272329643028,1.3449391561433968,0.8651387636651862,1.0,m4_cross_resid_transformer
XLP,F5,7,0.11947226524353027,0.7835375334551248,0.15247803728903658,4.8981607768980195,-1.4748868420530348,1.446616958488062,0.7496592724201538,1.0,m4_cross_resid_transformer
XLU,F5,7,0.134321928024292,0.7835375334551248,0.17143011315868886,4.2937748954066635,-1.3755125129017494,0.990292942644552,0.4231044638488357,1.0,m4_cross_resid_transformer
XLV,F5,7,0.1313788890838623,0.7835375334551248,0.16767402131270934,3.787866508740806,-4.858194715200887,1.0248599604837285,0.7417097736128079,1.0,m4_cross_resid_transformer
XLY,F5,7,0.12657171487808228,0.7835375334551248,0.16153880251268316,8.99604991923079,-0.7684821878576228,1.3420024978921168,0.4656522592810801,1.0,m4_cross_resid_transformer
^GDAXI,F5,7,0.11079621315002441,0.7835375334551248,0.1414051126069891,3.7445557126073568,-1.7260149285070336,0.7489542544427477,0.5703892854485788,1.0,m4_cross_resid_transformer
DBC,F3,7,0.1744781732559204,0.7805628324641092,0.2235286718752946,7.646926094535293,-0.19580701529941827,0.9411717637380016,0.16026331876252514,1.0,m4_cross_resid_transformer
DIA,F3,7,0.16897040605545044,0.7805628324641092,0.21647252345085213,-1.2821318882913628,0.9976269933701224,-0.0004985952382512369,0.684761138526611,1.0,m4_cross_resid_transformer
EFA,F3,7,0.16867494583129883,0.7805628324641092,0.21609400142563748,10.11322238281707,-0.1429877705214681,2.3425228501595647,0.5695298858751945,1.0,m4_cross_resid_transformer
EWA,F3,7,0.16616374254226685,0.7805628324641092,0.21287683147519987,5.837109905618108,-0.24312180418612425,1.3400016434453077,0.6180881732774963,1.0,m4_cross_resid_transformer
EWC,F3,7,0.1553022265434265,0.7805628324641092,0.19896185173608996,6.439313160969479,-0.2317371314922115,0.9914395828916461,0.6068531761114995,1.0,m4_cross_resid_transformer
EWG,F3,7,0.20249861478805542,0.7805628324641092,0.25942641177110676,13.533391801092836,-0.11184559577735714,3.237946970217353,0.5803463884161121,1.0,m4_cross_resid_transformer
EWJ,F3,7,0.19369560480117798,0.7805628324641092,0.2481486393474727,9.273800878817834,-0.15499826053572002,2.1319501591086683,0.47357426261334845,1.0,m4_cross_resid_transformer
EWU,F3,7,0.1891372799873352,0.7805628324641092,0.24230884705368272,9.39907165524821,-0.17354600009622542,1.753824879525918,0.5390213540119461,1.0,m4_cross_resid_transformer
FXI,F3,7,0.16508269309997559,0.7805628324641092,0.21149187001235573,6.080020164411229,-0.3087494707906381,1.0247747631459676,0.5041909796170935,1.0,m4_cross_resid_transformer
GLD,F3,7,0.2238803505897522,0.7805628324641092,0.2868191275300651,9.249338612716057,-0.5449963025198553,0.3394982309092535,0.6169539086839568,1.0,m4_cross_resid_transformer
IWM,F3,7,0.16945534944534302,0.7805628324641092,0.21709379744664525,6.008394868996911,-0.20985826788365192,0.7176319808569089,0.44793815569813394,1.0,m4_cross_resid_transformer
IYR,F3,7,0.17197519540786743,0.7805628324641092,0.22032203975811898,-4.661133343591496,0.21699942816825912,-0.8366109002354213,0.5959568953966893,1.0,m4_cross_resid_transformer
LQD,F3,7,0.18628263473510742,0.7805628324641092,0.23865168438400228,-5.205388234368997,0.24008158519812145,-0.5145717791740878,0.29542724113478797,1.0,m4_cross_resid_transformer
MDY,F3,7,0.17272508144378662,0.7805628324641092,0.22128273889050262,7.71285163942111,-0.17011123541092635,0.9909454682771955,0.51439459226105,1.0,m4_cross_resid_transformer
SPY,F3,7,0.16843581199645996,0.7805628324641092,0.21578764064993416,1.0310194428801627,-0.6424216315526744,0.43896675081046704,0.7405573637766558,1.0,m4_cross_resid_transformer
TIP,F3,7,0.19608837366104126,0.7805628324641092,0.2512140797711599,-3.2186746294129795,0.3080803116945417,-0.5580535323392665,0.6202984036183166,1.0,m4_cross_resid_transformer
TLT,F3,7,0.17717468738555908,0.7805628324641092,0.22698324851856908,-2.283288056716815,0.2878623368267862,-0.5485424462141126,0.6648030158582051,1.0,m4_cross_resid_transformer
USO,F3,7,0.1756531000137329,0.7805628324641092,0.22503390208732435,0.50396681156803,-1.154128767721685,0.2488740300379052,0.3282280930651323,1.0,m4_cross_resid_transformer
XLB,F3,7,0.18841755390167236,0.7805628324641092,0.24138678664325966,7.252290806239586,-0.19321725616705754,1.5097138474041418,0.690136118079283,1.0,m4_cross_resid_transformer
XLI,F3,7,0.1769358515739441,0.7805628324641092,0.22667726954841874,4.4281436472341404,-0.2683946474606716,0.9762352812721884,0.8272191795450986,1.0,m4_cross_resid_transformer
XLK,F3,7,0.1762528419494629,0.7805628324641092,0.2258022475821216,-1.9773899393182366,0.40442941581492164,-0.3077397487274612,0.49323008039041366,1.0,m4_cross_resid_transformer
XLP,F3,7,0.12404167652130127,0.7805628324641092,0.15891312186838566,-2.4792728810361275,0.3182616017158685,-0.4408862188848811,0.5960988968827354,1.0,m4_cross_resid_transformer
XLU,F3,7,0.12780243158340454,0.7805628324641092,0.16373112614131674,-6.397670600864871,0.14734659149715473,-1.7971155463508612,0.47135644680547145,1.0,m4_cross_resid_transformer
XLV,F3,7,0.17232930660247803,0.7805628324641092,0.22077570111615819,-5.225789443677359,0.202178851021895,-0.6224590277618313,0.5449495682715468,1.0,m4_cross_resid_transformer
XLY,F3,7,0.1530824899673462,0.7805628324641092,0.19611808761645724,-0.7957267959840233,1.7466070489873573,0.07206002755983834,0.533147904032137,1.0,m4_cross_resid_transformer
^GDAXI,F3,7,0.16782820224761963,0.7805628324641092,0.2150092154885385,10.738149891431345,-0.15590496988642913,1.7666496589353884,0.43892556080080475,1.0,m4_cross_resid_transformer
DBC,F4,7,0.1603984832763672,0.7599502415564996,0.21106445462514156,-11.266766302349499,0.3645492873673377,-0.41817678118448537,0.02356103487618967,1.0,m4_cross_resid_transformer
DIA,F4,7,0.12772154808044434,0.7599502415564996,0.1680656720614368,-6.8839080057880935,0.5622880798189235,-0.24623561661616056,0.21499216370560323,1.0,m4_cross_resid_transformer
EFA,F4,7,0.13376975059509277,0.7599502415564996,0.17602435433287175,-6.826942583292864,0.45406658612454437,-0.4560769350329757,0.3148319457066681,1.0,m4_cross_resid_transformer
EWA,F4,7,0.1367330551147461,0.7599502415564996,0.17992369452333476,-6.878332168971101,0.47837585634231916,-0.36860251177267916,0.28417083343767585,1.0,m4_cross_resid_transformer
EWC,F4,7,0.1519005298614502,0.7599502415564996,0.19988220485374625,-7.782746209823891,0.4031963443070676,-0.5484731878634916,0.3512338323207226,1.0,m4_cross_resid_transformer
EWG,F4,7,0.1424475908279419,0.7599502415564996,0.18744331278346127,-3.149204061834915,1.159468670202995,0.043730235936043325,0.23198388730958713,1.0,m4_cross_resid_transformer
EWJ,F4,7,0.168471097946167,0.7599502415564996,0.22168701150895254,-7.596587095166171,0.5713757227827375,-0.21466837123588667,0.12690038080732569,1.0,m4_cross_resid_transformer
EWU,F4,7,0.15276789665222168,0.7599502415564996,0.2010235516727103,-3.5285732677625017,1.3220700570015287,0.07071980147160717,0.2807763438233476,1.0,m4_cross_resid_transformer
FXI,F4,7,0.22160053253173828,0.7599502415564996,0.29159873951466214,-4.349352030629966,0.5965255170189092,-0.3735555203589103,0.43741062645409073,1.0,m4_cross_resid_transformer
GLD,F4,7,0.16220712661743164,0.7599502415564996,0.2134444043141634,-1.4249414174735522,1.0692703892801605,0.038467755239508364,-0.08187438736457904,1.0,m4_cross_resid_transformer
IWM,F4,7,0.14778518676757812,0.7599502415564996,0.19446692518300993,-10.698825096519602,0.3415789873929501,-0.5215615167019341,0.21462152212617872,1.0,m4_cross_resid_transformer
IYR,F4,7,0.12174057960510254,0.7599502415564996,0.16019546142357738,-4.58367870578587,0.5508001543713499,-0.41640187763400904,0.6037566948835597,1.0,m4_cross_resid_transformer
LQD,F4,7,0.2156076431274414,0.7599502415564996,0.2837128424169489,2.1077098306554407,11.054673589133952,0.5594550766681852,0.48086952539597566,1.0,m4_cross_resid_transformer
MDY,F4,7,0.12714934349060059,0.7599502415564996,0.16731272198845334,-9.224343816670235,0.34484964495588966,-0.6146351433605255,0.24716348820221387,1.0,m4_cross_resid_transformer
SPY,F4,7,0.11671328544616699,0.7599502415564996,0.1535801675740237,-7.680797195364285,0.40239482952831335,-0.5644071830550992,0.3026077964644998,1.0,m4_cross_resid_transformer
TIP,F4,7,0.1831817626953125,0.7599502415564996,0.24104441669776558,-3.4415587234378737,0.48012171196681186,-1.0307695484015356,0.2676275571567166,1.0,m4_cross_resid_transformer
TLT,F4,7,0.32616424560546875,0.7599502415564996,0.4291915809348678,6.753163396401071,-1.3028331178028085,0.5707979682605997,-0.15335538588811476,1.0,m4_cross_resid_transformer
USO,F4,7,0.1487259864807129,0.7599502415564996,0.19570490059467352,-5.57161883947487,2.2901869810503985,0.13292083356082376,-0.002316421699507333,1.0,m4_cross_resid_transformer
XLB,F4,7,0.13524079322814941,0.7599502415564996,0.17796006347883336,-9.253423441730396,0.3321509004024968,-0.7632092846742518,0.06652742231454858,1.0,m4_cross_resid_transformer
XLI,F4,7,0.13661670684814453,0.7599502415564996,0.17977059467516146,-8.280242178660409,0.39625627915096734,-0.5756246203102895,0.22779188213445023,1.0,m4_cross_resid_transformer
XLK,F4,7,0.12211823463439941,0.7599502415564996,0.16069240847174646,-7.040003176106989,0.32454008379826527,-1.708425070820335,0.40321416059596804,1.0,m4_cross_resid_transformer
XLP,F4,7,0.14919638633728027,0.7599502415564996,0.19632388830050534,-2.7890124533737506,0.899262690483986,-0.05346246156015562,0.5473024305649163,1.0,m4_cross_resid_transformer
XLU,F4,7,0.15646147727966309,0.7599502415564996,0.20588384439381843,-2.374003556874655,0.9649110592614463,-0.016659406762399586,0.5878800461956059,1.0,m4_cross_resid_transformer
XLV,F4,7,0.14396953582763672,0.7599502415564996,0.18944600311299867,-5.0093199852686245,0.47590081918974547,-0.5580074964055107,0.5306745623012848,1.0,m4_cross_resid_transformer
XLY,F4,7,0.13511085510253906,0.7599502415564996,0.1777890810664267,-9.717645509274869,0.3406912940685679,-0.7069967073259664,0.17889428447387812,1.0,m4_cross_resid_transformer
^GDAXI,F4,7,0.1380603313446045,0.7599502415564996,0.18167022496345928,-2.69973305302212,0.9640395430491157,-0.014718812492923464,0.1370039374187425,1.0,m4_cross_resid_transformer
DBC,F2,8,0.1255028247833252,0.784892497089938,0.1598981073823977,0.5870506130509789,0.9692765326764393,-0.02405726218835402,0.0029558643637841646,1.0,m4_cross_resid_transformer
DIA,F2,8,0.10026812553405762,0.784892497089938,0.12774759079212888,-7.195267486966674,0.31265012630266564,-1.89739446658474,0.5417377499594348,1.0,m4_cross_resid_transformer
EFA,F2,8,0.10286378860473633,0.784892497089938,0.1310546208380299,-3.4867733556670313,0.5135269202112972,-1.3665936371440535,0.4824857794644904,1.0,m4_cross_resid_transformer
EWA,F2,8,0.11011981964111328,0.784892497089938,0.14029923849366985,-2.6315733528330707,0.59244043722686,-0.998506857439133,0.48405865103787743,1.0,m4_cross_resid_transformer
EWC,F2,8,0.10117292404174805,0.784892497089938,0.12890035822339502,-2.6637555806286697,0.5389516835011953,-1.1895850522601543,0.11844515740588393,1.0,m4_cross_resid_transformer
EWG,F2,8,0.10738992691040039,0.784892497089938,0.13682119183016597,-2.443085928512083,0.6103808970995847,-0.9162681493630552,0.4108599231449892,1.0,m4_cross_resid_transformer
EWJ,F2,8,0.09650993347167969,0.784892497089938,0.12295942925878289,-4.923105630892678,0.42371059484941936,-2.272017128259106,0.4208814542912598,1.0,m4_cross_resid_transformer
EWU,F2,8,0.11230921745300293,0.784892497089938,0.14308866229375336,0.027185679071433988,1.0651917021937383,0.09049776749650647,0.5748562862324137,1.0,m4_cross_resid_transformer
FXI,F2,8,0.10017275810241699,0.784892497089938,0.1276260869785567,-4.134185866079804,0.47778515025716906,-1.4080231489382236,0.36565834142577175,1.0,m4_cross_resid_transformer
GLD,F2,8,0.10469746589660645,0.784892497089938,0.13339083541348917,2.5464497426184076,7.352454977649412,0.5833175857451397,-0.4587627746027491,1.0,m4_cross_resid_transformer
IWM,F2,8,0.10993838310241699,0.784892497089938,0.14006807748834876,-5.428355944297062,0.39462767712948044,-1.8200413238125737,-0.0012770653335959273,1.0,m4_cross_resid_transformer
IYR,F2,8,0.11429476737976074,0.784892497089938,0.1456183716923263,1.1005068044231363,2.593746450409707,0.36042003457224947,-0.14732473608703678,1.0,m4_cross_resid_transformer
LQD,F2,8,0.11569976806640625,0.784892497089938,0.14740842662577858,0.0700744823354369,2.100732022461579,0.17446851115537787,-0.4063684268097488,1.0,m4_cross_resid_transformer
MDY,F2,8,0.09938740730285645,0.784892497089938,0.12662550307378972,-3.9721001037955785,0.4707938091232339,-1.5045676253091407,0.3214732205000849,1.0,m4_cross_resid_transformer
SPY,F2,8,0.11056137084960938,0.784892497089938,0.1408618011505091,-4.884860217506944,0.41646467705090234,-1.914171696014893,0.33553868413071164,1.0,m4_cross_resid_transformer
TIP,F2,8,0.1010446548461914,0.784892497089938,0.12873693559414043,1.480124376954354,3.895882557654791,0.445274436431289,-0.3261452306697752,1.0,m4_cross_resid_transformer
TLT,F2,8,0.14894580841064453,0.784892497089938,0.18976587107517906,1.8695963825596387,-1.283080350892054,0.7756700863702016,-0.39872568763238403,1.0,m4_cross_resid_transformer
USO,F2,8,0.13193488121032715,0.784892497089938,0.16809293208877393,4.6756302285940645,-5.500544773394064,1.4480581351594062,0.43444739734204385,1.0,m4_cross_resid_transformer
XLB,F2,8,0.11555075645446777,0.784892497089938,0.14721857691707202,-2.698484204546947,0.49211415313525325,-1.1366131270433664,0.6221370168781613,1.0,m4_cross_resid_transformer
XLI,F2,8,0.10190486907958984,0.784892497089938,0.12983289999256156,-5.396601608662001,0.3733992434309946,-1.9493978195533679,0.6689247980248152,1.0,m4_cross_resid_transformer
XLK,F2,8,0.09131193161010742,0.784892497089938,0.11633686390003077,-4.644754751970957,0.43313876894713543,-1.9919580004506,0.5712481279836381,1.0,m4_cross_resid_transformer
XLP,F2,8,0.10343217849731445,0.784892497089938,0.13177878356692016,2.4240381850878903,3.9813537073694585,0.6717157980963405,-0.05828957862115002,1.0,m4_cross_resid_transformer
XLU,F2,8,0.10941648483276367,0.784892497089938,0.13940314786857497,-0.25933218129806157,0.9293955969075729,-0.05980744264466763,-0.23725092323437905,1.0,m4_cross_resid_transformer
XLV,F2,8,0.10997962951660156,0.784892497089938,0.14012062788771873,3.4750759031755147,64.06440600342832,1.236057521539114,0.35897706290672926,1.0,m4_cross_resid_transformer
XLY,F2,8,0.10313987731933594,0.784892497089938,0.1314063743783214,-2.2505383347764933,0.5226456363565969,-0.9962415984473607,0.5386301004499421,1.0,m4_cross_resid_transformer
^GDAXI,F2,8,0.11280250549316406,0.784892497089938,0.1437171407694555,-3.1372005043625375,0.5618857318779573,-0.8415342057197079,0.6178003920656103,1.0,m4_cross_resid_transformer
DBC,F5,8,0.19659149646759033,0.78461176915467,0.2505589441761692,4.043581709427887,115.92015357709245,0.3080965431866222,-0.3724867230662643,1.0,m4_cross_resid_transformer
DIA,F5,8,0.1462709903717041,0.78461176915467,0.18642467029177304,5.040535506022659,-2.573725600251936,0.9084377420963164,0.6485495497383081,1.0,m4_cross_resid_transformer
EFA,F5,8,0.14616608619689941,0.78461176915467,0.18629096827642128,8.623472316528424,-0.5777689871073219,1.408244732847748,0.7658860841539682,1.0,m4_cross_resid_transformer
EWA,F5,8,0.1522921323776245,0.78461176915467,0.19409871017063887,5.554739620268457,-0.9317564735573851,1.2466978764975007,0.536241617638567,1.0,m4_cross_resid_transformer
EWC,F5,8,0.14223432540893555,0.78461176915467,0.18127987751468075,7.770325609405121,-0.6269190295668754,1.742854299837222,0.5511527727190622,1.0,m4_cross_resid_transformer
EWG,F5,8,0.15883386135101318,0.78461176915467,0.2024362463006878,9.778080325360868,-0.4661002147976209,1.4792033774482196,0.7725810089917641,1.0,m4_cross_resid_transformer
EWJ,F5,8,0.13611912727355957,0.78461176915467,0.1734859616243234,9.664032111551116,-0.42797572383225196,1.3386148418597599,0.5972283381551047,1.0,m4_cross_resid_transformer
EWU,F5,8,0.1563633680343628,0.78461176915467,0.19928756383915391,6.549183268762773,-0.8949681594615694,2.1008120480077825,0.7178966585629348,1.0,m4_cross_resid_transformer
FXI,F5,8,0.1945422887802124,0.78461176915467,0.24794719685355932,9.75667687346574,-0.42216561429954197,2.9866496181776907,0.6629734245548907,1.0,m4_cross_resid_transformer
GLD,F5,8,0.16641831398010254,0.78461176915467,0.21210275007651153,7.617935553955897,-0.8850264699048991,1.0775667616673898,0.07102454027173283,1.0,m4_cross_resid_transformer
IWM,F5,8,0.16190803050994873,0.78461176915467,0.20635432308692772,6.715605236962711,-0.9303297445619042,1.4919753539981409,0.7057976670895579,1.0,m4_cross_resid_transformer
IYR,F5,8,0.1504840850830078,0.78461176915467,0.19179432554922965,10.662910316161152,-0.36355283905823993,2.420324019198175,0.480616929898856,1.0,m4_cross_resid_transformer
LQD,F5,8,0.175481915473938,0.78461176915467,0.22365445226879505,12.410394265896274,-0.2903328464064185,2.011465929175008,0.6583424710518634,1.0,m4_cross_resid_transformer
MDY,F5,8,0.15520989894866943,0.78461176915467,0.197817449406718,6.016841796984217,-1.441748616004614,1.1552596411535807,0.7344292114065147,1.0,m4_cross_resid_transformer
SPY,F5,8,0.13613665103912354,0.78461176915467,0.17350829593825148,6.522597785559484,-0.8770835108403302,1.342262205419965,0.717863025512181,1.0,m4_cross_resid_transformer
TIP,F5,8,0.2077326774597168,0.78461176915467,0.26475855400885095,9.715189617883652,-0.45034942173624826,2.987989662418901,0.5968404604539761,1.0,m4_cross_resid_transformer
TLT,F5,8,0.3259061574935913,0.78461176915467,0.4153725068956309,15.428722555272287,-0.27871399767321453,2.900388844688092,0.829664242536657,1.0,m4_cross_resid_transformer
USO,F5,8,0.18754136562347412,0.78461176915467,0.23902441053812973,4.3267162176049165,3.333289786629898,0.2614636855872771,-0.4479896051102934,1.0,m4_cross_resid_transformer
XLB,F5,8,0.15000104904174805,0.78461176915467,0.19117868854217815,7.783124087966842,-0.7419103553671604,1.5334750253811504,0.6899079424807326,1.0,m4_cross_resid_transformer
XLI,F5,8,0.13833892345428467,0.78461176915467,0.17631512665598825,6.1622033934380145,-1.4558078425111467,0.8578834551188946,0.7550090920829536,1.0,m4_cross_resid_transformer
XLK,F5,8,0.12146115303039551,0.78461176915467,0.15480414366108233,4.773304517049503,-2.134723182058405,1.0457142552247303,0.714652540037229,1.0,m4_cross_resid_transformer
XLP,F5,8,0.1537412405014038,0.78461176915467,0.19594562119179337,4.503239134125295,-1.4675445183576312,1.4444995531228972,0.5551972082542129,1.0,m4_cross_resid_transformer
XLU,F5,8,0.1550312042236328,0.78461176915467,0.19758970017829494,3.864614705097033,-1.8942219480283233,0.9999097089772891,0.391295539729142,1.0,m4_cross_resid_transformer
XLV,F5,8,0.162026047706604,0.78461176915467,0.20650473785419846,4.912717581214345,-1.3293312521957712,1.4953072638069587,0.4760824183762857,1.0,m4_cross_resid_transformer
XLY,F5,8,0.1923065185546875,0.78461176915467,0.24509767265137497,9.255664789757951,-0.6211377148865495,1.5768461921164156,0.8228597320342417,1.0,m4_cross_resid_transformer
^GDAXI,F5,8,0.14734411239624023,0.78461176915467,0.18779238113517818,3.0400996576038057,-7.2108770341147315,0.5557085756736195,0.6176079420465326,1.0,m4_cross_resid_transformer
DBC,F1,8,0.16318035125732422,0.8670035747461947,0.1882118551876714,29.20578315975655,-0.2105482511847171,2.3902477110176754,-0.14093119476969773,1.0,m4_cross_resid_transformer
DIA,F1,8,0.17946672439575195,0.8670035747461947,0.20699652184051118,0.2544612857171136,1.0993668938495902,0.13202276984908173,-0.6581097753522893,1.0,m4_cross_resid_transformer
EFA,F1,8,0.1733994483947754,0.8670035747461947,0.1999985391588911,10.469711754070858,-0.7616995922598243,1.95465075535859,-0.5489145145891299,1.0,m4_cross_resid_transformer
EWA,F1,8,0.1485844850540161,0.8670035747461947,0.17137701548406245,10.825016808746941,-0.8103659548167724,1.3693175586419768,-0.43077537853197845,1.0,m4_cross_resid_transformer
EWC,F1,8,0.1732950210571289,0.8670035747461947,0.19987809289928132,4.162549348936342,-1.3463813168853649,0.6639198206378423,0.11858472694963701,1.0,m4_cross_resid_transformer
EWG,F1,8,0.16441822052001953,0.8670035747461947,0.18963961084952974,12.035288707459674,-0.5889218947502554,2.2350550646923213,-0.6441617336467909,1.0,m4_cross_resid_transformer
EWJ,F1,8,0.2069387435913086,0.8670035747461947,0.23868268784461186,4.093372611207899,3.282905567277266,0.678561446160987,-0.35101666510453505,1.0,m4_cross_resid_transformer
EWU,F1,8,0.17194128036499023,0.8670035747461947,0.19831669138771896,13.37041071762431,-0.6227474684201608,1.8435768472290714,-0.5776936820129726,1.0,m4_cross_resid_transformer
FXI,F1,8,0.16678071022033691,0.8670035747461947,0.19236450122960572,-4.590301571800406,0.5668131044311931,-0.6986757122434124,0.05984137599662791,1.0,m4_cross_resid_transformer
GLD,F1,8,0.21355581283569336,0.8670035747461947,0.24631480083367518,12.180690800131277,-0.6677830339834423,2.441691444808119,-0.23000732701277996,1.0,m4_cross_resid_transformer
IWM,F1,8,0.17564380168914795,0.8670035747461947,0.20258717127039025,4.908374215109513,232.3118353668455,1.138238982324842,-0.583081376652521,1.0,m4_cross_resid_transformer
IYR,F1,8,0.1609489917755127,0.8670035747461947,0.18563821011075837,-7.070880714359497,0.44547769426946715,-1.3213546535365184,-0.6274606117965009,1.0,m4_cross_resid_transformer
LQD,F1,8,0.17517316341400146,0.8670035747461947,0.20204433812776537,-1.9383038388339453,0.6640654387402569,-0.5079955356366703,0.06162864180106592,1.0,m4_cross_resid_transformer
MDY,F1,8,0.18517279624938965,0.8670035747461947,0.21357789245978234,2.843908478786687,3.2837271823422767,0.7591402242371644,-0.7344465337102114,1.0,m4_cross_resid_transformer
SPY,F1,8,0.1783461570739746,0.8670035747461947,0.2057040619771186,-0.41877465117976254,0.9744437654696098,-0.03139391646613962,-0.6221719559340871,1.0,m4_cross_resid_transformer
TIP,F1,8,0.16821181774139404,0.8670035747461947,0.1940151374700342,3.6349248903759497,8.867437576928687,0.6933594007226576,0.08047300459439602,1.0,m4_cross_resid_transformer
TLT,F1,8,0.1702594757080078,0.8670035747461947,0.19637690162678892,-8.149483339663886,0.3750579893925897,-3.027383503735086,0.051769415642318746,1.0,m4_cross_resid_transformer
USO,F1,8,0.17163848876953125,0.8670035747461947,0.1979674522331427,26.134900554870562,-0.268847943918807,1.9624121090372477,0.2669562151117408,1.0,m4_cross_resid_transformer
XLB,F1,8,0.19096922874450684,0.8670035747461947,0.22026348484250582,4.343910527906868,-6.654387560228345,0.9493461377730779,-0.49815499810928426,1.0,m4_cross_resid_transformer
XLI,F1,8,0.18546795845031738,0.8670035747461947,0.21391833188762915,2.8691401143686837,3.022354965838468,0.9028903442008588,-0.762826995402937,1.0,m4_cross_resid_transformer
XLK,F1,8,0.17742037773132324,0.8670035747461947,0.2046362701367881,-2.7054601682839903,0.6450839842451342,-0.6394041868431551,-0.5486407682403263,1.0,m4_cross_resid_transformer
XLP,F1,8,0.15464520454406738,0.8670035747461947,0.17836743590052437,-3.850751616752487,0.5315326006479703,-1.1418581500474294,-0.5127762517270672,1.0,m4_cross_resid_transformer
XLU,F1,8,0.16212940216064453,0.8670035747461947,0.18699969283068532,-3.045102703308579,0.545881988591961,-0.7859984786042552,-0.17544842107689737,1.0,m4_cross_resid_transformer
XLV,F1,8,0.15085220336914062,0.8670035747461947,0.17399259675867065,-7.89793953668608,0.35956578086147184,-2.8668919512324313,-0.09511636388798173,1.0,m4_cross_resid_transformer
XLY,F1,8,0.17925047874450684,0.8670035747461947,0.20674710458602244,0.010170998521996877,0.9013396486610601,-0.12746359337440405,-0.48532280134931716,1.0,m4_cross_resid_transformer
^GDAXI,F1,8,0.1432790756225586,0.8670035747461947,0.1652577680138192,4.269493771507889,6.783444542502211,0.9327158011443956,-0.6799255145728019,1.0,m4_cross_resid_transformer
DBC,F4,8,0.1707444190979004,0.8069981513117583,0.21157969051150732,-5.406061971773411,0.9189887612949239,-0.04579811770201393,0.5305230951047767,1.0,m4_cross_resid_transformer
DIA,F4,8,0.12670230865478516,0.8069981513117583,0.15700445961224724,-3.8950338102896325,0.8431355742690342,-0.14814801904008185,0.27584963115989053,1.0,m4_cross_resid_transformer
EFA,F4,8,0.13341951370239258,0.8069981513117583,0.16532815284089808,-1.9537830861249113,1.5757196448392916,0.2232333667548504,0.4353225110069146,1.0,m4_cross_resid_transformer
EWA,F4,8,0.15484237670898438,0.8069981513117583,0.19187451229880934,-1.8159664674963114,1.5266313296682432,0.18610582102403722,0.40338083308572487,1.0,m4_cross_resid_transformer
EWC,F4,8,0.1390209197998047,0.8069981513117583,0.17226919240623928,-4.357143602106273,1.1838506095438284,0.07378116374034298,0.4505012125755396,1.0,m4_cross_resid_transformer
EWG,F4,8,0.12379980087280273,0.8069981513117583,0.15340778745474049,0.624088845861098,2.26852103693055,0.36837935175246606,0.5111516858681731,1.0,m4_cross_resid_transformer
EWJ,F4,8,0.12620258331298828,0.8069981513117583,0.15638521985192738,-4.614993692616592,0.9569488179336302,-0.02498568977776971,0.27024353708769894,1.0,m4_cross_resid_transformer
EWU,F4,8,0.13006591796875,0.8069981513117583,0.16117251044172853,0.07255138049817145,10.692007395250355,0.42019140146116246,-0.055920894814931725,1.0,m4_cross_resid_transformer
FXI,F4,8,0.1127324104309082,0.8069981513117583,0.13969351757208373,-0.9838966103869895,1.1804242975311274,0.1606501346215367,0.33669271887419927,1.0,m4_cross_resid_transformer
GLD,F4,8,0.11625385284423828,0.8069981513117583,0.1440571488983836,-0.5536381457775388,1.912665912642051,0.3550350640211889,-0.040337073297088494,1.0,m4_cross_resid_transformer
IWM,F4,8,0.13092947006225586,0.8069981513117583,0.16224258983670878,-6.31476387450458,0.72884160676819,-0.19724502357269316,0.3550065567151198,1.0,m4_cross_resid_transformer
IYR,F4,8,0.12082052230834961,0.8069981513117583,0.14971598399817698,-1.635863771036976,1.1352903703823627,0.09775648220581408,0.43831130717609623,1.0,m4_cross_resid_transformer
LQD,F4,8,0.1336817741394043,0.8069981513117583,0.16565313553953923,5.189274725021168,-30.275305550606543,1.198596139750936,0.5918225308562339,1.0,m4_cross_resid_transformer
MDY,F4,8,0.11844682693481445,0.8069981513117583,0.14677459513665755,-1.7338684961834572,1.172684918133473,0.08574766356483805,0.08864537935392616,1.0,m4_cross_resid_transformer
SPY,F4,8,0.12902069091796875,0.8069981513117583,0.15987730666823508,-3.996675599694518,0.913337776151837,-0.06797622535263118,0.470078618936103,1.0,m4_cross_resid_transformer
TIP,F4,8,0.11253213882446289,0.8069981513117583,0.13944534896584868,-0.6391108271962169,0.9769395908105178,-0.03773806235234958,0.4519711272464383,1.0,m4_cross_resid_transformer
TLT,F4,8,0.12313508987426758,0.8069981513117583,0.15258410403309364,10.077701382189392,-2.0107638916108157,0.8654630110099669,-0.5386391038506262,1.0,m4_cross_resid_transformer
USO,F4,8,0.15427350997924805,0.8069981513117583,0.19116959528157498,-0.3506589921112422,3.7432423935373844,0.3541541424149815,0.40311009492799943,1.0,m4_cross_resid_transformer
XLB,F4,8,0.13912439346313477,0.8069981513117583,0.17239741285279406,-3.888192662334676,0.867315910723165,-0.12110003151701694,0.41186600254284883,1.0,m4_cross_resid_transformer
XLI,F4,8,0.12285566329956055,0.8069981513117583,0.15223784973963234,-2.435831326800221,1.2396384795118478,0.1326014328217059,0.3988111093253496,1.0,m4_cross_resid_transformer
XLK,F4,8,0.102630615234375,0.8069981513117583,0.1271757748980603,-4.244833504754261,0.670152617808103,-0.6000536510980109,0.3944654846572339,1.0,m4_cross_resid_transformer
XLP,F4,8,0.13122892379760742,0.8069981513117583,0.16261366099079358,0.6178991335485335,1.9602276884481036,0.4499415511476641,0.40896138454783143,1.0,m4_cross_resid_transformer
XLU,F4,8,0.1315760612487793,0.8069981513117583,0.16304381990826772,1.3195859012787796,1.8715652458384513,0.5637506119541859,0.46191018533125616,1.0,m4_cross_resid_transformer
XLV,F4,8,0.13199710845947266,0.8069981513117583,0.16356556485899523,-1.8495553727323895,1.0208754366472088,0.0183517731210053,0.3377459097460176,1.0,m4_cross_resid_transformer
XLY,F4,8,0.11939668655395508,0.8069981513117583,0.14795162338337245,-3.3800970789488183,0.903629936995032,-0.08013730077237641,0.2853504430389875,1.0,m4_cross_resid_transformer
^GDAXI,F4,8,0.15045642852783203,0.8069981513117583,0.18643961982226143,1.6272736403348902,33.17630759133594,0.5832087867644853,0.5709758222090309,1.0,m4_cross_resid_transformer
DBC,F3,8,0.1050868034362793,0.7807962656824431,0.13458927514776184,9.919816305252077,-0.8764607709899668,1.5189911713394968,0.4310107787437846,1.0,m4_cross_resid_transformer
DIA,F3,8,0.10138463973999023,0.7807962656824431,0.12984775183495087,3.6810338710403654,-9.402907891563313,0.9391250256239275,0.4397895522959103,1.0,m4_cross_resid_transformer
EFA,F3,8,0.09755420684814453,0.7807962656824431,0.1249419485413122,13.024049334501875,-0.5533565165866291,3.5933159486256425,0.4800932027659473,1.0,m4_cross_resid_transformer
EWA,F3,8,0.10181570053100586,0.7807962656824431,0.13039983028353164,8.429414441888,-1.2991547097706229,2.5452847577348803,0.23773952634048584,1.0,m4_cross_resid_transformer
EWC,F3,8,0.11118316650390625,0.7807962656824431,0.14239715453394017,8.646318423354609,-1.2679387299097877,1.679453038707014,0.3465018933304879,1.0,m4_cross_resid_transformer
EWG,F3,8,0.10543966293334961,0.7807962656824431,0.1350411977716001,15.48312549426781,-0.43237568538432214,4.725009190762408,0.49601388604331437,1.0,m4_cross_resid_transformer
EWJ,F3,8,0.10135173797607422,0.7807962656824431,0.1298056131038092,10.300847358464305,-0.7328299904912403,2.918891216451304,0.5925566639179968,1.0,m4_cross_resid_transformer
EWU,F3,8,0.09635496139526367,0.7807962656824431,0.1234060223265106,12.320347130797572,-0.6074862433581486,3.156039607714526,0.2231227616837781,1.0,m4_cross_resid_transformer
FXI,F3,8,0.11637353897094727,0.7807962656824431,0.14904469204810136,12.296405451561174,-0.7026530362826084,2.3383983782060693,0.5765974642510792,1.0,m4_cross_resid_transformer
GLD,F3,8,0.09570789337158203,0.7807962656824431,0.122577293947391,10.673502612224098,-2.164483500755243,0.8346158010480522,0.4444491054355651,1.0,m4_cross_resid_transformer
IWM,F3,8,0.10646677017211914,0.7807962656824431,0.13635665903071845,9.065127494835576,-0.9573518928258666,1.3174517900574494,-0.3213526687889192,1.0,m4_cross_resid_transformer
IYR,F3,8,0.09616374969482422,0.7807962656824431,0.12316112912089014,-0.4324596434883734,0.9983602748386392,-0.00167092729013275,0.021890786629413555,1.0,m4_cross_resid_transformer
LQD,F3,8,0.10349845886230469,0.7807962656824431,0.13255501263424133,-0.8764309695013459,0.8608121265765003,-0.12261727121714402,0.4889417753403955,1.0,m4_cross_resid_transformer
MDY,F3,8,0.10460376739501953,0.7807962656824431,0.1339706297181022,11.18921502951469,-0.7064764992253544,1.9560058115224332,-0.13917581359690653,1.0,m4_cross_resid_transformer
SPY,F3,8,0.11388826370239258,0.7807962656824431,0.14586169108128388,5.549625318662489,-1.9012518123025577,1.330993976214757,0.13819858743446153,1.0,m4_cross_resid_transformer
TIP,F3,8,0.09002017974853516,0.7807962656824431,0.11529278981611725,6.007872772628322,-4.81809925669984,1.3738902360175065,0.4658095980837221,1.0,m4_cross_resid_transformer
TLT,F3,8,0.10838174819946289,0.7807962656824431,0.13880925532441357,1.0880257987661257,1.1566347843693356,0.12602630279738977,0.7207286243712979,1.0,m4_cross_resid_transformer
USO,F3,8,0.11106681823730469,0.7807962656824431,0.14224814220932322,9.250802162342223,-0.9180733586013132,1.288725733386664,0.30596631883656933,1.0,m4_cross_resid_transformer
XLB,F3,8,0.09633970260620117,0.7807962656824431,0.12338647972656083,11.385780937263927,-0.635953888991521,3.353607720666232,0.349218670583412,1.0,m4_cross_resid_transformer
XLI,F3,8,0.11546611785888672,0.7807962656824431,0.14788251805733896,7.123875860944764,-1.2911041085875465,1.6722966818986653,0.5068589055760545,1.0,m4_cross_resid_transformer
XLK,F3,8,0.09836006164550781,0.7807962656824431,0.125974042101159,4.269424193375805,26.760730345678965,1.0231506091005038,0.18392117136680056,1.0,m4_cross_resid_transformer
XLP,F3,8,0.10458135604858398,0.7807962656824431,0.133941926524426,2.3953155975083473,2.1825416890303813,0.3730049122503219,0.5008306001064519,1.0,m4_cross_resid_transformer
XLU,F3,8,0.09402132034301758,0.7807962656824431,0.12041722594669388,-1.6867397458221678,0.7383287256698293,-0.4580890913106469,0.22363717741527286,1.0,m4_cross_resid_transformer
XLV,F3,8,0.08977174758911133,0.7807962656824431,0.1149746118606852,1.5431901544619615,1.4758160124117443,0.2282865235023647,0.4592474380673477,1.0,m4_cross_resid_transformer
XLY,F3,8,0.10163688659667969,0.7807962656824431,0.13017081544037037,4.285557788306864,-7.336880447438973,0.8886747999389126,-0.0447136878028672,1.0,m4_cross_resid_transformer
^GDAXI,F3,8,0.09747862815856934,0.7807962656824431,0.12484515160093604,13.294725259478588,-0.5638129871697258,3.9119983373938507,0.5640736565064819,1.0,m4_cross_resid_transformer
DBC,F2,9,0.09585630893707275,0.821149870316523,0.11673424353111532,-6.638320457209963,0.03648228786996364,-1.4770428915686915,-0.3508890953027446,1.0,m4_cross_resid_transformer
DIA,F2,9,0.09847119450569153,0.821149870316523,0.1199186629204904,-13.78946004646162,0.015321569326710405,-2.60394015341232,-0.1793298939842669,1.0,m4_cross_resid_transformer
EFA,F2,9,0.07807028293609619,0.821149870316523,0.09507434118695407,-4.358572184236891,0.040630507354630974,-1.8549027456177272,0.05237678783098765,1.0,m4_cross_resid_transformer
EWA,F2,9,0.07953481376171112,0.821149870316523,0.09685785340385353,-4.081383007482177,0.048678461752399156,-1.43450532232306,-0.31699486257246223,1.0,m4_cross_resid_transformer
EWC,F2,9,0.09381388127803802,0.821149870316523,0.11424696595504087,0.6861869185002301,0.1811281027175198,-0.22623310906716973,0.048780763496006206,1.0,m4_cross_resid_transformer
EWG,F2,9,0.07725394517183304,0.821149870316523,0.09408020139131787,-4.974224120589913,0.03924300527082099,-1.716053369984072,-0.2165307078975888,1.0,m4_cross_resid_transformer
EWJ,F2,9,0.0832686722278595,0.821149870316523,0.10140496301334431,-5.2484701552180155,0.0396543637811315,-1.973077966669629,0.09270045177525789,1.0,m4_cross_resid_transformer
EWU,F2,9,0.08030971884727478,0.821149870316523,0.09780153629728804,1.0186281193487714,-0.14308505639851055,0.4107446304843516,-0.09072819713046434,1.0,m4_cross_resid_transformer
FXI,F2,9,0.07769566774368286,0.821149870316523,0.09461813312317037,-3.497860612188978,0.07959473837184801,-0.6828932714817706,-0.04511738384014141,1.0,m4_cross_resid_transformer
GLD,F2,9,0.09538308531045914,0.821149870316523,0.1161579496732947,1.6064753296782623,0.5675238594713099,-0.025049466819859662,0.19547152826112538,1.0,m4_cross_resid_transformer
IWM,F2,9,0.08973151445388794,0.821149870316523,0.10927544130196325,-10.16708521774337,0.02132868428931335,-3.4080911184007414,-0.21646614399728728,1.0,m4_cross_resid_transformer
IYR,F2,9,0.08270737528800964,0.821149870316523,0.10072141307911185,-5.095342203721746,0.1007098046000384,-0.2768099855487887,-0.3789194517447484,1.0,m4_cross_resid_transformer
LQD,F2,9,0.08558885753154755,0.821149870316523,0.10423049509653604,-0.6262023145047464,-4.706951848631678,0.026062591949213232,-0.10084202484101788,1.0,m4_cross_resid_transformer
MDY,F2,9,0.09965704381465912,0.821149870316523,0.12136279553480901,-11.626569655023099,0.021379262997898114,-3.091195211973964,-0.18888751449955682,1.0,m4_cross_resid_transformer
SPY,F2,9,0.09134042263031006,0.821149870316523,0.1112347769050998,-6.885006156746887,0.03142932189846794,-2.0302076173256176,-0.04335907992731953,1.0,m4_cross_resid_transformer
TIP,F2,9,0.0753464549779892,0.821149870316523,0.09175725126638079,8.521131087933497,-0.025654798861875126,2.071848078980251,-0.22021366749793714,1.0,m4_cross_resid_transformer
TLT,F2,9,0.0736914575099945,0.821149870316523,0.08974178791697204,2.2123400971067166,-0.03740757349147408,0.8355539731064037,-0.2586800090051816,1.0,m4_cross_resid_transformer
USO,F2,9,0.09054280817508698,0.821149870316523,0.11026343843930227,-5.02054167759796,0.059103010640345774,-0.8298295821602242,-0.5836943167224602,1.0,m4_cross_resid_transformer
XLB,F2,9,0.09117305278778076,0.821149870316523,0.1110309531591802,-7.715450833981304,0.027801773729296538,-2.153841322029939,-0.19565992947131117,1.0,m4_cross_resid_transformer
XLI,F2,9,0.09623472392559052,0.821149870316523,0.11719507900366054,-1.846683181419555,0.07087431753543273,-0.6571041231940931,-0.0053987042234629,1.0,m4_cross_resid_transformer
XLK,F2,9,0.09212534129619598,0.821149870316523,0.1121906543816235,-6.469249251178673,0.03345862271323259,-2.1902907467793007,-0.12871058376342745,1.0,m4_cross_resid_transformer
XLP,F2,9,0.08860264718532562,0.821149870316523,0.10790070167236654,1.9135795294399274,-0.10330169493756648,0.39195157205800446,0.06483591047313544,1.0,m4_cross_resid_transformer
XLU,F2,9,0.08197763562202454,0.821149870316523,0.09983273283648597,2.96222117824282,-0.24020541539155896,0.20990556505723462,0.22760389409394705,1.0,m4_cross_resid_transformer
XLV,F2,9,0.10058347880840302,0.821149870316523,0.12249101223097289,-1.1347411165790229,0.36329667013522393,-0.1144364169510841,-0.4981804154756779,1.0,m4_cross_resid_transformer
XLY,F2,9,0.09127523005008698,0.821149870316523,0.11115538508811278,-2.137269582875896,0.06361126871796496,-0.8958367289319699,-0.2643771799745077,1.0,m4_cross_resid_transformer
^GDAXI,F2,9,0.08832737058401108,0.821149870316523,0.10756546859097005,-4.436390839990867,0.041300449666665635,-1.1326389264003038,0.02591438702214974,1.0,m4_cross_resid_transformer
DBC,F1,9,0.22717410326004028,0.796496647220167,0.285216647242515,33.44606954177525,-0.05488877741495209,2.1531755593537008,-0.15396900609196182,1.0,m4_cross_resid_transformer
DIA,F1,9,0.24730753898620605,0.796496647220167,0.3104941368545968,-1.7184841100332195,0.5951668400855035,-0.2282286976528943,-0.3594805436065126,1.0,m4_cross_resid_transformer
EFA,F1,9,0.26888835430145264,0.796496647220167,0.33758880874124597,6.631366735594128,-0.2833434747133744,1.0699513902921876,-0.34238404438399667,1.0,m4_cross_resid_transformer
EWA,F1,9,0.24541902542114258,0.796496647220167,0.3081231117264252,8.280709805162354,-0.25674070626015444,0.8000506483835247,-0.26796482369998526,1.0,m4_cross_resid_transformer
EWC,F1,9,0.23450660705566406,0.796496647220167,0.29442259157538164,-0.5378751589464026,-0.42449786195604255,0.3499956980867419,0.03439153557602621,1.0,m4_cross_resid_transformer
EWG,F1,9,0.23754900693893433,0.796496647220167,0.29824231874421336,9.060785002472304,-0.19348231619738693,1.5033909481395253,-0.2328092516400309,1.0,m4_cross_resid_transformer
EWJ,F1,9,0.2727939784526825,0.796496647220167,0.3424923123088514,1.1726725627808736,11.671568546560408,0.23852466272325434,-0.252155397957219,1.0,m4_cross_resid_transformer
EWU,F1,9,0.2154119312763214,0.796496647220167,0.27044926306736533,8.90912197412289,-0.24793773642190284,1.0123718803784663,-0.45858748488891765,1.0,m4_cross_resid_transformer
FXI,F1,9,0.26883137226104736,0.796496647220167,0.3375172678997319,-10.282596726857488,0.14672483915036097,-1.4752775752875955,0.282876153172012,1.0,m4_cross_resid_transformer
GLD,F1,9,0.24831300973892212,0.796496647220167,0.3117565034398489,8.695263291924565,-0.2145637899823955,1.6182477066073917,-0.17916752047912743,1.0,m4_cross_resid_transformer
IWM,F1,9,0.2245234251022339,0.796496647220167,0.28188872594233444,1.2426230567770165,2.1790190100866984,0.17422448519137013,-0.2766763974352159,1.0,m4_cross_resid_transformer
IYR,F1,9,0.27322185039520264,0.796496647220167,0.34302950470509497,-13.572987985470595,0.11076058499651721,-2.2305520226453592,-0.36402202685786256,1.0,m4_cross_resid_transformer
LQD,F1,9,0.23125812411308289,0.796496647220167,0.2903441275241912,-6.785251594981755,0.16673735803336343,-1.3049554486716857,0.05593329254094828,1.0,m4_cross_resid_transformer
MDY,F1,9,0.26764070987701416,0.796496647220167,0.33602239357955904,-1.1729823485176192,0.539043672796824,-0.26698804164293155,-0.5189001294625546,1.0,m4_cross_resid_transformer
SPY,F1,9,0.23261284828186035,0.796496647220167,0.29204498109778193,-3.9638647887111786,0.32727402844492015,-0.6129958478523143,-0.3183388869752631,1.0,m4_cross_resid_transformer
TIP,F1,9,0.2820747494697571,0.796496647220167,0.3541443023699084,0.7358490496852705,2.9569940553476513,0.12770089271906274,-0.025932741199900144,1.0,m4_cross_resid_transformer
TLT,F1,9,0.34003162384033203,0.796496647220167,0.42690904604189844,-14.084686410288576,0.09655439575462252,-4.661294258824821,0.30346502356551974,1.0,m4_cross_resid_transformer
USO,F1,9,0.25173842906951904,0.796496647220167,0.31605711078396254,26.081730584314855,-0.07640146330700243,1.6576648683620214,0.04082431682752693,1.0,m4_cross_resid_transformer
XLB,F1,9,0.22250789403915405,0.796496647220167,0.27935823059108067,-0.0742056428465554,11.06886215059215,0.2206608838201769,-0.3798342650396044,1.0,m4_cross_resid_transformer
XLI,F1,9,0.21879762411117554,0.796496647220167,0.2746999938729129,1.2049184876547425,-60.482054575424684,0.29506379588255593,-0.3233121495111381,1.0,m4_cross_resid_transformer
XLK,F1,9,0.2295171618461609,0.796496647220167,0.28815835276544227,-6.483776953174264,0.2233170165622395,-0.8353678292573281,-0.25163069899188684,1.0,m4_cross_resid_transformer
XLP,F1,9,0.3025885820388794,0.796496647220167,0.3798993794825581,-11.718819513753267,0.12180429257738115,-2.607197752400888,-0.23302914471589486,1.0,m4_cross_resid_transformer
XLU,F1,9,0.29976052045822144,0.796496647220167,0.3763487536380826,-9.970382103643974,0.12675822022263408,-1.673533588358885,-0.14728144838833232,1.0,m4_cross_resid_transformer
XLV,F1,9,0.25718384981155396,0.796496647220167,0.322893825993047,-9.053229856747736,0.1289465809832687,-2.363701501671337,-0.09399968458638439,1.0,m4_cross_resid_transformer
XLY,F1,9,0.2509338855743408,0.796496647220167,0.31504700798191543,-3.0380527688531433,0.3007883436355648,-0.7107547619902975,-0.16989668503337593,1.0,m4_cross_resid_transformer
^GDAXI,F1,9,0.26191455125808716,0.796496647220167,0.32883321250904013,0.8992204210728524,1.6809025277206582,0.10942350771399235,-0.13963243495747601,1.0,m4_cross_resid_transformer
DBC,F3,9,0.1757674217224121,0.8283694504468334,0.21218481877572964,7.342790797270689,-0.6278995382392978,1.1234907852329166,-0.13707071969316242,1.0,m4_cross_resid_transformer
DIA,F3,9,0.14503002166748047,0.8283694504468334,0.17507891145581161,1.7035967848526556,-19.996912540780894,0.5802868317208313,-0.09752833769980575,1.0,m4_cross_resid_transformer
EFA,F3,9,0.13412189483642578,0.8283694504468334,0.161910720831241,10.29758598821007,-0.3714134577074578,2.799579660640213,0.19518682735899867,1.0,m4_cross_resid_transformer
EWA,F3,9,0.15496182441711426,0.8283694504468334,0.1870684926074058,6.001007104793617,-0.8176364913584719,1.7159111207001292,0.24271465498837475,1.0,m4_cross_resid_transformer
EWC,F3,9,0.15355706214904785,0.8283694504468334,0.18537267648658112,9.231412481388473,-0.4991608960401746,1.553006083724711,0.31734559497621667,1.0,m4_cross_resid_transformer
EWG,F3,9,0.14717674255371094,0.8283694504468334,0.17767041321275412,13.086519731504737,-0.28054800965758336,3.7359284262233454,0.28006016429170244,1.0,m4_cross_resid_transformer
EWJ,F3,9,0.16255760192871094,0.8283694504468334,0.19623804552549012,9.75133480504827,-0.3826114487164941,2.6075551858375685,0.3772323052381183,1.0,m4_cross_resid_transformer
EWU,F3,9,0.15399837493896484,0.8283694504468334,0.18590542523736975,10.035143621115981,-0.42030422695445757,2.2229452244848957,0.12455466285562077,1.0,m4_cross_resid_transformer
FXI,F3,9,0.1455826759338379,0.8283694504468334,0.1757460706153621,7.20777114521322,-0.6709193581589495,1.8412616535676665,0.18130175786554406,1.0,m4_cross_resid_transformer
GLD,F3,9,0.1716289520263672,0.8283694504468334,0.20718889613057104,8.062049740409005,-2.399475322732322,0.4458924335849745,0.2056371490035894,1.0,m4_cross_resid_transformer
IWM,F3,9,0.16418218612670898,0.8283694504468334,0.19819922866318518,7.468647169647359,-0.5763308268026244,1.0339239407547236,-0.020574881992649487,1.0,m4_cross_resid_transformer
IYR,F3,9,0.16347694396972656,0.8283694504468334,0.19734786680211944,-2.0399597308731128,0.6389244227000004,-0.3123822395849347,0.4224513539705898,1.0,m4_cross_resid_transformer
LQD,F3,9,0.1707439422607422,0.8283694504468334,0.20612052046178267,-4.53510679097073,0.5460885990505905,-0.28461656542390745,0.3268112040541559,1.0,m4_cross_resid_transformer
MDY,F3,9,0.15451288223266602,0.8283694504468334,0.18652653372154143,9.07398409669364,-0.4264838064553298,1.4119181258275457,-0.05961227949200915,1.0,m4_cross_resid_transformer
SPY,F3,9,0.1633317470550537,0.8283694504468334,0.19717258641895885,3.003303131442255,-1.592933453323279,0.7695974618364242,-0.23036593060604088,1.0,m4_cross_resid_transformer
TIP,F3,9,0.15246129035949707,0.8283694504468334,0.18404987083632482,1.1546892739596122,2.5955563294415285,0.3955731620400142,0.19024917215122106,1.0,m4_cross_resid_transformer
TLT,F3,9,0.14731597900390625,0.8283694504468334,0.17783849817788677,-0.9128410971042005,0.7239421853201731,-0.20236799034594188,0.47176797194983044,1.0,m4_cross_resid_transformer
USO,F3,9,0.18331074714660645,0.8283694504468334,0.22129105201516813,3.896260967982265,-1.0985977624166796,0.7169254232916179,0.08982878645108863,1.0,m4_cross_resid_transformer
XLB,F3,9,0.14476513862609863,0.8283694504468334,0.17475914707865,9.829836150175836,-0.3940521464899782,2.36495621805985,0.26721682530226654,1.0,m4_cross_resid_transformer
XLI,F3,9,0.15742135047912598,0.8283694504468334,0.19003760990245455,5.449093411217984,-0.8036445935983426,1.2752031505581165,0.20514492315149221,1.0,m4_cross_resid_transformer
XLK,F3,9,0.1542811393737793,0.8283694504468334,0.18624677586861516,3.2474136562817257,-3.5820588978215677,0.6973804698528667,-0.07107969470690845,1.0,m4_cross_resid_transformer
XLP,F3,9,0.1677403450012207,0.8283694504468334,0.20249460540914366,-0.4681148674940072,1.032172434857143,0.012697762875175425,0.42509145665053877,1.0,m4_cross_resid_transformer
XLU,F3,9,0.15031862258911133,0.8283694504468334,0.18146326196364132,-4.477583698753763,0.3902349582600997,-1.3727050672579881,0.23162903785762884,1.0,m4_cross_resid_transformer
XLV,F3,9,0.15539765357971191,0.8283694504468334,0.1875946215736087,-2.271949800052276,0.6656323502487861,-0.21376209273969082,0.049502841699803714,1.0,m4_cross_resid_transformer
XLY,F3,9,0.153181791305542,0.8283694504468334,0.1849196529675421,1.7539643866509333,-151.80076253634834,0.4718642079578004,0.008445559127645455,1.0,m4_cross_resid_transformer
^GDAXI,F3,9,0.1587049961090088,0.8283694504468334,0.1915872151289515,10.37719153203657,-0.429953297140239,2.139005504333455,0.5011862684476898,1.0,m4_cross_resid_transformer
DBC,F4,9,0.30075502395629883,0.7764928199880528,0.3873249258903982,-11.609221326751534,0.26124335510557134,-0.47096100390073115,0.6852776399124773,1.0,m4_cross_resid_transformer
DIA,F4,9,0.1723160743713379,0.7764928199880528,0.22191586314215908,-8.370879920769047,0.28536198427974624,-0.3797178378953743,0.3947580868170546,1.0,m4_cross_resid_transformer
EFA,F4,9,0.1899806261062622,0.7764928199880528,0.24466501326977536,-8.817759412097514,0.3164368692899656,-0.2564162704482326,0.3953763489217339,1.0,m4_cross_resid_transformer
EWA,F4,9,0.2096158266067505,0.7764928199880528,0.26995204747672447,-7.436996306975706,0.5169199854622016,-0.11153101805546842,0.4414115535607902,1.0,m4_cross_resid_transformer
EWC,F4,9,0.16598129272460938,0.7764928199880528,0.21375766581739056,-8.41844737323204,0.45974941807585223,-0.12429822311602415,0.4347063268889123,1.0,m4_cross_resid_transformer
EWG,F4,9,0.19593489170074463,0.7764928199880528,0.2523331660732669,-3.294097314489254,0.7912119471432604,-0.04170253207823514,0.48865012785733475,1.0,m4_cross_resid_transformer
EWJ,F4,9,0.20722603797912598,0.7764928199880528,0.2668743775149323,-9.167488008586876,0.27855893753332645,-0.3008679591812393,0.30968502463241054,1.0,m4_cross_resid_transformer
EWU,F4,9,0.24572300910949707,0.7764928199880528,0.3164523905234279,-4.555300471166837,1.539246918047729,0.05197650329420829,0.8027099731950804,1.0,m4_cross_resid_transformer
FXI,F4,9,0.173193097114563,0.7764928199880528,0.2230453297909796,-5.4639203889106165,0.2534477297422831,-0.6326617339312006,0.25194896359667407,1.0,m4_cross_resid_transformer
GLD,F4,9,0.17390942573547363,0.7764928199880528,0.2239678478136468,-6.603681051069798,0.2598386565864057,-0.42381640647271807,0.08529870801217489,1.0,m4_cross_resid_transformer
IWM,F4,9,0.2613525390625,0.7764928199880528,0.3365807543030742,-12.347900785032927,0.19830026180810595,-0.43908786988127463,0.2909529603775591,1.0,m4_cross_resid_transformer
IYR,F4,9,0.20281481742858887,0.7764928199880528,0.2611934227952158,-5.140819215675909,0.362301847846447,-0.3733051243577151,0.5005288608888783,1.0,m4_cross_resid_transformer
LQD,F4,9,0.17259001731872559,0.7764928199880528,0.22226865835202583,-0.7859415995392722,0.6793729732964122,-0.1328189559830657,0.24826989836194538,1.0,m4_cross_resid_transformer
MDY,F4,9,0.21602177619934082,0.7764928199880528,0.2782018978651529,-10.85000596906911,0.23393475969846222,-0.3974201015876882,0.3939449534435285,1.0,m4_cross_resid_transformer
SPY,F4,9,0.15384095907211304,0.7764928199880528,0.19812283528195412,-9.609244651134436,0.18399296557503592,-0.6410920544515493,0.2526950807938064,1.0,m4_cross_resid_transformer
TIP,F4,9,0.1801764965057373,0.7764928199880528,0.2320388442336267,-4.635662650763806,0.23110638659821978,-0.9301651017827917,0.2694538703710534,1.0,m4_cross_resid_transformer
TLT,F4,9,0.18760788440704346,0.7764928199880528,0.24160929705690004,5.971616782152191,-0.3457909496838586,0.4867822820953437,-0.3298490889428984,1.0,m4_cross_resid_transformer
USO,F4,9,0.5256208181381226,0.7764928199880528,0.6769165208072495,-7.009314642435141,3.2239845899602666,0.08985223390157508,0.8324765868352915,1.0,m4_cross_resid_transformer
XLB,F4,9,0.1684575080871582,0.7764928199880528,0.21694663975096398,-10.032208867039465,0.18872809482677322,-0.5814260763596864,0.326026366387866,1.0,m4_cross_resid_transformer
XLI,F4,9,0.23964762687683105,0.7764928199880528,0.3086282586367229,-9.152172276580982,0.31608195562541136,-0.3117418302315059,0.4833556206080169,1.0,m4_cross_resid_transformer
XLK,F4,9,0.16583853960037231,0.7764928199880528,0.2135738223605518,-7.648180239037314,0.153582033907067,-1.0759031291834051,0.3038111601057102,1.0,m4_cross_resid_transformer
XLP,F4,9,0.17801129817962646,0.7764928199880528,0.22925041107574617,-4.45261106859827,0.5137431623898778,-0.18147011193259754,0.5221870968417419,1.0,m4_cross_resid_transformer
XLU,F4,9,0.23308563232421875,0.7764928199880528,0.30017744700820936,-3.9388531797785804,0.4584747084068039,-0.30384152305394446,0.5435937618912575,1.0,m4_cross_resid_transformer
XLV,F4,9,0.18142211437225342,0.7764928199880528,0.2336430031317544,-7.599222455794141,0.2032733019748175,-0.6205801629720766,0.20304609876607912,1.0,m4_cross_resid_transformer
XLY,F4,9,0.1818084716796875,0.7764928199880528,0.23414057026629664,-11.456560846022452,0.13867681445186347,-0.8460132021794935,0.28212558318890946,1.0,m4_cross_resid_transformer
^GDAXI,F4,9,0.1758803129196167,0.7764928199880528,0.22650603893841906,-2.445790635347807,3.175263726430556,0.09028057640901693,0.5137455531547592,1.0,m4_cross_resid_transformer
DBC,F5,9,0.17792823910713196,0.7727500580901978,0.23025328467379244,0.08456462250731267,0.1165681956304354,-0.4332470821077331,0.5010808641237992,1.0,m4_cross_resid_transformer
DIA,F5,9,0.16732457280158997,0.7727500580901978,0.21653129760368042,3.009039993875069,-0.3218596152170496,0.5331906898240634,0.3639790224349524,1.0,m4_cross_resid_transformer
EFA,F5,9,0.1622391939163208,0.7727500580901978,0.20995041309642157,5.923642519000958,-0.1357015588613922,0.7058407836970934,-0.042426754553695684,1.0,m4_cross_resid_transformer
EWA,F5,9,0.19194118678569794,0.7727500580901978,0.24838715283964943,3.8242631566992786,-0.194240410019189,0.6944799752607382,-0.26447217100714876,1.0,m4_cross_resid_transformer
EWC,F5,9,0.16958031058311462,0.7727500580901978,0.21945040159844373,6.901548755173238,-0.10617631233361446,1.5743387099981843,-0.0329584509871184,1.0,m4_cross_resid_transformer
EWG,F5,9,0.14270472526550293,0.7727500580901978,0.18467125789441996,7.068994082708421,-0.08115549865630242,0.8875169489793185,0.07250251406770397,1.0,m4_cross_resid_transformer
EWJ,F5,9,0.18430396914482117,0.7727500580901978,0.23850398614050783,5.163432777584138,-0.10892142568511654,1.0088123395032058,0.2845690185055116,1.0,m4_cross_resid_transformer
EWU,F5,9,0.15775805711746216,0.7727500580901978,0.20415146587934405,7.578038228493322,-0.11026777484678921,1.3660312415956597,-0.012670406998474519,1.0,m4_cross_resid_transformer
FXI,F5,9,0.20083889365196228,0.7727500580901978,0.25990149279098435,6.98286960335866,-0.1133557702111741,1.595497607620801,-0.17959914793538959,1.0,m4_cross_resid_transformer
GLD,F5,9,0.1943984031677246,0.7727500580901978,0.2515669861587171,5.274708308036649,-0.3165121946625186,0.42791052360662407,0.12872925242243116,1.0,m4_cross_resid_transformer
IWM,F5,9,0.16691137850284576,0.7727500580901978,0.21599659133686322,2.8167787385706706,-0.3972604080123027,0.45777576088818733,0.2347347426176257,1.0,m4_cross_resid_transformer
IYR,F5,9,0.16195213794708252,0.7727500580901978,0.20957893985454604,9.230557043405362,-0.06803841624848117,2.1922052860426655,-0.27999287887727026,1.0,m4_cross_resid_transformer
LQD,F5,9,0.15532079339027405,0.7727500580901978,0.2009974528816464,14.610674701954643,-0.04589256793357507,1.5936211315226365,0.25775258209772806,1.0,m4_cross_resid_transformer
MDY,F5,9,0.1662902534008026,0.7727500580901978,0.21519280608244573,3.9412279138145307,-0.2522820038281014,0.7585186620033599,0.155729466294255,1.0,m4_cross_resid_transformer
SPY,F5,9,0.21472959220409393,0.7727500580901978,0.27787716086982167,1.0598948093711984,-0.43112808934945357,0.37299042335977817,0.14227946373249747,1.0,m4_cross_resid_transformer
TIP,F5,9,0.15622371435165405,0.7727500580901978,0.20216590437760812,12.006448394362756,-0.0582411725414723,3.218797363237494,-0.2989732659798116,1.0,m4_cross_resid_transformer
TLT,F5,9,0.14306123554706573,0.7727500580901978,0.18513261053727048,15.439440828401555,-0.043784540418018485,2.9895990914296005,0.21194508425414305,1.0,m4_cross_resid_transformer
USO,F5,9,0.1864866316318512,0.7727500580901978,0.24132852489554119,1.2558197575090282,0.24529995178126962,-0.2325985695898334,0.24552582327000158,1.0,m4_cross_resid_transformer
XLB,F5,9,0.16568487882614136,0.7727500580901978,0.21440940326244803,3.707081099590508,-0.22729336245601497,0.7841777926977989,-0.09686371243639556,1.0,m4_cross_resid_transformer
XLI,F5,9,0.1767662912607193,0.7727500580901978,0.2287496317989103,0.7154397244590238,0.7611165711360213,-0.03479832874499168,0.048445625115438914,1.0,m4_cross_resid_transformer
XLK,F5,9,0.19883325695991516,0.7727500580901978,0.257306039486194,2.265230848390271,-0.40055630813608384,0.4410012902894032,0.27833435631217696,1.0,m4_cross_resid_transformer
XLP,F5,9,0.1692497283220291,0.7727500580901978,0.21902260187507325,1.4071967895292596,-0.5508132348511957,0.4305756500266242,-0.5196355337836214,1.0,m4_cross_resid_transformer
XLU,F5,9,0.20344530045986176,0.7727500580901978,0.2632743903800716,0.851138186006829,-1.8808664006419185,0.17960961240790316,-0.21102874797624116,1.0,m4_cross_resid_transformer
XLV,F5,9,0.16531220078468323,0.7727500580901978,0.21392712825314011,-3.1371521298411973,0.21653401850372897,-0.574685214732205,-0.060612308886772014,1.0,m4_cross_resid_transformer
XLY,F5,9,0.1910630166530609,0.7727500580901978,0.2472507308834902,6.066846580028569,-0.11623212780455705,1.080358691127678,0.02197005986372258,1.0,m4_cross_resid_transformer
^GDAXI,F5,9,0.1582140326499939,0.7727500580901978,0.20474153446330334,3.6723846682521994,-0.23083660292231026,0.47253095272485324,0.10665635832042175,1.0,m4_cross_resid_transformer
